id,sequenceNumber,type,text,awayScore,homeScore,period,clock,scoringPlay,scoreValue,team,participants,wallclock,shootingPlay,coordinate,pointsAttempted,shortDescription,clockSec
4018599664,4,"{'id': '615', 'text': 'Jumpball'}",Victor Wembanyama vs. Karl-Anthony Towns (De'Aaron Fox gains possession),0,0,1,12:00,False,0,{'id': '24'},"[{'athlete': {'id': '5104157'}}, {'athlete': {'id': '3136195'}}, {'athlete': {'id': '4066259'}}]",2026-06-11T00:43:40Z,False,"{'x': -214748340, 'y': -214748365}",0,Jump Ball,720.0
4018599667,7,"{'id': '44', 'text': 'Shooting Foul'}",Karl-Anthony Towns shooting foul,0,0,1,11:42,False,0,{'id': '18'},[{'athlete': {'id': '3136195'}}],2026-06-11T00:43:56Z,False,"{'x': 23, 'y': 1}",0,Foul,702.0
4018599669,9,"{'id': '98', 'text': 'Free Throw - 1 of 2'}",De'Aaron Fox makes free throw 1 of 2,1,0,1,11:42,True,1,{'id': '24'},[{'athlete': {'id': '4066259'}}],2026-06-11T00:44:21Z,True,"{'x': -214748340, 'y': -214748365}",1,+1 Point,702.0
40185996610,10,"{'id': '99', 'text': 'Free Throw - 2 of 2'}",De'Aaron Fox makes free throw 2 of 2,2,0,1,11:42,True,1,{'id': '24'},[{'athlete': {'id': '4066259'}}],2026-06-11T00:44:36Z,True,"{'x': -214748340, 'y': -214748365}",1,+1 Point,702.0
40185996611,11,"{'id': '144', 'text': 'Driving Floating Jump Shot'}",Karl-Anthony Towns makes 6-foot driving floating jump shot (Josh Hart assists),2,2,1,11:21,True,2,{'id': '18'},"[{'athlete': {'id': '3136195'}}, {'athlete': {'id': '3062679'}}]",2026-06-11T00:44:58Z,True,"{'x': 23, 'y': 7}",2,+2 Points,681.0
40185996613,13,"{'id': '92', 'text': 'Jump Shot'}",Devin Vassell makes 26-foot three point jumper (Stephon Castle assists),5,2,1,11:09,True,3,{'id': '24'},"[{'athlete': {'id': '4395630'}}, {'athlete': {'id': '4845367'}}]",2026-06-11T00:45:09Z,True,"{'x': 40, 'y': 22}",3,+3 Points,669.0
40185996616,16,"{'id': '42', 'text': 'Offensive Foul'}",Karl-Anthony Towns offensive foul,5,2,1,10:58,False,0,{'id': '18'},[{'athlete': {'id': '3136195'}}],2026-06-11T00:45:47Z,False,"{'x': 26, 'y': 2}",0,Foul,658.0
40185996618,18,"{'id': '16', 'text': 'Full Timeout'}",Spurs Full timeout,5,2,1,10:58,False,0,{'id': '24'},,2026-06-11T00:46:00Z,False,"{'x': -214748340, 'y': -214748365}",0,Timeout,658.0
40185996619,19,"{'id': '215', 'text': ""Coach's Challenge (Overturned)""}",(10:58) [Spurs] COACH'S CHALLENGE (CALL OVERTURNED) [Spurs] retain their timeout,5,2,1,10:58,False,0,{'id': '24'},,2026-06-11T00:46:02Z,False,"{'x': -214748340, 'y': -214748365}",0,Challenge,658.0
40185996620,20,"{'id': '84', 'text': 'Offensive Foul Turnover'}",Karl-Anthony Towns offensive foul turnover,5,2,1,10:58,False,0,{'id': '18'},[{'athlete': {'id': '3136195'}}],2026-06-11T00:45:47Z,False,"{'x': 26, 'y': 2}",0,Turnover,658.0
40185996621,21,"{'id': '584', 'text': 'Substitution'}",Mitchell Robinson enters the game for Karl-Anthony Towns,5,2,1,10:58,False,0,{'id': '18'},"[{'athlete': {'id': '4351852'}}, {'athlete': {'id': '3136195'}}]",2026-06-11T00:46:03Z,False,"{'x': -214748340, 'y': -214748365}",0,Substitution,658.0
40185996623,23,"{'id': '114', 'text': 'Turnaround Jump Shot'}",Victor Wembanyama makes 5-foot turnaround jump shot,7,2,1,10:42,True,2,{'id': '24'},[{'athlete': {'id': '5104157'}}],2026-06-11T00:50:02Z,True,"{'x': 21, 'y': 4}",2,+2 Points,642.0
40185996624,24,"{'id': '111', 'text': 'Alley Oop Layup Shot'}",Mitchell Robinson misses alley oop layup,7,2,1,10:32,False,0,{'id': '18'},[{'athlete': {'id': '4351852'}}],2026-06-11T00:50:13Z,True,"{'x': 24, 'y': 2}",2,Missed FG,632.0
40185996625,25,"{'id': '155', 'text': 'Defensive Rebound'}",Victor Wembanyama defensive rebound,7,2,1,10:30,False,0,{'id': '24'},[{'athlete': {'id': '5104157'}}],2026-06-11T00:50:15Z,False,"{'x': 24, 'y': 2}",0,Rebound,630.0
40185996626,26,"{'id': '113', 'text': 'Running Jump Shot'}",Stephon Castle misses 25-foot running jump shot,7,2,1,10:26,False,0,{'id': '24'},[{'athlete': {'id': '4845367'}}],2026-06-11T00:50:19Z,True,"{'x': 12, 'y': 22}",3,Missed 3PT,626.0
40185996627,27,"{'id': '155', 'text': 'Defensive Rebound'}",Josh Hart defensive rebound,7,2,1,10:23,False,0,{'id': '18'},[{'athlete': {'id': '3062679'}}],2026-06-11T00:50:22Z,False,"{'x': 12, 'y': 22}",0,Rebound,623.0
40185996628,28,"{'id': '132', 'text': 'Step Back Jump Shot'}",OG Anunoby misses 13-foot step back jumpshot,7,2,1,10:15,False,0,{'id': '18'},[{'athlete': {'id': '3934719'}}],2026-06-11T00:50:31Z,True,"{'x': 31, 'y': 12}",2,Missed FG,615.0
40185996629,29,"{'id': '155', 'text': 'Defensive Rebound'}",Stephon Castle defensive rebound,7,2,1,10:13,False,0,{'id': '24'},[{'athlete': {'id': '4845367'}}],2026-06-11T00:50:33Z,False,"{'x': 31, 'y': 12}",0,Rebound,613.0
40185996630,30,"{'id': '146', 'text': 'Running Pullup Jump Shot'}",De'Aaron Fox misses running pullup jump shot,7,2,1,10:06,False,0,{'id': '24'},[{'athlete': {'id': '4066259'}}],2026-06-11T00:50:39Z,True,"{'x': 22, 'y': 3}",2,Missed FG,606.0
40185996631,31,"{'id': '155', 'text': 'Defensive Rebound'}",Josh Hart defensive rebound,7,2,1,10:04,False,0,{'id': '18'},[{'athlete': {'id': '3062679'}}],2026-06-11T00:50:41Z,False,"{'x': 22, 'y': 3}",0,Rebound,604.0
40185996632,32,"{'id': '132', 'text': 'Step Back Jump Shot'}",Jalen Brunson misses 18-foot step back jumpshot,7,2,1,9:52,False,0,{'id': '18'},[{'athlete': {'id': '3934672'}}],2026-06-11T00:50:53Z,True,"{'x': 31, 'y': 17}",2,Missed FG,592.0
40185996633,33,"{'id': '155', 'text': 'Defensive Rebound'}",Spurs defensive team rebound,7,2,1,9:48,False,0,{'id': '24'},,2026-06-11T00:50:57Z,False,"{'x': 31, 'y': 17}",0,Rebound,588.0
40185996635,35,"{'id': '92', 'text': 'Jump Shot'}",Devin Vassell makes 23-foot three point jumper (Victor Wembanyama assists),10,2,1,9:34,True,3,{'id': '24'},"[{'athlete': {'id': '4395630'}}, {'athlete': {'id': '5104157'}}]",2026-06-11T00:51:19Z,True,"{'x': 48, 'y': -2}",3,+3 Points,574.0
40185996637,37,"{'id': '62', 'text': 'Bad Pass\nTurnover'}","Josh Hart bad pass
turnover (Julian Champagnie steals)",10,2,1,9:20,False,0,{'id': '18'},"[{'athlete': {'id': '3062679'}}, {'athlete': {'id': '4592479'}}]",2026-06-11T00:51:34Z,False,"{'x': 31, 'y': 40}",0,Turnover,560.0
40185996639,39,"{'id': '116', 'text': 'Running Dunk Shot'}",Julian Champagnie makes running dunk,12,2,1,9:17,True,2,{'id': '24'},[{'athlete': {'id': '4592479'}}],2026-06-11T00:51:37Z,True,"{'x': 25, 'y': 0}",2,+2 Points,557.0
40185996640,40,"{'id': '16', 'text': 'Full Timeout'}",Knicks Full timeout,12,2,1,9:16,False,0,{'id': '18'},,2026-06-11T00:51:40Z,False,"{'x': -214748340, 'y': -214748365}",0,Timeout,556.0
40185996641,41,"{'id': '119', 'text': 'Driving Hook Shot'}",Jalen Brunson misses 3-foot two point shot,12,2,1,9:02,False,0,{'id': '18'},[{'athlete': {'id': '3934672'}}],2026-06-11T00:55:57Z,True,"{'x': 24, 'y': 4}",2,Missed FG,542.0
40185996642,42,"{'id': '156', 'text': 'Offensive Rebound'}",Mitchell Robinson offensive rebound,12,2,1,9:01,False,0,{'id': '18'},[{'athlete': {'id': '4351852'}}],2026-06-11T00:55:58Z,False,"{'x': 24, 'y': 4}",0,Rebound,541.0
40185996643,43,"{'id': '94', 'text': 'Tip Shot'}",Mitchell Robinson misses tip shot,12,2,1,9:01,False,0,{'id': '18'},[{'athlete': {'id': '4351852'}}],2026-06-11T00:55:59Z,True,"{'x': 25, 'y': 0}",2,Missed FG,541.0
40185996644,44,"{'id': '156', 'text': 'Offensive Rebound'}",Mitchell Robinson offensive rebound,12,2,1,8:59,False,0,{'id': '18'},[{'athlete': {'id': '4351852'}}],2026-06-11T00:56:01Z,False,"{'x': 25, 'y': 0}",0,Rebound,539.0
40185996645,45,"{'id': '125', 'text': 'Layup Shot Putback'}",Mitchell Robinson misses two point shot,12,2,1,8:59,False,0,{'id': '18'},[{'athlete': {'id': '4351852'}}],2026-06-11T00:56:02Z,True,"{'x': 26, 'y': 2}",2,Missed FG,539.0
40185996646,46,"{'id': '156', 'text': 'Offensive Rebound'}",Mitchell Robinson offensive rebound,12,2,1,8:56,False,0,{'id': '18'},[{'athlete': {'id': '4351852'}}],2026-06-11T00:56:05Z,False,"{'x': 26, 'y': 2}",0,Rebound,536.0
40185996648,48,"{'id': '92', 'text': 'Jump Shot'}",OG Anunoby makes 23-foot three point jumper (Jalen Brunson assists),12,5,1,8:52,True,3,{'id': '18'},"[{'athlete': {'id': '3934719'}}, {'athlete': {'id': '3934672'}}]",2026-06-11T00:56:20Z,True,"{'x': 48, 'y': 2}",3,+3 Points,532.0
40185996650,50,"{'id': '128', 'text': 'Driving Finger Roll Layup'}",Victor Wembanyama makes 2-foot two point shot,14,5,1,8:33,True,2,{'id': '24'},[{'athlete': {'id': '5104157'}}],2026-06-11T00:56:39Z,True,"{'x': 26, 'y': 3}",2,+2 Points,513.0
40185996651,51,"{'id': '44', 'text': 'Shooting Foul'}",De'Aaron Fox shooting foul,14,5,1,8:26,False,0,{'id': '24'},[{'athlete': {'id': '4066259'}}],2026-06-11T00:56:49Z,False,"{'x': 26, 'y': 6}",0,Foul,506.0
40185996653,53,"{'id': '98', 'text': 'Free Throw - 1 of 2'}",OG Anunoby makes free throw 1 of 2,14,6,1,8:26,True,1,{'id': '18'},[{'athlete': {'id': '3934719'}}],2026-06-11T00:57:36Z,True,"{'x': -214748340, 'y': -214748365}",1,+1 Point,506.0
40185996654,54,"{'id': '99', 'text': 'Free Throw - 2 of 2'}",OG Anunoby makes free throw 2 of 2,14,7,1,8:26,True,1,{'id': '18'},[{'athlete': {'id': '3934719'}}],2026-06-11T00:57:56Z,True,"{'x': -214748340, 'y': -214748365}",1,+1 Point,506.0
40185996655,55,"{'id': '121', 'text': 'Fade Away Jump Shot'}",Stephon Castle misses 8-foot fade away jump shot,14,7,1,8:08,False,0,{'id': '24'},[{'athlete': {'id': '4845367'}}],2026-06-11T00:58:19Z,True,"{'x': 20, 'y': 7}",2,Missed FG,488.0
40185996656,56,"{'id': '155', 'text': 'Defensive Rebound'}",Mitchell Robinson defensive rebound,14,7,1,8:05,False,0,{'id': '18'},[{'athlete': {'id': '4351852'}}],2026-06-11T00:58:22Z,False,"{'x': 20, 'y': 7}",0,Rebound,485.0
40185996657,57,"{'id': '109', 'text': 'Running Layup Shot'}",Josh Hart makes running layup (Jalen Brunson assists),14,9,1,8:02,True,2,{'id': '18'},"[{'athlete': {'id': '3062679'}}, {'athlete': {'id': '3934672'}}]",2026-06-11T00:58:27Z,True,"{'x': 25, 'y': 1}",2,+2 Points,482.0
40185996659,59,"{'id': '44', 'text': 'Shooting Foul'}",Julian Champagnie shooting foul,14,9,1,8:02,False,0,{'id': '24'},[{'athlete': {'id': '4592479'}}],2026-06-11T00:58:30Z,False,"{'x': 25, 'y': 1}",0,Foul,482.0
40185996661,61,"{'id': '584', 'text': 'Substitution'}",Dylan Harper enters the game for De'Aaron Fox,14,9,1,8:02,False,0,{'id': '24'},"[{'athlete': {'id': '5037871'}}, {'athlete': {'id': '4066259'}}]",2026-06-11T00:58:30Z,False,"{'x': -214748340, 'y': -214748365}",0,Substitution,482.0
40185996663,63,"{'id': '97', 'text': 'Free Throw - 1 of 1'}",Josh Hart makes free throw 1 of 1,14,10,1,8:02,True,1,{'id': '18'},[{'athlete': {'id': '3062679'}}],2026-06-11T00:59:15Z,True,"{'x': -214748340, 'y': -214748365}",1,+1 Point,482.0
40185996664,64,"{'id': '45', 'text': 'Personal Foul'}",Josh Hart personal foul,14,10,1,7:51,False,0,{'id': '18'},[{'athlete': {'id': '3062679'}}],2026-06-11T00:59:36Z,False,"{'x': 20, 'y': 2}",0,Foul,471.0
40185996666,66,"{'id': '121', 'text': 'Fade Away Jump Shot'}",Stephon Castle makes 13-foot fade away jump shot (Julian Champagnie assists),16,10,1,7:37,True,2,{'id': '24'},"[{'athlete': {'id': '4845367'}}, {'athlete': {'id': '4592479'}}]",2026-06-11T01:00:07Z,True,"{'x': 29, 'y': 13}",2,+2 Points,457.0
40185996668,68,"{'id': '137', 'text': 'Turnaround Fade Away Jump Shot'}",Mikal Bridges misses 10-foot two point shot,16,10,1,7:16,False,0,{'id': '18'},[{'athlete': {'id': '3147657'}}],2026-06-11T01:00:27Z,True,"{'x': 19, 'y': 9}",2,Missed FG,436.0
40185996669,69,"{'id': '155', 'text': 'Defensive Rebound'}",Stephon Castle defensive rebound,16,10,1,7:14,False,0,{'id': '24'},[{'athlete': {'id': '4845367'}}],2026-06-11T01:00:29Z,False,"{'x': 19, 'y': 9}",0,Rebound,434.0
40185996670,70,"{'id': '92', 'text': 'Jump Shot'}",Stephon Castle makes 26-foot three point jumper (Devin Vassell assists),19,10,1,6:59,True,3,{'id': '24'},"[{'athlete': {'id': '4845367'}}, {'athlete': {'id': '4395630'}}]",2026-06-11T01:00:45Z,True,"{'x': 26, 'y': 26}",3,+3 Points,419.0
40185996672,72,"{'id': '92', 'text': 'Jump Shot'}",OG Anunoby misses 25-foot three point jumper,19,10,1,6:29,False,0,{'id': '18'},[{'athlete': {'id': '3934719'}}],2026-06-11T01:01:14Z,True,"{'x': 39, 'y': 22}",3,Missed 3PT,389.0
40185996673,73,"{'id': '155', 'text': 'Defensive Rebound'}",Julian Champagnie defensive rebound,19,10,1,6:27,False,0,{'id': '24'},[{'athlete': {'id': '4592479'}}],2026-06-11T01:01:17Z,False,"{'x': 39, 'y': 22}",0,Rebound,387.0
40185996674,74,"{'id': '113', 'text': 'Running Jump Shot'}",Devin Vassell makes 25-foot running jump shot (Dylan Harper assists),22,10,1,6:21,True,3,{'id': '24'},"[{'athlete': {'id': '4395630'}}, {'athlete': {'id': '5037871'}}]",2026-06-11T01:01:23Z,True,"{'x': 43, 'y': 18}",3,+3 Points,381.0
40185996676,76,"{'id': '44', 'text': 'Shooting Foul'}",Stephon Castle shooting foul,22,10,1,6:05,False,0,{'id': '24'},[{'athlete': {'id': '4845367'}}],2026-06-11T01:01:42Z,False,"{'x': 24, 'y': 16}",0,Foul,365.0
40185996678,78,"{'id': '98', 'text': 'Free Throw - 1 of 2'}",Jalen Brunson makes free throw 1 of 2,22,11,1,6:05,True,1,{'id': '18'},[{'athlete': {'id': '3934672'}}],2026-06-11T01:02:18Z,True,"{'x': -214748340, 'y': -214748365}",1,+1 Point,365.0
40185996679,79,"{'id': '584', 'text': 'Substitution'}",Landry Shamet enters the game for OG Anunoby,22,11,1,6:05,False,0,{'id': '18'},"[{'athlete': {'id': '3914044'}}, {'athlete': {'id': '3934719'}}]",2026-06-11T01:02:18Z,False,"{'x': -214748340, 'y': -214748365}",0,Substitution,365.0
40185996680,80,"{'id': '584', 'text': 'Substitution'}",Ariel Hukporti enters the game for Mitchell Robinson,22,11,1,6:05,False,0,{'id': '18'},"[{'athlete': {'id': '4871141'}}, {'athlete': {'id': '4351852'}}]",2026-06-11T01:02:18Z,False,"{'x': -214748340, 'y': -214748365}",0,Substitution,365.0
40185996681,81,"{'id': '584', 'text': 'Substitution'}",De'Aaron Fox enters the game for Stephon Castle,22,11,1,6:05,False,0,{'id': '24'},"[{'athlete': {'id': '4066259'}}, {'athlete': {'id': '4845367'}}]",2026-06-11T01:02:18Z,False,"{'x': -214748340, 'y': -214748365}",0,Substitution,365.0
40185996682,82,"{'id': '584', 'text': 'Substitution'}",Keldon Johnson enters the game for Julian Champagnie,22,11,1,6:05,False,0,{'id': '24'},"[{'athlete': {'id': '4395723'}}, {'athlete': {'id': '4592479'}}]",2026-06-11T01:02:18Z,False,"{'x': -214748340, 'y': -214748365}",0,Substitution,365.0
40185996687,87,"{'id': '99', 'text': 'Free Throw - 2 of 2'}",Jalen Brunson makes free throw 2 of 2,22,12,1,6:05,True,1,{'id': '18'},[{'athlete': {'id': '3934672'}}],2026-06-11T01:02:51Z,True,"{'x': -214748340, 'y': -214748365}",1,+1 Point,365.0
40185996688,88,"{'id': '92', 'text': 'Jump Shot'}",Victor Wembanyama makes 25-foot three point jumper (Dylan Harper assists),25,12,1,5:51,True,3,{'id': '24'},"[{'athlete': {'id': '5104157'}}, {'athlete': {'id': '5037871'}}]",2026-06-11T01:03:12Z,True,"{'x': 22, 'y': 25}",3,+3 Points,351.0
40185996690,90,"{'id': '132', 'text': 'Step Back Jump Shot'}",Mikal Bridges makes 20-foot step back jumpshot,25,14,1,5:27,True,2,{'id': '18'},[{'athlete': {'id': '3147657'}}],2026-06-11T01:03:36Z,True,"{'x': 25, 'y': 20}",2,+2 Points,327.0
40185996691,91,"{'id': '131', 'text': 'Pullup Jump Shot'}",Victor Wembanyama misses 25-foot three point pullup jump shot,25,14,1,5:15,False,0,{'id': '24'},[{'athlete': {'id': '5104157'}}],2026-06-11T01:03:48Z,True,"{'x': 16, 'y': 24}",3,Missed 3PT,315.0
40185996692,92,"{'id': '155', 'text': 'Defensive Rebound'}",Mikal Bridges defensive rebound,25,14,1,5:13,False,0,{'id': '18'},[{'athlete': {'id': '3147657'}}],2026-06-11T01:03:50Z,False,"{'x': 16, 'y': 24}",0,Rebound,313.0
40185996693,93,"{'id': '131', 'text': 'Pullup Jump Shot'}",Victor Wembanyama blocks Jalen Brunson 's 8-foot pullup jump shot,25,14,1,5:01,False,0,{'id': '18'},"[{'athlete': {'id': '3934672'}}, {'athlete': {'id': '5104157'}}]",2026-06-11T01:04:03Z,True,"{'x': 33, 'y': 1}",2,Missed FG,301.0
40185996695,95,"{'id': '155', 'text': 'Defensive Rebound'}",Victor Wembanyama defensive rebound,25,14,1,4:58,False,0,{'id': '24'},[{'athlete': {'id': '5104157'}}],2026-06-11T01:04:06Z,False,"{'x': 33, 'y': 1}",0,Rebound,298.0
40185996696,96,"{'id': '109', 'text': 'Running Layup Shot'}",Keldon Johnson makes running layup (De'Aaron Fox assists),27,14,1,4:53,True,2,{'id': '24'},"[{'athlete': {'id': '4395723'}}, {'athlete': {'id': '4066259'}}]",2026-06-11T01:04:10Z,True,"{'x': 23, 'y': 1}",2,+2 Points,293.0
40185996698,98,"{'id': '92', 'text': 'Jump Shot'}",Mikal Bridges makes 23-foot three point jumper (Jalen Brunson assists),27,17,1,4:40,True,3,{'id': '18'},"[{'athlete': {'id': '3147657'}}, {'athlete': {'id': '3934672'}}]",2026-06-11T01:04:23Z,True,"{'x': 2, 'y': 1}",3,+3 Points,280.0
401859966100,100,"{'id': '45', 'text': 'Personal Foul'}",Ariel Hukporti personal foul,27,17,1,4:23,False,0,{'id': '18'},[{'athlete': {'id': '4871141'}}],2026-06-11T01:04:46Z,False,"{'x': 40, 'y': 1}",0,Foul,263.0
401859966102,102,"{'id': '584', 'text': 'Substitution'}",Luke Kornet enters the game for Victor Wembanyama,27,17,1,4:23,False,0,{'id': '24'},"[{'athlete': {'id': '3064560'}}, {'athlete': {'id': '5104157'}}]",2026-06-11T01:04:46Z,False,"{'x': -214748340, 'y': -214748365}",0,Substitution,263.0
401859966104,104,"{'id': '584', 'text': 'Substitution'}",Mitchell Robinson enters the game for Josh Hart,27,17,1,4:23,False,0,{'id': '18'},"[{'athlete': {'id': '4351852'}}, {'athlete': {'id': '3062679'}}]",2026-06-11T01:04:46Z,False,"{'x': -214748340, 'y': -214748365}",0,Substitution,263.0
401859966105,105,"{'id': '584', 'text': 'Substitution'}",OG Anunoby enters the game for Jalen Brunson,27,17,1,4:23,False,0,{'id': '18'},"[{'athlete': {'id': '3934719'}}, {'athlete': {'id': '3934672'}}]",2026-06-11T01:04:46Z,False,"{'x': -214748340, 'y': -214748365}",0,Substitution,263.0
401859966106,106,"{'id': '584', 'text': 'Substitution'}",Jose Alvarado enters the game for Ariel Hukporti,27,17,1,4:23,False,0,{'id': '18'},"[{'athlete': {'id': '4277869'}}, {'athlete': {'id': '4871141'}}]",2026-06-11T01:04:46Z,False,"{'x': -214748340, 'y': -214748365}",0,Substitution,263.0
401859966111,111,"{'id': '131', 'text': 'Pullup Jump Shot'}",De'Aaron Fox makes 25-foot three pointer (Devin Vassell assists),30,17,1,4:15,True,3,{'id': '24'},"[{'athlete': {'id': '4066259'}}, {'athlete': {'id': '4395630'}}]",2026-06-11T01:05:55Z,True,"{'x': 41, 'y': 20}",3,+3 Points,255.0
401859966113,113,"{'id': '44', 'text': 'Shooting Foul'}",Keldon Johnson shooting foul,30,17,1,3:59,False,0,{'id': '24'},[{'athlete': {'id': '4395723'}}],2026-06-11T01:06:13Z,False,"{'x': 27, 'y': 4}",0,Foul,239.0
401859966115,115,"{'id': '98', 'text': 'Free Throw - 1 of 2'}",Mitchell Robinson misses free throw 1 of 2,30,17,1,3:59,False,0,{'id': '18'},[{'athlete': {'id': '4351852'}}],2026-06-11T01:06:49Z,True,"{'x': -214748340, 'y': -214748365}",1,Missed FT,239.0
401859966116,116,"{'id': '156', 'text': 'Offensive Rebound'}",Knicks offensive team rebound,30,17,1,3:59,False,0,{'id': '18'},,2026-06-11T01:06:49Z,False,"{'x': -214748340, 'y': -214748365}",0,Rebound,239.0
401859966117,117,"{'id': '99', 'text': 'Free Throw - 2 of 2'}",Mitchell Robinson misses free throw 2 of 2,30,17,1,3:59,False,0,{'id': '18'},[{'athlete': {'id': '4351852'}}],2026-06-11T01:06:49Z,True,"{'x': -214748340, 'y': -214748365}",1,Missed FT,239.0
401859966118,118,"{'id': '155', 'text': 'Defensive Rebound'}",Dylan Harper defensive rebound,30,17,1,3:57,False,0,{'id': '24'},[{'athlete': {'id': '5037871'}}],2026-06-11T01:06:51Z,False,"{'x': -214748340, 'y': -214748365}",0,Rebound,237.0
401859966119,119,"{'id': '110', 'text': 'Driving Layup Shot'}",Mitchell Robinson blocks Dylan Harper 's 4-foot driving layup,30,17,1,3:44,False,0,{'id': '24'},"[{'athlete': {'id': '5037871'}}, {'athlete': {'id': '4351852'}}]",2026-06-11T01:07:33Z,True,"{'x': 28, 'y': 3}",2,Missed FG,224.0
401859966121,121,"{'id': '155', 'text': 'Defensive Rebound'}",Landry Shamet defensive rebound,30,17,1,3:42,False,0,{'id': '18'},[{'athlete': {'id': '3914044'}}],2026-06-11T01:07:35Z,False,"{'x': 28, 'y': 3}",0,Rebound,222.0
401859966122,122,"{'id': '62', 'text': 'Bad Pass\nTurnover'}","Jose Alvarado bad pass
turnover (Luke Kornet steals)",30,17,1,3:33,False,0,{'id': '18'},"[{'athlete': {'id': '4277869'}}, {'athlete': {'id': '3064560'}}]",2026-06-11T01:07:45Z,False,"{'x': 22, 'y': 9}",0,Turnover,213.0
401859966124,124,"{'id': '615', 'text': 'Jumpball'}",De'Aaron Fox vs. Jose Alvarado,30,17,1,3:32,False,0,{'id': '24'},"[{'athlete': {'id': '4066259'}}, {'athlete': {'id': '4277869'}}]",2026-06-11T01:08:45Z,False,"{'x': -214748340, 'y': -214748365}",0,Jump Ball,212.0
401859966127,127,"{'id': '43', 'text': 'Loose Ball Foul'}",Jose Alvarado loose ball foul,30,17,1,3:32,False,0,{'id': '18'},[{'athlete': {'id': '4277869'}}],2026-06-11T01:08:45Z,False,"{'x': 23, 'y': 17}",0,Foul,212.0
401859966129,129,"{'id': '584', 'text': 'Substitution'}",Karl-Anthony Towns enters the game for Mitchell Robinson,30,17,1,3:32,False,0,{'id': '18'},"[{'athlete': {'id': '3136195'}}, {'athlete': {'id': '4351852'}}]",2026-06-11T01:08:44Z,False,"{'x': -214748340, 'y': -214748365}",0,Substitution,212.0
401859966130,130,"{'id': '584', 'text': 'Substitution'}",Victor Wembanyama enters the game for Luke Kornet,30,17,1,3:32,False,0,{'id': '24'},"[{'athlete': {'id': '5104157'}}, {'athlete': {'id': '3064560'}}]",2026-06-11T01:08:44Z,False,"{'x': -214748340, 'y': -214748365}",0,Substitution,212.0
401859966133,133,"{'id': '110', 'text': 'Driving Layup Shot'}",Victor Wembanyama misses driving layup,30,17,1,3:19,False,0,{'id': '24'},[{'athlete': {'id': '5104157'}}],2026-06-11T01:08:56Z,True,"{'x': 25, 'y': 6}",2,Missed FG,199.0
401859966134,134,"{'id': '156', 'text': 'Offensive Rebound'}",Victor Wembanyama offensive rebound,30,17,1,3:17,False,0,{'id': '24'},[{'athlete': {'id': '5104157'}}],2026-06-11T01:08:58Z,False,"{'x': 25, 'y': 6}",0,Rebound,197.0
401859966135,135,"{'id': '150', 'text': 'Tip Dunk Shot'}",Victor Wembanyama makes tip in dunk,32,17,1,3:17,True,2,{'id': '24'},[{'athlete': {'id': '5104157'}}],2026-06-11T01:08:59Z,True,"{'x': 25, 'y': 0}",2,+2 Points,197.0
401859966136,136,"{'id': '44', 'text': 'Shooting Foul'}",Devin Vassell shooting foul,32,17,1,2:53,False,0,{'id': '24'},[{'athlete': {'id': '4395630'}}],2026-06-11T01:09:23Z,False,"{'x': 24, 'y': 2}",0,Foul,173.0
401859966138,138,"{'id': '98', 'text': 'Free Throw - 1 of 2'}",OG Anunoby makes free throw 1 of 2,32,18,1,2:53,True,1,{'id': '18'},[{'athlete': {'id': '3934719'}}],2026-06-11T01:10:05Z,True,"{'x': -214748340, 'y': -214748365}",1,+1 Point,173.0
401859966139,139,"{'id': '584', 'text': 'Substitution'}",Stephon Castle enters the game for De'Aaron Fox,32,18,1,2:53,False,0,{'id': '24'},"[{'athlete': {'id': '4845367'}}, {'athlete': {'id': '4066259'}}]",2026-06-11T01:10:05Z,False,"{'x': -214748340, 'y': -214748365}",0,Substitution,173.0
401859966141,141,"{'id': '99', 'text': 'Free Throw - 2 of 2'}",OG Anunoby makes free throw 2 of 2,32,19,1,2:53,True,1,{'id': '18'},[{'athlete': {'id': '3934719'}}],2026-06-11T01:10:41Z,True,"{'x': -214748340, 'y': -214748365}",1,+1 Point,173.0
401859966142,142,"{'id': '131', 'text': 'Pullup Jump Shot'}",Dylan Harper makes 16-foot pullup jump shot,34,19,1,2:29,True,2,{'id': '24'},[{'athlete': {'id': '5037871'}}],2026-06-11T01:11:07Z,True,"{'x': 40, 'y': 6}",2,+2 Points,149.0
401859966143,143,"{'id': '29', 'text': 'Defensive 3-Seconds Technical'}","Keldon Johnson defensive 3-seconds (technical foul)
",34,19,1,2:15,False,0,{'id': '24'},[{'athlete': {'id': '4395723'}}],2026-06-11T01:11:27Z,False,"{'x': -214748340, 'y': -214748365}",0,Foul,135.0
401859966144,144,"{'id': '103', 'text': 'Free Throw - Technical'}",Karl-Anthony Towns makes technical free throw,34,20,1,2:15,True,1,{'id': '18'},[{'athlete': {'id': '3136195'}}],2026-06-11T01:11:51Z,True,"{'x': -214748340, 'y': -214748365}",1,+1 Point,135.0
401859966145,145,"{'id': '584', 'text': 'Substitution'}",Miles McBride enters the game for Mikal Bridges,34,20,1,2:15,False,0,{'id': '18'},"[{'athlete': {'id': '4431823'}}, {'athlete': {'id': '3147657'}}]",2026-06-11T01:11:51Z,False,"{'x': -214748340, 'y': -214748365}",0,Substitution,135.0
401859966146,146,"{'id': '584', 'text': 'Substitution'}",Jalen Brunson enters the game for Jose Alvarado,34,20,1,2:15,False,0,{'id': '18'},"[{'athlete': {'id': '3934672'}}, {'athlete': {'id': '4277869'}}]",2026-06-11T01:11:51Z,False,"{'x': -214748340, 'y': -214748365}",0,Substitution,135.0
401859966149,149,"{'id': '92', 'text': 'Jump Shot'}",Miles McBride misses 22-foot three point jumper,34,20,1,2:05,False,0,{'id': '18'},[{'athlete': {'id': '4431823'}}],2026-06-11T01:12:23Z,True,"{'x': 48, 'y': 0}",3,Missed 3PT,125.0
401859966150,150,"{'id': '155', 'text': 'Defensive Rebound'}",Devin Vassell defensive rebound,34,20,1,2:02,False,0,{'id': '24'},[{'athlete': {'id': '4395630'}}],2026-06-11T01:12:26Z,False,"{'x': 48, 'y': 0}",0,Rebound,122.0
401859966151,151,"{'id': '29', 'text': 'Defensive 3-Seconds Technical'}","Landry Shamet defensive 3-seconds (technical foul)
",34,20,1,1:50,False,0,{'id': '18'},[{'athlete': {'id': '3914044'}}],2026-06-11T01:12:46Z,False,"{'x': -214748340, 'y': -214748365}",0,Foul,110.0
401859966152,152,"{'id': '103', 'text': 'Free Throw - Technical'}",Devin Vassell makes technical free throw,35,20,1,1:50,True,1,{'id': '24'},[{'athlete': {'id': '4395630'}}],2026-06-11T01:13:06Z,True,"{'x': -214748340, 'y': -214748365}",1,+1 Point,110.0
401859966153,153,"{'id': '584', 'text': 'Substitution'}",Mitchell Robinson enters the game for Karl-Anthony Towns,35,20,1,1:50,False,0,{'id': '18'},"[{'athlete': {'id': '4351852'}}, {'athlete': {'id': '3136195'}}]",2026-06-11T01:13:06Z,False,"{'x': -214748340, 'y': -214748365}",0,Substitution,110.0
401859966154,154,"{'id': '584', 'text': 'Substitution'}",Julian Champagnie enters the game for Devin Vassell,35,20,1,1:50,False,0,{'id': '24'},"[{'athlete': {'id': '4592479'}}, {'athlete': {'id': '4395630'}}]",2026-06-11T01:13:06Z,False,"{'x': -214748340, 'y': -214748365}",0,Substitution,110.0
401859966155,155,"{'id': '584', 'text': 'Substitution'}",De'Aaron Fox enters the game for Keldon Johnson,35,20,1,1:50,False,0,{'id': '24'},"[{'athlete': {'id': '4066259'}}, {'athlete': {'id': '4395723'}}]",2026-06-11T01:13:06Z,False,"{'x': -214748340, 'y': -214748365}",0,Substitution,110.0
401859966159,159,"{'id': '92', 'text': 'Jump Shot'}",De'Aaron Fox misses 23-foot three point jumper,35,20,1,1:39,False,0,{'id': '24'},[{'athlete': {'id': '4066259'}}],2026-06-11T01:13:41Z,True,"{'x': 48, 'y': 1}",3,Missed 3PT,99.0
401859966160,160,"{'id': '155', 'text': 'Defensive Rebound'}",Landry Shamet defensive rebound,35,20,1,1:37,False,0,{'id': '18'},[{'athlete': {'id': '3914044'}}],2026-06-11T01:13:43Z,False,"{'x': 48, 'y': 1}",0,Rebound,97.0
401859966161,161,"{'id': '131', 'text': 'Pullup Jump Shot'}",Landry Shamet misses 12-foot pullup jump shot,35,20,1,1:17,False,0,{'id': '18'},[{'athlete': {'id': '3914044'}}],2026-06-11T01:14:03Z,True,"{'x': 32, 'y': 11}",2,Missed FG,77.0
401859966162,162,"{'id': '156', 'text': 'Offensive Rebound'}",Knicks offensive team rebound,35,20,1,1:14,False,0,{'id': '18'},,2026-06-11T01:14:06Z,False,"{'x': 32, 'y': 11}",0,Rebound,74.0
401859966164,164,"{'id': '92', 'text': 'Jump Shot'}",Miles McBride misses 26-foot three point jumper,35,20,1,1:04,False,0,{'id': '18'},[{'athlete': {'id': '4431823'}}],2026-06-11T01:14:34Z,True,"{'x': 25, 'y': 27}",3,Missed 3PT,64.0
401859966165,165,"{'id': '155', 'text': 'Defensive Rebound'}",Spurs defensive team rebound,35,20,1,1:02,False,0,{'id': '24'},,2026-06-11T01:14:36Z,False,"{'x': 25, 'y': 27}",0,Rebound,62.0
401859966167,167,"{'id': '584', 'text': 'Substitution'}",Devin Vassell enters the game for Dylan Harper,35,20,1,1:02,False,0,{'id': '24'},"[{'athlete': {'id': '4395630'}}, {'athlete': {'id': '5037871'}}]",2026-06-11T01:14:39Z,False,"{'x': -214748340, 'y': -214748365}",0,Substitution,62.0
401859966169,169,"{'id': '140', 'text': 'Hook Turnaround Bank'}",Victor Wembanyama makes 4-foot two point shot,37,20,1,45.9,True,2,{'id': '24'},[{'athlete': {'id': '5104157'}}],2026-06-11T01:15:15Z,True,"{'x': 28, 'y': 3}",2,+2 Points,45.9
401859966170,170,"{'id': '32', 'text': 'Flagrant Foul Type 1'}",Mitchell Robinson flagrant foul type 1,37,20,1,41.7,False,0,{'id': '18'},[{'athlete': {'id': '4351852'}}],2026-06-11T01:15:33Z,False,"{'x': 17, 'y': 18}",0,Foul,41.7
401859966172,172,"{'id': '84', 'text': 'Offensive Foul Turnover'}",Mitchell Robinson offensive foul turnover,37,20,1,41.7,False,0,{'id': '18'},[{'athlete': {'id': '4351852'}}],2026-06-11T01:15:33Z,False,"{'x': 17, 'y': 18}",0,Turnover,41.7
401859966173,173,"{'id': '279', 'text': 'Ref-Initiated Review (Overturned)'}",(00:41.7) [Spurs] REF-INITIATED REVIEW (CALL OVERTURNED),37,20,1,41.7,False,0,,,2026-06-11T01:15:49Z,False,"{'x': -214748340, 'y': -214748365}",0,Challenge,41.7
401859966174,174,"{'id': '104', 'text': 'Free Throw - Flagrant 1 of 2'}",Victor Wembanyama makes free throw flagrant 1 of 2,38,20,1,41.7,True,1,{'id': '24'},[{'athlete': {'id': '5104157'}}],2026-06-11T01:18:32Z,True,"{'x': -214748340, 'y': -214748365}",1,+1 Point,41.7
401859966175,175,"{'id': '584', 'text': 'Substitution'}",Jeremy Sochan enters the game for Mitchell Robinson,38,20,1,41.7,False,0,{'id': '18'},"[{'athlete': {'id': '4610139'}}, {'athlete': {'id': '4351852'}}]",2026-06-11T01:15:41Z,False,"{'x': -214748340, 'y': -214748365}",0,Substitution,41.7
401859966177,177,"{'id': '105', 'text': 'Free Throw - Flagrant 2 of 2'}",Victor Wembanyama makes free throw flagrant 2 of 2,39,20,1,41.7,True,1,{'id': '24'},[{'athlete': {'id': '5104157'}}],2026-06-11T01:18:32Z,True,"{'x': -214748340, 'y': -214748365}",1,+1 Point,41.7
401859966179,179,"{'id': '92', 'text': 'Jump Shot'}",Devin Vassell makes 15-foot jumper (Stephon Castle assists),41,20,1,27.7,True,2,{'id': '24'},"[{'athlete': {'id': '4395630'}}, {'athlete': {'id': '4845367'}}]",2026-06-11T01:19:36Z,True,"{'x': 41, 'y': 1}",2,+2 Points,27.7
401859966181,181,"{'id': '45', 'text': 'Personal Foul'}",Stephon Castle personal foul,41,20,1,19.7,False,0,{'id': '24'},[{'athlete': {'id': '4845367'}}],2026-06-11T01:19:49Z,False,"{'x': 17, 'y': 21}",0,Foul,19.7
401859966183,183,"{'id': '98', 'text': 'Free Throw - 1 of 2'}",Jalen Brunson makes free throw 1 of 2,41,21,1,19.7,True,1,{'id': '18'},[{'athlete': {'id': '3934672'}}],2026-06-11T01:20:17Z,True,"{'x': -214748340, 'y': -214748365}",1,+1 Point,19.7
401859966184,184,"{'id': '584', 'text': 'Substitution'}",Dylan Harper enters the game for Stephon Castle,41,21,1,19.7,False,0,{'id': '24'},"[{'athlete': {'id': '5037871'}}, {'athlete': {'id': '4845367'}}]",2026-06-11T01:20:17Z,False,"{'x': -214748340, 'y': -214748365}",0,Substitution,19.7
401859966186,186,"{'id': '99', 'text': 'Free Throw - 2 of 2'}",Jalen Brunson makes free throw 2 of 2,41,22,1,19.7,True,1,{'id': '18'},[{'athlete': {'id': '3934672'}}],2026-06-11T01:20:44Z,True,"{'x': -214748340, 'y': -214748365}",1,+1 Point,19.7
401859966187,187,"{'id': '132', 'text': 'Step Back Jump Shot'}",De'Aaron Fox misses 25-foot three point step back jumpshot,41,22,1,3.8,False,0,{'id': '24'},[{'athlete': {'id': '4066259'}}],2026-06-11T01:21:04Z,True,"{'x': 17, 'y': 24}",3,Missed 3PT,3.8
401859966188,188,"{'id': '155', 'text': 'Defensive Rebound'}",OG Anunoby defensive rebound,41,22,1,1.6,False,0,{'id': '18'},[{'athlete': {'id': '3934719'}}],2026-06-11T01:21:06Z,False,"{'x': 17, 'y': 24}",0,Rebound,1.6
401859966189,189,"{'id': '412', 'text': 'End Period'}",End of the 1st Quarter,41,22,1,0.0,False,0,,,2026-06-11T01:21:09Z,False,"{'x': -214748340, 'y': -214748365}",0,End of 1st,0.0
401859966190,190,"{'id': '584', 'text': 'Substitution'}",Jose Alvarado enters the game for Jalen Brunson,41,22,2,12:00,False,0,{'id': '18'},"[{'athlete': {'id': '4277869'}}, {'athlete': {'id': '3934672'}}]",2026-06-11T01:24:43Z,False,"{'x': -214748340, 'y': -214748365}",0,Substitution,720.0
401859966191,191,"{'id': '584', 'text': 'Substitution'}",Karl-Anthony Towns enters the game for Jeremy Sochan,41,22,2,12:00,False,0,{'id': '18'},"[{'athlete': {'id': '3136195'}}, {'athlete': {'id': '4610139'}}]",2026-06-11T01:24:43Z,False,"{'x': -214748340, 'y': -214748365}",0,Substitution,720.0
401859966192,192,"{'id': '584', 'text': 'Substitution'}",Carter Bryant enters the game for Devin Vassell,41,22,2,12:00,False,0,{'id': '24'},"[{'athlete': {'id': '5061568'}}, {'athlete': {'id': '4395630'}}]",2026-06-11T01:24:43Z,False,"{'x': -214748340, 'y': -214748365}",0,Substitution,720.0
401859966197,197,"{'id': '92', 'text': 'Jump Shot'}",OG Anunoby makes 23-foot three point jumper (Landry Shamet assists),41,25,2,11:36,True,3,{'id': '18'},"[{'athlete': {'id': '3934719'}}, {'athlete': {'id': '3914044'}}]",2026-06-11T01:25:21Z,True,"{'x': 2, 'y': 2}",3,+3 Points,696.0
401859966199,199,"{'id': '92', 'text': 'Jump Shot'}",De'Aaron Fox makes 23-foot three point jumper (Julian Champagnie assists),44,25,2,11:21,True,3,{'id': '24'},"[{'athlete': {'id': '4066259'}}, {'athlete': {'id': '4592479'}}]",2026-06-11T01:25:35Z,True,"{'x': 2, 'y': -1}",3,+3 Points,681.0
401859966201,201,"{'id': '62', 'text': 'Bad Pass\nTurnover'}","Karl-Anthony Towns bad pass
turnover (De'Aaron Fox steals)",44,25,2,11:06,False,0,{'id': '18'},"[{'athlete': {'id': '3136195'}}, {'athlete': {'id': '4066259'}}]",2026-06-11T01:25:51Z,False,"{'x': 12, 'y': 21}",0,Turnover,666.0
401859966203,203,"{'id': '132', 'text': 'Step Back Jump Shot'}",De'Aaron Fox makes 23-foot three point step back jumpshot,47,25,2,10:45,True,3,{'id': '24'},[{'athlete': {'id': '4066259'}}],2026-06-11T01:26:11Z,True,"{'x': 2, 'y': 2}",3,+3 Points,645.0
401859966204,204,"{'id': '43', 'text': 'Loose Ball Foul'}",Jose Alvarado loose ball foul,47,25,2,10:45,False,0,{'id': '18'},[{'athlete': {'id': '4277869'}}],2026-06-11T01:26:30Z,False,"{'x': 38, 'y': 9}",0,Foul,645.0
401859966207,207,"{'id': '278', 'text': 'Ref-Initiated Review (Supported)'}",(10:45) [Spurs] REF-INITIATED REVIEW (REPLAY SUPPORTS CALL),47,25,2,10:45,False,0,,,2026-06-11T01:27:00Z,False,"{'x': -214748340, 'y': -214748365}",0,Challenge,645.0
401859966208,208,"{'id': '97', 'text': 'Free Throw - 1 of 1'}",Victor Wembanyama makes free throw 1 of 1,48,25,2,10:45,True,1,{'id': '24'},[{'athlete': {'id': '5104157'}}],2026-06-11T01:30:01Z,True,"{'x': -214748340, 'y': -214748365}",1,+1 Point,645.0
401859966209,209,"{'id': '584', 'text': 'Substitution'}",Jalen Brunson enters the game for Jose Alvarado,48,25,2,10:45,False,0,{'id': '18'},"[{'athlete': {'id': '3934672'}}, {'athlete': {'id': '4277869'}}]",2026-06-11T01:26:45Z,False,"{'x': -214748340, 'y': -214748365}",0,Substitution,645.0
401859966212,212,"{'id': '45', 'text': 'Personal Foul'}",Dylan Harper personal foul,48,25,2,10:35,False,0,{'id': '24'},[{'athlete': {'id': '5037871'}}],2026-06-11T01:30:16Z,False,"{'x': 8, 'y': 31}",0,Foul,635.0
401859966214,214,"{'id': '132', 'text': 'Step Back Jump Shot'}",Jalen Brunson misses 10-foot step back jumpshot,48,25,2,10:29,False,0,{'id': '18'},[{'athlete': {'id': '3934672'}}],2026-06-11T01:30:40Z,True,"{'x': 35, 'y': 2}",2,Missed FG,629.0
401859966215,215,"{'id': '156', 'text': 'Offensive Rebound'}",Karl-Anthony Towns offensive rebound,48,25,2,10:26,False,0,{'id': '18'},[{'athlete': {'id': '3136195'}}],2026-06-11T01:30:43Z,False,"{'x': 35, 'y': 2}",0,Rebound,626.0
401859966216,216,"{'id': '125', 'text': 'Layup Shot Putback'}",Karl-Anthony Towns makes two point shot,48,27,2,10:25,True,2,{'id': '18'},[{'athlete': {'id': '3136195'}}],2026-06-11T01:30:44Z,True,"{'x': 24, 'y': 2}",2,+2 Points,625.0
401859966217,217,"{'id': '44', 'text': 'Shooting Foul'}",Carter Bryant shooting foul,48,27,2,10:25,False,0,{'id': '24'},[{'athlete': {'id': '5061568'}}],2026-06-11T01:30:47Z,False,"{'x': 24, 'y': 2}",0,Foul,625.0
401859966219,219,"{'id': '97', 'text': 'Free Throw - 1 of 1'}",Karl-Anthony Towns makes free throw 1 of 1,48,28,2,10:25,True,1,{'id': '18'},[{'athlete': {'id': '3136195'}}],2026-06-11T01:31:22Z,True,"{'x': -214748340, 'y': -214748365}",1,+1 Point,625.0
401859966221,221,"{'id': '92', 'text': 'Jump Shot'}",Julian Champagnie misses 26-foot three point jumper,48,28,2,10:06,False,0,{'id': '24'},[{'athlete': {'id': '4592479'}}],2026-06-11T01:31:44Z,True,"{'x': 42, 'y': 20}",3,Missed 3PT,606.0
401859966222,222,"{'id': '155', 'text': 'Defensive Rebound'}",Karl-Anthony Towns defensive rebound,48,28,2,10:03,False,0,{'id': '18'},[{'athlete': {'id': '3136195'}}],2026-06-11T01:31:47Z,False,"{'x': 42, 'y': 20}",0,Rebound,603.0
401859966223,223,"{'id': '109', 'text': 'Running Layup Shot'}",Jalen Brunson makes running layup,48,30,2,9:58,True,2,{'id': '18'},[{'athlete': {'id': '3934672'}}],2026-06-11T01:31:52Z,True,"{'x': 24, 'y': 1}",2,+2 Points,598.0
401859966224,224,"{'id': '92', 'text': 'Jump Shot'}",Dylan Harper makes 23-foot three point jumper (De'Aaron Fox assists),51,30,2,9:42,True,3,{'id': '24'},"[{'athlete': {'id': '5037871'}}, {'athlete': {'id': '4066259'}}]",2026-06-11T01:32:08Z,True,"{'x': 2, 'y': 3}",3,+3 Points,582.0
401859966226,226,"{'id': '92', 'text': 'Jump Shot'}",Miles McBride misses 26-foot three point jumper,51,30,2,9:25,False,0,{'id': '18'},[{'athlete': {'id': '4431823'}}],2026-06-11T01:32:25Z,True,"{'x': 8, 'y': 20}",3,Missed 3PT,565.0
401859966227,227,"{'id': '155', 'text': 'Defensive Rebound'}",Victor Wembanyama defensive rebound,51,30,2,9:22,False,0,{'id': '24'},[{'athlete': {'id': '5104157'}}],2026-06-11T01:32:28Z,False,"{'x': 8, 'y': 20}",0,Rebound,562.0
401859966228,228,"{'id': '92', 'text': 'Jump Shot'}",Carter Bryant makes 22-foot three point jumper (Dylan Harper assists),54,30,2,9:16,True,3,{'id': '24'},"[{'athlete': {'id': '5061568'}}, {'athlete': {'id': '5037871'}}]",2026-06-11T01:32:39Z,True,"{'x': 2, 'y': -1}",3,+3 Points,556.0
401859966230,230,"{'id': '144', 'text': 'Driving Floating Jump Shot'}",Jalen Brunson makes 12-foot driving floating jump shot,54,32,2,8:56,True,2,{'id': '18'},[{'athlete': {'id': '3934672'}}],2026-06-11T01:32:54Z,True,"{'x': 31, 'y': 12}",2,+2 Points,536.0
401859966231,231,"{'id': '92', 'text': 'Jump Shot'}",Julian Champagnie makes 25-foot three point jumper (De'Aaron Fox assists),57,32,2,8:43,True,3,{'id': '24'},"[{'athlete': {'id': '4592479'}}, {'athlete': {'id': '4066259'}}]",2026-06-11T01:33:06Z,True,"{'x': 28, 'y': 25}",3,+3 Points,523.0
401859966233,233,"{'id': '45', 'text': 'Personal Foul'}",Dylan Harper personal foul,57,32,2,8:26,False,0,{'id': '24'},[{'athlete': {'id': '5037871'}}],2026-06-11T01:33:26Z,False,"{'x': 24, 'y': 1}",0,Foul,506.0
401859966235,235,"{'id': '584', 'text': 'Substitution'}",Mikal Bridges enters the game for Miles McBride,57,32,2,8:26,False,0,{'id': '18'},"[{'athlete': {'id': '3147657'}}, {'athlete': {'id': '4431823'}}]",2026-06-11T01:33:26Z,False,"{'x': -214748340, 'y': -214748365}",0,Substitution,506.0
401859966236,236,"{'id': '584', 'text': 'Substitution'}",Josh Hart enters the game for OG Anunoby,57,32,2,8:26,False,0,{'id': '18'},"[{'athlete': {'id': '3062679'}}, {'athlete': {'id': '3934719'}}]",2026-06-11T01:33:26Z,False,"{'x': -214748340, 'y': -214748365}",0,Substitution,506.0
401859966237,237,"{'id': '584', 'text': 'Substitution'}",Luke Kornet enters the game for Victor Wembanyama,57,32,2,8:26,False,0,{'id': '24'},"[{'athlete': {'id': '3064560'}}, {'athlete': {'id': '5104157'}}]",2026-06-11T01:33:26Z,False,"{'x': -214748340, 'y': -214748365}",0,Substitution,506.0
401859966238,238,"{'id': '584', 'text': 'Substitution'}",Stephon Castle enters the game for De'Aaron Fox,57,32,2,8:26,False,0,{'id': '24'},"[{'athlete': {'id': '4845367'}}, {'athlete': {'id': '4066259'}}]",2026-06-11T01:33:26Z,False,"{'x': -214748340, 'y': -214748365}",0,Substitution,506.0
401859966243,243,"{'id': '584', 'text': 'Substitution'}",Jordan Clarkson enters the game for Landry Shamet,57,32,2,8:26,False,0,{'id': '18'},"[{'athlete': {'id': '2528426'}}, {'athlete': {'id': '3914044'}}]",2026-06-11T01:33:26Z,False,"{'x': -214748340, 'y': -214748365}",0,Substitution,506.0
401859966245,245,"{'id': '584', 'text': 'Substitution'}",Devin Vassell enters the game for Dylan Harper,57,32,2,8:26,False,0,{'id': '24'},"[{'athlete': {'id': '4395630'}}, {'athlete': {'id': '5037871'}}]",2026-06-11T01:33:26Z,False,"{'x': -214748340, 'y': -214748365}",0,Substitution,506.0
401859966247,247,"{'id': '131', 'text': 'Pullup Jump Shot'}",Jordan Clarkson misses 22-foot three point pullup jump shot,57,32,2,8:21,False,0,{'id': '18'},[{'athlete': {'id': '2528426'}}],2026-06-11T01:34:45Z,True,"{'x': 48, 'y': 3}",3,Missed 3PT,501.0
401859966248,248,"{'id': '155', 'text': 'Defensive Rebound'}",Carter Bryant defensive rebound,57,32,2,8:18,False,0,{'id': '24'},[{'athlete': {'id': '5061568'}}],2026-06-11T01:34:48Z,False,"{'x': 48, 'y': 3}",0,Rebound,498.0
401859966249,249,"{'id': '92', 'text': 'Jump Shot'}",Julian Champagnie misses 25-foot three point jumper,57,32,2,8:06,False,0,{'id': '24'},[{'athlete': {'id': '4592479'}}],2026-06-11T01:35:00Z,True,"{'x': 12, 'y': 22}",3,Missed 3PT,486.0
401859966250,250,"{'id': '155', 'text': 'Defensive Rebound'}",Josh Hart defensive rebound,57,32,2,8:03,False,0,{'id': '18'},[{'athlete': {'id': '3062679'}}],2026-06-11T01:35:03Z,False,"{'x': 12, 'y': 22}",0,Rebound,483.0
401859966251,251,"{'id': '109', 'text': 'Running Layup Shot'}",Jordan Clarkson makes running layup (Josh Hart assists),57,34,2,7:59,True,2,{'id': '18'},"[{'athlete': {'id': '2528426'}}, {'athlete': {'id': '3062679'}}]",2026-06-11T01:35:07Z,True,"{'x': 26, 'y': 1}",2,+2 Points,479.0
401859966253,253,"{'id': '118', 'text': 'Alley Oop Dunk Shot'}",Carter Bryant makes 1-foot alley oop dunk (Stephon Castle assists),59,34,2,7:53,True,2,{'id': '24'},"[{'athlete': {'id': '5061568'}}, {'athlete': {'id': '4845367'}}]",2026-06-11T01:35:13Z,True,"{'x': 24, 'y': 1}",2,+2 Points,473.0
401859966255,255,"{'id': '131', 'text': 'Pullup Jump Shot'}",Mikal Bridges misses 17-foot pullup jump shot,59,34,2,7:34,False,0,{'id': '18'},[{'athlete': {'id': '3147657'}}],2026-06-11T01:35:33Z,True,"{'x': 36, 'y': 14}",2,Missed FG,454.0
401859966256,256,"{'id': '155', 'text': 'Defensive Rebound'}",Spurs defensive team rebound,59,34,2,7:31,False,0,{'id': '24'},,2026-06-11T01:35:36Z,False,"{'x': 36, 'y': 14}",0,Rebound,451.0
401859966257,257,"{'id': '43', 'text': 'Loose Ball Foul'}",Karl-Anthony Towns loose ball foul,59,34,2,7:31,False,0,{'id': '18'},[{'athlete': {'id': '3136195'}}],2026-06-11T01:35:44Z,False,"{'x': 28, 'y': 4}",0,Foul,451.0
401859966259,259,"{'id': '131', 'text': 'Pullup Jump Shot'}",Julian Champagnie misses 24-foot three point pullup jump shot,59,34,2,7:21,False,0,{'id': '24'},[{'athlete': {'id': '4592479'}}],2026-06-11T01:36:08Z,True,"{'x': 19, 'y': 24}",3,Missed 3PT,441.0
401859966260,260,"{'id': '155', 'text': 'Defensive Rebound'}",Jordan Clarkson defensive rebound,59,34,2,7:19,False,0,{'id': '18'},[{'athlete': {'id': '2528426'}}],2026-06-11T01:36:10Z,False,"{'x': 19, 'y': 24}",0,Rebound,439.0
401859966262,262,"{'id': '63', 'text': 'Lost Ball Turnover'}",Jordan Clarkson lost ball turnover (Carter Bryant steals),59,34,2,7:18,False,0,{'id': '18'},"[{'athlete': {'id': '2528426'}}, {'athlete': {'id': '5061568'}}]",2026-06-11T01:36:17Z,False,"{'x': 3, 'y': 3}",0,Turnover,438.0
401859966264,264,"{'id': '110', 'text': 'Driving Layup Shot'}",Carter Bryant misses driving layup,59,34,2,7:16,False,0,{'id': '24'},[{'athlete': {'id': '5061568'}}],2026-06-11T01:36:21Z,True,"{'x': 23, 'y': 3}",2,Missed FG,436.0
401859966265,265,"{'id': '155', 'text': 'Defensive Rebound'}",Karl-Anthony Towns defensive rebound,59,34,2,7:14,False,0,{'id': '18'},[{'athlete': {'id': '3136195'}}],2026-06-11T01:36:23Z,False,"{'x': 23, 'y': 3}",0,Rebound,434.0
401859966266,266,"{'id': '45', 'text': 'Personal Foul'}",Luke Kornet personal foul,59,34,2,7:00,False,0,{'id': '24'},[{'athlete': {'id': '3064560'}}],2026-06-11T01:36:32Z,False,"{'x': 14, 'y': 12}",0,Foul,420.0
401859966268,268,"{'id': '584', 'text': 'Substitution'}",Mitchell Robinson enters the game for Karl-Anthony Towns,59,34,2,7:00,False,0,{'id': '18'},"[{'athlete': {'id': '4351852'}}, {'athlete': {'id': '3136195'}}]",2026-06-11T01:36:32Z,False,"{'x': -214748340, 'y': -214748365}",0,Substitution,420.0
401859966269,269,"{'id': '584', 'text': 'Substitution'}",Dylan Harper enters the game for Carter Bryant,59,34,2,7:00,False,0,{'id': '24'},"[{'athlete': {'id': '5037871'}}, {'athlete': {'id': '5061568'}}]",2026-06-11T01:36:32Z,False,"{'x': -214748340, 'y': -214748365}",0,Substitution,420.0
401859966272,272,"{'id': '22', 'text': 'Personal Take Foul'}",Luke Kornet personal take foul,59,34,2,6:56,False,0,{'id': '24'},[{'athlete': {'id': '3064560'}}],2026-06-11T01:37:31Z,False,"{'x': 46, 'y': 15}",0,Foul,416.0
401859966274,274,"{'id': '278', 'text': 'Ref-Initiated Review (Supported)'}",(06:56) [Spurs] REF-INITIATED REVIEW (REPLAY SUPPORTS CALL),59,34,2,6:56,False,0,,,2026-06-11T01:41:47Z,False,"{'x': -214748340, 'y': -214748365}",0,Challenge,416.0
401859966275,275,"{'id': '16', 'text': 'Full Timeout'}",Knicks Full timeout,59,34,2,6:56,False,0,{'id': '18'},,2026-06-11T01:39:37Z,False,"{'x': -214748340, 'y': -214748365}",0,Timeout,416.0
401859966276,276,"{'id': '98', 'text': 'Free Throw - 1 of 2'}",Mitchell Robinson misses free throw 1 of 2,59,34,2,6:56,False,0,{'id': '18'},[{'athlete': {'id': '4351852'}}],2026-06-11T01:41:48Z,True,"{'x': -214748340, 'y': -214748365}",1,Missed FT,416.0
401859966277,277,"{'id': '156', 'text': 'Offensive Rebound'}",Knicks offensive team rebound,59,34,2,6:56,False,0,{'id': '18'},,2026-06-11T01:41:48Z,False,"{'x': -214748340, 'y': -214748365}",0,Rebound,416.0
401859966278,278,"{'id': '99', 'text': 'Free Throw - 2 of 2'}",Mitchell Robinson misses free throw 2 of 2,59,34,2,6:56,False,0,{'id': '18'},[{'athlete': {'id': '4351852'}}],2026-06-11T01:41:48Z,True,"{'x': -214748340, 'y': -214748365}",1,Missed FT,416.0
401859966279,279,"{'id': '155', 'text': 'Defensive Rebound'}",Stephon Castle defensive rebound,59,34,2,6:55,False,0,{'id': '24'},[{'athlete': {'id': '4845367'}}],2026-06-11T01:41:49Z,False,"{'x': -214748340, 'y': -214748365}",0,Rebound,415.0
401859966280,280,"{'id': '22', 'text': 'Personal Take Foul'}",Jordan Clarkson personal take foul,59,34,2,6:54,False,0,{'id': '18'},[{'athlete': {'id': '2528426'}}],2026-06-11T01:42:12Z,False,"{'x': 41, 'y': 7}",0,Foul,414.0
401859966282,282,"{'id': '584', 'text': 'Substitution'}",Ariel Hukporti enters the game for Mitchell Robinson,59,34,2,6:54,False,0,{'id': '18'},"[{'athlete': {'id': '4871141'}}, {'athlete': {'id': '4351852'}}]",2026-06-11T01:42:12Z,False,"{'x': -214748340, 'y': -214748365}",0,Substitution,414.0
401859966284,284,"{'id': '45', 'text': 'Personal Foul'}",Jordan Clarkson personal foul,59,34,2,6:44,False,0,{'id': '18'},[{'athlete': {'id': '2528426'}}],2026-06-11T01:42:47Z,False,"{'x': 27, 'y': 8}",0,Foul,404.0
401859966286,286,"{'id': '584', 'text': 'Substitution'}",OG Anunoby enters the game for Jordan Clarkson,59,34,2,6:44,False,0,{'id': '18'},"[{'athlete': {'id': '3934719'}}, {'athlete': {'id': '2528426'}}]",2026-06-11T01:42:47Z,False,"{'x': -214748340, 'y': -214748365}",0,Substitution,404.0
401859966288,288,"{'id': '62', 'text': 'Bad Pass\nTurnover'}","Stephon Castle bad pass
turnover (Jalen Brunson steals)",59,34,2,6:38,False,0,{'id': '24'},"[{'athlete': {'id': '4845367'}}, {'athlete': {'id': '3934672'}}]",2026-06-11T01:43:15Z,False,"{'x': 19, 'y': 23}",0,Turnover,398.0
401859966290,290,"{'id': '129', 'text': 'Running Finger Roll Layup'}",Jalen Brunson makes two point shot,59,36,2,6:35,True,2,{'id': '18'},[{'athlete': {'id': '3934672'}}],2026-06-11T01:43:19Z,True,"{'x': 26, 'y': -1}",2,+2 Points,395.0
401859966291,291,"{'id': '110', 'text': 'Driving Layup Shot'}",Ariel Hukporti blocks Stephon Castle's driving layup,59,36,2,6:16,False,0,{'id': '24'},"[{'athlete': {'id': '4845367'}}, {'athlete': {'id': '4871141'}}]",2026-06-11T01:43:38Z,True,"{'x': 25, 'y': 1}",2,Missed FG,376.0
401859966292,292,"{'id': '155', 'text': 'Defensive Rebound'}",Jalen Brunson defensive rebound,59,36,2,6:14,False,0,{'id': '18'},[{'athlete': {'id': '3934672'}}],2026-06-11T01:43:40Z,False,"{'x': 25, 'y': 1}",0,Rebound,374.0
401859966293,293,"{'id': '129', 'text': 'Running Finger Roll Layup'}",Jalen Brunson makes two point shot,59,38,2,6:11,True,2,{'id': '18'},[{'athlete': {'id': '3934672'}}],2026-06-11T01:43:43Z,True,"{'x': 26, 'y': 1}",2,+2 Points,371.0
401859966294,294,"{'id': '16', 'text': 'Full Timeout'}",Spurs Full timeout,59,38,2,6:10,False,0,{'id': '24'},,2026-06-11T01:43:48Z,False,"{'x': -214748340, 'y': -214748365}",0,Timeout,370.0
401859966296,296,"{'id': '584', 'text': 'Substitution'}",Keldon Johnson enters the game for Julian Champagnie,59,38,2,6:10,False,0,{'id': '24'},"[{'athlete': {'id': '4395723'}}, {'athlete': {'id': '4592479'}}]",2026-06-11T01:43:48Z,False,"{'x': -214748340, 'y': -214748365}",0,Substitution,370.0
401859966297,297,"{'id': '584', 'text': 'Substitution'}",De'Aaron Fox enters the game for Luke Kornet,59,38,2,6:10,False,0,{'id': '24'},"[{'athlete': {'id': '4066259'}}, {'athlete': {'id': '3064560'}}]",2026-06-11T01:43:48Z,False,"{'x': -214748340, 'y': -214748365}",0,Substitution,370.0
401859966298,298,"{'id': '584', 'text': 'Substitution'}",Victor Wembanyama enters the game for Stephon Castle,59,38,2,6:10,False,0,{'id': '24'},"[{'athlete': {'id': '5104157'}}, {'athlete': {'id': '4845367'}}]",2026-06-11T01:43:48Z,False,"{'x': -214748340, 'y': -214748365}",0,Substitution,370.0
401859966302,302,"{'id': '615', 'text': 'Jumpball'}",Victor Wembanyama vs. OG Anunoby (Keldon Johnson gains possession),59,38,2,5:53,False,0,{'id': '24'},"[{'athlete': {'id': '5104157'}}, {'athlete': {'id': '3934719'}}, {'athlete': {'id': '4395723'}}]",2026-06-11T01:48:19Z,False,"{'x': -214748340, 'y': -214748365}",0,Jump Ball,353.0
401859966305,305,"{'id': '92', 'text': 'Jump Shot'}",Devin Vassell makes 22-foot three point jumper (Keldon Johnson assists),62,38,2,5:46,True,3,{'id': '24'},"[{'athlete': {'id': '4395630'}}, {'athlete': {'id': '4395723'}}]",2026-06-11T01:48:21Z,True,"{'x': 2, 'y': 0}",3,+3 Points,346.0
401859966307,307,"{'id': '144', 'text': 'Driving Floating Jump Shot'}",Jalen Brunson misses driving floating jump shot,62,38,2,5:28,False,0,{'id': '18'},[{'athlete': {'id': '3934672'}}],2026-06-11T01:48:39Z,True,"{'x': 32, 'y': 8}",2,Missed FG,328.0
401859966308,308,"{'id': '155', 'text': 'Defensive Rebound'}",Dylan Harper defensive rebound,62,38,2,5:26,False,0,{'id': '24'},[{'athlete': {'id': '5037871'}}],2026-06-11T01:48:41Z,False,"{'x': 32, 'y': 8}",0,Rebound,326.0
401859966309,309,"{'id': '113', 'text': 'Running Jump Shot'}",Victor Wembanyama misses 26-foot running jump shot,62,38,2,5:21,False,0,{'id': '24'},[{'athlete': {'id': '5104157'}}],2026-06-11T01:48:46Z,True,"{'x': 33, 'y': 25}",3,Missed 3PT,321.0
401859966310,310,"{'id': '155', 'text': 'Defensive Rebound'}",Josh Hart defensive rebound,62,38,2,5:18,False,0,{'id': '18'},[{'athlete': {'id': '3062679'}}],2026-06-11T01:48:49Z,False,"{'x': 33, 'y': 25}",0,Rebound,318.0
401859966311,311,"{'id': '44', 'text': 'Shooting Foul'}",De'Aaron Fox shooting foul,62,38,2,5:09,False,0,{'id': '24'},[{'athlete': {'id': '4066259'}}],2026-06-11T01:49:00Z,False,"{'x': 25, 'y': 1}",0,Foul,309.0
401859966313,313,"{'id': '98', 'text': 'Free Throw - 1 of 2'}",OG Anunoby makes free throw 1 of 2,62,39,2,5:09,True,1,{'id': '18'},[{'athlete': {'id': '3934719'}}],2026-06-11T01:49:33Z,True,"{'x': -214748340, 'y': -214748365}",1,+1 Point,309.0
401859966314,314,"{'id': '584', 'text': 'Substitution'}",Jeremy Sochan enters the game for Ariel Hukporti,62,39,2,5:09,False,0,{'id': '18'},"[{'athlete': {'id': '4610139'}}, {'athlete': {'id': '4871141'}}]",2026-06-11T01:49:33Z,False,"{'x': -214748340, 'y': -214748365}",0,Substitution,309.0
401859966316,316,"{'id': '99', 'text': 'Free Throw - 2 of 2'}",OG Anunoby makes free throw 2 of 2,62,40,2,5:09,True,1,{'id': '18'},[{'athlete': {'id': '3934719'}}],2026-06-11T01:49:58Z,True,"{'x': -214748340, 'y': -214748365}",1,+1 Point,309.0
401859966317,317,"{'id': '114', 'text': 'Turnaround Jump Shot'}",De'Aaron Fox makes 8-foot turnaround jump shot,64,40,2,4:59,True,2,{'id': '24'},[{'athlete': {'id': '4066259'}}],2026-06-11T01:50:11Z,True,"{'x': 24, 'y': 8}",2,+2 Points,299.0
401859966319,319,"{'id': '137', 'text': 'Turnaround Fade Away Jump Shot'}",Jeremy Sochan misses 14-foot two point shot,64,40,2,4:32,False,0,{'id': '18'},[{'athlete': {'id': '4610139'}}],2026-06-11T01:51:00Z,True,"{'x': 34, 'y': 11}",2,Missed FG,272.0
401859966320,320,"{'id': '156', 'text': 'Offensive Rebound'}",Josh Hart offensive rebound,64,40,2,4:31,False,0,{'id': '18'},[{'athlete': {'id': '3062679'}}],2026-06-11T01:51:02Z,False,"{'x': 34, 'y': 11}",0,Rebound,271.0
401859966321,321,"{'id': '70', 'text': 'Shot Clock Turnover'}",shot clock turnover ,64,40,2,4:31,False,0,{'id': '18'},,2026-06-11T01:51:04Z,False,"{'x': 23, 'y': 1}",0,Turnover,271.0
401859966322,322,"{'id': '110', 'text': 'Driving Layup Shot'}",Dylan Harper makes driving layup,66,40,2,4:19,True,2,{'id': '24'},[{'athlete': {'id': '5037871'}}],2026-06-11T01:51:28Z,True,"{'x': 24, 'y': 0}",2,+2 Points,259.0
401859966323,323,"{'id': '114', 'text': 'Turnaround Jump Shot'}",OG Anunoby makes 15-foot turnaround jump shot,66,42,2,4:06,True,2,{'id': '18'},[{'athlete': {'id': '3934719'}}],2026-06-11T01:51:40Z,True,"{'x': 26, 'y': 15}",2,+2 Points,246.0
401859966325,325,"{'id': '92', 'text': 'Jump Shot'}",Dylan Harper makes 25-foot three point jumper (De'Aaron Fox assists),69,42,2,3:47,True,3,{'id': '24'},"[{'athlete': {'id': '5037871'}}, {'athlete': {'id': '4066259'}}]",2026-06-11T01:51:59Z,True,"{'x': 38, 'y': 23}",3,+3 Points,227.0
401859966327,327,"{'id': '131', 'text': 'Pullup Jump Shot'}",Jalen Brunson misses 26-foot three point pullup jump shot,69,42,2,3:28,False,0,{'id': '18'},[{'athlete': {'id': '3934672'}}],2026-06-11T01:52:19Z,True,"{'x': 27, 'y': 27}",3,Missed 3PT,208.0
401859966328,328,"{'id': '156', 'text': 'Offensive Rebound'}",Knicks offensive team rebound,69,42,2,3:25,False,0,{'id': '18'},,2026-06-11T01:52:22Z,False,"{'x': 27, 'y': 27}",0,Rebound,205.0
401859966330,330,"{'id': '92', 'text': 'Jump Shot'}",Jalen Brunson misses 22-foot three point jumper,69,42,2,3:15,False,0,{'id': '18'},[{'athlete': {'id': '3934672'}}],2026-06-11T01:52:48Z,True,"{'x': 48, 'y': 4}",3,Missed 3PT,195.0
401859966331,331,"{'id': '155', 'text': 'Defensive Rebound'}",Keldon Johnson defensive rebound,69,42,2,3:12,False,0,{'id': '24'},[{'athlete': {'id': '4395723'}}],2026-06-11T01:52:51Z,False,"{'x': 48, 'y': 4}",0,Rebound,192.0
401859966332,332,"{'id': '109', 'text': 'Running Layup Shot'}",Dylan Harper makes running layup,71,42,2,3:06,True,2,{'id': '24'},[{'athlete': {'id': '5037871'}}],2026-06-11T01:52:58Z,True,"{'x': 26, 'y': 2}",2,+2 Points,186.0
401859966333,333,"{'id': '45', 'text': 'Personal Foul'}",Devin Vassell personal foul,71,42,2,2:51,False,0,{'id': '24'},[{'athlete': {'id': '4395630'}}],2026-06-11T01:53:19Z,False,"{'x': 47, 'y': 17}",0,Foul,171.0
401859966335,335,"{'id': '98', 'text': 'Free Throw - 1 of 2'}",Jalen Brunson makes free throw 1 of 2,71,43,2,2:51,True,1,{'id': '18'},[{'athlete': {'id': '3934672'}}],2026-06-11T01:53:47Z,True,"{'x': -214748340, 'y': -214748365}",1,+1 Point,171.0
401859966336,336,"{'id': '584', 'text': 'Substitution'}",Stephon Castle enters the game for De'Aaron Fox,71,43,2,2:51,False,0,{'id': '24'},"[{'athlete': {'id': '4845367'}}, {'athlete': {'id': '4066259'}}]",2026-06-11T01:53:48Z,False,"{'x': -214748340, 'y': -214748365}",0,Substitution,171.0
401859966338,338,"{'id': '584', 'text': 'Substitution'}",Landry Shamet enters the game for Jeremy Sochan,71,43,2,2:51,False,0,{'id': '18'},"[{'athlete': {'id': '3914044'}}, {'athlete': {'id': '4610139'}}]",2026-06-11T01:53:48Z,False,"{'x': -214748340, 'y': -214748365}",0,Substitution,171.0
401859966340,340,"{'id': '99', 'text': 'Free Throw - 2 of 2'}",Jalen Brunson misses free throw 2 of 2,71,43,2,2:51,False,0,{'id': '18'},[{'athlete': {'id': '3934672'}}],2026-06-11T01:53:47Z,True,"{'x': -214748340, 'y': -214748365}",1,Missed FT,171.0
401859966341,341,"{'id': '155', 'text': 'Defensive Rebound'}",Victor Wembanyama defensive rebound,71,43,2,2:49,False,0,{'id': '24'},[{'athlete': {'id': '5104157'}}],2026-06-11T01:53:49Z,False,"{'x': -214748340, 'y': -214748365}",0,Rebound,169.0
401859966342,342,"{'id': '92', 'text': 'Jump Shot'}",Stephon Castle misses 25-foot three point jumper,71,43,2,2:39,False,0,{'id': '24'},[{'athlete': {'id': '4845367'}}],2026-06-11T01:55:02Z,True,"{'x': 7, 'y': 18}",3,Missed 3PT,159.0
401859966343,343,"{'id': '156', 'text': 'Offensive Rebound'}",Devin Vassell offensive rebound,71,43,2,2:33,False,0,{'id': '24'},[{'athlete': {'id': '4395630'}}],2026-06-11T01:55:08Z,False,"{'x': 7, 'y': 18}",0,Rebound,153.0
401859966344,344,"{'id': '132', 'text': 'Step Back Jump Shot'}",Victor Wembanyama misses 25-foot three point step back jumpshot,71,43,2,2:28,False,0,{'id': '24'},[{'athlete': {'id': '5104157'}}],2026-06-11T01:55:13Z,True,"{'x': 42, 'y': 20}",3,Missed 3PT,148.0
401859966345,345,"{'id': '155', 'text': 'Defensive Rebound'}",Knicks defensive team rebound,71,43,2,2:26,False,0,{'id': '18'},,2026-06-11T01:55:15Z,False,"{'x': 42, 'y': 20}",0,Rebound,146.0
401859966346,346,"{'id': '43', 'text': 'Loose Ball Foul'}",Stephon Castle loose ball foul,71,43,2,2:26,False,0,{'id': '24'},[{'athlete': {'id': '4845367'}}],2026-06-11T01:55:22Z,False,"{'x': 39, 'y': -2}",0,Foul,146.0
401859966348,348,"{'id': '98', 'text': 'Free Throw - 1 of 2'}",Josh Hart misses free throw 1 of 2,71,43,2,2:26,False,0,{'id': '18'},[{'athlete': {'id': '3062679'}}],2026-06-11T01:55:52Z,True,"{'x': -214748340, 'y': -214748365}",1,Missed FT,146.0
401859966349,349,"{'id': '156', 'text': 'Offensive Rebound'}",Knicks offensive team rebound,71,43,2,2:26,False,0,{'id': '18'},,2026-06-11T01:55:52Z,False,"{'x': -214748340, 'y': -214748365}",0,Rebound,146.0
401859966350,350,"{'id': '584', 'text': 'Substitution'}",Julian Champagnie enters the game for Stephon Castle,71,43,2,2:26,False,0,{'id': '24'},"[{'athlete': {'id': '4592479'}}, {'athlete': {'id': '4845367'}}]",2026-06-11T01:55:52Z,False,"{'x': -214748340, 'y': -214748365}",0,Substitution,146.0
401859966352,352,"{'id': '99', 'text': 'Free Throw - 2 of 2'}",Josh Hart misses free throw 2 of 2,71,43,2,2:26,False,0,{'id': '18'},[{'athlete': {'id': '3062679'}}],2026-06-11T01:55:52Z,True,"{'x': -214748340, 'y': -214748365}",1,Missed FT,146.0
401859966353,353,"{'id': '584', 'text': 'Substitution'}",De'Aaron Fox enters the game for Dylan Harper,71,43,2,2:26,False,0,{'id': '24'},"[{'athlete': {'id': '4066259'}}, {'athlete': {'id': '5037871'}}]",2026-06-11T01:55:52Z,False,"{'x': -214748340, 'y': -214748365}",0,Substitution,146.0
401859966355,355,"{'id': '156', 'text': 'Offensive Rebound'}",Josh Hart offensive rebound,71,43,2,2:23,False,0,{'id': '18'},[{'athlete': {'id': '3062679'}}],2026-06-11T01:55:55Z,False,"{'x': -214748340, 'y': -214748365}",0,Rebound,143.0
401859966356,356,"{'id': '92', 'text': 'Jump Shot'}",Jalen Brunson makes 24-foot three point jumper (Josh Hart assists),71,46,2,2:21,True,3,{'id': '18'},"[{'athlete': {'id': '3934672'}}, {'athlete': {'id': '3062679'}}]",2026-06-11T01:56:28Z,True,"{'x': 12, 'y': 21}",3,+3 Points,141.0
401859966358,358,"{'id': '92', 'text': 'Jump Shot'}",Julian Champagnie misses 23-foot three point jumper,71,46,2,2:02,False,0,{'id': '24'},[{'athlete': {'id': '4592479'}}],2026-06-11T01:56:47Z,True,"{'x': 2, 'y': -2}",3,Missed 3PT,122.0
401859966359,359,"{'id': '155', 'text': 'Defensive Rebound'}",Jalen Brunson defensive rebound,71,46,2,2:00,False,0,{'id': '18'},[{'athlete': {'id': '3934672'}}],2026-06-11T01:56:49Z,False,"{'x': 2, 'y': -2}",0,Rebound,120.0
401859966360,360,"{'id': '62', 'text': 'Bad Pass\nTurnover'}","Josh Hart bad pass
turnover (Devin Vassell steals)",71,46,2,1:52,False,0,{'id': '18'},"[{'athlete': {'id': '3062679'}}, {'athlete': {'id': '4395630'}}]",2026-06-11T01:57:02Z,False,"{'x': 35, 'y': 25}",0,Turnover,112.0
401859966362,362,"{'id': '62', 'text': 'Bad Pass\nTurnover'}","Devin Vassell bad pass
turnover (Jalen Brunson steals)",71,46,2,1:50,False,0,{'id': '24'},"[{'athlete': {'id': '4395630'}}, {'athlete': {'id': '3934672'}}]",2026-06-11T01:57:05Z,False,"{'x': 46, 'y': 28}",0,Turnover,110.0
401859966364,364,"{'id': '44', 'text': 'Shooting Foul'}",Keldon Johnson shooting foul,71,46,2,1:45,False,0,{'id': '24'},[{'athlete': {'id': '4395723'}}],2026-06-11T01:57:18Z,False,"{'x': 19, 'y': 19}",0,Foul,105.0
401859966366,366,"{'id': '98', 'text': 'Free Throw - 1 of 2'}",Jalen Brunson misses free throw 1 of 2,71,46,2,1:45,False,0,{'id': '18'},[{'athlete': {'id': '3934672'}}],2026-06-11T01:57:38Z,True,"{'x': -214748340, 'y': -214748365}",1,Missed FT,105.0
401859966367,367,"{'id': '156', 'text': 'Offensive Rebound'}",Knicks offensive team rebound,71,46,2,1:45,False,0,{'id': '18'},,2026-06-11T01:57:38Z,False,"{'x': -214748340, 'y': -214748365}",0,Rebound,105.0
401859966368,368,"{'id': '584', 'text': 'Substitution'}",Dylan Harper enters the game for Keldon Johnson,71,46,2,1:45,False,0,{'id': '24'},"[{'athlete': {'id': '5037871'}}, {'athlete': {'id': '4395723'}}]",2026-06-11T01:57:38Z,False,"{'x': -214748340, 'y': -214748365}",0,Substitution,105.0
401859966370,370,"{'id': '99', 'text': 'Free Throw - 2 of 2'}",Jalen Brunson makes free throw 2 of 2,71,47,2,1:45,True,1,{'id': '18'},[{'athlete': {'id': '3934672'}}],2026-06-11T01:57:59Z,True,"{'x': -214748340, 'y': -214748365}",1,+1 Point,105.0
401859966371,371,"{'id': '141', 'text': 'Cutting Layup Shot'}",Victor Wembanyama makes 1-foot layup (De'Aaron Fox assists),73,47,2,1:25,True,2,{'id': '24'},"[{'athlete': {'id': '5104157'}}, {'athlete': {'id': '4066259'}}]",2026-06-11T01:58:22Z,True,"{'x': 26, 'y': 1}",2,+2 Points,85.0
401859966372,372,"{'id': '131', 'text': 'Pullup Jump Shot'}",Jalen Brunson makes 7-foot pullup jump shot,73,49,2,1:16,True,2,{'id': '18'},[{'athlete': {'id': '3934672'}}],2026-06-11T01:58:30Z,True,"{'x': 29, 'y': 6}",2,+2 Points,76.0
401859966373,373,"{'id': '92', 'text': 'Jump Shot'}",Dylan Harper makes 22-foot three point jumper (De'Aaron Fox assists),76,49,2,57.8,True,3,{'id': '24'},"[{'athlete': {'id': '5037871'}}, {'athlete': {'id': '4066259'}}]",2026-06-11T01:58:49Z,True,"{'x': 48, 'y': 0}",3,+3 Points,57.8
401859966375,375,"{'id': '131', 'text': 'Pullup Jump Shot'}",Victor Wembanyama blocks OG Anunoby 's 23-foot three point pullup jump shot,76,49,2,43.9,False,0,{'id': '18'},"[{'athlete': {'id': '3934719'}}, {'athlete': {'id': '5104157'}}]",2026-06-11T01:59:06Z,True,"{'x': 2, 'y': 6}",3,Missed 3PT,43.9
401859966376,376,"{'id': '155', 'text': 'Defensive Rebound'}",Julian Champagnie defensive rebound,76,49,2,40.8,False,0,{'id': '24'},[{'athlete': {'id': '4592479'}}],2026-06-11T01:59:09Z,False,"{'x': 2, 'y': 6}",0,Rebound,40.8
401859966377,377,"{'id': '92', 'text': 'Jump Shot'}",Victor Wembanyama misses 30-foot three point jumper,76,49,2,35.0,False,0,{'id': '24'},[{'athlete': {'id': '5104157'}}],2026-06-11T01:59:15Z,True,"{'x': 28, 'y': 30}",3,Missed 3PT,35.0
401859966378,378,"{'id': '155', 'text': 'Defensive Rebound'}",Mikal Bridges defensive rebound,76,49,2,31.7,False,0,{'id': '18'},[{'athlete': {'id': '3147657'}}],2026-06-11T01:59:19Z,False,"{'x': 28, 'y': 30}",0,Rebound,31.7
401859966379,379,"{'id': '146', 'text': 'Running Pullup Jump Shot'}",Jalen Brunson misses running pullup jump shot,76,49,2,26.2,False,0,{'id': '18'},[{'athlete': {'id': '3934672'}}],2026-06-11T01:59:24Z,True,"{'x': 24, 'y': 10}",2,Missed FG,26.2
401859966380,380,"{'id': '155', 'text': 'Defensive Rebound'}",Victor Wembanyama defensive rebound,76,49,2,24.3,False,0,{'id': '24'},[{'athlete': {'id': '5104157'}}],2026-06-11T01:59:26Z,False,"{'x': 24, 'y': 10}",0,Rebound,24.3
401859966381,381,"{'id': '131', 'text': 'Pullup Jump Shot'}",De'Aaron Fox misses 5-foot pullup jump shot,76,49,2,1.3,False,0,{'id': '24'},[{'athlete': {'id': '4066259'}}],2026-06-11T01:59:50Z,True,"{'x': 25, 'y': 6}",2,Missed FG,1.3
401859966382,382,"{'id': '156', 'text': 'Offensive Rebound'}",De'Aaron Fox offensive rebound,76,49,2,0.1,False,0,{'id': '24'},[{'athlete': {'id': '4066259'}}],2026-06-11T01:59:51Z,False,"{'x': 25, 'y': 6}",0,Rebound,0.1
401859966383,383,"{'id': '412', 'text': 'End Period'}",End of the 2nd Quarter,76,49,2,0.0,False,0,,,2026-06-11T01:59:54Z,False,"{'x': -214748340, 'y': -214748365}",0,Halftime,0.0
401859966386,386,"{'id': '584', 'text': 'Substitution'}",Karl-Anthony Towns enters the game for Landry Shamet,76,49,3,12:00,False,0,{'id': '18'},"[{'athlete': {'id': '3136195'}}, {'athlete': {'id': '3914044'}}]",2026-06-11T02:17:20Z,False,"{'x': -214748340, 'y': -214748365}",0,Substitution,720.0
401859966387,387,"{'id': '584', 'text': 'Substitution'}",Stephon Castle enters the game for Dylan Harper,76,49,3,12:00,False,0,{'id': '24'},"[{'athlete': {'id': '4845367'}}, {'athlete': {'id': '5037871'}}]",2026-06-11T02:17:20Z,False,"{'x': -214748340, 'y': -214748365}",0,Substitution,720.0
401859966391,391,"{'id': '132', 'text': 'Step Back Jump Shot'}",OG Anunoby misses 15-foot step back jumpshot,76,49,3,11:37,False,0,{'id': '18'},[{'athlete': {'id': '3934719'}}],2026-06-11T02:18:24Z,True,"{'x': 34, 'y': 13}",2,Missed FG,697.0
401859966392,392,"{'id': '155', 'text': 'Defensive Rebound'}",Julian Champagnie defensive rebound,76,49,3,11:33,False,0,{'id': '24'},[{'athlete': {'id': '4592479'}}],2026-06-11T02:18:28Z,False,"{'x': 34, 'y': 13}",0,Rebound,693.0
401859966393,393,"{'id': '92', 'text': 'Jump Shot'}",Devin Vassell misses 25-foot three point jumper,76,49,3,11:22,False,0,{'id': '24'},[{'athlete': {'id': '4395630'}}],2026-06-11T02:18:37Z,True,"{'x': 45, 'y': 17}",3,Missed 3PT,682.0
401859966394,394,"{'id': '155', 'text': 'Defensive Rebound'}",Knicks defensive team rebound,76,49,3,11:19,False,0,{'id': '18'},,2026-06-11T02:18:40Z,False,"{'x': 45, 'y': 17}",0,Rebound,679.0
401859966396,396,"{'id': '92', 'text': 'Jump Shot'}",OG Anunoby makes 25-foot three point jumper (Josh Hart assists),76,52,3,11:04,True,3,{'id': '18'},"[{'athlete': {'id': '3934719'}}, {'athlete': {'id': '3062679'}}]",2026-06-11T02:19:02Z,True,"{'x': 37, 'y': 23}",3,+3 Points,664.0
401859966398,398,"{'id': '122', 'text': 'Jump Shot Bank'}",Victor Wembanyama misses 3-foot jump bank shot,76,52,3,10:49,False,0,{'id': '24'},[{'athlete': {'id': '5104157'}}],2026-06-11T02:19:17Z,True,"{'x': 28, 'y': 2}",2,Missed FG,649.0
401859966399,399,"{'id': '155', 'text': 'Defensive Rebound'}",Josh Hart defensive rebound,76,52,3,10:47,False,0,{'id': '18'},[{'athlete': {'id': '3062679'}}],2026-06-11T02:19:19Z,False,"{'x': 28, 'y': 2}",0,Rebound,647.0
401859966400,400,"{'id': '63', 'text': 'Lost Ball Turnover'}",OG Anunoby lost ball turnover (Julian Champagnie steals),76,52,3,10:46,False,0,{'id': '18'},"[{'athlete': {'id': '3934719'}}, {'athlete': {'id': '4592479'}}]",2026-06-11T02:19:24Z,False,"{'x': 25, 'y': 2}",0,Turnover,646.0
401859966402,402,"{'id': '113', 'text': 'Running Jump Shot'}",Victor Wembanyama makes 22-foot running jump shot (Stephon Castle assists),79,52,3,10:37,True,3,{'id': '24'},"[{'athlete': {'id': '5104157'}}, {'athlete': {'id': '4845367'}}]",2026-06-11T02:19:29Z,True,"{'x': 48, 'y': 0}",3,+3 Points,637.0
401859966404,404,"{'id': '121', 'text': 'Fade Away Jump Shot'}",Mikal Bridges misses 8-foot fade away jump shot,79,52,3,10:14,False,0,{'id': '18'},[{'athlete': {'id': '3147657'}}],2026-06-11T02:19:52Z,True,"{'x': 26, 'y': 8}",2,Missed FG,614.0
401859966406,406,"{'id': '155', 'text': 'Defensive Rebound'}",Devin Vassell defensive rebound,79,52,3,10:12,False,0,{'id': '24'},[{'athlete': {'id': '4395630'}}],2026-06-11T02:19:54Z,False,"{'x': 26, 'y': 8}",0,Rebound,612.0
401859966407,407,"{'id': '24', 'text': 'Offensive Charge'}",Stephon Castle offensive charge,79,52,3,10:09,False,0,{'id': '24'},[{'athlete': {'id': '4845367'}}],2026-06-11T02:20:02Z,False,"{'x': 20, 'y': 6}",0,Foul,609.0
401859966409,409,"{'id': '84', 'text': 'Offensive Foul Turnover'}",Stephon Castle offensive foul turnover,79,52,3,10:09,False,0,{'id': '24'},[{'athlete': {'id': '4845367'}}],2026-06-11T02:20:02Z,False,"{'x': 20, 'y': 6}",0,Turnover,609.0
401859966410,410,"{'id': '584', 'text': 'Substitution'}",Keldon Johnson enters the game for Stephon Castle,79,52,3,10:09,False,0,{'id': '24'},"[{'athlete': {'id': '4395723'}}, {'athlete': {'id': '4845367'}}]",2026-06-11T02:20:02Z,False,"{'x': -214748340, 'y': -214748365}",0,Substitution,609.0
401859966412,412,"{'id': '87', 'text': 'Out of Bounds - Lost Ball Turnover'}",Karl-Anthony Towns out of bounds lost ball turnover,79,52,3,9:53,False,0,{'id': '18'},[{'athlete': {'id': '3136195'}}],2026-06-11T02:20:59Z,False,"{'x': 25, 'y': 1}",0,Turnover,593.0
401859966413,413,"{'id': '131', 'text': 'Pullup Jump Shot'}",De'Aaron Fox makes 16-foot pullup jump shot (Devin Vassell assists),81,52,3,9:40,True,2,{'id': '24'},"[{'athlete': {'id': '4066259'}}, {'athlete': {'id': '4395630'}}]",2026-06-11T02:21:13Z,True,"{'x': 19, 'y': 16}",2,+2 Points,580.0
401859966415,415,"{'id': '32', 'text': 'Flagrant Foul Type 1'}",Victor Wembanyama flagrant foul type 1,81,52,3,9:27,False,0,{'id': '24'},[{'athlete': {'id': '5104157'}}],2026-06-11T02:21:36Z,False,"{'x': 16, 'y': 18}",0,Foul,567.0
401859966417,417,"{'id': '279', 'text': 'Ref-Initiated Review (Overturned)'}",(09:27) [Spurs] REF-INITIATED REVIEW (CALL OVERTURNED),81,52,3,9:27,False,0,,,2026-06-11T02:22:15Z,False,"{'x': -214748340, 'y': -214748365}",0,Challenge,567.0
401859966418,418,"{'id': '104', 'text': 'Free Throw - Flagrant 1 of 2'}",Karl-Anthony Towns makes free throw flagrant 1 of 2,81,53,3,9:27,True,1,{'id': '18'},[{'athlete': {'id': '3136195'}}],2026-06-11T02:25:11Z,True,"{'x': -214748340, 'y': -214748365}",1,+1 Point,567.0
401859966419,419,"{'id': '105', 'text': 'Free Throw - Flagrant 2 of 2'}",Karl-Anthony Towns makes free throw flagrant 2 of 2,81,54,3,9:27,True,1,{'id': '18'},[{'athlete': {'id': '3136195'}}],2026-06-11T02:25:37Z,True,"{'x': -214748340, 'y': -214748365}",1,+1 Point,567.0
401859966420,420,"{'id': '92', 'text': 'Jump Shot'}",Jalen Brunson misses 25-foot three point jumper,81,54,3,9:18,False,0,{'id': '18'},[{'athlete': {'id': '3934672'}}],2026-06-11T02:26:00Z,True,"{'x': 7, 'y': 18}",3,Missed 3PT,558.0
401859966421,421,"{'id': '155', 'text': 'Defensive Rebound'}",Julian Champagnie defensive rebound,81,54,3,9:15,False,0,{'id': '24'},[{'athlete': {'id': '4592479'}}],2026-06-11T02:26:03Z,False,"{'x': 7, 'y': 18}",0,Rebound,555.0
401859966422,422,"{'id': '110', 'text': 'Driving Layup Shot'}",Keldon Johnson misses driving layup,81,54,3,8:58,False,0,{'id': '24'},[{'athlete': {'id': '4395723'}}],2026-06-11T02:26:22Z,True,"{'x': 25, 'y': 3}",2,Missed FG,538.0
401859966423,423,"{'id': '156', 'text': 'Offensive Rebound'}",Keldon Johnson offensive rebound,81,54,3,8:57,False,0,{'id': '24'},[{'athlete': {'id': '4395723'}}],2026-06-11T02:26:23Z,False,"{'x': 25, 'y': 3}",0,Rebound,537.0
401859966424,424,"{'id': '94', 'text': 'Tip Shot'}",Keldon Johnson misses tip shot,81,54,3,8:57,False,0,{'id': '24'},[{'athlete': {'id': '4395723'}}],2026-06-11T02:26:24Z,True,"{'x': 25, 'y': 0}",2,Missed FG,537.0
401859966425,425,"{'id': '156', 'text': 'Offensive Rebound'}",Keldon Johnson offensive rebound,81,54,3,8:56,False,0,{'id': '24'},[{'athlete': {'id': '4395723'}}],2026-06-11T02:26:25Z,False,"{'x': 25, 'y': 0}",0,Rebound,536.0
401859966426,426,"{'id': '125', 'text': 'Layup Shot Putback'}",Keldon Johnson misses two point shot,81,54,3,8:55,False,0,{'id': '24'},[{'athlete': {'id': '4395723'}}],2026-06-11T02:26:26Z,True,"{'x': 24, 'y': 4}",2,Missed FG,535.0
401859966427,427,"{'id': '155', 'text': 'Defensive Rebound'}",OG Anunoby defensive rebound,81,54,3,8:54,False,0,{'id': '18'},[{'athlete': {'id': '3934719'}}],2026-06-11T02:26:27Z,False,"{'x': 24, 'y': 4}",0,Rebound,534.0
401859966428,428,"{'id': '151', 'text': 'Cutting Dunk Shot'}",OG Anunoby makes dunk (Josh Hart assists),81,56,3,8:46,True,2,{'id': '18'},"[{'athlete': {'id': '3934719'}}, {'athlete': {'id': '3062679'}}]",2026-06-11T02:26:33Z,True,"{'x': 25, 'y': 1}",2,+2 Points,526.0
401859966430,430,"{'id': '92', 'text': 'Jump Shot'}",Julian Champagnie misses 25-foot three point jumper,81,56,3,8:39,False,0,{'id': '24'},[{'athlete': {'id': '4592479'}}],2026-06-11T02:26:39Z,True,"{'x': 8, 'y': 19}",3,Missed 3PT,519.0
401859966431,431,"{'id': '155', 'text': 'Defensive Rebound'}",Karl-Anthony Towns defensive rebound,81,56,3,8:37,False,0,{'id': '18'},[{'athlete': {'id': '3136195'}}],2026-06-11T02:26:41Z,False,"{'x': 8, 'y': 19}",0,Rebound,517.0
401859966432,432,"{'id': '131', 'text': 'Pullup Jump Shot'}",Jalen Brunson makes 25-foot three pointer (Mikal Bridges assists),81,59,3,8:23,True,3,{'id': '18'},"[{'athlete': {'id': '3934672'}}, {'athlete': {'id': '3147657'}}]",2026-06-11T02:26:55Z,True,"{'x': 36, 'y': 23}",3,+3 Points,503.0
401859966434,434,"{'id': '16', 'text': 'Full Timeout'}",Spurs Full timeout,81,59,3,8:23,False,0,{'id': '24'},,2026-06-11T02:26:59Z,False,"{'x': -214748340, 'y': -214748365}",0,Timeout,503.0
401859966435,435,"{'id': '584', 'text': 'Substitution'}",Dylan Harper enters the game for Julian Champagnie,81,59,3,8:23,False,0,{'id': '24'},"[{'athlete': {'id': '5037871'}}, {'athlete': {'id': '4592479'}}]",2026-06-11T02:26:59Z,False,"{'x': -214748340, 'y': -214748365}",0,Substitution,503.0
401859966437,437,"{'id': '92', 'text': 'Jump Shot'}",Dylan Harper misses 25-foot three point jumper,81,59,3,7:59,False,0,{'id': '24'},[{'athlete': {'id': '5037871'}}],2026-06-11T02:31:07Z,True,"{'x': 4, 'y': 14}",3,Missed 3PT,479.0
401859966438,438,"{'id': '155', 'text': 'Defensive Rebound'}",Karl-Anthony Towns defensive rebound,81,59,3,7:57,False,0,{'id': '18'},[{'athlete': {'id': '3136195'}}],2026-06-11T02:31:09Z,False,"{'x': 4, 'y': 14}",0,Rebound,477.0
401859966439,439,"{'id': '121', 'text': 'Fade Away Jump Shot'}",Jalen Brunson misses 12-foot fade away jump shot,81,59,3,7:44,False,0,{'id': '18'},[{'athlete': {'id': '3934672'}}],2026-06-11T02:31:22Z,True,"{'x': 34, 'y': 10}",2,Missed FG,464.0
401859966440,440,"{'id': '155', 'text': 'Defensive Rebound'}",Dylan Harper defensive rebound,81,59,3,7:42,False,0,{'id': '24'},[{'athlete': {'id': '5037871'}}],2026-06-11T02:31:24Z,False,"{'x': 34, 'y': 10}",0,Rebound,462.0
401859966441,441,"{'id': '62', 'text': 'Bad Pass\nTurnover'}","De'Aaron Fox bad pass
turnover (Jalen Brunson steals)",81,59,3,7:27,False,0,{'id': '24'},"[{'athlete': {'id': '4066259'}}, {'athlete': {'id': '3934672'}}]",2026-06-11T02:31:40Z,False,"{'x': 38, 'y': 18}",0,Turnover,447.0
401859966443,443,"{'id': '12', 'text': 'Kicked Ball'}",Victor Wembanyama kicked ball violation,81,59,3,7:25,False,0,{'id': '24'},[{'athlete': {'id': '5104157'}}],2026-06-11T02:31:46Z,False,"{'x': -214748340, 'y': -214748365}",0,Violation,445.0
401859966444,444,"{'id': '110', 'text': 'Driving Layup Shot'}",Karl-Anthony Towns misses driving layup,81,59,3,7:15,False,0,{'id': '18'},[{'athlete': {'id': '3136195'}}],2026-06-11T02:32:18Z,True,"{'x': 27, 'y': 1}",2,Missed FG,435.0
401859966445,445,"{'id': '155', 'text': 'Defensive Rebound'}",Victor Wembanyama defensive rebound,81,59,3,7:14,False,0,{'id': '24'},[{'athlete': {'id': '5104157'}}],2026-06-11T02:32:19Z,False,"{'x': 27, 'y': 1}",0,Rebound,434.0
401859966446,446,"{'id': '92', 'text': 'Jump Shot'}",Devin Vassell misses 26-foot three point jumper,81,59,3,7:02,False,0,{'id': '24'},[{'athlete': {'id': '4395630'}}],2026-06-11T02:32:34Z,True,"{'x': 10, 'y': 22}",3,Missed 3PT,422.0
401859966447,447,"{'id': '155', 'text': 'Defensive Rebound'}",Karl-Anthony Towns defensive rebound,81,59,3,7:00,False,0,{'id': '18'},[{'athlete': {'id': '3136195'}}],2026-06-11T02:32:36Z,False,"{'x': 10, 'y': 22}",0,Rebound,420.0
401859966448,448,"{'id': '92', 'text': 'Jump Shot'}",OG Anunoby makes 23-foot three point jumper (Karl-Anthony Towns assists),81,62,3,6:50,True,3,{'id': '18'},"[{'athlete': {'id': '3934719'}}, {'athlete': {'id': '3136195'}}]",2026-06-11T02:32:44Z,True,"{'x': 48, 'y': 4}",3,+3 Points,410.0
401859966451,451,"{'id': '92', 'text': 'Jump Shot'}",Keldon Johnson misses 23-foot three point jumper,81,62,3,6:39,False,0,{'id': '24'},[{'athlete': {'id': '4395723'}}],2026-06-11T02:33:15Z,True,"{'x': 2, 'y': -1}",3,Missed 3PT,399.0
401859966452,452,"{'id': '155', 'text': 'Defensive Rebound'}",Jalen Brunson defensive rebound,81,62,3,6:36,False,0,{'id': '18'},[{'athlete': {'id': '3934672'}}],2026-06-11T02:33:18Z,False,"{'x': 2, 'y': -1}",0,Rebound,396.0
401859966453,453,"{'id': '121', 'text': 'Fade Away Jump Shot'}",Mikal Bridges misses 11-foot fade away jump shot,81,62,3,6:23,False,0,{'id': '18'},[{'athlete': {'id': '3147657'}}],2026-06-11T02:33:31Z,True,"{'x': 29, 'y': 11}",2,Missed FG,383.0
401859966454,454,"{'id': '155', 'text': 'Defensive Rebound'}",Devin Vassell defensive rebound,81,62,3,6:20,False,0,{'id': '24'},[{'athlete': {'id': '4395630'}}],2026-06-11T02:33:34Z,False,"{'x': 29, 'y': 11}",0,Rebound,380.0
401859966455,455,"{'id': '132', 'text': 'Step Back Jump Shot'}",De'Aaron Fox misses 25-foot three point step back jumpshot,81,62,3,5:59,False,0,{'id': '24'},[{'athlete': {'id': '4066259'}}],2026-06-11T02:33:54Z,True,"{'x': 14, 'y': 23}",3,Missed 3PT,359.0
401859966456,456,"{'id': '155', 'text': 'Defensive Rebound'}",Karl-Anthony Towns defensive rebound,81,62,3,5:56,False,0,{'id': '18'},[{'athlete': {'id': '3136195'}}],2026-06-11T02:33:57Z,False,"{'x': 14, 'y': 23}",0,Rebound,356.0
401859966457,457,"{'id': '92', 'text': 'Jump Shot'}",Mikal Bridges misses 23-foot three point jumper,81,62,3,5:34,False,0,{'id': '18'},[{'athlete': {'id': '3147657'}}],2026-06-11T02:34:20Z,True,"{'x': 2, 'y': -1}",3,Missed 3PT,334.0
401859966458,458,"{'id': '156', 'text': 'Offensive Rebound'}",Knicks offensive team rebound,81,62,3,5:33,False,0,{'id': '18'},,2026-06-11T02:34:21Z,False,"{'x': 2, 'y': -1}",0,Rebound,333.0
401859966460,460,"{'id': '584', 'text': 'Substitution'}",Landry Shamet enters the game for OG Anunoby,81,62,3,5:33,False,0,{'id': '18'},"[{'athlete': {'id': '3914044'}}, {'athlete': {'id': '3934719'}}]",2026-06-11T02:34:27Z,False,"{'x': -214748340, 'y': -214748365}",0,Substitution,333.0
401859966461,461,"{'id': '584', 'text': 'Substitution'}",Jose Alvarado enters the game for Mikal Bridges,81,62,3,5:33,False,0,{'id': '18'},"[{'athlete': {'id': '4277869'}}, {'athlete': {'id': '3147657'}}]",2026-06-11T02:34:27Z,False,"{'x': -214748340, 'y': -214748365}",0,Substitution,333.0
401859966462,462,"{'id': '584', 'text': 'Substitution'}",Luke Kornet enters the game for Victor Wembanyama,81,62,3,5:33,False,0,{'id': '24'},"[{'athlete': {'id': '3064560'}}, {'athlete': {'id': '5104157'}}]",2026-06-11T02:34:27Z,False,"{'x': -214748340, 'y': -214748365}",0,Substitution,333.0
401859966463,463,"{'id': '584', 'text': 'Substitution'}",Julian Champagnie enters the game for De'Aaron Fox,81,62,3,5:33,False,0,{'id': '24'},"[{'athlete': {'id': '4592479'}}, {'athlete': {'id': '4066259'}}]",2026-06-11T02:34:27Z,False,"{'x': -214748340, 'y': -214748365}",0,Substitution,333.0
401859966464,464,"{'id': '584', 'text': 'Substitution'}",Stephon Castle enters the game for Keldon Johnson,81,62,3,5:33,False,0,{'id': '24'},"[{'athlete': {'id': '4845367'}}, {'athlete': {'id': '4395723'}}]",2026-06-11T02:34:27Z,False,"{'x': -214748340, 'y': -214748365}",0,Substitution,333.0
401859966470,470,"{'id': '92', 'text': 'Jump Shot'}",Josh Hart makes 25-foot three point jumper (Jalen Brunson assists),81,65,3,5:31,True,3,{'id': '18'},"[{'athlete': {'id': '3062679'}}, {'athlete': {'id': '3934672'}}]",2026-06-11T02:35:09Z,True,"{'x': 22, 'y': 25}",3,+3 Points,331.0
401859966472,472,"{'id': '62', 'text': 'Bad Pass\nTurnover'}","Dylan Harper bad pass
turnover (Josh Hart steals)",81,65,3,5:10,False,0,{'id': '24'},"[{'athlete': {'id': '5037871'}}, {'athlete': {'id': '3062679'}}]",2026-06-11T02:35:29Z,False,"{'x': 19, 'y': 2}",0,Turnover,310.0
401859966474,474,"{'id': '113', 'text': 'Running Jump Shot'}",Landry Shamet misses 22-foot running jump shot,81,65,3,5:07,False,0,{'id': '18'},[{'athlete': {'id': '3914044'}}],2026-06-11T02:35:34Z,True,"{'x': 2, 'y': -1}",3,Missed 3PT,307.0
401859966475,475,"{'id': '156', 'text': 'Offensive Rebound'}",Knicks offensive team rebound,81,65,3,5:04,False,0,{'id': '18'},,2026-06-11T02:35:37Z,False,"{'x': 2, 'y': -1}",0,Rebound,304.0
401859966477,477,"{'id': '43', 'text': 'Loose Ball Foul'}",Luke Kornet loose ball foul,81,65,3,5:04,False,0,{'id': '24'},[{'athlete': {'id': '3064560'}}],2026-06-11T02:35:54Z,False,"{'x': 24, 'y': 7}",0,Foul,304.0
401859966479,479,"{'id': '131', 'text': 'Pullup Jump Shot'}",Jose Alvarado misses 24-foot three point pullup jump shot,81,65,3,4:51,False,0,{'id': '18'},[{'athlete': {'id': '4277869'}}],2026-06-11T02:36:27Z,True,"{'x': 23, 'y': 25}",3,Missed 3PT,291.0
401859966480,480,"{'id': '155', 'text': 'Defensive Rebound'}",Devin Vassell defensive rebound,81,65,3,4:48,False,0,{'id': '24'},[{'athlete': {'id': '4395630'}}],2026-06-11T02:36:30Z,False,"{'x': 23, 'y': 25}",0,Rebound,288.0
401859966481,481,"{'id': '44', 'text': 'Shooting Foul'}",Josh Hart shooting foul,81,65,3,4:35,False,0,{'id': '18'},[{'athlete': {'id': '3062679'}}],2026-06-11T02:36:44Z,False,"{'x': 32, 'y': 6}",0,Foul,275.0
401859966483,483,"{'id': '98', 'text': 'Free Throw - 1 of 2'}",Stephon Castle makes free throw 1 of 2,82,65,3,4:35,True,1,{'id': '24'},[{'athlete': {'id': '4845367'}}],2026-06-11T02:37:13Z,True,"{'x': -214748340, 'y': -214748365}",1,+1 Point,275.0
401859966484,484,"{'id': '584', 'text': 'Substitution'}",Victor Wembanyama enters the game for Luke Kornet,82,65,3,4:35,False,0,{'id': '24'},"[{'athlete': {'id': '5104157'}}, {'athlete': {'id': '3064560'}}]",2026-06-11T02:37:13Z,False,"{'x': -214748340, 'y': -214748365}",0,Substitution,275.0
401859966486,486,"{'id': '99', 'text': 'Free Throw - 2 of 2'}",Stephon Castle makes free throw 2 of 2,83,65,3,4:35,True,1,{'id': '24'},[{'athlete': {'id': '4845367'}}],2026-06-11T02:37:42Z,True,"{'x': -214748340, 'y': -214748365}",1,+1 Point,275.0
401859966487,487,"{'id': '92', 'text': 'Jump Shot'}",Josh Hart misses 26-foot three point jumper,83,65,3,4:23,False,0,{'id': '18'},[{'athlete': {'id': '3062679'}}],2026-06-11T02:37:55Z,True,"{'x': 12, 'y': 23}",3,Missed 3PT,263.0
401859966488,488,"{'id': '155', 'text': 'Defensive Rebound'}",Victor Wembanyama defensive rebound,83,65,3,4:20,False,0,{'id': '24'},[{'athlete': {'id': '5104157'}}],2026-06-11T02:37:58Z,False,"{'x': 12, 'y': 23}",0,Rebound,260.0
401859966489,489,"{'id': '44', 'text': 'Shooting Foul'}",Karl-Anthony Towns shooting foul,83,65,3,4:10,False,0,{'id': '18'},[{'athlete': {'id': '3136195'}}],2026-06-11T02:38:12Z,False,"{'x': 26, 'y': 1}",0,Foul,250.0
401859966491,491,"{'id': '98', 'text': 'Free Throw - 1 of 2'}",Dylan Harper makes free throw 1 of 2,84,65,3,4:10,True,1,{'id': '24'},[{'athlete': {'id': '5037871'}}],2026-06-11T02:38:40Z,True,"{'x': -214748340, 'y': -214748365}",1,+1 Point,250.0
401859966492,492,"{'id': '584', 'text': 'Substitution'}",OG Anunoby enters the game for Josh Hart,84,65,3,4:10,False,0,{'id': '18'},"[{'athlete': {'id': '3934719'}}, {'athlete': {'id': '3062679'}}]",2026-06-11T02:38:40Z,False,"{'x': -214748340, 'y': -214748365}",0,Substitution,250.0
401859966493,493,"{'id': '584', 'text': 'Substitution'}",Mitchell Robinson enters the game for Karl-Anthony Towns,84,65,3,4:10,False,0,{'id': '18'},"[{'athlete': {'id': '4351852'}}, {'athlete': {'id': '3136195'}}]",2026-06-11T02:38:40Z,False,"{'x': -214748340, 'y': -214748365}",0,Substitution,250.0
401859966496,496,"{'id': '99', 'text': 'Free Throw - 2 of 2'}",Dylan Harper makes free throw 2 of 2,85,65,3,4:10,True,1,{'id': '24'},[{'athlete': {'id': '5037871'}}],2026-06-11T02:39:18Z,True,"{'x': -214748340, 'y': -214748365}",1,+1 Point,250.0
401859966497,497,"{'id': '144', 'text': 'Driving Floating Jump Shot'}",Jalen Brunson makes 21-foot driving floating jump shot,85,67,3,3:52,True,2,{'id': '18'},[{'athlete': {'id': '3934672'}}],2026-06-11T02:39:40Z,True,"{'x': 37, 'y': 18}",2,+2 Points,232.0
401859966498,498,"{'id': '44', 'text': 'Shooting Foul'}",Dylan Harper shooting foul,85,67,3,3:52,False,0,{'id': '24'},[{'athlete': {'id': '5037871'}}],2026-06-11T02:39:43Z,False,"{'x': 37, 'y': 18}",0,Foul,232.0
401859966500,500,"{'id': '97', 'text': 'Free Throw - 1 of 1'}",Jalen Brunson makes free throw 1 of 1,85,68,3,3:52,True,1,{'id': '18'},[{'athlete': {'id': '3934672'}}],2026-06-11T02:40:08Z,True,"{'x': -214748340, 'y': -214748365}",1,+1 Point,232.0
401859966501,501,"{'id': '114', 'text': 'Turnaround Jump Shot'}",Dylan Harper makes 10-foot turnaround jump shot (Julian Champagnie assists),87,68,3,3:36,True,2,{'id': '24'},"[{'athlete': {'id': '5037871'}}, {'athlete': {'id': '4592479'}}]",2026-06-11T02:40:27Z,True,"{'x': 15, 'y': 2}",2,+2 Points,216.0
401859966504,504,"{'id': '132', 'text': 'Step Back Jump Shot'}",Jalen Brunson makes 18-foot step back jumpshot,87,70,3,3:13,True,2,{'id': '18'},[{'athlete': {'id': '3934672'}}],2026-06-11T02:41:09Z,True,"{'x': 36, 'y': 15}",2,+2 Points,193.0
401859966505,505,"{'id': '132', 'text': 'Step Back Jump Shot'}",Dylan Harper misses 25-foot three point step back jumpshot,87,70,3,2:59,False,0,{'id': '24'},[{'athlete': {'id': '5037871'}}],2026-06-11T02:41:22Z,True,"{'x': 15, 'y': 24}",3,Missed 3PT,179.0
401859966506,506,"{'id': '155', 'text': 'Defensive Rebound'}",Knicks defensive team rebound,87,70,3,2:58,False,0,{'id': '18'},,2026-06-11T02:41:23Z,False,"{'x': 15, 'y': 24}",0,Rebound,178.0
401859966508,508,"{'id': '16', 'text': 'Full Timeout'}",Knicks Full timeout,87,70,3,2:58,False,0,{'id': '18'},,2026-06-11T02:41:39Z,False,"{'x': -214748340, 'y': -214748365}",0,Timeout,178.0
401859966509,509,"{'id': '584', 'text': 'Substitution'}",Jordan Clarkson enters the game for Jose Alvarado,87,70,3,2:58,False,0,{'id': '18'},"[{'athlete': {'id': '2528426'}}, {'athlete': {'id': '4277869'}}]",2026-06-11T02:41:39Z,False,"{'x': -214748340, 'y': -214748365}",0,Substitution,178.0
401859966510,510,"{'id': '584', 'text': 'Substitution'}",De'Aaron Fox enters the game for Dylan Harper,87,70,3,2:58,False,0,{'id': '24'},"[{'athlete': {'id': '4066259'}}, {'athlete': {'id': '5037871'}}]",2026-06-11T02:41:39Z,False,"{'x': -214748340, 'y': -214748365}",0,Substitution,178.0
401859966513,513,"{'id': '118', 'text': 'Alley Oop Dunk Shot'}",Mitchell Robinson makes alley oop dunk (Jalen Brunson assists),87,72,3,2:43,True,2,{'id': '18'},"[{'athlete': {'id': '4351852'}}, {'athlete': {'id': '3934672'}}]",2026-06-11T02:45:45Z,True,"{'x': 25, 'y': 1}",2,+2 Points,163.0
401859966515,515,"{'id': '92', 'text': 'Jump Shot'}",De'Aaron Fox misses 23-foot three point jumper,87,72,3,2:25,False,0,{'id': '24'},[{'athlete': {'id': '4066259'}}],2026-06-11T02:46:05Z,True,"{'x': 2, 'y': 5}",3,Missed 3PT,145.0
401859966516,516,"{'id': '156', 'text': 'Offensive Rebound'}",Stephon Castle offensive rebound,87,72,3,2:23,False,0,{'id': '24'},[{'athlete': {'id': '4845367'}}],2026-06-11T02:46:07Z,False,"{'x': 2, 'y': 5}",0,Rebound,143.0
401859966517,517,"{'id': '92', 'text': 'Jump Shot'}",Victor Wembanyama misses 25-foot three point jumper,87,72,3,2:19,False,0,{'id': '24'},[{'athlete': {'id': '5104157'}}],2026-06-11T02:46:10Z,True,"{'x': 43, 'y': 19}",3,Missed 3PT,139.0
401859966518,518,"{'id': '156', 'text': 'Offensive Rebound'}",De'Aaron Fox offensive rebound,87,72,3,2:16,False,0,{'id': '24'},[{'athlete': {'id': '4066259'}}],2026-06-11T02:46:13Z,False,"{'x': 43, 'y': 19}",0,Rebound,136.0
401859966519,519,"{'id': '92', 'text': 'Jump Shot'}",Victor Wembanyama misses 26-foot three point jumper,87,72,3,2:14,False,0,{'id': '24'},[{'athlete': {'id': '5104157'}}],2026-06-11T02:46:15Z,True,"{'x': 26, 'y': 27}",3,Missed 3PT,134.0
401859966520,520,"{'id': '155', 'text': 'Defensive Rebound'}",Mitchell Robinson defensive rebound,87,72,3,2:13,False,0,{'id': '18'},[{'athlete': {'id': '4351852'}}],2026-06-11T02:46:16Z,False,"{'x': 26, 'y': 27}",0,Rebound,133.0
401859966521,521,"{'id': '62', 'text': 'Bad Pass\nTurnover'}","Jalen Brunson bad pass
turnover (Julian Champagnie steals)",87,72,3,2:01,False,0,{'id': '18'},"[{'athlete': {'id': '3934672'}}, {'athlete': {'id': '4592479'}}]",2026-06-11T02:46:28Z,False,"{'x': 23, 'y': 27}",0,Turnover,121.0
401859966523,523,"{'id': '109', 'text': 'Running Layup Shot'}",Julian Champagnie misses running layup,87,72,3,1:58,False,0,{'id': '24'},[{'athlete': {'id': '4592479'}}],2026-06-11T02:46:33Z,True,"{'x': 26, 'y': 2}",2,Missed FG,118.0
401859966524,524,"{'id': '156', 'text': 'Offensive Rebound'}",Spurs offensive team rebound,87,72,3,1:57,False,0,{'id': '24'},,2026-06-11T02:46:34Z,False,"{'x': 26, 'y': 2}",0,Rebound,117.0
401859966525,525,"{'id': '43', 'text': 'Loose Ball Foul'}",Jordan Clarkson loose ball foul,87,72,3,1:57,False,0,{'id': '18'},[{'athlete': {'id': '2528426'}}],2026-06-11T02:46:51Z,False,"{'x': 25, 'y': 5}",0,Foul,117.0
401859966527,527,"{'id': '92', 'text': 'Jump Shot'}",Devin Vassell makes 24-foot three point jumper (Stephon Castle assists),90,72,3,1:46,True,3,{'id': '24'},"[{'athlete': {'id': '4395630'}}, {'athlete': {'id': '4845367'}}]",2026-06-11T02:47:09Z,True,"{'x': 45, 'y': 15}",3,+3 Points,106.0
401859966529,529,"{'id': '137', 'text': 'Turnaround Fade Away Jump Shot'}",Jordan Clarkson misses 11-foot two point shot,90,72,3,1:17,False,0,{'id': '18'},[{'athlete': {'id': '2528426'}}],2026-06-11T02:47:37Z,True,"{'x': 31, 'y': 10}",2,Missed FG,77.0
401859966530,530,"{'id': '155', 'text': 'Defensive Rebound'}",Victor Wembanyama defensive rebound,90,72,3,1:15,False,0,{'id': '24'},[{'athlete': {'id': '5104157'}}],2026-06-11T02:47:39Z,False,"{'x': 31, 'y': 10}",0,Rebound,75.0
401859966531,531,"{'id': '90', 'text': 'Out of Bounds - Bad Pass Turnover'}",De'Aaron Fox out of bounds bad pass turnover,90,72,3,1:09,False,0,{'id': '24'},[{'athlete': {'id': '4066259'}}],2026-06-11T02:47:46Z,False,"{'x': 7, 'y': 40}",0,Turnover,69.0
401859966532,532,"{'id': '132', 'text': 'Step Back Jump Shot'}",OG Anunoby makes 25-foot three point step back jumpshot (Mitchell Robinson assists),90,75,3,53.2,True,3,{'id': '18'},"[{'athlete': {'id': '3934719'}}, {'athlete': {'id': '4351852'}}]",2026-06-11T02:48:13Z,True,"{'x': 35, 'y': 24}",3,+3 Points,53.2
401859966534,534,"{'id': '87', 'text': 'Out of Bounds - Lost Ball Turnover'}",De'Aaron Fox out of bounds lost ball turnover,90,75,3,33.0,False,0,{'id': '24'},[{'athlete': {'id': '4066259'}}],2026-06-11T02:48:38Z,False,"{'x': 13, 'y': 11}",0,Turnover,33.0
401859966535,535,"{'id': '584', 'text': 'Substitution'}",Karl-Anthony Towns enters the game for Mitchell Robinson,90,75,3,33.0,False,0,{'id': '18'},"[{'athlete': {'id': '3136195'}}, {'athlete': {'id': '4351852'}}]",2026-06-11T02:48:38Z,False,"{'x': -214748340, 'y': -214748365}",0,Substitution,33.0
401859966537,537,"{'id': '584', 'text': 'Substitution'}",Dylan Harper enters the game for Stephon Castle,90,75,3,33.0,False,0,{'id': '24'},"[{'athlete': {'id': '5037871'}}, {'athlete': {'id': '4845367'}}]",2026-06-11T02:48:38Z,False,"{'x': -214748340, 'y': -214748365}",0,Substitution,33.0
401859966539,539,"{'id': '141', 'text': 'Cutting Layup Shot'}",De'Aaron Fox blocks OG Anunoby 's 3-foot layup,90,75,3,16.9,False,0,{'id': '18'},"[{'athlete': {'id': '3934719'}}, {'athlete': {'id': '4066259'}}]",2026-06-11T02:49:28Z,True,"{'x': 25, 'y': 4}",2,Missed FG,16.9
401859966541,541,"{'id': '156', 'text': 'Offensive Rebound'}",Karl-Anthony Towns offensive rebound,90,75,3,14.6,False,0,{'id': '18'},[{'athlete': {'id': '3136195'}}],2026-06-11T02:49:30Z,False,"{'x': 25, 'y': 4}",0,Rebound,14.6
401859966542,542,"{'id': '62', 'text': 'Bad Pass\nTurnover'}","Jordan Clarkson bad pass
turnover (Julian Champagnie steals)",90,75,3,10.7,False,0,{'id': '18'},"[{'athlete': {'id': '2528426'}}, {'athlete': {'id': '4592479'}}]",2026-06-11T02:49:34Z,False,"{'x': 40, 'y': 7}",0,Turnover,10.7
401859966544,544,"{'id': '121', 'text': 'Fade Away Jump Shot'}",Victor Wembanyama misses 18-foot fade away jump shot,90,75,3,0.6,False,0,{'id': '24'},[{'athlete': {'id': '5104157'}}],2026-06-11T02:49:45Z,True,"{'x': 12, 'y': 13}",2,Missed FG,0.6
401859966545,545,"{'id': '156', 'text': 'Offensive Rebound'}",Spurs offensive team rebound,90,75,3,0.1,False,0,{'id': '24'},,2026-06-11T02:49:46Z,False,"{'x': 12, 'y': 13}",0,Rebound,0.1
401859966546,546,"{'id': '412', 'text': 'End Period'}",End of the 3rd Quarter,90,75,3,0.0,False,0,,,2026-06-11T02:49:49Z,False,"{'x': -214748340, 'y': -214748365}",0,End of 3rd,0.0
401859966547,547,"{'id': '584', 'text': 'Substitution'}",Miles McBride enters the game for Jordan Clarkson,90,75,4,12:00,False,0,{'id': '18'},"[{'athlete': {'id': '4431823'}}, {'athlete': {'id': '2528426'}}]",2026-06-11T02:53:00Z,False,"{'x': -214748340, 'y': -214748365}",0,Substitution,720.0
401859966548,548,"{'id': '584', 'text': 'Substitution'}",Mitchell Robinson enters the game for Karl-Anthony Towns,90,75,4,12:00,False,0,{'id': '18'},"[{'athlete': {'id': '4351852'}}, {'athlete': {'id': '3136195'}}]",2026-06-11T02:53:00Z,False,"{'x': -214748340, 'y': -214748365}",0,Substitution,720.0
401859966549,549,"{'id': '584', 'text': 'Substitution'}",Keldon Johnson enters the game for Devin Vassell,90,75,4,12:00,False,0,{'id': '24'},"[{'athlete': {'id': '4395723'}}, {'athlete': {'id': '4395630'}}]",2026-06-11T02:53:00Z,False,"{'x': -214748340, 'y': -214748365}",0,Substitution,720.0
401859966554,554,"{'id': '110', 'text': 'Driving Layup Shot'}",Mitchell Robinson blocks Victor Wembanyama 's 4-foot driving layup,90,75,4,11:48,False,0,{'id': '24'},"[{'athlete': {'id': '5104157'}}, {'athlete': {'id': '4351852'}}]",2026-06-11T02:53:48Z,True,"{'x': 28, 'y': 3}",2,Missed FG,708.0
401859966556,556,"{'id': '156', 'text': 'Offensive Rebound'}",Spurs offensive team rebound,90,75,4,11:47,False,0,{'id': '24'},,2026-06-11T02:53:49Z,False,"{'x': 28, 'y': 3}",0,Rebound,707.0
401859966559,559,"{'id': '16', 'text': 'Full Timeout'}",Knicks Full timeout,90,75,4,11:46,False,0,{'id': '18'},,2026-06-11T02:54:30Z,False,"{'x': -214748340, 'y': -214748365}",0,Timeout,706.0
401859966560,560,"{'id': '215', 'text': ""Coach's Challenge (Overturned)""}",(11:46) [Knicks] COACH'S CHALLENGE (CALL OVERTURNED) [Knicks] retain their timeout,90,75,4,11:46,False,0,{'id': '18'},,2026-06-11T02:54:34Z,False,"{'x': -214748340, 'y': -214748365}",0,Challenge,706.0
401859966561,561,"{'id': '90', 'text': 'Out of Bounds - Bad Pass Turnover'}",Dylan Harper out of bounds bad pass turnover,90,75,4,11:46,False,0,{'id': '24'},[{'athlete': {'id': '5037871'}}],2026-06-11T02:54:22Z,False,"{'x': 41, 'y': -3}",0,Turnover,706.0
401859966562,562,"{'id': '92', 'text': 'Jump Shot'}",Victor Wembanyama blocks Miles McBride 's 23-foot three point jumper,90,75,4,11:30,False,0,{'id': '18'},"[{'athlete': {'id': '4431823'}}, {'athlete': {'id': '5104157'}}]",2026-06-11T02:58:38Z,True,"{'x': 2, 'y': 0}",3,Missed 3PT,690.0
401859966564,564,"{'id': '155', 'text': 'Defensive Rebound'}",Dylan Harper defensive rebound,90,75,4,11:27,False,0,{'id': '24'},[{'athlete': {'id': '5037871'}}],2026-06-11T02:58:41Z,False,"{'x': 2, 'y': 0}",0,Rebound,687.0
401859966565,565,"{'id': '110', 'text': 'Driving Layup Shot'}",Dylan Harper makes driving layup,92,75,4,11:10,True,2,{'id': '24'},[{'athlete': {'id': '5037871'}}],2026-06-11T02:58:57Z,True,"{'x': 25, 'y': 1}",2,+2 Points,670.0
401859966566,566,"{'id': '118', 'text': 'Alley Oop Dunk Shot'}",Mitchell Robinson misses alley oop dunk,92,75,4,10:47,False,0,{'id': '18'},[{'athlete': {'id': '4351852'}}],2026-06-11T02:59:20Z,True,"{'x': 23, 'y': 1}",2,Missed FG,647.0
401859966567,567,"{'id': '155', 'text': 'Defensive Rebound'}",De'Aaron Fox defensive rebound,92,75,4,10:45,False,0,{'id': '24'},[{'athlete': {'id': '4066259'}}],2026-06-11T02:59:22Z,False,"{'x': 23, 'y': 1}",0,Rebound,645.0
401859966568,568,"{'id': '111', 'text': 'Alley Oop Layup Shot'}",Victor Wembanyama misses alley oop layup,92,75,4,10:41,False,0,{'id': '24'},[{'athlete': {'id': '5104157'}}],2026-06-11T02:59:28Z,True,"{'x': 25, 'y': 1}",2,Missed FG,641.0
401859966569,569,"{'id': '156', 'text': 'Offensive Rebound'}",Victor Wembanyama offensive rebound,92,75,4,10:40,False,0,{'id': '24'},[{'athlete': {'id': '5104157'}}],2026-06-11T02:59:29Z,False,"{'x': 25, 'y': 1}",0,Rebound,640.0
401859966570,570,"{'id': '94', 'text': 'Tip Shot'}",Victor Wembanyama misses tip shot,92,75,4,10:40,False,0,{'id': '24'},[{'athlete': {'id': '5104157'}}],2026-06-11T02:59:31Z,True,"{'x': 25, 'y': 0}",2,Missed FG,640.0
401859966571,571,"{'id': '156', 'text': 'Offensive Rebound'}",Victor Wembanyama offensive rebound,92,75,4,10:39,False,0,{'id': '24'},[{'athlete': {'id': '5104157'}}],2026-06-11T02:59:32Z,False,"{'x': 25, 'y': 0}",0,Rebound,639.0
401859966572,572,"{'id': '44', 'text': 'Shooting Foul'}",OG Anunoby shooting foul,92,75,4,10:37,False,0,{'id': '18'},[{'athlete': {'id': '3934719'}}],2026-06-11T02:59:32Z,False,"{'x': 25, 'y': 2}",0,Foul,637.0
401859966574,574,"{'id': '98', 'text': 'Free Throw - 1 of 2'}",Victor Wembanyama makes free throw 1 of 2,93,75,4,10:37,True,1,{'id': '24'},[{'athlete': {'id': '5104157'}}],2026-06-11T03:00:05Z,True,"{'x': -214748340, 'y': -214748365}",1,+1 Point,637.0
401859966575,575,"{'id': '584', 'text': 'Substitution'}",Mikal Bridges enters the game for Miles McBride,93,75,4,10:37,False,0,{'id': '18'},"[{'athlete': {'id': '3147657'}}, {'athlete': {'id': '4431823'}}]",2026-06-11T03:00:05Z,False,"{'x': -214748340, 'y': -214748365}",0,Substitution,637.0
401859966577,577,"{'id': '99', 'text': 'Free Throw - 2 of 2'}",Victor Wembanyama misses free throw 2 of 2,93,75,4,10:37,False,0,{'id': '24'},[{'athlete': {'id': '5104157'}}],2026-06-11T03:00:05Z,True,"{'x': -214748340, 'y': -214748365}",1,Missed FT,637.0
401859966578,578,"{'id': '155', 'text': 'Defensive Rebound'}",OG Anunoby defensive rebound,93,75,4,10:35,False,0,{'id': '18'},[{'athlete': {'id': '3934719'}}],2026-06-11T03:00:07Z,False,"{'x': -214748340, 'y': -214748365}",0,Rebound,635.0
401859966579,579,"{'id': '92', 'text': 'Jump Shot'}",Landry Shamet misses 23-foot three point jumper,93,75,4,10:24,False,0,{'id': '18'},[{'athlete': {'id': '3914044'}}],2026-06-11T03:00:44Z,True,"{'x': 49, 'y': 2}",3,Missed 3PT,624.0
401859966580,580,"{'id': '155', 'text': 'Defensive Rebound'}",Julian Champagnie defensive rebound,93,75,4,10:21,False,0,{'id': '24'},[{'athlete': {'id': '4592479'}}],2026-06-11T03:00:47Z,False,"{'x': 49, 'y': 2}",0,Rebound,621.0
401859966581,581,"{'id': '92', 'text': 'Jump Shot'}",Dylan Harper misses 26-foot three point jumper,93,75,4,10:10,False,0,{'id': '24'},[{'athlete': {'id': '5037871'}}],2026-06-11T03:00:57Z,True,"{'x': 38, 'y': 23}",3,Missed 3PT,610.0
401859966582,582,"{'id': '155', 'text': 'Defensive Rebound'}",Jalen Brunson defensive rebound,93,75,4,10:09,False,0,{'id': '18'},[{'athlete': {'id': '3934672'}}],2026-06-11T03:00:58Z,False,"{'x': 38, 'y': 23}",0,Rebound,609.0
401859966583,583,"{'id': '92', 'text': 'Jump Shot'}",Mikal Bridges misses 22-foot three point jumper,93,75,4,9:57,False,0,{'id': '18'},[{'athlete': {'id': '3147657'}}],2026-06-11T03:01:11Z,True,"{'x': 2, 'y': 0}",3,Missed 3PT,597.0
401859966584,584,"{'id': '155', 'text': 'Defensive Rebound'}",Keldon Johnson defensive rebound,93,75,4,9:54,False,0,{'id': '24'},[{'athlete': {'id': '4395723'}}],2026-06-11T03:01:14Z,False,"{'x': 2, 'y': 0}",0,Rebound,594.0
401859966585,585,"{'id': '45', 'text': 'Personal Foul'}",Landry Shamet personal foul,93,75,4,9:46,False,0,{'id': '18'},[{'athlete': {'id': '3914044'}}],2026-06-11T03:01:25Z,False,"{'x': 21, 'y': 5}",0,Foul,586.0
401859966587,587,"{'id': '584', 'text': 'Substitution'}",Karl-Anthony Towns enters the game for Landry Shamet,93,75,4,9:46,False,0,{'id': '18'},"[{'athlete': {'id': '3136195'}}, {'athlete': {'id': '3914044'}}]",2026-06-11T03:01:25Z,False,"{'x': -214748340, 'y': -214748365}",0,Substitution,586.0
401859966588,588,"{'id': '584', 'text': 'Substitution'}",Jose Alvarado enters the game for Mitchell Robinson,93,75,4,9:46,False,0,{'id': '18'},"[{'athlete': {'id': '4277869'}}, {'athlete': {'id': '4351852'}}]",2026-06-11T03:01:25Z,False,"{'x': -214748340, 'y': -214748365}",0,Substitution,586.0
401859966589,589,"{'id': '584', 'text': 'Substitution'}",Stephon Castle enters the game for Dylan Harper,93,75,4,9:46,False,0,{'id': '24'},"[{'athlete': {'id': '4845367'}}, {'athlete': {'id': '5037871'}}]",2026-06-11T03:01:25Z,False,"{'x': -214748340, 'y': -214748365}",0,Substitution,586.0
401859966593,593,"{'id': '144', 'text': 'Driving Floating Jump Shot'}",Victor Wembanyama misses driving floating jump shot,93,75,4,9:38,False,0,{'id': '24'},[{'athlete': {'id': '5104157'}}],2026-06-11T03:02:04Z,True,"{'x': 24, 'y': 0}",2,Missed FG,578.0
401859966594,594,"{'id': '156', 'text': 'Offensive Rebound'}",Victor Wembanyama offensive rebound,93,75,4,9:36,False,0,{'id': '24'},[{'athlete': {'id': '5104157'}}],2026-06-11T03:02:06Z,False,"{'x': 24, 'y': 0}",0,Rebound,576.0
401859966595,595,"{'id': '94', 'text': 'Tip Shot'}",Victor Wembanyama misses tip shot,93,75,4,9:36,False,0,{'id': '24'},[{'athlete': {'id': '5104157'}}],2026-06-11T03:02:08Z,True,"{'x': 25, 'y': 0}",2,Missed FG,576.0
401859966596,596,"{'id': '156', 'text': 'Offensive Rebound'}",Victor Wembanyama offensive rebound,93,75,4,9:34,False,0,{'id': '24'},[{'athlete': {'id': '5104157'}}],2026-06-11T03:02:10Z,False,"{'x': 25, 'y': 0}",0,Rebound,574.0
401859966597,597,"{'id': '125', 'text': 'Layup Shot Putback'}",Victor Wembanyama makes two point shot,95,75,4,9:33,True,2,{'id': '24'},[{'athlete': {'id': '5104157'}}],2026-06-11T03:02:09Z,True,"{'x': 25, 'y': 0}",2,+2 Points,573.0
401859966598,598,"{'id': '92', 'text': 'Jump Shot'}",Jose Alvarado makes 22-foot three point jumper (Mikal Bridges assists),95,78,4,9:16,True,3,{'id': '18'},"[{'athlete': {'id': '4277869'}}, {'athlete': {'id': '3147657'}}]",2026-06-11T03:02:24Z,True,"{'x': 2, 'y': -1}",3,+3 Points,556.0
401859966600,600,"{'id': '45', 'text': 'Personal Foul'}",Jose Alvarado personal foul,95,78,4,8:59,False,0,{'id': '18'},[{'athlete': {'id': '4277869'}}],2026-06-11T03:02:45Z,False,"{'x': 24, 'y': 3}",0,Foul,539.0
401859966602,602,"{'id': '584', 'text': 'Substitution'}",Josh Hart enters the game for OG Anunoby,95,78,4,8:59,False,0,{'id': '18'},"[{'athlete': {'id': '3062679'}}, {'athlete': {'id': '3934719'}}]",2026-06-11T03:02:45Z,False,"{'x': -214748340, 'y': -214748365}",0,Substitution,539.0
401859966604,604,"{'id': '111', 'text': 'Alley Oop Layup Shot'}",Victor Wembanyama misses alley oop layup,95,78,4,8:51,False,0,{'id': '24'},[{'athlete': {'id': '5104157'}}],2026-06-11T03:03:20Z,True,"{'x': 26, 'y': 2}",2,Missed FG,531.0
401859966605,605,"{'id': '155', 'text': 'Defensive Rebound'}",Josh Hart defensive rebound,95,78,4,8:48,False,0,{'id': '18'},[{'athlete': {'id': '3062679'}}],2026-06-11T03:03:23Z,False,"{'x': 26, 'y': 2}",0,Rebound,528.0
401859966606,606,"{'id': '109', 'text': 'Running Layup Shot'}",Mikal Bridges makes running layup (Josh Hart assists),95,80,4,8:44,True,2,{'id': '18'},"[{'athlete': {'id': '3147657'}}, {'athlete': {'id': '3062679'}}]",2026-06-11T03:03:28Z,True,"{'x': 25, 'y': 0}",2,+2 Points,524.0
401859966608,608,"{'id': '16', 'text': 'Full Timeout'}",Spurs Full timeout,95,80,4,8:43,False,0,{'id': '24'},,2026-06-11T03:03:33Z,False,"{'x': -214748340, 'y': -214748365}",0,Timeout,523.0
401859966609,609,"{'id': '584', 'text': 'Substitution'}",Dylan Harper enters the game for De'Aaron Fox,95,80,4,8:43,False,0,{'id': '24'},"[{'athlete': {'id': '5037871'}}, {'athlete': {'id': '4066259'}}]",2026-06-11T03:03:33Z,False,"{'x': -214748340, 'y': -214748365}",0,Substitution,523.0
401859966610,610,"{'id': '584', 'text': 'Substitution'}",Devin Vassell enters the game for Julian Champagnie,95,80,4,8:43,False,0,{'id': '24'},"[{'athlete': {'id': '4395630'}}, {'athlete': {'id': '4592479'}}]",2026-06-11T03:03:33Z,False,"{'x': -214748340, 'y': -214748365}",0,Substitution,523.0
401859966613,613,"{'id': '131', 'text': 'Pullup Jump Shot'}",Victor Wembanyama misses 20-foot pullup jump shot,95,80,4,8:21,False,0,{'id': '24'},[{'athlete': {'id': '5104157'}}],2026-06-11T03:07:38Z,True,"{'x': 5, 'y': 4}",2,Missed FG,501.0
401859966614,614,"{'id': '155', 'text': 'Defensive Rebound'}",Jalen Brunson defensive rebound,95,80,4,8:19,False,0,{'id': '18'},[{'athlete': {'id': '3934672'}}],2026-06-11T03:07:40Z,False,"{'x': 5, 'y': 4}",0,Rebound,499.0
401859966615,615,"{'id': '63', 'text': 'Lost Ball Turnover'}",Jalen Brunson lost ball turnover (Keldon Johnson steals),95,80,4,8:18,False,0,{'id': '18'},"[{'athlete': {'id': '3934672'}}, {'athlete': {'id': '4395723'}}]",2026-06-11T03:07:43Z,False,"{'x': 10, 'y': 38}",0,Turnover,498.0
401859966617,617,"{'id': '45', 'text': 'Personal Foul'}",Jalen Brunson personal foul,95,80,4,8:07,False,0,{'id': '18'},[{'athlete': {'id': '3934672'}}],2026-06-11T03:07:55Z,False,"{'x': 16, 'y': 39}",0,Foul,487.0
401859966619,619,"{'id': '132', 'text': 'Step Back Jump Shot'}",Stephon Castle misses 19-foot step back jumpshot,95,80,4,7:54,False,0,{'id': '24'},[{'athlete': {'id': '4845367'}}],2026-06-11T03:08:23Z,True,"{'x': 5, 'y': 0}",2,Missed FG,474.0
401859966620,620,"{'id': '156', 'text': 'Offensive Rebound'}",Spurs offensive team rebound,95,80,4,7:53,False,0,{'id': '24'},,2026-06-11T03:08:24Z,False,"{'x': 5, 'y': 0}",0,Rebound,473.0
401859966621,621,"{'id': '70', 'text': 'Shot Clock Turnover'}",shot clock turnover ,95,80,4,7:53,False,0,{'id': '24'},,2026-06-11T03:08:28Z,False,"{'x': 19, 'y': 2}",0,Turnover,473.0
401859966622,622,"{'id': '132', 'text': 'Step Back Jump Shot'}",Karl-Anthony Towns makes 24-foot three point step back jumpshot (Jose Alvarado assists),95,83,4,7:28,True,3,{'id': '18'},"[{'athlete': {'id': '3136195'}}, {'athlete': {'id': '4277869'}}]",2026-06-11T03:08:58Z,True,"{'x': 2, 'y': 9}",3,+3 Points,448.0
401859966624,624,"{'id': '44', 'text': 'Shooting Foul'}",Jose Alvarado shooting foul,95,83,4,7:14,False,0,{'id': '18'},[{'athlete': {'id': '4277869'}}],2026-06-11T03:09:15Z,False,"{'x': 22, 'y': 1}",0,Foul,434.0
401859966626,626,"{'id': '98', 'text': 'Free Throw - 1 of 2'}",Stephon Castle makes free throw 1 of 2,96,83,4,7:14,True,1,{'id': '24'},[{'athlete': {'id': '4845367'}}],2026-06-11T03:09:56Z,True,"{'x': -214748340, 'y': -214748365}",1,+1 Point,434.0
401859966627,627,"{'id': '584', 'text': 'Substitution'}",Julian Champagnie enters the game for Keldon Johnson,96,83,4,7:14,False,0,{'id': '24'},"[{'athlete': {'id': '4592479'}}, {'athlete': {'id': '4395723'}}]",2026-06-11T03:09:56Z,False,"{'x': -214748340, 'y': -214748365}",0,Substitution,434.0
401859966629,629,"{'id': '584', 'text': 'Substitution'}",OG Anunoby enters the game for Mikal Bridges,96,83,4,7:14,False,0,{'id': '18'},"[{'athlete': {'id': '3934719'}}, {'athlete': {'id': '3147657'}}]",2026-06-11T03:09:56Z,False,"{'x': -214748340, 'y': -214748365}",0,Substitution,434.0
401859966631,631,"{'id': '99', 'text': 'Free Throw - 2 of 2'}",Stephon Castle makes free throw 2 of 2,97,83,4,7:14,True,1,{'id': '24'},[{'athlete': {'id': '4845367'}}],2026-06-11T03:10:46Z,True,"{'x': -214748340, 'y': -214748365}",1,+1 Point,434.0
401859966632,632,"{'id': '92', 'text': 'Jump Shot'}",OG Anunoby makes 23-foot three point jumper (Jalen Brunson assists),97,86,4,7:03,True,3,{'id': '18'},"[{'athlete': {'id': '3934719'}}, {'athlete': {'id': '3934672'}}]",2026-06-11T03:10:59Z,True,"{'x': 2, 'y': 2}",3,+3 Points,423.0
401859966634,634,"{'id': '62', 'text': 'Bad Pass\nTurnover'}","Dylan Harper bad pass
turnover (OG Anunoby steals)",97,86,4,6:47,False,0,{'id': '24'},"[{'athlete': {'id': '5037871'}}, {'athlete': {'id': '3934719'}}]",2026-06-11T03:11:15Z,False,"{'x': 40, 'y': 40}",0,Turnover,407.0
401859966636,636,"{'id': '110', 'text': 'Driving Layup Shot'}",Karl-Anthony Towns makes driving layup (OG Anunoby assists),97,88,4,6:35,True,2,{'id': '18'},"[{'athlete': {'id': '3136195'}}, {'athlete': {'id': '3934719'}}]",2026-06-11T03:11:27Z,True,"{'x': 21, 'y': 1}",2,+2 Points,395.0
401859966637,637,"{'id': '45', 'text': 'Personal Foul'}",Jose Alvarado personal foul,97,88,4,6:24,False,0,{'id': '18'},[{'athlete': {'id': '4277869'}}],2026-06-11T03:11:45Z,False,"{'x': 15, 'y': 7}",0,Foul,384.0
401859966639,639,"{'id': '98', 'text': 'Free Throw - 1 of 2'}",Stephon Castle makes free throw 1 of 2,98,88,4,6:24,True,1,{'id': '24'},[{'athlete': {'id': '4845367'}}],2026-06-11T03:12:20Z,True,"{'x': -214748340, 'y': -214748365}",1,+1 Point,384.0
401859966640,640,"{'id': '584', 'text': 'Substitution'}",De'Aaron Fox enters the game for Dylan Harper,98,88,4,6:24,False,0,{'id': '24'},"[{'athlete': {'id': '4066259'}}, {'athlete': {'id': '5037871'}}]",2026-06-11T03:12:20Z,False,"{'x': -214748340, 'y': -214748365}",0,Substitution,384.0
401859966642,642,"{'id': '99', 'text': 'Free Throw - 2 of 2'}",Stephon Castle makes free throw 2 of 2,99,88,4,6:24,True,1,{'id': '24'},[{'athlete': {'id': '4845367'}}],2026-06-11T03:12:43Z,True,"{'x': -214748340, 'y': -214748365}",1,+1 Point,384.0
401859966643,643,"{'id': '44', 'text': 'Shooting Foul'}",Stephon Castle shooting foul,99,88,4,6:09,False,0,{'id': '24'},[{'athlete': {'id': '4845367'}}],2026-06-11T03:13:04Z,False,"{'x': 25, 'y': 4}",0,Foul,369.0
401859966645,645,"{'id': '98', 'text': 'Free Throw - 1 of 2'}",Jalen Brunson makes free throw 1 of 2,99,89,4,6:09,True,1,{'id': '18'},[{'athlete': {'id': '3934672'}}],2026-06-11T03:13:38Z,True,"{'x': -214748340, 'y': -214748365}",1,+1 Point,369.0
401859966646,646,"{'id': '99', 'text': 'Free Throw - 2 of 2'}",Jalen Brunson makes free throw 2 of 2,99,90,4,6:09,True,1,{'id': '18'},[{'athlete': {'id': '3934672'}}],2026-06-11T03:14:00Z,True,"{'x': -214748340, 'y': -214748365}",1,+1 Point,369.0
401859966647,647,"{'id': '92', 'text': 'Jump Shot'}",Julian Champagnie misses 25-foot three point jumper,99,90,4,5:58,False,0,{'id': '24'},[{'athlete': {'id': '4592479'}}],2026-06-11T03:14:12Z,True,"{'x': 34, 'y': 24}",3,Missed 3PT,358.0
401859966648,648,"{'id': '155', 'text': 'Defensive Rebound'}",Jose Alvarado defensive rebound,99,90,4,5:55,False,0,{'id': '18'},[{'athlete': {'id': '4277869'}}],2026-06-11T03:14:15Z,False,"{'x': 34, 'y': 24}",0,Rebound,355.0
401859966649,649,"{'id': '63', 'text': 'Lost Ball Turnover'}",Jalen Brunson lost ball turnover (De'Aaron Fox steals),99,90,4,5:48,False,0,{'id': '18'},"[{'athlete': {'id': '3934672'}}, {'athlete': {'id': '4066259'}}]",2026-06-11T03:14:22Z,False,"{'x': 32, 'y': 22}",0,Turnover,348.0
401859966651,651,"{'id': '113', 'text': 'Running Jump Shot'}",Devin Vassell misses 23-foot running jump shot,99,90,4,5:44,False,0,{'id': '24'},[{'athlete': {'id': '4395630'}}],2026-06-11T03:14:26Z,True,"{'x': 48, 'y': 7}",3,Missed 3PT,344.0
401859966652,652,"{'id': '155', 'text': 'Defensive Rebound'}",Karl-Anthony Towns defensive rebound,99,90,4,5:41,False,0,{'id': '18'},[{'athlete': {'id': '3136195'}}],2026-06-11T03:14:29Z,False,"{'x': 48, 'y': 7}",0,Rebound,341.0
401859966653,653,"{'id': '128', 'text': 'Driving Finger Roll Layup'}",Jalen Brunson makes 1-foot two point shot (Karl-Anthony Towns assists),99,92,4,5:20,True,2,{'id': '18'},"[{'athlete': {'id': '3934672'}}, {'athlete': {'id': '3136195'}}]",2026-06-11T03:14:51Z,True,"{'x': 26, 'y': 2}",2,+2 Points,320.0
401859966655,655,"{'id': '132', 'text': 'Step Back Jump Shot'}",De'Aaron Fox misses 20-foot step back jumpshot,99,92,4,4:57,False,0,{'id': '24'},[{'athlete': {'id': '4066259'}}],2026-06-11T03:15:14Z,True,"{'x': 11, 'y': 15}",2,Missed FG,297.0
401859966656,656,"{'id': '155', 'text': 'Defensive Rebound'}",Knicks defensive team rebound,99,92,4,4:54,False,0,{'id': '18'},,2026-06-11T03:15:17Z,False,"{'x': 11, 'y': 15}",0,Rebound,294.0
401859966658,658,"{'id': '92', 'text': 'Jump Shot'}",OG Anunoby makes 23-foot three point jumper (Jose Alvarado assists),99,95,4,4:34,True,3,{'id': '18'},"[{'athlete': {'id': '3934719'}}, {'athlete': {'id': '4277869'}}]",2026-06-11T03:15:48Z,True,"{'x': 2, 'y': 0}",3,+3 Points,274.0
401859966660,660,"{'id': '16', 'text': 'Full Timeout'}",Spurs Full timeout,99,95,4,4:32,False,0,{'id': '24'},,2026-06-11T03:15:54Z,False,"{'x': -214748340, 'y': -214748365}",0,Timeout,272.0
401859966661,661,"{'id': '584', 'text': 'Substitution'}",Dylan Harper enters the game for Stephon Castle,99,95,4,4:32,False,0,{'id': '24'},"[{'athlete': {'id': '5037871'}}, {'athlete': {'id': '4845367'}}]",2026-06-11T03:15:54Z,False,"{'x': -214748340, 'y': -214748365}",0,Substitution,272.0
401859966664,664,"{'id': '92', 'text': 'Jump Shot'}",De'Aaron Fox makes 25-foot three point jumper (Devin Vassell assists),102,95,4,4:11,True,3,{'id': '24'},"[{'athlete': {'id': '4066259'}}, {'athlete': {'id': '4395630'}}]",2026-06-11T03:17:57Z,True,"{'x': 7, 'y': 19}",3,+3 Points,251.0
401859966666,666,"{'id': '128', 'text': 'Driving Finger Roll Layup'}",Jose Alvarado makes 1-foot two point shot,102,97,4,3:49,True,2,{'id': '18'},[{'athlete': {'id': '4277869'}}],2026-06-11T03:18:19Z,True,"{'x': 26, 'y': 1}",2,+2 Points,229.0
401859966667,667,"{'id': '92', 'text': 'Jump Shot'}",Victor Wembanyama makes 17-foot jumper (De'Aaron Fox assists),104,97,4,3:31,True,2,{'id': '24'},"[{'athlete': {'id': '5104157'}}, {'athlete': {'id': '4066259'}}]",2026-06-11T03:18:37Z,True,"{'x': 24, 'y': 18}",2,+2 Points,211.0
401859966669,669,"{'id': '92', 'text': 'Jump Shot'}",Jose Alvarado makes 25-foot three point jumper (Jalen Brunson assists),104,100,4,3:07,True,3,{'id': '18'},"[{'athlete': {'id': '4277869'}}, {'athlete': {'id': '3934672'}}]",2026-06-11T03:19:01Z,True,"{'x': 15, 'y': 24}",3,+3 Points,187.0
401859966671,671,"{'id': '131', 'text': 'Pullup Jump Shot'}",De'Aaron Fox misses 26-foot three point pullup jump shot,104,100,4,2:43,False,0,{'id': '24'},[{'athlete': {'id': '4066259'}}],2026-06-11T03:19:25Z,True,"{'x': 19, 'y': 26}",3,Missed 3PT,163.0
401859966672,672,"{'id': '155', 'text': 'Defensive Rebound'}",Knicks defensive team rebound,104,100,4,2:42,False,0,{'id': '18'},,2026-06-11T03:19:26Z,False,"{'x': 19, 'y': 26}",0,Rebound,162.0
401859966674,674,"{'id': '584', 'text': 'Substitution'}",Stephon Castle enters the game for Julian Champagnie,104,100,4,2:42,False,0,{'id': '24'},"[{'athlete': {'id': '4845367'}}, {'athlete': {'id': '4592479'}}]",2026-06-11T03:19:30Z,False,"{'x': -214748340, 'y': -214748365}",0,Substitution,162.0
401859966676,676,"{'id': '131', 'text': 'Pullup Jump Shot'}",Jalen Brunson makes 26-foot three pointer (Jose Alvarado assists),104,103,4,2:21,True,3,{'id': '18'},"[{'athlete': {'id': '3934672'}}, {'athlete': {'id': '4277869'}}]",2026-06-11T03:20:08Z,True,"{'x': 43, 'y': 20}",3,+3 Points,141.0
401859966677,677,"{'id': '62', 'text': 'Bad Pass\nTurnover'}","De'Aaron Fox bad pass
turnover (Josh Hart steals)",104,103,4,2:00,False,0,{'id': '24'},"[{'athlete': {'id': '4066259'}}, {'athlete': {'id': '3062679'}}]",2026-06-11T03:20:29Z,False,"{'x': 10, 'y': 33}",0,Turnover,120.0
401859966679,679,"{'id': '109', 'text': 'Running Layup Shot'}",Josh Hart misses running layup,104,103,4,1:57,False,0,{'id': '18'},[{'athlete': {'id': '3062679'}}],2026-06-11T03:20:33Z,True,"{'x': 26, 'y': 1}",2,Missed FG,117.0
401859966680,680,"{'id': '155', 'text': 'Defensive Rebound'}",De'Aaron Fox defensive rebound,104,103,4,1:54,False,0,{'id': '24'},[{'athlete': {'id': '4066259'}}],2026-06-11T03:20:36Z,False,"{'x': 26, 'y': 1}",0,Rebound,114.0
401859966681,681,"{'id': '44', 'text': 'Shooting Foul'}",OG Anunoby shooting foul,104,103,4,1:47,False,0,{'id': '18'},[{'athlete': {'id': '3934719'}}],2026-06-11T03:20:44Z,False,"{'x': 24, 'y': 4}",0,Foul,107.0
401859966683,683,"{'id': '98', 'text': 'Free Throw - 1 of 2'}",Victor Wembanyama misses free throw 1 of 2,104,103,4,1:47,False,0,{'id': '24'},[{'athlete': {'id': '5104157'}}],2026-06-11T03:21:25Z,True,"{'x': -214748340, 'y': -214748365}",1,Missed FT,107.0
401859966684,684,"{'id': '156', 'text': 'Offensive Rebound'}",Spurs offensive team rebound,104,103,4,1:47,False,0,{'id': '24'},,2026-06-11T03:21:25Z,False,"{'x': -214748340, 'y': -214748365}",0,Rebound,107.0
401859966685,685,"{'id': '99', 'text': 'Free Throw - 2 of 2'}",Victor Wembanyama misses free throw 2 of 2,104,103,4,1:47,False,0,{'id': '24'},[{'athlete': {'id': '5104157'}}],2026-06-11T03:21:25Z,True,"{'x': -214748340, 'y': -214748365}",1,Missed FT,107.0
401859966686,686,"{'id': '155', 'text': 'Defensive Rebound'}",Karl-Anthony Towns defensive rebound,104,103,4,1:45,False,0,{'id': '18'},[{'athlete': {'id': '3136195'}}],2026-06-11T03:21:27Z,False,"{'x': -214748340, 'y': -214748365}",0,Rebound,105.0
401859966687,687,"{'id': '144', 'text': 'Driving Floating Jump Shot'}",Jalen Brunson makes 5-foot driving floating jump shot,104,105,4,1:22,True,2,{'id': '18'},[{'athlete': {'id': '3934672'}}],2026-06-11T03:22:14Z,True,"{'x': 24, 'y': 6}",2,+2 Points,82.0
401859966688,688,"{'id': '86', 'text': 'Out of Bounds - Step Turnover'}",Stephon Castle steps out of bounds turnover,104,105,4,1:02,False,0,{'id': '24'},[{'athlete': {'id': '4845367'}}],2026-06-11T03:22:45Z,False,"{'x': 32, 'y': -3}",0,Turnover,62.0
401859966689,689,"{'id': '121', 'text': 'Fade Away Jump Shot'}",Jalen Brunson misses 12-foot fade away jump shot,104,105,4,39.2,False,0,{'id': '18'},[{'athlete': {'id': '3934672'}}],2026-06-11T03:23:31Z,True,"{'x': 13, 'y': 3}",2,Missed FG,39.2
401859966690,690,"{'id': '156', 'text': 'Offensive Rebound'}",Knicks offensive team rebound,104,105,4,38.8,False,0,{'id': '18'},,2026-06-11T03:23:32Z,False,"{'x': 13, 'y': 3}",0,Rebound,38.8
401859966691,691,"{'id': '70', 'text': 'Shot Clock Turnover'}",shot clock turnover ,104,105,4,38.8,False,0,{'id': '18'},,2026-06-11T03:23:35Z,False,"{'x': 27, 'y': 6}",0,Turnover,38.8
401859966692,692,"{'id': '584', 'text': 'Substitution'}",Mitchell Robinson enters the game for Karl-Anthony Towns,104,105,4,38.8,False,0,{'id': '18'},"[{'athlete': {'id': '4351852'}}, {'athlete': {'id': '3136195'}}]",2026-06-11T03:23:35Z,False,"{'x': -214748340, 'y': -214748365}",0,Substitution,38.8
401859966694,694,"{'id': '584', 'text': 'Substitution'}",Landry Shamet enters the game for Jalen Brunson,104,105,4,38.8,False,0,{'id': '18'},"[{'athlete': {'id': '3914044'}}, {'athlete': {'id': '3934672'}}]",2026-06-11T03:23:35Z,False,"{'x': -214748340, 'y': -214748365}",0,Substitution,38.8
401859966696,696,"{'id': '16', 'text': 'Full Timeout'}",Spurs Full timeout,104,105,4,38.8,False,0,{'id': '24'},,2026-06-11T03:24:14Z,False,"{'x': -214748340, 'y': -214748365}",0,Timeout,38.8
401859966698,698,"{'id': '131', 'text': 'Pullup Jump Shot'}",De'Aaron Fox misses 18-foot pullup jump shot,104,105,4,32.0,False,0,{'id': '24'},[{'athlete': {'id': '4066259'}}],2026-06-11T03:26:10Z,True,"{'x': 28, 'y': 19}",2,Missed FG,32.0
401859966699,699,"{'id': '156', 'text': 'Offensive Rebound'}",Stephon Castle offensive rebound,104,105,4,30.3,False,0,{'id': '24'},[{'athlete': {'id': '4845367'}}],2026-06-11T03:26:12Z,False,"{'x': 28, 'y': 19}",0,Rebound,30.3
401859966700,700,"{'id': '44', 'text': 'Shooting Foul'}",Josh Hart shooting foul,104,105,4,30.3,False,0,{'id': '18'},[{'athlete': {'id': '3062679'}}],2026-06-11T03:26:20Z,False,"{'x': 26, 'y': 5}",0,Foul,30.3
401859966702,702,"{'id': '98', 'text': 'Free Throw - 1 of 2'}",Stephon Castle makes free throw 1 of 2,105,105,4,30.3,True,1,{'id': '24'},[{'athlete': {'id': '4845367'}}],2026-06-11T03:26:49Z,True,"{'x': -214748340, 'y': -214748365}",1,+1 Point,30.3
401859966705,705,"{'id': '584', 'text': 'Substitution'}",Karl-Anthony Towns enters the game for Jose Alvarado,105,105,4,30.3,False,0,{'id': '18'},"[{'athlete': {'id': '3136195'}}, {'athlete': {'id': '4277869'}}]",2026-06-11T03:26:50Z,False,"{'x': -214748340, 'y': -214748365}",0,Substitution,30.3
401859966706,706,"{'id': '99', 'text': 'Free Throw - 2 of 2'}",Stephon Castle makes free throw 2 of 2,106,105,4,30.3,True,1,{'id': '24'},[{'athlete': {'id': '4845367'}}],2026-06-11T03:27:21Z,True,"{'x': -214748340, 'y': -214748365}",1,+1 Point,30.3
401859966707,707,"{'id': '16', 'text': 'Full Timeout'}",Knicks Full timeout,106,105,4,30.3,False,0,{'id': '18'},,2026-06-11T03:27:26Z,False,"{'x': -214748340, 'y': -214748365}",0,Timeout,30.3
401859966708,708,"{'id': '584', 'text': 'Substitution'}",Jalen Brunson enters the game for Mitchell Robinson,106,105,4,30.3,False,0,{'id': '18'},"[{'athlete': {'id': '3934672'}}, {'athlete': {'id': '4351852'}}]",2026-06-11T03:27:26Z,False,"{'x': -214748340, 'y': -214748365}",0,Substitution,30.3
401859966709,709,"{'id': '584', 'text': 'Substitution'}",Jose Alvarado enters the game for Landry Shamet,106,105,4,30.3,False,0,{'id': '18'},"[{'athlete': {'id': '4277869'}}, {'athlete': {'id': '3914044'}}]",2026-06-11T03:27:26Z,False,"{'x': -214748340, 'y': -214748365}",0,Substitution,30.3
401859966712,712,"{'id': '145', 'text': 'Driving Floating Bank Jump Shot'}",Jalen Brunson misses two point shot,106,105,4,16.1,False,0,{'id': '18'},[{'athlete': {'id': '3934672'}}],2026-06-11T03:29:29Z,True,"{'x': 30, 'y': 2}",2,Missed FG,16.1
401859966713,713,"{'id': '155', 'text': 'Defensive Rebound'}",De'Aaron Fox defensive rebound,106,105,4,13.5,False,0,{'id': '24'},[{'athlete': {'id': '4066259'}}],2026-06-11T03:29:32Z,False,"{'x': 30, 'y': 2}",0,Rebound,13.5
401859966714,714,"{'id': '95', 'text': 'Layup Shot'}",OG Anunoby blocks De'Aaron Fox 's 2-foot layup,106,105,4,11.1,False,0,{'id': '24'},"[{'athlete': {'id': '4066259'}}, {'athlete': {'id': '3934719'}}]",2026-06-11T03:29:35Z,True,"{'x': 26, 'y': 2}",2,Missed FG,11.1
401859966716,716,"{'id': '155', 'text': 'Defensive Rebound'}",Jose Alvarado defensive rebound,106,105,4,10.1,False,0,{'id': '18'},[{'athlete': {'id': '4277869'}}],2026-06-11T03:29:36Z,False,"{'x': 26, 'y': 2}",0,Rebound,10.1
401859966718,718,"{'id': '45', 'text': 'Personal Foul'}",De'Aaron Fox personal foul,106,105,4,5.7,False,0,{'id': '24'},[{'athlete': {'id': '4066259'}}],2026-06-11T03:30:43Z,False,"{'x': 32, 'y': 40}",0,Foul,5.7
401859966720,720,"{'id': '16', 'text': 'Full Timeout'}",Knicks Full timeout,106,105,4,5.7,False,0,{'id': '18'},,2026-06-11T03:31:03Z,False,"{'x': -214748340, 'y': -214748365}",0,Timeout,5.7
401859966721,721,"{'id': '584', 'text': 'Substitution'}",Landry Shamet enters the game for Josh Hart,106,105,4,5.7,False,0,{'id': '18'},"[{'athlete': {'id': '3914044'}}, {'athlete': {'id': '3062679'}}]",2026-06-11T03:31:03Z,False,"{'x': -214748340, 'y': -214748365}",0,Substitution,5.7
401859966722,722,"{'id': '584', 'text': 'Substitution'}",Mikal Bridges enters the game for Jose Alvarado,106,105,4,5.7,False,0,{'id': '18'},"[{'athlete': {'id': '3147657'}}, {'athlete': {'id': '4277869'}}]",2026-06-11T03:31:03Z,False,"{'x': -214748340, 'y': -214748365}",0,Substitution,5.7
401859966725,725,"{'id': '131', 'text': 'Pullup Jump Shot'}",Jalen Brunson misses 30-foot three point pullup jump shot,106,105,4,4.4,False,0,{'id': '18'},[{'athlete': {'id': '3934672'}}],2026-06-11T03:31:59Z,True,"{'x': 33, 'y': 30}",3,Missed 3PT,4.4
401859966726,726,"{'id': '156', 'text': 'Offensive Rebound'}",OG Anunoby offensive rebound,106,105,4,2.3,False,0,{'id': '18'},[{'athlete': {'id': '3934719'}}],2026-06-11T03:32:01Z,False,"{'x': 33, 'y': 30}",0,Rebound,2.3
401859966727,727,"{'id': '94', 'text': 'Tip Shot'}",OG Anunoby makes tip shot,106,107,4,2.1,True,2,{'id': '18'},[{'athlete': {'id': '3934719'}}],2026-06-11T03:32:07Z,True,"{'x': 25, 'y': 0}",2,+2 Points,2.1
401859966728,728,"{'id': '16', 'text': 'Full Timeout'}",Spurs Full timeout,106,107,4,1.2,False,0,{'id': '24'},,2026-06-11T03:32:21Z,False,"{'x': -214748340, 'y': -214748365}",0,Timeout,1.2
401859966729,729,"{'id': '584', 'text': 'Substitution'}",Josh Hart enters the game for Jalen Brunson,106,107,4,1.2,False,0,{'id': '18'},"[{'athlete': {'id': '3062679'}}, {'athlete': {'id': '3934672'}}]",2026-06-11T03:32:21Z,False,"{'x': -214748340, 'y': -214748365}",0,Substitution,1.2
401859966730,730,"{'id': '584', 'text': 'Substitution'}",Mitchell Robinson enters the game for Landry Shamet,106,107,4,1.2,False,0,{'id': '18'},"[{'athlete': {'id': '4351852'}}, {'athlete': {'id': '3914044'}}]",2026-06-11T03:32:21Z,False,"{'x': -214748340, 'y': -214748365}",0,Substitution,1.2
401859966733,733,"{'id': '412', 'text': 'End Period'}",End of the 4th Quarter,106,107,4,0.0,False,0,,,2026-06-11T03:37:31Z,False,"{'x': -214748340, 'y': -214748365}",0,End of 4th,0.0
401859966734,734,"{'id': '402', 'text': 'End Game'}",End of Game,106,107,4,0.0,False,0,,,2026-06-11T03:37:37Z,False,"{'x': -214748340, 'y': -214748365}",0,End of Game,0.0
