id,sequenceNumber,type,text,awayScore,homeScore,period,clock,scoringPlay,scoreValue,team,participants,wallclock,shootingPlay,coordinate,pointsAttempted,shortDescription,clockSec
4018733414,4,"{'id': '615', 'text': 'Jumpball'}",Jarrett Allen vs. Karl-Anthony Towns (Jalen Brunson gains possession),0,0,1,12:00,False,0,{'id': '18'},"[{'athlete': {'id': '3136195'}}, {'athlete': {'id': '4066328'}}, {'athlete': {'id': '3934672'}}]",2026-05-20T00:13:45Z,False,"{'x': -214748340, 'y': -214748365}",0,Jump Ball,720.0
4018733417,7,"{'id': '92', 'text': 'Jump Shot'}",OG Anunoby misses 25-foot three point jumper,0,0,1,11:33,False,0,{'id': '18'},[{'athlete': {'id': '3934719'}}],2026-05-20T00:14:09Z,True,"{'x': 31, 'y': 25}",3,Missed 3PT,693.0
4018733418,8,"{'id': '155', 'text': 'Defensive Rebound'}",Evan Mobley defensive rebound,0,0,1,11:31,False,0,{'id': '5'},[{'athlete': {'id': '4432158'}}],2026-05-20T00:14:11Z,False,"{'x': 31, 'y': 25}",0,Rebound,691.0
4018733419,9,"{'id': '141', 'text': 'Cutting Layup Shot'}",Jarrett Allen misses layup,0,0,1,11:16,False,0,{'id': '5'},[{'athlete': {'id': '4066328'}}],2026-05-20T00:14:26Z,True,"{'x': 27, 'y': 1}",2,Missed FG,676.0
40187334110,10,"{'id': '156', 'text': 'Offensive Rebound'}",Dean Wade offensive rebound,0,0,1,11:14,False,0,{'id': '5'},[{'athlete': {'id': '3912848'}}],2026-05-20T00:14:28Z,False,"{'x': 27, 'y': 1}",0,Rebound,674.0
40187334111,11,"{'id': '144', 'text': 'Driving Floating Jump Shot'}",James Harden makes 6-foot driving floating jump shot (Dean Wade assists),2,0,1,11:10,True,2,{'id': '5'},"[{'athlete': {'id': '3992'}}, {'athlete': {'id': '3912848'}}]",2026-05-20T00:14:32Z,True,"{'x': 22, 'y': 6}",2,+2 Points,670.0
40187334113,13,"{'id': '132', 'text': 'Step Back Jump Shot'}",Karl-Anthony Towns misses 25-foot three point step back jumpshot,2,0,1,10:51,False,0,{'id': '18'},[{'athlete': {'id': '3136195'}}],2026-05-20T00:14:52Z,True,"{'x': 3, 'y': 13}",3,Missed 3PT,651.0
40187334114,14,"{'id': '155', 'text': 'Defensive Rebound'}",Jarrett Allen defensive rebound,2,0,1,10:48,False,0,{'id': '5'},[{'athlete': {'id': '4066328'}}],2026-05-20T00:14:55Z,False,"{'x': 3, 'y': 13}",0,Rebound,648.0
40187334115,15,"{'id': '44', 'text': 'Shooting Foul'}",Mikal Bridges shooting foul,2,0,1,10:41,False,0,{'id': '18'},[{'athlete': {'id': '3147657'}}],2026-05-20T00:15:03Z,False,"{'x': 25, 'y': 0}",0,Foul,641.0
40187334117,17,"{'id': '98', 'text': 'Free Throw - 1 of 2'}",Evan Mobley misses free throw 1 of 2,2,0,1,10:41,False,0,{'id': '5'},[{'athlete': {'id': '4432158'}}],2026-05-20T00:15:32Z,True,"{'x': -214748340, 'y': -214748365}",1,Missed FT,641.0
40187334118,18,"{'id': '156', 'text': 'Offensive Rebound'}",Cavaliers offensive team rebound,2,0,1,10:41,False,0,{'id': '5'},,2026-05-20T00:15:32Z,False,"{'x': -214748340, 'y': -214748365}",0,Rebound,641.0
40187334119,19,"{'id': '99', 'text': 'Free Throw - 2 of 2'}",Evan Mobley makes free throw 2 of 2,3,0,1,10:41,True,1,{'id': '5'},[{'athlete': {'id': '4432158'}}],2026-05-20T00:15:53Z,True,"{'x': -214748340, 'y': -214748365}",1,+1 Point,641.0
40187334120,20,"{'id': '131', 'text': 'Pullup Jump Shot'}",Jalen Brunson misses 25-foot three point pullup jump shot,3,0,1,10:22,False,0,{'id': '18'},[{'athlete': {'id': '3934672'}}],2026-05-20T00:16:16Z,True,"{'x': 15, 'y': 23}",3,Missed 3PT,622.0
40187334121,21,"{'id': '155', 'text': 'Defensive Rebound'}",Donovan Mitchell defensive rebound,3,0,1,10:19,False,0,{'id': '5'},[{'athlete': {'id': '3908809'}}],2026-05-20T00:16:19Z,False,"{'x': 15, 'y': 23}",0,Rebound,619.0
40187334122,22,"{'id': '92', 'text': 'Jump Shot'}",Evan Mobley misses 25-foot three point jumper,3,0,1,10:12,False,0,{'id': '5'},[{'athlete': {'id': '4432158'}}],2026-05-20T00:16:26Z,True,"{'x': 35, 'y': 23}",3,Missed 3PT,612.0
40187334123,23,"{'id': '155', 'text': 'Defensive Rebound'}",Mikal Bridges defensive rebound,3,0,1,10:09,False,0,{'id': '18'},[{'athlete': {'id': '3147657'}}],2026-05-20T00:16:29Z,False,"{'x': 35, 'y': 23}",0,Rebound,609.0
40187334124,24,"{'id': '144', 'text': 'Driving Floating Jump Shot'}",Mikal Bridges makes 7-foot driving floating jump shot (Karl-Anthony Towns assists),3,2,1,10:01,True,2,{'id': '18'},"[{'athlete': {'id': '3147657'}}, {'athlete': {'id': '3136195'}}]",2026-05-20T00:16:36Z,True,"{'x': 18, 'y': 3}",2,+2 Points,601.0
40187334126,26,"{'id': '72', 'text': 'Back Court Turnover'}",Donovan Mitchell back court turnover,3,2,1,9:53,False,0,{'id': '5'},[{'athlete': {'id': '3908809'}}],2026-05-20T00:16:49Z,False,"{'x': 9, 'y': 41}",0,Turnover,593.0
40187334127,27,"{'id': '128', 'text': 'Driving Finger Roll Layup'}",Jalen Brunson misses two point shot,3,2,1,9:39,False,0,{'id': '18'},[{'athlete': {'id': '3934672'}}],2026-05-20T00:17:23Z,True,"{'x': 23, 'y': 2}",2,Missed FG,579.0
40187334128,28,"{'id': '155', 'text': 'Defensive Rebound'}",Dean Wade defensive rebound,3,2,1,9:38,False,0,{'id': '5'},[{'athlete': {'id': '3912848'}}],2026-05-20T00:17:24Z,False,"{'x': 23, 'y': 2}",0,Rebound,578.0
40187334129,29,"{'id': '131', 'text': 'Pullup Jump Shot'}",Donovan Mitchell makes 25-foot three pointer (Dean Wade assists),6,2,1,9:24,True,3,{'id': '5'},"[{'athlete': {'id': '3908809'}}, {'athlete': {'id': '3912848'}}]",2026-05-20T00:17:37Z,True,"{'x': 20, 'y': 25}",3,+3 Points,564.0
40187334131,31,"{'id': '45', 'text': 'Personal Foul'}",James Harden personal foul,6,2,1,8:56,False,0,{'id': '5'},[{'athlete': {'id': '3992'}}],2026-05-20T00:18:08Z,False,"{'x': 31, 'y': 13}",0,Foul,536.0
40187334133,33,"{'id': '63', 'text': 'Lost Ball Turnover'}",Karl-Anthony Towns lost ball turnover (Donovan Mitchell steals),6,2,1,8:49,False,0,{'id': '18'},"[{'athlete': {'id': '3136195'}}, {'athlete': {'id': '3908809'}}]",2026-05-20T00:18:37Z,False,"{'x': 27, 'y': 22}",0,Turnover,529.0
40187334135,35,"{'id': '109', 'text': 'Running Layup Shot'}",Donovan Mitchell makes running layup,8,2,1,8:44,True,2,{'id': '5'},[{'athlete': {'id': '3908809'}}],2026-05-20T00:18:41Z,True,"{'x': 24, 'y': 2}",2,+2 Points,524.0
40187334136,36,"{'id': '131', 'text': 'Pullup Jump Shot'}",Mikal Bridges misses 16-foot pullup jump shot,8,2,1,8:32,False,0,{'id': '18'},[{'athlete': {'id': '3147657'}}],2026-05-20T00:18:53Z,True,"{'x': 34, 'y': 14}",2,Missed FG,512.0
40187334137,37,"{'id': '156', 'text': 'Offensive Rebound'}",Knicks offensive team rebound,8,2,1,8:29,False,0,{'id': '18'},,2026-05-20T00:18:59Z,False,"{'x': 34, 'y': 14}",0,Rebound,509.0
40187334139,39,"{'id': '130', 'text': 'Floating Jump Shot'}",Jalen Brunson makes 9-foot floating jump shot (Karl-Anthony Towns assists),8,4,1,8:22,True,2,{'id': '18'},"[{'athlete': {'id': '3934672'}}, {'athlete': {'id': '3136195'}}]",2026-05-20T00:19:19Z,True,"{'x': 28, 'y': 9}",2,+2 Points,502.0
40187334141,41,"{'id': '110', 'text': 'Driving Layup Shot'}",Donovan Mitchell makes driving layup (Dean Wade assists),10,4,1,8:08,True,2,{'id': '5'},"[{'athlete': {'id': '3908809'}}, {'athlete': {'id': '3912848'}}]",2026-05-20T00:19:34Z,True,"{'x': 26, 'y': 1}",2,+2 Points,488.0
40187334143,43,"{'id': '92', 'text': 'Jump Shot'}",Josh Hart misses 25-foot three point jumper,10,4,1,7:45,False,0,{'id': '18'},[{'athlete': {'id': '3062679'}}],2026-05-20T00:19:57Z,True,"{'x': 37, 'y': 23}",3,Missed 3PT,465.0
40187334144,44,"{'id': '155', 'text': 'Defensive Rebound'}",Evan Mobley defensive rebound,10,4,1,7:42,False,0,{'id': '5'},[{'athlete': {'id': '4432158'}}],2026-05-20T00:20:00Z,False,"{'x': 37, 'y': 23}",0,Rebound,462.0
40187334146,46,"{'id': '131', 'text': 'Pullup Jump Shot'}",Donovan Mitchell misses 25-foot three point pullup jump shot,10,4,1,7:20,False,0,{'id': '5'},[{'athlete': {'id': '3908809'}}],2026-05-20T00:20:47Z,True,"{'x': 9, 'y': 20}",3,Missed 3PT,440.0
40187334147,47,"{'id': '155', 'text': 'Defensive Rebound'}",Mikal Bridges defensive rebound,10,4,1,7:18,False,0,{'id': '18'},[{'athlete': {'id': '3147657'}}],2026-05-20T00:20:49Z,False,"{'x': 9, 'y': 20}",0,Rebound,438.0
40187334148,48,"{'id': '92', 'text': 'Jump Shot'}",Josh Hart misses 23-foot three point jumper,10,4,1,7:01,False,0,{'id': '18'},[{'athlete': {'id': '3062679'}}],2026-05-20T00:21:07Z,True,"{'x': 49, 'y': 0}",3,Missed 3PT,421.0
40187334149,49,"{'id': '155', 'text': 'Defensive Rebound'}",James Harden defensive rebound,10,4,1,6:58,False,0,{'id': '5'},[{'athlete': {'id': '3992'}}],2026-05-20T00:21:10Z,False,"{'x': 49, 'y': 0}",0,Rebound,418.0
40187334150,50,"{'id': '110', 'text': 'Driving Layup Shot'}",James Harden misses driving layup,10,4,1,6:51,False,0,{'id': '5'},[{'athlete': {'id': '3992'}}],2026-05-20T00:21:17Z,True,"{'x': 25, 'y': 0}",2,Missed FG,411.0
40187334151,51,"{'id': '155', 'text': 'Defensive Rebound'}",Karl-Anthony Towns defensive rebound,10,4,1,6:49,False,0,{'id': '18'},[{'athlete': {'id': '3136195'}}],2026-05-20T00:21:19Z,False,"{'x': 25, 'y': 0}",0,Rebound,409.0
40187334164,64,"{'id': '110', 'text': 'Driving Layup Shot'}",Donovan Mitchell blocks OG Anunoby's driving layup,10,4,1,6:43,False,0,{'id': '18'},"[{'athlete': {'id': '3934719'}}, {'athlete': {'id': '3908809'}}]",2026-05-20T00:21:24Z,True,"{'x': 25, 'y': 1}",2,Missed FG,403.0
40187334153,53,"{'id': '16', 'text': 'Full Timeout'}",Knicks Full timeout,10,4,1,6:42,False,0,{'id': '18'},,2026-05-20T00:21:34Z,False,"{'x': -214748340, 'y': -214748365}",0,Timeout,402.0
40187334154,54,"{'id': '584', 'text': 'Substitution'}",Max Strus enters the game for Donovan Mitchell,10,4,1,6:42,False,0,{'id': '5'},"[{'athlete': {'id': '4065778'}}, {'athlete': {'id': '3908809'}}]",2026-05-20T00:21:35Z,False,"{'x': -214748340, 'y': -214748365}",0,Substitution,402.0
40187334155,55,"{'id': '584', 'text': 'Substitution'}",Sam Merrill enters the game for Evan Mobley,10,4,1,6:42,False,0,{'id': '5'},"[{'athlete': {'id': '4066757'}}, {'athlete': {'id': '4432158'}}]",2026-05-20T00:21:35Z,False,"{'x': -214748340, 'y': -214748365}",0,Substitution,402.0
40187334166,66,"{'id': '156', 'text': 'Offensive Rebound'}",Knicks offensive team rebound,10,4,1,6:42,False,0,{'id': '18'},,2026-05-20T00:21:25Z,False,"{'x': 25, 'y': 1}",0,Rebound,402.0
40187334158,58,"{'id': '144', 'text': 'Driving Floating Jump Shot'}",Jarrett Allen blocks Karl-Anthony Towns 's 2-foot driving floating jump shot,10,4,1,6:27,False,0,{'id': '18'},"[{'athlete': {'id': '3136195'}}, {'athlete': {'id': '4066328'}}]",2026-05-20T00:25:39Z,True,"{'x': 24, 'y': 2}",2,Missed FG,387.0
40187334160,60,"{'id': '155', 'text': 'Defensive Rebound'}",James Harden defensive rebound,10,4,1,6:25,False,0,{'id': '5'},[{'athlete': {'id': '3992'}}],2026-05-20T00:25:41Z,False,"{'x': 24, 'y': 2}",0,Rebound,385.0
40187334161,61,"{'id': '92', 'text': 'Jump Shot'}",Max Strus misses 23-foot three point jumper,10,4,1,6:15,False,0,{'id': '5'},[{'athlete': {'id': '4065778'}}],2026-05-20T00:25:51Z,True,"{'x': 2, 'y': 1}",3,Missed 3PT,375.0
40187334162,62,"{'id': '155', 'text': 'Defensive Rebound'}",Josh Hart defensive rebound,10,4,1,6:13,False,0,{'id': '18'},[{'athlete': {'id': '3062679'}}],2026-05-20T00:25:53Z,False,"{'x': 2, 'y': 1}",0,Rebound,373.0
40187334163,63,"{'id': '131', 'text': 'Pullup Jump Shot'}",Jalen Brunson makes 16-foot pullup jump shot (Josh Hart assists),10,6,1,6:01,True,2,{'id': '18'},"[{'athlete': {'id': '3934672'}}, {'athlete': {'id': '3062679'}}]",2026-05-20T00:26:05Z,True,"{'x': 34, 'y': 14}",2,+2 Points,361.0
40187334167,67,"{'id': '92', 'text': 'Jump Shot'}",Dean Wade misses 23-foot three point jumper,10,6,1,5:49,False,0,{'id': '5'},[{'athlete': {'id': '3912848'}}],2026-05-20T00:26:16Z,True,"{'x': 2, 'y': 5}",3,Missed 3PT,349.0
40187334168,68,"{'id': '156', 'text': 'Offensive Rebound'}",Jarrett Allen offensive rebound,10,6,1,5:47,False,0,{'id': '5'},[{'athlete': {'id': '4066328'}}],2026-05-20T00:26:19Z,False,"{'x': 2, 'y': 5}",0,Rebound,347.0
40187334169,69,"{'id': '139', 'text': 'Hook Driving Bank'}",Jarrett Allen misses two point shot,10,6,1,5:43,False,0,{'id': '5'},[{'athlete': {'id': '4066328'}}],2026-05-20T00:26:22Z,True,"{'x': 26, 'y': 1}",2,Missed FG,343.0
40187334170,70,"{'id': '155', 'text': 'Defensive Rebound'}",OG Anunoby defensive rebound,10,6,1,5:41,False,0,{'id': '18'},[{'athlete': {'id': '3934719'}}],2026-05-20T00:26:24Z,False,"{'x': 26, 'y': 1}",0,Rebound,341.0
40187334171,71,"{'id': '109', 'text': 'Running Layup Shot'}",Josh Hart makes running layup,10,8,1,5:38,True,2,{'id': '18'},[{'athlete': {'id': '3062679'}}],2026-05-20T00:26:29Z,True,"{'x': 25, 'y': 1}",2,+2 Points,338.0
40187334172,72,"{'id': '144', 'text': 'Driving Floating Jump Shot'}",James Harden misses driving floating jump shot,10,8,1,5:11,False,0,{'id': '5'},[{'athlete': {'id': '3992'}}],2026-05-20T00:26:55Z,True,"{'x': 23, 'y': 5}",2,Missed FG,311.0
40187334173,73,"{'id': '156', 'text': 'Offensive Rebound'}",Dean Wade offensive rebound,10,8,1,5:08,False,0,{'id': '5'},[{'athlete': {'id': '3912848'}}],2026-05-20T00:26:58Z,False,"{'x': 23, 'y': 5}",0,Rebound,308.0
40187334174,74,"{'id': '92', 'text': 'Jump Shot'}",Sam Merrill misses 24-foot three point jumper,10,8,1,5:07,False,0,{'id': '5'},[{'athlete': {'id': '4066757'}}],2026-05-20T00:27:00Z,True,"{'x': 42, 'y': 18}",3,Missed 3PT,307.0
40187334175,75,"{'id': '156', 'text': 'Offensive Rebound'}",Cavaliers offensive team rebound,10,8,1,5:06,False,0,{'id': '5'},,2026-05-20T00:27:01Z,False,"{'x': 42, 'y': 18}",0,Rebound,306.0
40187334176,76,"{'id': '43', 'text': 'Loose Ball Foul'}",Karl-Anthony Towns loose ball foul,10,8,1,5:06,False,0,{'id': '18'},[{'athlete': {'id': '3136195'}}],2026-05-20T00:27:04Z,False,"{'x': 26, 'y': 4}",0,Foul,306.0
40187334178,78,"{'id': '584', 'text': 'Substitution'}",Mitchell Robinson enters the game for OG Anunoby,10,8,1,5:06,False,0,{'id': '18'},"[{'athlete': {'id': '4351852'}}, {'athlete': {'id': '3934719'}}]",2026-05-20T00:27:04Z,False,"{'x': -214748340, 'y': -214748365}",0,Substitution,306.0
40187334179,79,"{'id': '584', 'text': 'Substitution'}",Miles McBride enters the game for Josh Hart,10,8,1,5:06,False,0,{'id': '18'},"[{'athlete': {'id': '4431823'}}, {'athlete': {'id': '3062679'}}]",2026-05-20T00:27:04Z,False,"{'x': -214748340, 'y': -214748365}",0,Substitution,306.0
40187334180,80,"{'id': '584', 'text': 'Substitution'}",Dennis Schroder enters the game for Dean Wade,10,8,1,5:06,False,0,{'id': '5'},"[{'athlete': {'id': '3032979'}}, {'athlete': {'id': '3912848'}}]",2026-05-20T00:27:04Z,False,"{'x': -214748340, 'y': -214748365}",0,Substitution,306.0
40187334184,84,"{'id': '92', 'text': 'Jump Shot'}",Dennis Schroder makes 23-foot three point jumper (Max Strus assists),13,8,1,4:53,True,3,{'id': '5'},"[{'athlete': {'id': '3032979'}}, {'athlete': {'id': '4065778'}}]",2026-05-20T00:28:12Z,True,"{'x': 2, 'y': 4}",3,+3 Points,293.0
40187334186,86,"{'id': '44', 'text': 'Shooting Foul'}",Dennis Schroder shooting foul,13,8,1,4:33,False,0,{'id': '5'},[{'athlete': {'id': '3032979'}}],2026-05-20T00:28:34Z,False,"{'x': 35, 'y': 9}",0,Foul,273.0
40187334188,88,"{'id': '98', 'text': 'Free Throw - 1 of 2'}",Jalen Brunson makes free throw 1 of 2,13,9,1,4:33,True,1,{'id': '18'},[{'athlete': {'id': '3934672'}}],2026-05-20T00:29:04Z,True,"{'x': -214748340, 'y': -214748365}",1,+1 Point,273.0
40187334189,89,"{'id': '584', 'text': 'Substitution'}",Jordan Clarkson enters the game for Karl-Anthony Towns,13,9,1,4:33,False,0,{'id': '18'},"[{'athlete': {'id': '2528426'}}, {'athlete': {'id': '3136195'}}]",2026-05-20T00:29:04Z,False,"{'x': -214748340, 'y': -214748365}",0,Substitution,273.0
40187334191,91,"{'id': '99', 'text': 'Free Throw - 2 of 2'}",Jalen Brunson makes free throw 2 of 2,13,10,1,4:33,True,1,{'id': '18'},[{'athlete': {'id': '3934672'}}],2026-05-20T00:29:31Z,True,"{'x': -214748340, 'y': -214748365}",1,+1 Point,273.0
40187334192,92,"{'id': '62', 'text': 'Bad Pass\nTurnover'}","James Harden bad pass
turnover (Mitchell Robinson steals)",13,10,1,4:24,False,0,{'id': '5'},"[{'athlete': {'id': '3992'}}, {'athlete': {'id': '4351852'}}]",2026-05-20T00:29:43Z,False,"{'x': 18, 'y': 32}",0,Turnover,264.0
40187334194,94,"{'id': '109', 'text': 'Running Layup Shot'}",Mikal Bridges makes running layup (Miles McBride assists),13,12,1,4:18,True,2,{'id': '18'},"[{'athlete': {'id': '3147657'}}, {'athlete': {'id': '4431823'}}]",2026-05-20T00:29:50Z,True,"{'x': 27, 'y': 1}",2,+2 Points,258.0
40187334196,96,"{'id': '92', 'text': 'Jump Shot'}",Dennis Schroder misses 26-foot three point jumper,13,12,1,3:57,False,0,{'id': '5'},[{'athlete': {'id': '3032979'}}],2026-05-20T00:30:12Z,True,"{'x': 17, 'y': 25}",3,Missed 3PT,237.0
40187334197,97,"{'id': '155', 'text': 'Defensive Rebound'}",Mitchell Robinson defensive rebound,13,12,1,3:54,False,0,{'id': '18'},[{'athlete': {'id': '4351852'}}],2026-05-20T00:30:15Z,False,"{'x': 17, 'y': 25}",0,Rebound,234.0
40187334198,98,"{'id': '126', 'text': 'Layup Driving Reverse'}",Jalen Brunson makes two point shot,13,14,1,3:46,True,2,{'id': '18'},[{'athlete': {'id': '3934672'}}],2026-05-20T00:30:23Z,True,"{'x': 24, 'y': 1}",2,+2 Points,226.0
40187334199,99,"{'id': '16', 'text': 'Full Timeout'}",Cavaliers Full timeout,13,14,1,3:46,False,0,{'id': '5'},,2026-05-20T00:30:28Z,False,"{'x': -214748340, 'y': -214748365}",0,Timeout,226.0
401873341100,100,"{'id': '584', 'text': 'Substitution'}",Donovan Mitchell enters the game for Jarrett Allen,13,14,1,3:46,False,0,{'id': '5'},"[{'athlete': {'id': '3908809'}}, {'athlete': {'id': '4066328'}}]",2026-05-20T00:30:28Z,False,"{'x': -214748340, 'y': -214748365}",0,Substitution,226.0
401873341101,101,"{'id': '584', 'text': 'Substitution'}",Evan Mobley enters the game for James Harden,13,14,1,3:46,False,0,{'id': '5'},"[{'athlete': {'id': '4432158'}}, {'athlete': {'id': '3992'}}]",2026-05-20T00:30:28Z,False,"{'x': -214748340, 'y': -214748365}",0,Substitution,226.0
401873341104,104,"{'id': '63', 'text': 'Lost Ball Turnover'}",Max Strus lost ball turnover (Mikal Bridges steals),13,14,1,3:36,False,0,{'id': '5'},"[{'athlete': {'id': '4065778'}}, {'athlete': {'id': '3147657'}}]",2026-05-20T00:34:24Z,False,"{'x': 16, 'y': 39}",0,Turnover,216.0
401873341106,106,"{'id': '116', 'text': 'Running Dunk Shot'}",Mikal Bridges makes running dunk,13,16,1,3:33,True,2,{'id': '18'},[{'athlete': {'id': '3147657'}}],2026-05-20T00:34:27Z,True,"{'x': 25, 'y': 0}",2,+2 Points,213.0
401873341108,108,"{'id': '144', 'text': 'Driving Floating Jump Shot'}",Dennis Schroder misses driving floating jump shot,13,16,1,3:21,False,0,{'id': '5'},[{'athlete': {'id': '3032979'}}],2026-05-20T00:34:38Z,True,"{'x': 20, 'y': 6}",2,Missed FG,201.0
401873341109,109,"{'id': '155', 'text': 'Defensive Rebound'}",Mitchell Robinson defensive rebound,13,16,1,3:19,False,0,{'id': '18'},[{'athlete': {'id': '4351852'}}],2026-05-20T00:34:40Z,False,"{'x': 20, 'y': 6}",0,Rebound,199.0
401873341110,110,"{'id': '131', 'text': 'Pullup Jump Shot'}",Jalen Brunson makes 14-foot pullup jump shot,13,18,1,3:11,True,2,{'id': '18'},[{'athlete': {'id': '3934672'}}],2026-05-20T00:34:49Z,True,"{'x': 27, 'y': 15}",2,+2 Points,191.0
401873341111,111,"{'id': '64', 'text': 'Traveling'}",Evan Mobley traveling turnover,13,18,1,2:56,False,0,{'id': '5'},[{'athlete': {'id': '4432158'}}],2026-05-20T00:35:06Z,False,"{'x': 30, 'y': 2}",0,Turnover,176.0
401873341112,112,"{'id': '118', 'text': 'Alley Oop Dunk Shot'}",Mitchell Robinson makes alley oop dunk (Mikal Bridges assists),13,20,1,2:44,True,2,{'id': '18'},"[{'athlete': {'id': '4351852'}}, {'athlete': {'id': '3147657'}}]",2026-05-20T00:35:25Z,True,"{'x': 26, 'y': 0}",2,+2 Points,164.0
401873341114,114,"{'id': '92', 'text': 'Jump Shot'}",Sam Merrill misses 23-foot three point jumper,13,20,1,2:29,False,0,{'id': '5'},[{'athlete': {'id': '4066757'}}],2026-05-20T00:35:39Z,True,"{'x': 2, 'y': 3}",3,Missed 3PT,149.0
401873341115,115,"{'id': '155', 'text': 'Defensive Rebound'}",Mikal Bridges defensive rebound,13,20,1,2:27,False,0,{'id': '18'},[{'athlete': {'id': '3147657'}}],2026-05-20T00:35:41Z,False,"{'x': 2, 'y': 3}",0,Rebound,147.0
401873341116,116,"{'id': '62', 'text': 'Bad Pass\nTurnover'}","Mikal Bridges bad pass
turnover (Max Strus steals)",13,20,1,2:22,False,0,{'id': '18'},"[{'athlete': {'id': '3147657'}}, {'athlete': {'id': '4065778'}}]",2026-05-20T00:35:47Z,False,"{'x': 19, 'y': 1}",0,Turnover,142.0
401873341118,118,"{'id': '113', 'text': 'Running Jump Shot'}",Max Strus misses 25-foot running jump shot,13,20,1,2:15,False,0,{'id': '5'},[{'athlete': {'id': '4065778'}}],2026-05-20T00:35:53Z,True,"{'x': 8, 'y': 19}",3,Missed 3PT,135.0
401873341119,119,"{'id': '156', 'text': 'Offensive Rebound'}",Cavaliers offensive team rebound,13,20,1,2:14,False,0,{'id': '5'},,2026-05-20T00:36:01Z,False,"{'x': 8, 'y': 19}",0,Rebound,134.0
401873341120,120,"{'id': '43', 'text': 'Loose Ball Foul'}",Miles McBride loose ball foul,13,20,1,2:14,False,0,{'id': '18'},[{'athlete': {'id': '4431823'}}],2026-05-20T00:36:02Z,False,"{'x': 30, 'y': 0}",0,Foul,134.0
401873341122,122,"{'id': '584', 'text': 'Substitution'}",Josh Hart enters the game for Mikal Bridges,13,20,1,2:14,False,0,{'id': '18'},"[{'athlete': {'id': '3062679'}}, {'athlete': {'id': '3147657'}}]",2026-05-20T00:36:02Z,False,"{'x': -214748340, 'y': -214748365}",0,Substitution,134.0
401873341124,124,"{'id': '62', 'text': 'Bad Pass\nTurnover'}","Max Strus bad pass
turnover (Mitchell Robinson steals)",13,20,1,2:09,False,0,{'id': '5'},"[{'athlete': {'id': '4065778'}}, {'athlete': {'id': '4351852'}}]",2026-05-20T00:36:34Z,False,"{'x': 7, 'y': 18}",0,Turnover,129.0
401873341126,126,"{'id': '113', 'text': 'Running Jump Shot'}",Miles McBride misses 23-foot running jump shot,13,20,1,2:03,False,0,{'id': '18'},[{'athlete': {'id': '4431823'}}],2026-05-20T00:36:40Z,True,"{'x': 2, 'y': 2}",3,Missed 3PT,123.0
401873341127,127,"{'id': '156', 'text': 'Offensive Rebound'}",Mitchell Robinson offensive rebound,13,20,1,2:00,False,0,{'id': '18'},[{'athlete': {'id': '4351852'}}],2026-05-20T00:36:43Z,False,"{'x': 2, 'y': 2}",0,Rebound,120.0
401873341128,128,"{'id': '131', 'text': 'Pullup Jump Shot'}",Josh Hart misses 19-foot pullup jump shot,13,20,1,1:46,False,0,{'id': '18'},[{'athlete': {'id': '3062679'}}],2026-05-20T00:36:57Z,True,"{'x': 41, 'y': 11}",2,Missed FG,106.0
401873341129,129,"{'id': '155', 'text': 'Defensive Rebound'}",Evan Mobley defensive rebound,13,20,1,1:43,False,0,{'id': '5'},[{'athlete': {'id': '4432158'}}],2026-05-20T00:37:00Z,False,"{'x': 41, 'y': 11}",0,Rebound,103.0
401873341131,131,"{'id': '92', 'text': 'Jump Shot'}",Donovan Mitchell misses 23-foot three point jumper,13,20,1,1:32,False,0,{'id': '5'},[{'athlete': {'id': '3908809'}}],2026-05-20T00:37:31Z,True,"{'x': 49, 'y': 4}",3,Missed 3PT,92.0
401873341132,132,"{'id': '155', 'text': 'Defensive Rebound'}",Josh Hart defensive rebound,13,20,1,1:29,False,0,{'id': '18'},[{'athlete': {'id': '3062679'}}],2026-05-20T00:37:34Z,False,"{'x': 49, 'y': 4}",0,Rebound,89.0
401873341133,133,"{'id': '113', 'text': 'Running Jump Shot'}",Jalen Brunson misses 26-foot running jump shot,13,20,1,1:24,False,0,{'id': '18'},[{'athlete': {'id': '3934672'}}],2026-05-20T00:37:39Z,True,"{'x': 39, 'y': 22}",3,Missed 3PT,84.0
401873341134,134,"{'id': '156', 'text': 'Offensive Rebound'}",Miles McBride offensive rebound,13,20,1,1:22,False,0,{'id': '18'},[{'athlete': {'id': '4431823'}}],2026-05-20T00:37:42Z,False,"{'x': 39, 'y': 22}",0,Rebound,82.0
401873341135,135,"{'id': '62', 'text': 'Bad Pass\nTurnover'}","Jordan Clarkson bad pass
turnover (Donovan Mitchell steals)",13,20,1,1:19,False,0,{'id': '18'},"[{'athlete': {'id': '2528426'}}, {'athlete': {'id': '3908809'}}]",2026-05-20T00:37:45Z,False,"{'x': 12, 'y': 20}",0,Turnover,79.0
401873341137,137,"{'id': '92', 'text': 'Jump Shot'}",Dennis Schroder misses 23-foot three point jumper,13,20,1,1:09,False,0,{'id': '5'},[{'athlete': {'id': '3032979'}}],2026-05-20T00:37:54Z,True,"{'x': 2, 'y': 5}",3,Missed 3PT,69.0
401873341138,138,"{'id': '155', 'text': 'Defensive Rebound'}",Jordan Clarkson defensive rebound,13,20,1,1:06,False,0,{'id': '18'},[{'athlete': {'id': '2528426'}}],2026-05-20T00:37:57Z,False,"{'x': 2, 'y': 5}",0,Rebound,66.0
401873341139,139,"{'id': '131', 'text': 'Pullup Jump Shot'}",Jalen Brunson misses 26-foot three point pullup jump shot,13,20,1,55.5,False,0,{'id': '18'},[{'athlete': {'id': '3934672'}}],2026-05-20T00:38:09Z,True,"{'x': 35, 'y': 25}",3,Missed 3PT,55.5
401873341140,140,"{'id': '155', 'text': 'Defensive Rebound'}",Donovan Mitchell defensive rebound,13,20,1,52.2,False,0,{'id': '5'},[{'athlete': {'id': '3908809'}}],2026-05-20T00:38:12Z,False,"{'x': 35, 'y': 25}",0,Rebound,52.2
401873341141,141,"{'id': '109', 'text': 'Running Layup Shot'}",Sam Merrill makes running layup (Donovan Mitchell assists),15,20,1,47.8,True,2,{'id': '5'},"[{'athlete': {'id': '4066757'}}, {'athlete': {'id': '3908809'}}]",2026-05-20T00:38:18Z,True,"{'x': 23, 'y': 1}",2,+2 Points,47.8
401873341143,143,"{'id': '44', 'text': 'Shooting Foul'}",Josh Hart shooting foul,15,20,1,47.8,False,0,{'id': '18'},[{'athlete': {'id': '3062679'}}],2026-05-20T00:38:20Z,False,"{'x': 23, 'y': 1}",0,Foul,47.8
401873341145,145,"{'id': '97', 'text': 'Free Throw - 1 of 1'}",Sam Merrill makes free throw 1 of 1,16,20,1,47.8,True,1,{'id': '5'},[{'athlete': {'id': '4066757'}}],2026-05-20T00:38:50Z,True,"{'x': -214748340, 'y': -214748365}",1,+1 Point,47.8
401873341146,146,"{'id': '131', 'text': 'Pullup Jump Shot'}",Jordan Clarkson makes 24-foot three pointer (Mitchell Robinson assists),16,23,1,33.2,True,3,{'id': '18'},"[{'athlete': {'id': '2528426'}}, {'athlete': {'id': '4351852'}}]",2026-05-20T00:39:07Z,True,"{'x': 14, 'y': 23}",3,+3 Points,33.2
401873341148,148,"{'id': '121', 'text': 'Fade Away Jump Shot'}",Donovan Mitchell misses 15-foot fade away jump shot,16,23,1,17.6,False,0,{'id': '5'},[{'athlete': {'id': '3908809'}}],2026-05-20T00:39:28Z,True,"{'x': 34, 'y': 13}",2,Missed FG,17.6
401873341149,149,"{'id': '155', 'text': 'Defensive Rebound'}",Josh Hart defensive rebound,16,23,1,15.4,False,0,{'id': '18'},[{'athlete': {'id': '3062679'}}],2026-05-20T00:39:30Z,False,"{'x': 34, 'y': 13}",0,Rebound,15.4
401873341151,151,"{'id': '45', 'text': 'Personal Foul'}",Max Strus personal foul,16,23,1,1.9,False,0,{'id': '5'},[{'athlete': {'id': '4065778'}}],2026-05-20T00:39:54Z,False,"{'x': 28, 'y': 16}",0,Foul,1.9
401873341153,153,"{'id': '584', 'text': 'Substitution'}",Karl-Anthony Towns enters the game for Mitchell Robinson,16,23,1,1.9,False,0,{'id': '18'},"[{'athlete': {'id': '3136195'}}, {'athlete': {'id': '4351852'}}]",2026-05-20T00:39:54Z,False,"{'x': -214748340, 'y': -214748365}",0,Substitution,1.9
401873341154,154,"{'id': '584', 'text': 'Substitution'}",Dean Wade enters the game for Sam Merrill,16,23,1,1.9,False,0,{'id': '5'},"[{'athlete': {'id': '3912848'}}, {'athlete': {'id': '4066757'}}]",2026-05-20T00:39:54Z,False,"{'x': -214748340, 'y': -214748365}",0,Substitution,1.9
401873341155,155,"{'id': '584', 'text': 'Substitution'}",Jarrett Allen enters the game for Donovan Mitchell,16,23,1,1.9,False,0,{'id': '5'},"[{'athlete': {'id': '4066328'}}, {'athlete': {'id': '3908809'}}]",2026-05-20T00:39:54Z,False,"{'x': -214748340, 'y': -214748365}",0,Substitution,1.9
401873341159,159,"{'id': '131', 'text': 'Pullup Jump Shot'}",Jalen Brunson misses 27-foot three point pullup jump shot,16,23,1,0.0,False,0,{'id': '18'},[{'athlete': {'id': '3934672'}}],2026-05-20T00:40:38Z,True,"{'x': 16, 'y': 27}",3,Missed 3PT,0.0
401873341160,160,"{'id': '156', 'text': 'Offensive Rebound'}",Knicks offensive team rebound,16,23,1,0.0,False,0,{'id': '18'},,2026-05-20T00:40:41Z,False,"{'x': 16, 'y': 27}",0,Rebound,0.0
401873341161,161,"{'id': '412', 'text': 'End Period'}",End of the 1st Quarter,16,23,1,0.0,False,0,,,2026-05-20T00:40:41Z,False,"{'x': -214748340, 'y': -214748365}",0,End of 1st,0.0
401873341162,162,"{'id': '584', 'text': 'Substitution'}",Jose Alvarado enters the game for Jalen Brunson,16,23,2,12:00,False,0,{'id': '18'},"[{'athlete': {'id': '4277869'}}, {'athlete': {'id': '3934672'}}]",2026-05-20T00:44:08Z,False,"{'x': -214748340, 'y': -214748365}",0,Substitution,720.0
401873341163,163,"{'id': '584', 'text': 'Substitution'}",Donovan Mitchell enters the game for Jarrett Allen,16,23,2,12:00,False,0,{'id': '5'},"[{'athlete': {'id': '3908809'}}, {'athlete': {'id': '4066328'}}]",2026-05-20T00:44:08Z,False,"{'x': -214748340, 'y': -214748365}",0,Substitution,720.0
401873341167,167,"{'id': '121', 'text': 'Fade Away Jump Shot'}",Evan Mobley misses 19-foot fade away jump shot,16,23,2,11:36,False,0,{'id': '5'},[{'athlete': {'id': '4432158'}}],2026-05-20T00:44:45Z,True,"{'x': 21, 'y': 19}",2,Missed FG,696.0
401873341168,168,"{'id': '155', 'text': 'Defensive Rebound'}",Josh Hart defensive rebound,16,23,2,11:33,False,0,{'id': '18'},[{'athlete': {'id': '3062679'}}],2026-05-20T00:44:48Z,False,"{'x': 21, 'y': 19}",0,Rebound,693.0
401873341169,169,"{'id': '146', 'text': 'Running Pullup Jump Shot'}",Jose Alvarado misses running pullup jump shot,16,23,2,11:28,False,0,{'id': '18'},[{'athlete': {'id': '4277869'}}],2026-05-20T00:44:52Z,True,"{'x': 14, 'y': 23}",3,Missed 3PT,688.0
401873341170,170,"{'id': '155', 'text': 'Defensive Rebound'}",Donovan Mitchell defensive rebound,16,23,2,11:25,False,0,{'id': '5'},[{'athlete': {'id': '3908809'}}],2026-05-20T00:44:55Z,False,"{'x': 14, 'y': 23}",0,Rebound,685.0
401873341171,171,"{'id': '110', 'text': 'Driving Layup Shot'}",Donovan Mitchell makes driving layup,18,23,2,11:17,True,2,{'id': '5'},[{'athlete': {'id': '3908809'}}],2026-05-20T00:45:04Z,True,"{'x': 26, 'y': 1}",2,+2 Points,677.0
401873341172,172,"{'id': '92', 'text': 'Jump Shot'}",Josh Hart misses 24-foot three point jumper,18,23,2,10:52,False,0,{'id': '18'},[{'athlete': {'id': '3062679'}}],2026-05-20T00:45:28Z,True,"{'x': 12, 'y': 21}",3,Missed 3PT,652.0
401873341173,173,"{'id': '155', 'text': 'Defensive Rebound'}",Cavaliers defensive team rebound,18,23,2,10:51,False,0,{'id': '5'},,2026-05-20T00:45:29Z,False,"{'x': 12, 'y': 21}",0,Rebound,651.0
401873341175,175,"{'id': '92', 'text': 'Jump Shot'}",Evan Mobley misses 25-foot three point jumper,18,23,2,10:34,False,0,{'id': '5'},[{'athlete': {'id': '4432158'}}],2026-05-20T00:45:56Z,True,"{'x': 11, 'y': 21}",3,Missed 3PT,634.0
401873341176,176,"{'id': '155', 'text': 'Defensive Rebound'}",Josh Hart defensive rebound,18,23,2,10:31,False,0,{'id': '18'},[{'athlete': {'id': '3062679'}}],2026-05-20T00:45:59Z,False,"{'x': 11, 'y': 21}",0,Rebound,631.0
401873341177,177,"{'id': '144', 'text': 'Driving Floating Jump Shot'}",Jose Alvarado makes 1-foot driving floating jump shot (Josh Hart assists),18,25,2,10:23,True,2,{'id': '18'},"[{'athlete': {'id': '4277869'}}, {'athlete': {'id': '3062679'}}]",2026-05-20T00:46:07Z,True,"{'x': 24, 'y': 1}",2,+2 Points,623.0
401873341179,179,"{'id': '145', 'text': 'Driving Floating Bank Jump Shot'}",Evan Mobley makes 9-foot two point shot,20,25,2,10:06,True,2,{'id': '5'},[{'athlete': {'id': '4432158'}}],2026-05-20T00:46:24Z,True,"{'x': 17, 'y': 5}",2,+2 Points,606.0
401873341180,180,"{'id': '141', 'text': 'Cutting Layup Shot'}",Karl-Anthony Towns makes 1-foot layup (Josh Hart assists),20,27,2,9:52,True,2,{'id': '18'},"[{'athlete': {'id': '3136195'}}, {'athlete': {'id': '3062679'}}]",2026-05-20T00:46:38Z,True,"{'x': 26, 'y': 1}",2,+2 Points,592.0
401873341182,182,"{'id': '92', 'text': 'Jump Shot'}",Dennis Schroder misses 26-foot three point jumper,20,27,2,9:34,False,0,{'id': '5'},[{'athlete': {'id': '3032979'}}],2026-05-20T00:46:56Z,True,"{'x': 9, 'y': 22}",3,Missed 3PT,574.0
401873341183,183,"{'id': '155', 'text': 'Defensive Rebound'}",Jordan Clarkson defensive rebound,20,27,2,9:31,False,0,{'id': '18'},[{'athlete': {'id': '2528426'}}],2026-05-20T00:46:59Z,False,"{'x': 9, 'y': 22}",0,Rebound,571.0
401873341184,184,"{'id': '110', 'text': 'Driving Layup Shot'}",Josh Hart makes driving layup,20,29,2,9:25,True,2,{'id': '18'},[{'athlete': {'id': '3062679'}}],2026-05-20T00:47:05Z,True,"{'x': 25, 'y': 2}",2,+2 Points,565.0
401873341185,185,"{'id': '110', 'text': 'Driving Layup Shot'}",Evan Mobley makes driving layup,22,29,2,9:05,True,2,{'id': '5'},[{'athlete': {'id': '4432158'}}],2026-05-20T00:47:25Z,True,"{'x': 23, 'y': 2}",2,+2 Points,545.0
401873341186,186,"{'id': '119', 'text': 'Driving Hook Shot'}",Josh Hart makes 3-foot two point shot,22,31,2,8:55,True,2,{'id': '18'},[{'athlete': {'id': '3062679'}}],2026-05-20T00:47:35Z,True,"{'x': 26, 'y': 3}",2,+2 Points,535.0
401873341187,187,"{'id': '110', 'text': 'Driving Layup Shot'}",Dennis Schroder misses driving layup,22,31,2,8:42,False,0,{'id': '5'},[{'athlete': {'id': '3032979'}}],2026-05-20T00:47:48Z,True,"{'x': 26, 'y': 0}",2,Missed FG,522.0
401873341188,188,"{'id': '155', 'text': 'Defensive Rebound'}",Karl-Anthony Towns defensive rebound,22,31,2,8:40,False,0,{'id': '18'},[{'athlete': {'id': '3136195'}}],2026-05-20T00:47:50Z,False,"{'x': 26, 'y': 0}",0,Rebound,520.0
401873341189,189,"{'id': '92', 'text': 'Jump Shot'}",Karl-Anthony Towns misses 26-foot three point jumper,22,31,2,8:30,False,0,{'id': '18'},[{'athlete': {'id': '3136195'}}],2026-05-20T00:48:00Z,True,"{'x': 24, 'y': 27}",3,Missed 3PT,510.0
401873341190,190,"{'id': '155', 'text': 'Defensive Rebound'}",Evan Mobley defensive rebound,22,31,2,8:27,False,0,{'id': '5'},[{'athlete': {'id': '4432158'}}],2026-05-20T00:48:03Z,False,"{'x': 24, 'y': 27}",0,Rebound,507.0
401873341191,191,"{'id': '45', 'text': 'Personal Foul'}",Miles McBride personal foul,22,31,2,8:23,False,0,{'id': '18'},[{'athlete': {'id': '4431823'}}],2026-05-20T00:48:13Z,False,"{'x': 23, 'y': 14}",0,Foul,503.0
401873341193,193,"{'id': '584', 'text': 'Substitution'}",Mikal Bridges enters the game for Jordan Clarkson,22,31,2,8:23,False,0,{'id': '18'},"[{'athlete': {'id': '3147657'}}, {'athlete': {'id': '2528426'}}]",2026-05-20T00:48:13Z,False,"{'x': -214748340, 'y': -214748365}",0,Substitution,503.0
401873341194,194,"{'id': '584', 'text': 'Substitution'}",Landry Shamet enters the game for Miles McBride,22,31,2,8:23,False,0,{'id': '18'},"[{'athlete': {'id': '3914044'}}, {'athlete': {'id': '4431823'}}]",2026-05-20T00:48:13Z,False,"{'x': -214748340, 'y': -214748365}",0,Substitution,503.0
401873341195,195,"{'id': '584', 'text': 'Substitution'}",Mitchell Robinson enters the game for Josh Hart,22,31,2,8:23,False,0,{'id': '18'},"[{'athlete': {'id': '4351852'}}, {'athlete': {'id': '3062679'}}]",2026-05-20T00:48:13Z,False,"{'x': -214748340, 'y': -214748365}",0,Substitution,503.0
401873341196,196,"{'id': '584', 'text': 'Substitution'}",Keon Ellis enters the game for Max Strus,22,31,2,8:23,False,0,{'id': '5'},"[{'athlete': {'id': '4702177'}}, {'athlete': {'id': '4065778'}}]",2026-05-20T00:48:13Z,False,"{'x': -214748340, 'y': -214748365}",0,Substitution,503.0
401873341197,197,"{'id': '584', 'text': 'Substitution'}",James Harden enters the game for Evan Mobley,22,31,2,8:23,False,0,{'id': '5'},"[{'athlete': {'id': '3992'}}, {'athlete': {'id': '4432158'}}]",2026-05-20T00:48:13Z,False,"{'x': -214748340, 'y': -214748365}",0,Substitution,503.0
401873341198,198,"{'id': '584', 'text': 'Substitution'}",Jarrett Allen enters the game for Dennis Schroder,22,31,2,8:23,False,0,{'id': '5'},"[{'athlete': {'id': '4066328'}}, {'athlete': {'id': '3032979'}}]",2026-05-20T00:48:13Z,False,"{'x': -214748340, 'y': -214748365}",0,Substitution,503.0
401873341205,205,"{'id': '92', 'text': 'Jump Shot'}",Dean Wade makes 23-foot three point jumper (James Harden assists),25,31,2,8:15,True,3,{'id': '5'},"[{'athlete': {'id': '3912848'}}, {'athlete': {'id': '3992'}}]",2026-05-20T00:49:01Z,True,"{'x': 48, 'y': 4}",3,+3 Points,495.0
401873341207,207,"{'id': '144', 'text': 'Driving Floating Jump Shot'}",Jose Alvarado makes 8-foot driving floating jump shot,25,33,2,7:56,True,2,{'id': '18'},[{'athlete': {'id': '4277869'}}],2026-05-20T00:49:20Z,True,"{'x': 31, 'y': 5}",2,+2 Points,476.0
401873341208,208,"{'id': '87', 'text': 'Out of Bounds - Lost Ball Turnover'}",Keon Ellis out of bounds lost ball turnover,25,33,2,7:29,False,0,{'id': '5'},[{'athlete': {'id': '4702177'}}],2026-05-20T00:49:50Z,False,"{'x': 4, 'y': 4}",0,Turnover,449.0
401873341209,209,"{'id': '16', 'text': 'Full Timeout'}",Knicks Full timeout,25,33,2,7:29,False,0,{'id': '18'},,2026-05-20T00:50:18Z,False,"{'x': -214748340, 'y': -214748365}",0,Timeout,449.0
401873341210,210,"{'id': '584', 'text': 'Substitution'}",Jalen Brunson enters the game for Karl-Anthony Towns,25,33,2,7:29,False,0,{'id': '18'},"[{'athlete': {'id': '3934672'}}, {'athlete': {'id': '3136195'}}]",2026-05-20T00:50:18Z,False,"{'x': -214748340, 'y': -214748365}",0,Substitution,449.0
401873341211,211,"{'id': '584', 'text': 'Substitution'}",OG Anunoby enters the game for Jose Alvarado,25,33,2,7:29,False,0,{'id': '18'},"[{'athlete': {'id': '3934719'}}, {'athlete': {'id': '4277869'}}]",2026-05-20T00:50:18Z,False,"{'x': -214748340, 'y': -214748365}",0,Substitution,449.0
401873341212,212,"{'id': '584', 'text': 'Substitution'}",Sam Merrill enters the game for Donovan Mitchell,25,33,2,7:29,False,0,{'id': '5'},"[{'athlete': {'id': '4066757'}}, {'athlete': {'id': '3908809'}}]",2026-05-20T00:50:18Z,False,"{'x': -214748340, 'y': -214748365}",0,Substitution,449.0
401873341216,216,"{'id': '45', 'text': 'Personal Foul'}",Keon Ellis personal foul,25,33,2,7:13,False,0,{'id': '5'},[{'athlete': {'id': '4702177'}}],2026-05-20T00:54:19Z,False,"{'x': 24, 'y': 10}",0,Foul,433.0
401873341219,219,"{'id': '70', 'text': 'Shot Clock Turnover'}",shot clock turnover ,25,33,2,6:59,False,0,{'id': '18'},,2026-05-20T00:55:27Z,False,"{'x': 42, 'y': 21}",0,Turnover,419.0
401873341220,220,"{'id': '144', 'text': 'Driving Floating Jump Shot'}",James Harden makes 5-foot driving floating jump shot,27,33,2,6:49,True,2,{'id': '5'},[{'athlete': {'id': '3992'}}],2026-05-20T00:55:46Z,True,"{'x': 25, 'y': 6}",2,+2 Points,409.0
401873341221,221,"{'id': '92', 'text': 'Jump Shot'}",OG Anunoby misses 25-foot three point jumper,27,33,2,6:26,False,0,{'id': '18'},[{'athlete': {'id': '3934719'}}],2026-05-20T00:56:10Z,True,"{'x': 47, 'y': 14}",3,Missed 3PT,386.0
401873341222,222,"{'id': '155', 'text': 'Defensive Rebound'}",Cavaliers defensive team rebound,27,33,2,6:25,False,0,{'id': '5'},,2026-05-20T00:56:11Z,False,"{'x': 47, 'y': 14}",0,Rebound,385.0
401873341224,224,"{'id': '63', 'text': 'Lost Ball Turnover'}",James Harden lost ball turnover (Jalen Brunson steals),27,33,2,6:15,False,0,{'id': '5'},"[{'athlete': {'id': '3992'}}, {'athlete': {'id': '3934672'}}]",2026-05-20T00:56:29Z,False,"{'x': 26, 'y': 39}",0,Turnover,375.0
401873341226,226,"{'id': '110', 'text': 'Driving Layup Shot'}",Jalen Brunson makes driving layup,27,35,2,6:12,True,2,{'id': '18'},[{'athlete': {'id': '3934672'}}],2026-05-20T00:56:33Z,True,"{'x': 26, 'y': 2}",2,+2 Points,372.0
401873341249,249,"{'id': '87', 'text': 'Out of Bounds - Lost Ball Turnover'}",Keon Ellis out of bounds lost ball turnover,27,35,2,5:50,False,0,{'id': '5'},[{'athlete': {'id': '4702177'}}],2026-05-20T00:56:46Z,False,"{'x': 28, 'y': 2}",0,Turnover,350.0
401873341231,231,"{'id': '128', 'text': 'Driving Finger Roll Layup'}",Landry Shamet misses two point shot,27,35,2,5:34,False,0,{'id': '18'},[{'athlete': {'id': '3914044'}}],2026-05-20T00:57:23Z,True,"{'x': 23, 'y': 4}",2,Missed FG,334.0
401873341232,232,"{'id': '156', 'text': 'Offensive Rebound'}",Knicks offensive team rebound,27,35,2,5:33,False,0,{'id': '18'},,2026-05-20T00:57:24Z,False,"{'x': 23, 'y': 4}",0,Rebound,333.0
401873341234,234,"{'id': '92', 'text': 'Jump Shot'}",OG Anunoby makes 23-foot three point jumper (Jalen Brunson assists),27,38,2,5:24,True,3,{'id': '18'},"[{'athlete': {'id': '3934719'}}, {'athlete': {'id': '3934672'}}]",2026-05-20T00:57:54Z,True,"{'x': 48, 'y': 1}",3,+3 Points,324.0
401873341236,236,"{'id': '44', 'text': 'Shooting Foul'}",Mitchell Robinson shooting foul,27,38,2,5:10,False,0,{'id': '18'},[{'athlete': {'id': '4351852'}}],2026-05-20T00:58:12Z,False,"{'x': 24, 'y': 1}",0,Foul,310.0
401873341238,238,"{'id': '98', 'text': 'Free Throw - 1 of 2'}",Keon Ellis makes free throw 1 of 2,28,38,2,5:10,True,1,{'id': '5'},[{'athlete': {'id': '4702177'}}],2026-05-20T00:58:43Z,True,"{'x': -214748340, 'y': -214748365}",1,+1 Point,310.0
401873341239,239,"{'id': '584', 'text': 'Substitution'}",Josh Hart enters the game for Landry Shamet,28,38,2,5:10,False,0,{'id': '18'},"[{'athlete': {'id': '3062679'}}, {'athlete': {'id': '3914044'}}]",2026-05-20T00:58:43Z,False,"{'x': -214748340, 'y': -214748365}",0,Substitution,310.0
401873341241,241,"{'id': '99', 'text': 'Free Throw - 2 of 2'}",Keon Ellis makes free throw 2 of 2,29,38,2,5:10,True,1,{'id': '5'},[{'athlete': {'id': '4702177'}}],2026-05-20T00:59:10Z,True,"{'x': -214748340, 'y': -214748365}",1,+1 Point,310.0
401873341242,242,"{'id': '64', 'text': 'Traveling'}",OG Anunoby traveling turnover,29,38,2,4:58,False,0,{'id': '18'},[{'athlete': {'id': '3934719'}}],2026-05-20T00:59:31Z,False,"{'x': 31, 'y': 3}",0,Turnover,298.0
401873341243,243,"{'id': '92', 'text': 'Jump Shot'}",Sam Merrill makes 24-foot three point jumper (James Harden assists),32,38,2,4:50,True,3,{'id': '5'},"[{'athlete': {'id': '4066757'}}, {'athlete': {'id': '3992'}}]",2026-05-20T00:59:50Z,True,"{'x': 36, 'y': 22}",3,+3 Points,290.0
401873341245,245,"{'id': '131', 'text': 'Pullup Jump Shot'}",Jalen Brunson misses 25-foot three point pullup jump shot,32,38,2,4:35,False,0,{'id': '18'},[{'athlete': {'id': '3934672'}}],2026-05-20T01:00:05Z,True,"{'x': 32, 'y': 25}",3,Missed 3PT,275.0
401873341246,246,"{'id': '155', 'text': 'Defensive Rebound'}",James Harden defensive rebound,32,38,2,4:32,False,0,{'id': '5'},[{'athlete': {'id': '3992'}}],2026-05-20T01:00:08Z,False,"{'x': 32, 'y': 25}",0,Rebound,272.0
401873341247,247,"{'id': '146', 'text': 'Running Pullup Jump Shot'}",James Harden makes 30-foot running pullup jump shot,35,38,2,4:26,True,3,{'id': '5'},[{'athlete': {'id': '3992'}}],2026-05-20T01:00:13Z,True,"{'x': 27, 'y': 31}",3,+3 Points,266.0
401873341248,248,"{'id': '16', 'text': 'Full Timeout'}",Knicks Full timeout,35,38,2,4:25,False,0,{'id': '18'},,2026-05-20T01:00:18Z,False,"{'x': -214748340, 'y': -214748365}",0,Timeout,265.0
401873341250,250,"{'id': '584', 'text': 'Substitution'}",Karl-Anthony Towns enters the game for Mitchell Robinson,35,38,2,4:25,False,0,{'id': '18'},"[{'athlete': {'id': '3136195'}}, {'athlete': {'id': '4351852'}}]",2026-05-20T01:00:18Z,False,"{'x': -214748340, 'y': -214748365}",0,Substitution,265.0
401873341252,252,"{'id': '62', 'text': 'Bad Pass\nTurnover'}","Jalen Brunson bad pass
turnover (Sam Merrill steals)",35,38,2,4:01,False,0,{'id': '18'},"[{'athlete': {'id': '3934672'}}, {'athlete': {'id': '4066757'}}]",2026-05-20T01:04:26Z,False,"{'x': 33, 'y': 2}",0,Turnover,241.0
401873341254,254,"{'id': '92', 'text': 'Jump Shot'}",Dean Wade misses 23-foot three point jumper,35,38,2,3:50,False,0,{'id': '5'},[{'athlete': {'id': '3912848'}}],2026-05-20T01:04:37Z,True,"{'x': 2, 'y': 1}",3,Missed 3PT,230.0
401873341255,255,"{'id': '156', 'text': 'Offensive Rebound'}",Jarrett Allen offensive rebound,35,38,2,3:47,False,0,{'id': '5'},[{'athlete': {'id': '4066328'}}],2026-05-20T01:04:40Z,False,"{'x': 2, 'y': 1}",0,Rebound,227.0
401873341256,256,"{'id': '45', 'text': 'Personal Foul'}",Jalen Brunson personal foul,35,38,2,3:43,False,0,{'id': '18'},[{'athlete': {'id': '3934672'}}],2026-05-20T01:04:46Z,False,"{'x': 16, 'y': 10}",0,Foul,223.0
401873341258,258,"{'id': '44', 'text': 'Shooting Foul'}",OG Anunoby shooting foul,35,38,2,3:32,False,0,{'id': '18'},[{'athlete': {'id': '3934719'}}],2026-05-20T01:05:23Z,False,"{'x': 25, 'y': 8}",0,Foul,212.0
401873341260,260,"{'id': '98', 'text': 'Free Throw - 1 of 2'}",Jarrett Allen makes free throw 1 of 2,36,38,2,3:32,True,1,{'id': '5'},[{'athlete': {'id': '4066328'}}],2026-05-20T01:05:44Z,True,"{'x': -214748340, 'y': -214748365}",1,+1 Point,212.0
401873341261,261,"{'id': '99', 'text': 'Free Throw - 2 of 2'}",Jarrett Allen makes free throw 2 of 2,37,38,2,3:32,True,1,{'id': '5'},[{'athlete': {'id': '4066328'}}],2026-05-20T01:06:02Z,True,"{'x': -214748340, 'y': -214748365}",1,+1 Point,212.0
401873341262,262,"{'id': '110', 'text': 'Driving Layup Shot'}",Josh Hart makes driving layup (Karl-Anthony Towns assists),37,40,2,3:16,True,2,{'id': '18'},"[{'athlete': {'id': '3062679'}}, {'athlete': {'id': '3136195'}}]",2026-05-20T01:06:22Z,True,"{'x': 24, 'y': 2}",2,+2 Points,196.0
401873341263,263,"{'id': '119', 'text': 'Driving Hook Shot'}",Jarrett Allen misses 4-foot two point shot,37,40,2,2:59,False,0,{'id': '5'},[{'athlete': {'id': '4066328'}}],2026-05-20T01:06:41Z,True,"{'x': 24, 'y': 5}",2,Missed FG,179.0
401873341264,264,"{'id': '155', 'text': 'Defensive Rebound'}",Karl-Anthony Towns defensive rebound,37,40,2,2:58,False,0,{'id': '18'},[{'athlete': {'id': '3136195'}}],2026-05-20T01:06:42Z,False,"{'x': 24, 'y': 5}",0,Rebound,178.0
401873341265,265,"{'id': '45', 'text': 'Personal Foul'}",Sam Merrill personal foul,37,40,2,2:56,False,0,{'id': '5'},[{'athlete': {'id': '4066757'}}],2026-05-20T01:06:54Z,False,"{'x': 40, 'y': 19}",0,Foul,176.0
401873341268,268,"{'id': '584', 'text': 'Substitution'}",Max Strus enters the game for Dean Wade,37,40,2,2:56,False,0,{'id': '5'},"[{'athlete': {'id': '4065778'}}, {'athlete': {'id': '3912848'}}]",2026-05-20T01:06:54Z,False,"{'x': -214748340, 'y': -214748365}",0,Substitution,176.0
401873341269,269,"{'id': '584', 'text': 'Substitution'}",Donovan Mitchell enters the game for Keon Ellis,37,40,2,2:56,False,0,{'id': '5'},"[{'athlete': {'id': '3908809'}}, {'athlete': {'id': '4702177'}}]",2026-05-20T01:06:54Z,False,"{'x': -214748340, 'y': -214748365}",0,Substitution,176.0
401873341270,270,"{'id': '584', 'text': 'Substitution'}",Evan Mobley enters the game for Sam Merrill,37,40,2,2:56,False,0,{'id': '5'},"[{'athlete': {'id': '4432158'}}, {'athlete': {'id': '4066757'}}]",2026-05-20T01:06:54Z,False,"{'x': -214748340, 'y': -214748365}",0,Substitution,176.0
401873341274,274,"{'id': '92', 'text': 'Jump Shot'}",Josh Hart misses 25-foot three point jumper,37,40,2,2:46,False,0,{'id': '18'},[{'athlete': {'id': '3062679'}}],2026-05-20T01:07:23Z,True,"{'x': 21, 'y': 25}",3,Missed 3PT,166.0
401873341275,275,"{'id': '155', 'text': 'Defensive Rebound'}",Cavaliers defensive team rebound,37,40,2,2:44,False,0,{'id': '5'},,2026-05-20T01:07:25Z,False,"{'x': 21, 'y': 25}",0,Rebound,164.0
401873341277,277,"{'id': '63', 'text': 'Lost Ball Turnover'}",James Harden lost ball turnover (Jalen Brunson steals),37,40,2,2:28,False,0,{'id': '5'},"[{'athlete': {'id': '3992'}}, {'athlete': {'id': '3934672'}}]",2026-05-20T01:07:45Z,False,"{'x': 25, 'y': 5}",0,Turnover,148.0
401873341279,279,"{'id': '92', 'text': 'Jump Shot'}",Mikal Bridges makes 9-foot jumper (Karl-Anthony Towns assists),37,42,2,2:12,True,2,{'id': '18'},"[{'athlete': {'id': '3147657'}}, {'athlete': {'id': '3136195'}}]",2026-05-20T01:08:02Z,True,"{'x': 17, 'y': 6}",2,+2 Points,132.0
401873341281,281,"{'id': '92', 'text': 'Jump Shot'}",Donovan Mitchell makes 25-foot three point jumper (Jarrett Allen assists),40,42,2,2:01,True,3,{'id': '5'},"[{'athlete': {'id': '3908809'}}, {'athlete': {'id': '4066328'}}]",2026-05-20T01:08:17Z,True,"{'x': 37, 'y': 23}",3,+3 Points,121.0
401873341283,283,"{'id': '44', 'text': 'Shooting Foul'}",Mikal Bridges shooting foul,40,42,2,2:01,False,0,{'id': '18'},[{'athlete': {'id': '3147657'}}],2026-05-20T01:08:20Z,False,"{'x': 37, 'y': 23}",0,Foul,121.0
401873341285,285,"{'id': '97', 'text': 'Free Throw - 1 of 1'}",Donovan Mitchell makes free throw 1 of 1,41,42,2,2:01,True,1,{'id': '5'},[{'athlete': {'id': '3908809'}}],2026-05-20T01:08:49Z,True,"{'x': -214748340, 'y': -214748365}",1,+1 Point,121.0
401873341286,286,"{'id': '92', 'text': 'Jump Shot'}",Mikal Bridges misses 23-foot three point jumper,41,42,2,1:44,False,0,{'id': '18'},[{'athlete': {'id': '3147657'}}],2026-05-20T01:09:07Z,True,"{'x': 2, 'y': -1}",3,Missed 3PT,104.0
401873341287,287,"{'id': '155', 'text': 'Defensive Rebound'}",Cavaliers defensive team rebound,41,42,2,1:43,False,0,{'id': '5'},,2026-05-20T01:09:08Z,False,"{'x': 2, 'y': -1}",0,Rebound,103.0
401873341289,289,"{'id': '90', 'text': 'Out of Bounds - Bad Pass Turnover'}",James Harden out of bounds bad pass turnover,41,42,2,1:35,False,0,{'id': '5'},[{'athlete': {'id': '3992'}}],2026-05-20T01:09:26Z,False,"{'x': 47, 'y': 14}",0,Turnover,95.0
401873341290,290,"{'id': '62', 'text': 'Bad Pass\nTurnover'}","Mikal Bridges bad pass
turnover (Jarrett Allen steals)",41,42,2,1:27,False,0,{'id': '18'},"[{'athlete': {'id': '3147657'}}, {'athlete': {'id': '4066328'}}]",2026-05-20T01:09:39Z,False,"{'x': 26, 'y': 2}",0,Turnover,87.0
401873341292,292,"{'id': '62', 'text': 'Bad Pass\nTurnover'}","Evan Mobley bad pass
turnover (OG Anunoby steals)",41,42,2,1:26,False,0,{'id': '5'},"[{'athlete': {'id': '4432158'}}, {'athlete': {'id': '3934719'}}]",2026-05-20T01:09:43Z,False,"{'x': 41, 'y': 0}",0,Turnover,86.0
401873341294,294,"{'id': '44', 'text': 'Shooting Foul'}",Jarrett Allen shooting foul,41,42,2,1:26,False,0,{'id': '5'},[{'athlete': {'id': '4066328'}}],2026-05-20T01:09:46Z,False,"{'x': 28, 'y': 1}",0,Foul,86.0
401873341296,296,"{'id': '98', 'text': 'Free Throw - 1 of 2'}",Josh Hart makes free throw 1 of 2,41,43,2,1:26,True,1,{'id': '18'},[{'athlete': {'id': '3062679'}}],2026-05-20T01:10:10Z,True,"{'x': -214748340, 'y': -214748365}",1,+1 Point,86.0
401873341297,297,"{'id': '99', 'text': 'Free Throw - 2 of 2'}",Josh Hart makes free throw 2 of 2,41,44,2,1:26,True,1,{'id': '18'},[{'athlete': {'id': '3062679'}}],2026-05-20T01:10:30Z,True,"{'x': -214748340, 'y': -214748365}",1,+1 Point,86.0
401873341298,298,"{'id': '92', 'text': 'Jump Shot'}",Max Strus makes 25-foot three point jumper (Evan Mobley assists),44,44,2,1:08,True,3,{'id': '5'},"[{'athlete': {'id': '4065778'}}, {'athlete': {'id': '4432158'}}]",2026-05-20T01:10:51Z,True,"{'x': 9, 'y': 20}",3,+3 Points,68.0
401873341300,300,"{'id': '132', 'text': 'Step Back Jump Shot'}",OG Anunoby misses 26-foot three point step back jumpshot,44,44,2,40.7,False,0,{'id': '18'},[{'athlete': {'id': '3934719'}}],2026-05-20T01:11:18Z,True,"{'x': 36, 'y': 25}",3,Missed 3PT,40.7
401873341301,301,"{'id': '155', 'text': 'Defensive Rebound'}",Evan Mobley defensive rebound,44,44,2,38.9,False,0,{'id': '5'},[{'athlete': {'id': '4432158'}}],2026-05-20T01:11:21Z,False,"{'x': 36, 'y': 25}",0,Rebound,38.9
401873341302,302,"{'id': '44', 'text': 'Shooting Foul'}",Josh Hart shooting foul,44,44,2,31.8,False,0,{'id': '18'},[{'athlete': {'id': '3062679'}}],2026-05-20T01:11:31Z,False,"{'x': 26, 'y': 2}",0,Foul,31.8
401873341304,304,"{'id': '98', 'text': 'Free Throw - 1 of 2'}",Jarrett Allen misses free throw 1 of 2,44,44,2,31.8,False,0,{'id': '5'},[{'athlete': {'id': '4066328'}}],2026-05-20T01:11:57Z,True,"{'x': -214748340, 'y': -214748365}",1,Missed FT,31.8
401873341305,305,"{'id': '156', 'text': 'Offensive Rebound'}",Cavaliers offensive team rebound,44,44,2,31.8,False,0,{'id': '5'},,2026-05-20T01:11:57Z,False,"{'x': -214748340, 'y': -214748365}",0,Rebound,31.8
401873341306,306,"{'id': '99', 'text': 'Free Throw - 2 of 2'}",Jarrett Allen makes free throw 2 of 2,45,44,2,31.8,True,1,{'id': '5'},[{'athlete': {'id': '4066328'}}],2026-05-20T01:12:19Z,True,"{'x': -214748340, 'y': -214748365}",1,+1 Point,31.8
401873341307,307,"{'id': '144', 'text': 'Driving Floating Jump Shot'}",Jalen Brunson makes 6-foot driving floating jump shot,45,46,2,16.4,True,2,{'id': '18'},[{'athlete': {'id': '3934672'}}],2026-05-20T01:12:39Z,True,"{'x': 21, 'y': 5}",2,+2 Points,16.4
401873341308,308,"{'id': '92', 'text': 'Jump Shot'}",Donovan Mitchell makes 26-foot three point jumper (Evan Mobley assists),48,46,2,3.0,True,3,{'id': '5'},"[{'athlete': {'id': '3908809'}}, {'athlete': {'id': '4432158'}}]",2026-05-20T01:12:56Z,True,"{'x': 8, 'y': 20}",3,+3 Points,3.0
401873341310,310,"{'id': '62', 'text': 'Bad Pass\nTurnover'}","Karl-Anthony Towns bad pass
turnover (Donovan Mitchell steals)",48,46,2,1.1,False,0,{'id': '18'},"[{'athlete': {'id': '3136195'}}, {'athlete': {'id': '3908809'}}]",2026-05-20T01:13:01Z,False,"{'x': 10, 'y': 15}",0,Turnover,1.1
401873341312,312,"{'id': '282', 'text': 'Heave Jump Shot'}",Donovan Mitchell misses heave jump shot,48,46,2,0.3,False,0,{'id': '5'},[{'athlete': {'id': '3908809'}}],2026-05-20T01:13:04Z,True,"{'x': 46, 'y': 65}",3,Missed 3PT,0.3
401873341313,313,"{'id': '156', 'text': 'Offensive Rebound'}",Cavaliers offensive team rebound,48,46,2,0.1,False,0,{'id': '5'},,2026-05-20T01:13:05Z,False,"{'x': 26, 'y': 29}",0,Rebound,0.1
401873341314,314,"{'id': '412', 'text': 'End Period'}",End of the 2nd Quarter,48,46,2,0.0,False,0,,,2026-05-20T01:13:09Z,False,"{'x': -214748340, 'y': -214748365}",0,Halftime,0.0
401873341315,315,"{'id': '584', 'text': 'Substitution'}",Dean Wade enters the game for Max Strus,48,46,3,12:00,False,0,{'id': '5'},"[{'athlete': {'id': '3912848'}}, {'athlete': {'id': '4065778'}}]",2026-05-20T01:28:08Z,False,"{'x': -214748340, 'y': -214748365}",0,Substitution,720.0
401873341318,318,"{'id': '131', 'text': 'Pullup Jump Shot'}",Donovan Mitchell misses 24-foot three point pullup jump shot,48,46,3,11:42,False,0,{'id': '5'},[{'athlete': {'id': '3908809'}}],2026-05-20T01:30:01Z,True,"{'x': 49, 'y': 7}",3,Missed 3PT,702.0
401873341319,319,"{'id': '155', 'text': 'Defensive Rebound'}",Jalen Brunson defensive rebound,48,46,3,11:40,False,0,{'id': '18'},[{'athlete': {'id': '3934672'}}],2026-05-20T01:30:03Z,False,"{'x': 49, 'y': 7}",0,Rebound,700.0
401873341320,320,"{'id': '113', 'text': 'Running Jump Shot'}",Karl-Anthony Towns misses 27-foot running jump shot,48,46,3,11:33,False,0,{'id': '18'},[{'athlete': {'id': '3136195'}}],2026-05-20T01:30:09Z,True,"{'x': 17, 'y': 26}",3,Missed 3PT,693.0
401873341321,321,"{'id': '156', 'text': 'Offensive Rebound'}",Karl-Anthony Towns offensive rebound,48,46,3,11:30,False,0,{'id': '18'},[{'athlete': {'id': '3136195'}}],2026-05-20T01:30:13Z,False,"{'x': 17, 'y': 26}",0,Rebound,690.0
401873341322,322,"{'id': '63', 'text': 'Lost Ball Turnover'}",Karl-Anthony Towns lost ball turnover (Donovan Mitchell steals),48,46,3,11:28,False,0,{'id': '18'},"[{'athlete': {'id': '3136195'}}, {'athlete': {'id': '3908809'}}]",2026-05-20T01:30:15Z,False,"{'x': 21, 'y': 27}",0,Turnover,688.0
401873341324,324,"{'id': '109', 'text': 'Running Layup Shot'}",Donovan Mitchell makes running layup,50,46,3,11:25,True,2,{'id': '5'},[{'athlete': {'id': '3908809'}}],2026-05-20T01:30:19Z,True,"{'x': 25, 'y': 1}",2,+2 Points,685.0
401873341325,325,"{'id': '45', 'text': 'Personal Foul'}",James Harden personal foul,50,46,3,11:09,False,0,{'id': '5'},[{'athlete': {'id': '3992'}}],2026-05-20T01:30:37Z,False,"{'x': 23, 'y': 6}",0,Foul,669.0
401873341327,327,"{'id': '92', 'text': 'Jump Shot'}",Karl-Anthony Towns misses 25-foot three point jumper,50,46,3,10:58,False,0,{'id': '18'},[{'athlete': {'id': '3136195'}}],2026-05-20T01:31:09Z,True,"{'x': 37, 'y': 23}",3,Missed 3PT,658.0
401873341328,328,"{'id': '156', 'text': 'Offensive Rebound'}",Karl-Anthony Towns offensive rebound,50,46,3,10:55,False,0,{'id': '18'},[{'athlete': {'id': '3136195'}}],2026-05-20T01:31:12Z,False,"{'x': 37, 'y': 23}",0,Rebound,655.0
401873341329,329,"{'id': '132', 'text': 'Step Back Jump Shot'}",Karl-Anthony Towns makes 26-foot three point step back jumpshot,50,49,3,10:53,True,3,{'id': '18'},[{'athlete': {'id': '3136195'}}],2026-05-20T01:31:15Z,True,"{'x': 33, 'y': 25}",3,+3 Points,653.0
401873341330,330,"{'id': '92', 'text': 'Jump Shot'}",James Harden misses 27-foot three point jumper,50,49,3,10:41,False,0,{'id': '5'},[{'athlete': {'id': '3992'}}],2026-05-20T01:31:26Z,True,"{'x': 43, 'y': 21}",3,Missed 3PT,641.0
401873341331,331,"{'id': '155', 'text': 'Defensive Rebound'}",Knicks defensive team rebound,50,49,3,10:40,False,0,{'id': '18'},,2026-05-20T01:31:27Z,False,"{'x': 43, 'y': 21}",0,Rebound,640.0
401873341332,332,"{'id': '43', 'text': 'Loose Ball Foul'}",Jarrett Allen loose ball foul,50,49,3,10:40,False,0,{'id': '5'},[{'athlete': {'id': '4066328'}}],2026-05-20T01:31:32Z,False,"{'x': 24, 'y': 2}",0,Foul,640.0
401873341334,334,"{'id': '42', 'text': 'Offensive Foul'}",Karl-Anthony Towns offensive foul,50,49,3,10:27,False,0,{'id': '18'},[{'athlete': {'id': '3136195'}}],2026-05-20T01:32:04Z,False,"{'x': 24, 'y': 3}",0,Foul,627.0
401873341336,336,"{'id': '16', 'text': 'Full Timeout'}",Cavaliers Full timeout,50,49,3,10:27,False,0,{'id': '5'},,2026-05-20T01:33:13Z,False,"{'x': -214748340, 'y': -214748365}",0,Timeout,627.0
401873341337,337,"{'id': '215', 'text': ""Coach's Challenge (Overturned)""}",(10:27) [Cavaliers] COACH'S CHALLENGE (CALL OVERTURNED) [Cavaliers] retain their timeout,50,49,3,10:27,False,0,{'id': '5'},,2026-05-20T01:33:15Z,False,"{'x': -214748340, 'y': -214748365}",0,Challenge,627.0
401873341338,338,"{'id': '84', 'text': 'Offensive Foul Turnover'}",Karl-Anthony Towns offensive foul turnover,50,49,3,10:27,False,0,{'id': '18'},[{'athlete': {'id': '3136195'}}],2026-05-20T01:32:04Z,False,"{'x': 24, 'y': 3}",0,Turnover,627.0
401873341339,339,"{'id': '62', 'text': 'Bad Pass\nTurnover'}","Donovan Mitchell bad pass
turnover (Karl-Anthony Towns steals)",50,49,3,10:15,False,0,{'id': '5'},"[{'athlete': {'id': '3908809'}}, {'athlete': {'id': '3136195'}}]",2026-05-20T01:36:43Z,False,"{'x': 37, 'y': 21}",0,Turnover,615.0
401873341341,341,"{'id': '62', 'text': 'Bad Pass\nTurnover'}","Josh Hart bad pass
turnover (Donovan Mitchell steals)",50,49,3,9:56,False,0,{'id': '18'},"[{'athlete': {'id': '3062679'}}, {'athlete': {'id': '3908809'}}]",2026-05-20T01:37:02Z,False,"{'x': 7, 'y': 19}",0,Turnover,596.0
401873341344,344,"{'id': '92', 'text': 'Jump Shot'}",Evan Mobley makes 22-foot three point jumper (Donovan Mitchell assists),53,49,3,9:30,True,3,{'id': '5'},"[{'athlete': {'id': '4432158'}}, {'athlete': {'id': '3908809'}}]",2026-05-20T01:37:47Z,True,"{'x': 48, 'y': 2}",3,+3 Points,570.0
401873341346,346,"{'id': '110', 'text': 'Driving Layup Shot'}",Karl-Anthony Towns makes driving layup,53,51,3,9:07,True,2,{'id': '18'},[{'athlete': {'id': '3136195'}}],2026-05-20T01:38:10Z,True,"{'x': 25, 'y': 2}",2,+2 Points,547.0
401873341347,347,"{'id': '92', 'text': 'Jump Shot'}",Dean Wade makes 23-foot three point jumper (Evan Mobley assists),56,51,3,8:59,True,3,{'id': '5'},"[{'athlete': {'id': '3912848'}}, {'athlete': {'id': '4432158'}}]",2026-05-20T01:38:18Z,True,"{'x': 48, 'y': 1}",3,+3 Points,539.0
401873341349,349,"{'id': '121', 'text': 'Fade Away Jump Shot'}",Karl-Anthony Towns misses 14-foot fade away jump shot,56,51,3,8:39,False,0,{'id': '18'},[{'athlete': {'id': '3136195'}}],2026-05-20T01:38:38Z,True,"{'x': 17, 'y': 13}",2,Missed FG,519.0
401873341350,350,"{'id': '155', 'text': 'Defensive Rebound'}",Dean Wade defensive rebound,56,51,3,8:36,False,0,{'id': '5'},[{'athlete': {'id': '3912848'}}],2026-05-20T01:38:41Z,False,"{'x': 17, 'y': 13}",0,Rebound,516.0
401873341351,351,"{'id': '92', 'text': 'Jump Shot'}",Donovan Mitchell misses 25-foot three point jumper,56,51,3,8:28,False,0,{'id': '5'},[{'athlete': {'id': '3908809'}}],2026-05-20T01:38:49Z,True,"{'x': 45, 'y': 16}",3,Missed 3PT,508.0
401873341352,352,"{'id': '156', 'text': 'Offensive Rebound'}",Evan Mobley offensive rebound,56,51,3,8:26,False,0,{'id': '5'},[{'athlete': {'id': '4432158'}}],2026-05-20T01:38:52Z,False,"{'x': 45, 'y': 16}",0,Rebound,506.0
401873341353,353,"{'id': '145', 'text': 'Driving Floating Bank Jump Shot'}",Evan Mobley misses two point shot,56,51,3,8:21,False,0,{'id': '5'},[{'athlete': {'id': '4432158'}}],2026-05-20T01:38:57Z,True,"{'x': 24, 'y': 2}",2,Missed FG,501.0
401873341354,354,"{'id': '156', 'text': 'Offensive Rebound'}",Jarrett Allen offensive rebound,56,51,3,8:19,False,0,{'id': '5'},[{'athlete': {'id': '4066328'}}],2026-05-20T01:38:59Z,False,"{'x': 24, 'y': 2}",0,Rebound,499.0
401873341355,355,"{'id': '44', 'text': 'Shooting Foul'}",Jalen Brunson shooting foul,56,51,3,8:19,False,0,{'id': '18'},[{'athlete': {'id': '3934672'}}],2026-05-20T01:39:01Z,False,"{'x': 27, 'y': 3}",0,Foul,499.0
401873341357,357,"{'id': '98', 'text': 'Free Throw - 1 of 2'}",Jarrett Allen misses free throw 1 of 2,56,51,3,8:19,False,0,{'id': '5'},[{'athlete': {'id': '4066328'}}],2026-05-20T01:39:25Z,True,"{'x': -214748340, 'y': -214748365}",1,Missed FT,499.0
401873341358,358,"{'id': '156', 'text': 'Offensive Rebound'}",Cavaliers offensive team rebound,56,51,3,8:19,False,0,{'id': '5'},,2026-05-20T01:39:25Z,False,"{'x': -214748340, 'y': -214748365}",0,Rebound,499.0
401873341359,359,"{'id': '99', 'text': 'Free Throw - 2 of 2'}",Jarrett Allen makes free throw 2 of 2,57,51,3,8:19,True,1,{'id': '5'},[{'athlete': {'id': '4066328'}}],2026-05-20T01:39:46Z,True,"{'x': -214748340, 'y': -214748365}",1,+1 Point,499.0
401873341360,360,"{'id': '63', 'text': 'Lost Ball Turnover'}",Mikal Bridges lost ball turnover (Donovan Mitchell steals),57,51,3,8:09,False,0,{'id': '18'},"[{'athlete': {'id': '3147657'}}, {'athlete': {'id': '3908809'}}]",2026-05-20T01:39:58Z,False,"{'x': 10, 'y': 22}",0,Turnover,489.0
401873341362,362,"{'id': '109', 'text': 'Running Layup Shot'}",Donovan Mitchell makes running layup,59,51,3,8:05,True,2,{'id': '5'},[{'athlete': {'id': '3908809'}}],2026-05-20T01:40:02Z,True,"{'x': 25, 'y': 1}",2,+2 Points,485.0
401873341363,363,"{'id': '92', 'text': 'Jump Shot'}",Josh Hart makes 23-foot three point jumper (Jalen Brunson assists),59,54,3,7:43,True,3,{'id': '18'},"[{'athlete': {'id': '3062679'}}, {'athlete': {'id': '3934672'}}]",2026-05-20T01:40:24Z,True,"{'x': 48, 'y': 4}",3,+3 Points,463.0
401873341365,365,"{'id': '110', 'text': 'Driving Layup Shot'}",Donovan Mitchell makes driving layup,61,54,3,7:24,True,2,{'id': '5'},[{'athlete': {'id': '3908809'}}],2026-05-20T01:40:44Z,True,"{'x': 26, 'y': 2}",2,+2 Points,444.0
401873341366,366,"{'id': '110', 'text': 'Driving Layup Shot'}",Evan Mobley blocks Josh Hart 's 1-foot driving layup,61,54,3,7:16,False,0,{'id': '18'},"[{'athlete': {'id': '3062679'}}, {'athlete': {'id': '4432158'}}]",2026-05-20T01:40:51Z,True,"{'x': 25, 'y': 2}",2,Missed FG,436.0
401873341368,368,"{'id': '155', 'text': 'Defensive Rebound'}",Evan Mobley defensive rebound,61,54,3,7:14,False,0,{'id': '5'},[{'athlete': {'id': '4432158'}}],2026-05-20T01:40:53Z,False,"{'x': 25, 'y': 2}",0,Rebound,434.0
401873341369,369,"{'id': '96', 'text': 'Dunk Shot'}",Evan Mobley makes dunk (James Harden assists),63,54,3,7:08,True,2,{'id': '5'},"[{'athlete': {'id': '4432158'}}, {'athlete': {'id': '3992'}}]",2026-05-20T01:41:00Z,True,"{'x': 25, 'y': 0}",2,+2 Points,428.0
401873341371,371,"{'id': '16', 'text': 'Full Timeout'}",Knicks Full timeout,63,54,3,7:08,False,0,{'id': '18'},,2026-05-20T01:41:05Z,False,"{'x': -214748340, 'y': -214748365}",0,Timeout,428.0
401873341372,372,"{'id': '45', 'text': 'Personal Foul'}",Donovan Mitchell personal foul,63,54,3,6:53,False,0,{'id': '5'},[{'athlete': {'id': '3908809'}}],2026-05-20T01:45:12Z,False,"{'x': 24, 'y': 6}",0,Foul,413.0
401873341374,374,"{'id': '121', 'text': 'Fade Away Jump Shot'}",Jalen Brunson misses 9-foot fade away jump shot,63,54,3,6:41,False,0,{'id': '18'},[{'athlete': {'id': '3934672'}}],2026-05-20T01:45:46Z,True,"{'x': 28, 'y': 9}",2,Missed FG,401.0
401873341375,375,"{'id': '155', 'text': 'Defensive Rebound'}",Evan Mobley defensive rebound,63,54,3,6:36,False,0,{'id': '5'},[{'athlete': {'id': '4432158'}}],2026-05-20T01:45:51Z,False,"{'x': 28, 'y': 9}",0,Rebound,396.0
401873341376,376,"{'id': '63', 'text': 'Lost Ball Turnover'}",Donovan Mitchell lost ball turnover,63,54,3,6:32,False,0,{'id': '5'},[{'athlete': {'id': '3908809'}}],2026-05-20T01:45:57Z,False,"{'x': 36, 'y': 14}",0,Turnover,392.0
401873341377,377,"{'id': '43', 'text': 'Loose Ball Foul'}",Donovan Mitchell loose ball foul,63,54,3,6:32,False,0,{'id': '5'},[{'athlete': {'id': '3908809'}}],2026-05-20T01:46:05Z,False,"{'x': 34, 'y': 13}",0,Foul,392.0
401873341379,379,"{'id': '584', 'text': 'Substitution'}",Max Strus enters the game for Evan Mobley,63,54,3,6:32,False,0,{'id': '5'},"[{'athlete': {'id': '4065778'}}, {'athlete': {'id': '4432158'}}]",2026-05-20T01:46:05Z,False,"{'x': -214748340, 'y': -214748365}",0,Substitution,392.0
401873341380,380,"{'id': '584', 'text': 'Substitution'}",Sam Merrill enters the game for Donovan Mitchell,63,54,3,6:32,False,0,{'id': '5'},"[{'athlete': {'id': '4066757'}}, {'athlete': {'id': '3908809'}}]",2026-05-20T01:46:05Z,False,"{'x': -214748340, 'y': -214748365}",0,Substitution,392.0
401873341383,383,"{'id': '131', 'text': 'Pullup Jump Shot'}",Jalen Brunson misses 8-foot pullup jump shot,63,54,3,6:24,False,0,{'id': '18'},[{'athlete': {'id': '3934672'}}],2026-05-20T01:46:29Z,True,"{'x': 17, 'y': 3}",2,Missed FG,384.0
401873341384,384,"{'id': '155', 'text': 'Defensive Rebound'}",Dean Wade defensive rebound,63,54,3,6:21,False,0,{'id': '5'},[{'athlete': {'id': '3912848'}}],2026-05-20T01:46:32Z,False,"{'x': 17, 'y': 3}",0,Rebound,381.0
401873341385,385,"{'id': '12', 'text': 'Kicked Ball'}",Karl-Anthony Towns kicked ball violation,63,54,3,6:15,False,0,{'id': '18'},[{'athlete': {'id': '3136195'}}],2026-05-20T01:46:42Z,False,"{'x': -214748340, 'y': -214748365}",0,Violation,375.0
401873341386,386,"{'id': '92', 'text': 'Jump Shot'}",Max Strus misses 26-foot three point jumper,63,54,3,6:09,False,0,{'id': '5'},[{'athlete': {'id': '4065778'}}],2026-05-20T01:47:03Z,True,"{'x': 25, 'y': 26}",3,Missed 3PT,369.0
401873341387,387,"{'id': '156', 'text': 'Offensive Rebound'}",Jarrett Allen offensive rebound,63,54,3,6:06,False,0,{'id': '5'},[{'athlete': {'id': '4066328'}}],2026-05-20T01:47:06Z,False,"{'x': 25, 'y': 26}",0,Rebound,366.0
401873341388,388,"{'id': '62', 'text': 'Bad Pass\nTurnover'}","Jarrett Allen bad pass
turnover (Josh Hart steals)",63,54,3,6:01,False,0,{'id': '5'},"[{'athlete': {'id': '4066328'}}, {'athlete': {'id': '3062679'}}]",2026-05-20T01:47:10Z,False,"{'x': 26, 'y': 15}",0,Turnover,361.0
401873341390,390,"{'id': '109', 'text': 'Running Layup Shot'}",Mikal Bridges makes running layup (OG Anunoby assists),63,56,3,5:57,True,2,{'id': '18'},"[{'athlete': {'id': '3147657'}}, {'athlete': {'id': '3934719'}}]",2026-05-20T01:47:15Z,True,"{'x': 26, 'y': 1}",2,+2 Points,357.0
401873341391,391,"{'id': '131', 'text': 'Pullup Jump Shot'}",Sam Merrill makes 24-foot three pointer (Jarrett Allen assists),66,56,3,5:38,True,3,{'id': '5'},"[{'athlete': {'id': '4066757'}}, {'athlete': {'id': '4066328'}}]",2026-05-20T01:47:33Z,True,"{'x': 48, 'y': 7}",3,+3 Points,338.0
401873341393,393,"{'id': '95', 'text': 'Layup Shot'}",Karl-Anthony Towns makes layup (Josh Hart assists),66,58,3,5:25,True,2,{'id': '18'},"[{'athlete': {'id': '3136195'}}, {'athlete': {'id': '3062679'}}]",2026-05-20T01:47:47Z,True,"{'x': 26, 'y': 1}",2,+2 Points,325.0
401873341395,395,"{'id': '92', 'text': 'Jump Shot'}",Max Strus misses 26-foot three point jumper,66,58,3,5:13,False,0,{'id': '5'},[{'athlete': {'id': '4065778'}}],2026-05-20T01:47:58Z,True,"{'x': 43, 'y': 20}",3,Missed 3PT,313.0
401873341396,396,"{'id': '156', 'text': 'Offensive Rebound'}",James Harden offensive rebound,66,58,3,5:11,False,0,{'id': '5'},[{'athlete': {'id': '3992'}}],2026-05-20T01:48:02Z,False,"{'x': 43, 'y': 20}",0,Rebound,311.0
401873341397,397,"{'id': '92', 'text': 'Jump Shot'}",James Harden misses 25-foot three point jumper,66,58,3,5:11,False,0,{'id': '5'},[{'athlete': {'id': '3992'}}],2026-05-20T01:48:03Z,True,"{'x': 24, 'y': 25}",3,Missed 3PT,311.0
401873341398,398,"{'id': '156', 'text': 'Offensive Rebound'}",Cavaliers offensive team rebound,66,58,3,5:10,False,0,{'id': '5'},,2026-05-20T01:48:04Z,False,"{'x': 24, 'y': 25}",0,Rebound,310.0
401873341399,399,"{'id': '43', 'text': 'Loose Ball Foul'}",Jalen Brunson loose ball foul,66,58,3,5:10,False,0,{'id': '18'},[{'athlete': {'id': '3934672'}}],2026-05-20T01:48:09Z,False,"{'x': 28, 'y': 3}",0,Foul,310.0
401873341401,401,"{'id': '584', 'text': 'Substitution'}",Mitchell Robinson enters the game for Josh Hart,66,58,3,5:10,False,0,{'id': '18'},"[{'athlete': {'id': '4351852'}}, {'athlete': {'id': '3062679'}}]",2026-05-20T01:48:09Z,False,"{'x': -214748340, 'y': -214748365}",0,Substitution,310.0
401873341402,402,"{'id': '584', 'text': 'Substitution'}",Jordan Clarkson enters the game for OG Anunoby,66,58,3,5:10,False,0,{'id': '18'},"[{'athlete': {'id': '2528426'}}, {'athlete': {'id': '3934719'}}]",2026-05-20T01:48:09Z,False,"{'x': -214748340, 'y': -214748365}",0,Substitution,310.0
401873341403,403,"{'id': '584', 'text': 'Substitution'}",Miles McBride enters the game for Karl-Anthony Towns,66,58,3,5:10,False,0,{'id': '18'},"[{'athlete': {'id': '4431823'}}, {'athlete': {'id': '3136195'}}]",2026-05-20T01:48:09Z,False,"{'x': -214748340, 'y': -214748365}",0,Substitution,310.0
401873341404,404,"{'id': '584', 'text': 'Substitution'}",Dennis Schroder enters the game for Dean Wade,66,58,3,5:10,False,0,{'id': '5'},"[{'athlete': {'id': '3032979'}}, {'athlete': {'id': '3912848'}}]",2026-05-20T01:48:09Z,False,"{'x': -214748340, 'y': -214748365}",0,Substitution,310.0
401873341409,409,"{'id': '141', 'text': 'Cutting Layup Shot'}",Jarrett Allen makes 5-foot layup (Dennis Schroder assists),68,58,3,5:03,True,2,{'id': '5'},"[{'athlete': {'id': '4066328'}}, {'athlete': {'id': '3032979'}}]",2026-05-20T01:48:57Z,True,"{'x': 25, 'y': 6}",2,+2 Points,303.0
401873341411,411,"{'id': '44', 'text': 'Shooting Foul'}",Max Strus shooting foul,68,58,3,4:52,False,0,{'id': '5'},[{'athlete': {'id': '4065778'}}],2026-05-20T01:49:10Z,False,"{'x': 14, 'y': 13}",0,Foul,292.0
401873341413,413,"{'id': '98', 'text': 'Free Throw - 1 of 2'}",Jalen Brunson misses free throw 1 of 2,68,58,3,4:52,False,0,{'id': '18'},[{'athlete': {'id': '3934672'}}],2026-05-20T01:49:41Z,True,"{'x': -214748340, 'y': -214748365}",1,Missed FT,292.0
401873341414,414,"{'id': '156', 'text': 'Offensive Rebound'}",Knicks offensive team rebound,68,58,3,4:52,False,0,{'id': '18'},,2026-05-20T01:49:41Z,False,"{'x': -214748340, 'y': -214748365}",0,Rebound,292.0
401873341415,415,"{'id': '99', 'text': 'Free Throw - 2 of 2'}",Jalen Brunson makes free throw 2 of 2,68,59,3,4:52,True,1,{'id': '18'},[{'athlete': {'id': '3934672'}}],2026-05-20T01:50:09Z,True,"{'x': -214748340, 'y': -214748365}",1,+1 Point,292.0
401873341416,416,"{'id': '95', 'text': 'Layup Shot'}",Jarrett Allen makes layup (Dennis Schroder assists),70,59,3,4:34,True,2,{'id': '5'},"[{'athlete': {'id': '4066328'}}, {'athlete': {'id': '3032979'}}]",2026-05-20T01:50:30Z,True,"{'x': 25, 'y': 1}",2,+2 Points,274.0
401873341418,418,"{'id': '132', 'text': 'Step Back Jump Shot'}",Jalen Brunson misses 16-foot step back jumpshot,70,59,3,4:17,False,0,{'id': '18'},[{'athlete': {'id': '3934672'}}],2026-05-20T01:50:47Z,True,"{'x': 35, 'y': 14}",2,Missed FG,257.0
401873341419,419,"{'id': '155', 'text': 'Defensive Rebound'}",Cavaliers defensive team rebound,70,59,3,4:14,False,0,{'id': '5'},,2026-05-20T01:50:50Z,False,"{'x': 35, 'y': 14}",0,Rebound,254.0
401873341421,421,"{'id': '92', 'text': 'Jump Shot'}",Sam Merrill misses 23-foot three point jumper,70,59,3,4:01,False,0,{'id': '5'},[{'athlete': {'id': '4066757'}}],2026-05-20T01:51:19Z,True,"{'x': 48, 'y': 6}",3,Missed 3PT,241.0
401873341422,422,"{'id': '156', 'text': 'Offensive Rebound'}",Jarrett Allen offensive rebound,70,59,3,3:58,False,0,{'id': '5'},[{'athlete': {'id': '4066328'}}],2026-05-20T01:51:22Z,False,"{'x': 48, 'y': 6}",0,Rebound,238.0
401873341423,423,"{'id': '110', 'text': 'Driving Layup Shot'}",James Harden makes driving layup (Jarrett Allen assists),72,59,3,3:55,True,2,{'id': '5'},"[{'athlete': {'id': '3992'}}, {'athlete': {'id': '4066328'}}]",2026-05-20T01:51:24Z,True,"{'x': 25, 'y': 1}",2,+2 Points,235.0
401873341425,425,"{'id': '45', 'text': 'Personal Foul'}",James Harden personal foul,72,59,3,3:44,False,0,{'id': '5'},[{'athlete': {'id': '3992'}}],2026-05-20T01:51:39Z,False,"{'x': 11, 'y': 21}",0,Foul,224.0
401873341427,427,"{'id': '98', 'text': 'Free Throw - 1 of 2'}",Mikal Bridges makes free throw 1 of 2,72,60,3,3:44,True,1,{'id': '18'},[{'athlete': {'id': '3147657'}}],2026-05-20T01:52:09Z,True,"{'x': -214748340, 'y': -214748365}",1,+1 Point,224.0
401873341428,428,"{'id': '584', 'text': 'Substitution'}",Donovan Mitchell enters the game for James Harden,72,60,3,3:44,False,0,{'id': '5'},"[{'athlete': {'id': '3908809'}}, {'athlete': {'id': '3992'}}]",2026-05-20T01:52:09Z,False,"{'x': -214748340, 'y': -214748365}",0,Substitution,224.0
401873341429,429,"{'id': '584', 'text': 'Substitution'}",Evan Mobley enters the game for Jarrett Allen,72,60,3,3:44,False,0,{'id': '5'},"[{'athlete': {'id': '4432158'}}, {'athlete': {'id': '4066328'}}]",2026-05-20T01:52:09Z,False,"{'x': -214748340, 'y': -214748365}",0,Substitution,224.0
401873341432,432,"{'id': '99', 'text': 'Free Throw - 2 of 2'}",Mikal Bridges makes free throw 2 of 2,72,61,3,3:44,True,1,{'id': '18'},[{'athlete': {'id': '3147657'}}],2026-05-20T01:52:35Z,True,"{'x': -214748340, 'y': -214748365}",1,+1 Point,224.0
401873341433,433,"{'id': '119', 'text': 'Driving Hook Shot'}",Evan Mobley makes 6-foot two point shot (Donovan Mitchell assists),74,61,3,3:26,True,2,{'id': '5'},"[{'athlete': {'id': '4432158'}}, {'athlete': {'id': '3908809'}}]",2026-05-20T01:52:54Z,True,"{'x': 31, 'y': 3}",2,+2 Points,206.0
401873341435,435,"{'id': '44', 'text': 'Shooting Foul'}",Max Strus shooting foul,74,61,3,3:18,False,0,{'id': '5'},[{'athlete': {'id': '4065778'}}],2026-05-20T01:53:05Z,False,"{'x': 20, 'y': 15}",0,Foul,198.0
401873341437,437,"{'id': '98', 'text': 'Free Throw - 1 of 2'}",Jalen Brunson makes free throw 1 of 2,74,62,3,3:18,True,1,{'id': '18'},[{'athlete': {'id': '3934672'}}],2026-05-20T01:53:35Z,True,"{'x': -214748340, 'y': -214748365}",1,+1 Point,198.0
401873341438,438,"{'id': '99', 'text': 'Free Throw - 2 of 2'}",Jalen Brunson makes free throw 2 of 2,74,63,3,3:18,True,1,{'id': '18'},[{'athlete': {'id': '3934672'}}],2026-05-20T01:53:58Z,True,"{'x': -214748340, 'y': -214748365}",1,+1 Point,198.0
401873341439,439,"{'id': '92', 'text': 'Jump Shot'}",Sam Merrill makes 25-foot three point jumper (Dennis Schroder assists),77,63,3,3:05,True,3,{'id': '5'},"[{'athlete': {'id': '4066757'}}, {'athlete': {'id': '3032979'}}]",2026-05-20T01:54:11Z,True,"{'x': 4, 'y': 14}",3,+3 Points,185.0
401873341441,441,"{'id': '22', 'text': 'Personal Take Foul'}",Dennis Schroder personal take foul,77,63,3,3:02,False,0,{'id': '5'},[{'athlete': {'id': '3032979'}}],2026-05-20T01:54:26Z,False,"{'x': 40, 'y': 39}",0,Foul,182.0
401873341443,443,"{'id': '98', 'text': 'Free Throw - 1 of 2'}",Mitchell Robinson misses free throw 1 of 2,77,63,3,3:02,False,0,{'id': '18'},[{'athlete': {'id': '4351852'}}],2026-05-20T01:54:51Z,True,"{'x': -214748340, 'y': -214748365}",1,Missed FT,182.0
401873341444,444,"{'id': '156', 'text': 'Offensive Rebound'}",Knicks offensive team rebound,77,63,3,3:02,False,0,{'id': '18'},,2026-05-20T01:54:51Z,False,"{'x': -214748340, 'y': -214748365}",0,Rebound,182.0
401873341445,445,"{'id': '584', 'text': 'Substitution'}",Josh Hart enters the game for Mikal Bridges,77,63,3,3:02,False,0,{'id': '18'},"[{'athlete': {'id': '3062679'}}, {'athlete': {'id': '3147657'}}]",2026-05-20T01:54:51Z,False,"{'x': -214748340, 'y': -214748365}",0,Substitution,182.0
401873341447,447,"{'id': '99', 'text': 'Free Throw - 2 of 2'}",Mitchell Robinson makes free throw 2 of 2,77,64,3,3:02,True,1,{'id': '18'},[{'athlete': {'id': '4351852'}}],2026-05-20T01:55:14Z,True,"{'x': -214748340, 'y': -214748365}",1,+1 Point,182.0
401873341448,448,"{'id': '128', 'text': 'Driving Finger Roll Layup'}",Dennis Schroder misses two point shot,77,64,3,2:45,False,0,{'id': '5'},[{'athlete': {'id': '3032979'}}],2026-05-20T01:55:33Z,True,"{'x': 25, 'y': 3}",2,Missed FG,165.0
401873341449,449,"{'id': '155', 'text': 'Defensive Rebound'}",Josh Hart defensive rebound,77,64,3,2:43,False,0,{'id': '18'},[{'athlete': {'id': '3062679'}}],2026-05-20T01:55:35Z,False,"{'x': 25, 'y': 3}",0,Rebound,163.0
401873341450,450,"{'id': '146', 'text': 'Running Pullup Jump Shot'}",Jalen Brunson misses running pullup jump shot,77,64,3,2:41,False,0,{'id': '18'},[{'athlete': {'id': '3934672'}}],2026-05-20T01:55:39Z,True,"{'x': 25, 'y': 12}",2,Missed FG,161.0
401873341451,451,"{'id': '156', 'text': 'Offensive Rebound'}",Mitchell Robinson offensive rebound,77,64,3,2:39,False,0,{'id': '18'},[{'athlete': {'id': '4351852'}}],2026-05-20T01:55:41Z,False,"{'x': 25, 'y': 12}",0,Rebound,159.0
401873341452,452,"{'id': '94', 'text': 'Tip Shot'}",Mitchell Robinson misses tip shot,77,64,3,2:39,False,0,{'id': '18'},[{'athlete': {'id': '4351852'}}],2026-05-20T01:55:42Z,True,"{'x': 25, 'y': 0}",2,Missed FG,159.0
401873341453,453,"{'id': '156', 'text': 'Offensive Rebound'}",Mitchell Robinson offensive rebound,77,64,3,2:38,False,0,{'id': '18'},[{'athlete': {'id': '4351852'}}],2026-05-20T01:55:43Z,False,"{'x': 25, 'y': 0}",0,Rebound,158.0
401873341454,454,"{'id': '44', 'text': 'Shooting Foul'}",Donovan Mitchell shooting foul,77,64,3,2:38,False,0,{'id': '5'},[{'athlete': {'id': '3908809'}}],2026-05-20T01:55:44Z,False,"{'x': 28, 'y': 1}",0,Foul,158.0
401873341456,456,"{'id': '98', 'text': 'Free Throw - 1 of 2'}",Mitchell Robinson misses free throw 1 of 2,77,64,3,2:38,False,0,{'id': '18'},[{'athlete': {'id': '4351852'}}],2026-05-20T01:56:19Z,True,"{'x': -214748340, 'y': -214748365}",1,Missed FT,158.0
401873341457,457,"{'id': '156', 'text': 'Offensive Rebound'}",Knicks offensive team rebound,77,64,3,2:38,False,0,{'id': '18'},,2026-05-20T01:56:19Z,False,"{'x': -214748340, 'y': -214748365}",0,Rebound,158.0
401873341458,458,"{'id': '99', 'text': 'Free Throw - 2 of 2'}",Mitchell Robinson misses free throw 2 of 2,77,64,3,2:38,False,0,{'id': '18'},[{'athlete': {'id': '4351852'}}],2026-05-20T01:56:19Z,True,"{'x': -214748340, 'y': -214748365}",1,Missed FT,158.0
401873341459,459,"{'id': '155', 'text': 'Defensive Rebound'}",Evan Mobley defensive rebound,77,64,3,2:35,False,0,{'id': '5'},[{'athlete': {'id': '4432158'}}],2026-05-20T01:56:22Z,False,"{'x': -214748340, 'y': -214748365}",0,Rebound,155.0
401873341460,460,"{'id': '16', 'text': 'Full Timeout'}",Cavaliers Full timeout,77,64,3,2:31,False,0,{'id': '5'},,2026-05-20T01:56:55Z,False,"{'x': -214748340, 'y': -214748365}",0,Timeout,151.0
401873341461,461,"{'id': '45', 'text': 'Personal Foul'}",Miles McBride personal foul,77,64,3,2:16,False,0,{'id': '18'},[{'athlete': {'id': '4431823'}}],2026-05-20T01:58:56Z,False,"{'x': 32, 'y': 7}",0,Foul,136.0
401873341463,463,"{'id': '110', 'text': 'Driving Layup Shot'}",Donovan Mitchell makes driving layup,79,64,3,2:10,True,2,{'id': '5'},[{'athlete': {'id': '3908809'}}],2026-05-20T01:59:23Z,True,"{'x': 24, 'y': 2}",2,+2 Points,130.0
401873341464,464,"{'id': '9', 'text': 'Defensive Goaltending'}",Mitchell Robinson defensive goaltending violation,79,64,3,2:10,False,0,{'id': '18'},[{'athlete': {'id': '4351852'}}],2026-05-20T01:59:30Z,False,"{'x': -214748340, 'y': -214748365}",0,Goaltending,130.0
401873341465,465,"{'id': '22', 'text': 'Personal Take Foul'}",Sam Merrill personal take foul,79,64,3,2:09,False,0,{'id': '5'},[{'athlete': {'id': '4066757'}}],2026-05-20T01:59:37Z,False,"{'x': 35, 'y': 12}",0,Foul,129.0
401873341467,467,"{'id': '98', 'text': 'Free Throw - 1 of 2'}",Mitchell Robinson misses free throw 1 of 2,79,64,3,2:09,False,0,{'id': '18'},[{'athlete': {'id': '4351852'}}],2026-05-20T02:00:05Z,True,"{'x': -214748340, 'y': -214748365}",1,Missed FT,129.0
401873341468,468,"{'id': '156', 'text': 'Offensive Rebound'}",Knicks offensive team rebound,79,64,3,2:09,False,0,{'id': '18'},,2026-05-20T02:00:05Z,False,"{'x': -214748340, 'y': -214748365}",0,Rebound,129.0
401873341469,469,"{'id': '99', 'text': 'Free Throw - 2 of 2'}",Mitchell Robinson misses free throw 2 of 2,79,64,3,2:09,False,0,{'id': '18'},[{'athlete': {'id': '4351852'}}],2026-05-20T02:00:05Z,True,"{'x': -214748340, 'y': -214748365}",1,Missed FT,129.0
401873341470,470,"{'id': '155', 'text': 'Defensive Rebound'}",Donovan Mitchell defensive rebound,79,64,3,2:07,False,0,{'id': '5'},[{'athlete': {'id': '3908809'}}],2026-05-20T02:00:07Z,False,"{'x': -214748340, 'y': -214748365}",0,Rebound,127.0
401873341471,471,"{'id': '45', 'text': 'Personal Foul'}",Jordan Clarkson personal foul,79,64,3,2:07,False,0,{'id': '18'},[{'athlete': {'id': '2528426'}}],2026-05-20T02:00:30Z,False,"{'x': 16, 'y': 18}",0,Foul,127.0
401873341473,473,"{'id': '92', 'text': 'Jump Shot'}",Evan Mobley misses 22-foot three point jumper,79,64,3,1:57,False,0,{'id': '5'},[{'athlete': {'id': '4432158'}}],2026-05-20T02:00:51Z,True,"{'x': 2, 'y': 0}",3,Missed 3PT,117.0
401873341474,474,"{'id': '155', 'text': 'Defensive Rebound'}",Jalen Brunson defensive rebound,79,64,3,1:56,False,0,{'id': '18'},[{'athlete': {'id': '3934672'}}],2026-05-20T02:00:52Z,False,"{'x': 2, 'y': 0}",0,Rebound,116.0
401873341475,475,"{'id': '109', 'text': 'Running Layup Shot'}",Jalen Brunson makes running layup,79,66,3,1:52,True,2,{'id': '18'},[{'athlete': {'id': '3934672'}}],2026-05-20T02:00:57Z,True,"{'x': 27, 'y': 2}",2,+2 Points,112.0
401873341476,476,"{'id': '145', 'text': 'Driving Floating Bank Jump Shot'}",Dennis Schroder misses two point shot,79,66,3,1:37,False,0,{'id': '5'},[{'athlete': {'id': '3032979'}}],2026-05-20T02:01:12Z,True,"{'x': 28, 'y': 1}",2,Missed FG,97.0
401873341477,477,"{'id': '155', 'text': 'Defensive Rebound'}",Miles McBride defensive rebound,79,66,3,1:35,False,0,{'id': '18'},[{'athlete': {'id': '4431823'}}],2026-05-20T02:01:14Z,False,"{'x': 28, 'y': 1}",0,Rebound,95.0
401873341478,478,"{'id': '146', 'text': 'Running Pullup Jump Shot'}",Jalen Brunson misses running pullup jump shot,79,66,3,1:31,False,0,{'id': '18'},[{'athlete': {'id': '3934672'}}],2026-05-20T02:01:20Z,True,"{'x': 28, 'y': 2}",2,Missed FG,91.0
401873341479,479,"{'id': '156', 'text': 'Offensive Rebound'}",Mitchell Robinson offensive rebound,79,66,3,1:29,False,0,{'id': '18'},[{'athlete': {'id': '4351852'}}],2026-05-20T02:01:22Z,False,"{'x': 28, 'y': 2}",0,Rebound,89.0
401873341480,480,"{'id': '150', 'text': 'Tip Dunk Shot'}",Mitchell Robinson misses tip in dunk,79,66,3,1:29,False,0,{'id': '18'},[{'athlete': {'id': '4351852'}}],2026-05-20T02:01:36Z,True,"{'x': 25, 'y': 0}",2,Missed FG,89.0
401873341481,481,"{'id': '155', 'text': 'Defensive Rebound'}",Max Strus defensive rebound,79,66,3,1:28,False,0,{'id': '5'},[{'athlete': {'id': '4065778'}}],2026-05-20T02:01:37Z,False,"{'x': 25, 'y': 0}",0,Rebound,88.0
401873341482,482,"{'id': '45', 'text': 'Personal Foul'}",Josh Hart personal foul,79,66,3,1:28,False,0,{'id': '18'},[{'athlete': {'id': '3062679'}}],2026-05-20T02:01:39Z,False,"{'x': 24, 'y': 3}",0,Foul,88.0
401873341484,484,"{'id': '98', 'text': 'Free Throw - 1 of 2'}",Max Strus makes free throw 1 of 2,80,66,3,1:28,True,1,{'id': '5'},[{'athlete': {'id': '4065778'}}],2026-05-20T02:02:02Z,True,"{'x': -214748340, 'y': -214748365}",1,+1 Point,88.0
401873341485,485,"{'id': '99', 'text': 'Free Throw - 2 of 2'}",Max Strus makes free throw 2 of 2,81,66,3,1:28,True,1,{'id': '5'},[{'athlete': {'id': '4065778'}}],2026-05-20T02:02:17Z,True,"{'x': -214748340, 'y': -214748365}",1,+1 Point,88.0
401873341486,486,"{'id': '45', 'text': 'Personal Foul'}",Evan Mobley personal foul,81,66,3,1:21,False,0,{'id': '5'},[{'athlete': {'id': '4432158'}}],2026-05-20T02:02:33Z,False,"{'x': 23, 'y': 37}",0,Foul,81.0
401873341488,488,"{'id': '98', 'text': 'Free Throw - 1 of 2'}",Mitchell Robinson makes free throw 1 of 2,81,67,3,1:21,True,1,{'id': '18'},[{'athlete': {'id': '4351852'}}],2026-05-20T02:02:57Z,True,"{'x': -214748340, 'y': -214748365}",1,+1 Point,81.0
401873341489,489,"{'id': '99', 'text': 'Free Throw - 2 of 2'}",Mitchell Robinson misses free throw 2 of 2,81,67,3,1:21,False,0,{'id': '18'},[{'athlete': {'id': '4351852'}}],2026-05-20T02:02:57Z,True,"{'x': -214748340, 'y': -214748365}",1,Missed FT,81.0
401873341490,490,"{'id': '155', 'text': 'Defensive Rebound'}",Sam Merrill defensive rebound,81,67,3,1:19,False,0,{'id': '5'},[{'athlete': {'id': '4066757'}}],2026-05-20T02:02:59Z,False,"{'x': -214748340, 'y': -214748365}",0,Rebound,79.0
401873341491,491,"{'id': '110', 'text': 'Driving Layup Shot'}",Donovan Mitchell makes driving layup,83,67,3,1:09,True,2,{'id': '5'},[{'athlete': {'id': '3908809'}}],2026-05-20T02:03:31Z,True,"{'x': 26, 'y': 2}",2,+2 Points,69.0
401873341492,492,"{'id': '44', 'text': 'Shooting Foul'}",Donovan Mitchell shooting foul,83,67,3,56.7,False,0,{'id': '5'},[{'athlete': {'id': '3908809'}}],2026-05-20T02:03:46Z,False,"{'x': 29, 'y': 6}",0,Foul,56.7
401873341494,494,"{'id': '98', 'text': 'Free Throw - 1 of 2'}",Jalen Brunson makes free throw 1 of 2,83,68,3,56.7,True,1,{'id': '18'},[{'athlete': {'id': '3934672'}}],2026-05-20T02:04:16Z,True,"{'x': -214748340, 'y': -214748365}",1,+1 Point,56.7
401873341495,495,"{'id': '99', 'text': 'Free Throw - 2 of 2'}",Jalen Brunson misses free throw 2 of 2,83,68,3,56.7,False,0,{'id': '18'},[{'athlete': {'id': '3934672'}}],2026-05-20T02:04:16Z,True,"{'x': -214748340, 'y': -214748365}",1,Missed FT,56.7
401873341496,496,"{'id': '156', 'text': 'Offensive Rebound'}",Knicks offensive team rebound,83,68,3,56.1,False,0,{'id': '18'},,2026-05-20T02:04:17Z,False,"{'x': -214748340, 'y': -214748365}",0,Rebound,56.1
401873341498,498,"{'id': '584', 'text': 'Substitution'}",Karl-Anthony Towns enters the game for Mitchell Robinson,83,68,3,56.1,False,0,{'id': '18'},"[{'athlete': {'id': '3136195'}}, {'athlete': {'id': '4351852'}}]",2026-05-20T02:04:38Z,False,"{'x': -214748340, 'y': -214748365}",0,Substitution,56.1
401873341500,500,"{'id': '90', 'text': 'Out of Bounds - Bad Pass Turnover'}",Josh Hart out of bounds bad pass turnover,83,68,3,51.1,False,0,{'id': '18'},[{'athlete': {'id': '3062679'}}],2026-05-20T02:05:17Z,False,"{'x': 45, 'y': 22}",0,Turnover,51.1
401873341502,502,"{'id': '110', 'text': 'Driving Layup Shot'}",Jordan Clarkson blocks Dennis Schroder 's 2-foot driving layup,83,68,3,35.2,False,0,{'id': '5'},"[{'athlete': {'id': '3032979'}}, {'athlete': {'id': '2528426'}}]",2026-05-20T02:05:53Z,True,"{'x': 26, 'y': 3}",2,Missed FG,35.2
401873341504,504,"{'id': '156', 'text': 'Offensive Rebound'}",Max Strus offensive rebound,83,68,3,32.8,False,0,{'id': '5'},[{'athlete': {'id': '4065778'}}],2026-05-20T02:05:55Z,False,"{'x': 26, 'y': 3}",0,Rebound,32.8
401873341505,505,"{'id': '92', 'text': 'Jump Shot'}",Donovan Mitchell misses 25-foot three point jumper,83,68,3,31.2,False,0,{'id': '5'},[{'athlete': {'id': '3908809'}}],2026-05-20T02:05:57Z,True,"{'x': 37, 'y': 22}",3,Missed 3PT,31.2
401873341506,506,"{'id': '155', 'text': 'Defensive Rebound'}",Karl-Anthony Towns defensive rebound,83,68,3,29.5,False,0,{'id': '18'},[{'athlete': {'id': '3136195'}}],2026-05-20T02:05:59Z,False,"{'x': 37, 'y': 22}",0,Rebound,29.5
401873341507,507,"{'id': '44', 'text': 'Shooting Foul'}",Dennis Schroder shooting foul,83,68,3,11.9,False,0,{'id': '5'},[{'athlete': {'id': '3032979'}}],2026-05-20T02:06:21Z,False,"{'x': 19, 'y': 6}",0,Foul,11.9
401873341509,509,"{'id': '98', 'text': 'Free Throw - 1 of 2'}",Jalen Brunson misses free throw 1 of 2,83,68,3,11.9,False,0,{'id': '18'},[{'athlete': {'id': '3934672'}}],2026-05-20T02:06:52Z,True,"{'x': -214748340, 'y': -214748365}",1,Missed FT,11.9
401873341510,510,"{'id': '156', 'text': 'Offensive Rebound'}",Knicks offensive team rebound,83,68,3,11.9,False,0,{'id': '18'},,2026-05-20T02:06:52Z,False,"{'x': -214748340, 'y': -214748365}",0,Rebound,11.9
401873341511,511,"{'id': '584', 'text': 'Substitution'}",Mikal Bridges enters the game for Jordan Clarkson,83,68,3,11.9,False,0,{'id': '18'},"[{'athlete': {'id': '3147657'}}, {'athlete': {'id': '2528426'}}]",2026-05-20T02:06:52Z,False,"{'x': -214748340, 'y': -214748365}",0,Substitution,11.9
401873341512,512,"{'id': '584', 'text': 'Substitution'}",OG Anunoby enters the game for Karl-Anthony Towns,83,68,3,11.9,False,0,{'id': '18'},"[{'athlete': {'id': '3934719'}}, {'athlete': {'id': '3136195'}}]",2026-05-20T02:06:52Z,False,"{'x': -214748340, 'y': -214748365}",0,Substitution,11.9
401873341513,513,"{'id': '584', 'text': 'Substitution'}",James Harden enters the game for Dennis Schroder,83,68,3,11.9,False,0,{'id': '5'},"[{'athlete': {'id': '3992'}}, {'athlete': {'id': '3032979'}}]",2026-05-20T02:06:52Z,False,"{'x': -214748340, 'y': -214748365}",0,Substitution,11.9
401873341519,519,"{'id': '99', 'text': 'Free Throw - 2 of 2'}",Jalen Brunson makes free throw 2 of 2,83,69,3,11.9,True,1,{'id': '18'},[{'athlete': {'id': '3934672'}}],2026-05-20T02:07:33Z,True,"{'x': -214748340, 'y': -214748365}",1,+1 Point,11.9
401873341520,520,"{'id': '92', 'text': 'Jump Shot'}",James Harden misses 25-foot three point jumper,83,69,3,1.0,False,0,{'id': '5'},[{'athlete': {'id': '3992'}}],2026-05-20T02:07:47Z,True,"{'x': 45, 'y': 16}",3,Missed 3PT,1.0
401873341521,521,"{'id': '155', 'text': 'Defensive Rebound'}",OG Anunoby defensive rebound,83,69,3,1.0,False,0,{'id': '18'},[{'athlete': {'id': '3934719'}}],2026-05-20T02:07:47Z,False,"{'x': 45, 'y': 16}",0,Rebound,1.0
401873341522,522,"{'id': '412', 'text': 'End Period'}",End of the 3rd Quarter,83,69,3,0.0,False,0,,,2026-05-20T02:07:51Z,False,"{'x': -214748340, 'y': -214748365}",0,End of 3rd,0.0
401873341524,524,"{'id': '584', 'text': 'Substitution'}",Jordan Clarkson enters the game for Jalen Brunson,83,69,4,12:00,False,0,{'id': '18'},"[{'athlete': {'id': '2528426'}}, {'athlete': {'id': '3934672'}}]",2026-05-20T02:11:00Z,False,"{'x': -214748340, 'y': -214748365}",0,Substitution,720.0
401873341525,525,"{'id': '584', 'text': 'Substitution'}",Jose Alvarado enters the game for Mikal Bridges,83,69,4,12:00,False,0,{'id': '18'},"[{'athlete': {'id': '4277869'}}, {'athlete': {'id': '3147657'}}]",2026-05-20T02:11:00Z,False,"{'x': -214748340, 'y': -214748365}",0,Substitution,720.0
401873341526,526,"{'id': '584', 'text': 'Substitution'}",Karl-Anthony Towns enters the game for OG Anunoby,83,69,4,12:00,False,0,{'id': '18'},"[{'athlete': {'id': '3136195'}}, {'athlete': {'id': '3934719'}}]",2026-05-20T02:11:00Z,False,"{'x': -214748340, 'y': -214748365}",0,Substitution,720.0
401873341527,527,"{'id': '584', 'text': 'Substitution'}",Dennis Schroder enters the game for Donovan Mitchell,83,69,4,12:00,False,0,{'id': '5'},"[{'athlete': {'id': '3032979'}}, {'athlete': {'id': '3908809'}}]",2026-05-20T02:11:00Z,False,"{'x': -214748340, 'y': -214748365}",0,Substitution,720.0
401873341533,533,"{'id': '119', 'text': 'Driving Hook Shot'}",Jordan Clarkson misses 2-foot two point shot,83,69,4,11:43,False,0,{'id': '18'},[{'athlete': {'id': '2528426'}}],2026-05-20T02:11:45Z,True,"{'x': 27, 'y': 2}",2,Missed FG,703.0
401873341534,534,"{'id': '155', 'text': 'Defensive Rebound'}",Evan Mobley defensive rebound,83,69,4,11:42,False,0,{'id': '5'},[{'athlete': {'id': '4432158'}}],2026-05-20T02:11:46Z,False,"{'x': 27, 'y': 2}",0,Rebound,702.0
401873341535,535,"{'id': '119', 'text': 'Driving Hook Shot'}",Evan Mobley misses 4-foot two point shot,83,69,4,11:27,False,0,{'id': '5'},[{'athlete': {'id': '4432158'}}],2026-05-20T02:12:02Z,True,"{'x': 22, 'y': 3}",2,Missed FG,687.0
401873341536,536,"{'id': '155', 'text': 'Defensive Rebound'}",Josh Hart defensive rebound,83,69,4,11:24,False,0,{'id': '18'},[{'athlete': {'id': '3062679'}}],2026-05-20T02:12:04Z,False,"{'x': 22, 'y': 3}",0,Rebound,684.0
401873341537,537,"{'id': '64', 'text': 'Traveling'}",Karl-Anthony Towns traveling turnover,83,69,4,11:21,False,0,{'id': '18'},[{'athlete': {'id': '3136195'}}],2026-05-20T02:12:11Z,False,"{'x': 24, 'y': 24}",0,Turnover,681.0
401873341538,538,"{'id': '44', 'text': 'Shooting Foul'}",Miles McBride shooting foul,83,69,4,11:09,False,0,{'id': '18'},[{'athlete': {'id': '4431823'}}],2026-05-20T02:12:34Z,False,"{'x': 23, 'y': 6}",0,Foul,669.0
401873341540,540,"{'id': '98', 'text': 'Free Throw - 1 of 2'}",James Harden makes free throw 1 of 2,84,69,4,11:09,True,1,{'id': '5'},[{'athlete': {'id': '3992'}}],2026-05-20T02:13:00Z,True,"{'x': -214748340, 'y': -214748365}",1,+1 Point,669.0
401873341541,541,"{'id': '99', 'text': 'Free Throw - 2 of 2'}",James Harden makes free throw 2 of 2,85,69,4,11:09,True,1,{'id': '5'},[{'athlete': {'id': '3992'}}],2026-05-20T02:13:20Z,True,"{'x': -214748340, 'y': -214748365}",1,+1 Point,669.0
401873341542,542,"{'id': '63', 'text': 'Lost Ball Turnover'}",Karl-Anthony Towns lost ball turnover (James Harden steals),85,69,4,10:53,False,0,{'id': '18'},"[{'athlete': {'id': '3136195'}}, {'athlete': {'id': '3992'}}]",2026-05-20T02:13:42Z,False,"{'x': 16, 'y': 7}",0,Turnover,653.0
401873341544,544,"{'id': '63', 'text': 'Lost Ball Turnover'}",James Harden lost ball turnover,85,69,4,10:49,False,0,{'id': '5'},[{'athlete': {'id': '3992'}}],2026-05-20T02:13:51Z,False,"{'x': 37, 'y': 14}",0,Turnover,649.0
401873341545,545,"{'id': '43', 'text': 'Loose Ball Foul'}",James Harden loose ball foul,85,69,4,10:49,False,0,{'id': '5'},[{'athlete': {'id': '3992'}}],2026-05-20T02:13:54Z,False,"{'x': 37, 'y': 14}",0,Foul,649.0
401873341547,547,"{'id': '110', 'text': 'Driving Layup Shot'}",Karl-Anthony Towns misses driving layup,85,69,4,10:34,False,0,{'id': '18'},[{'athlete': {'id': '3136195'}}],2026-05-20T02:14:22Z,True,"{'x': 23, 'y': 3}",2,Missed FG,634.0
401873341548,548,"{'id': '155', 'text': 'Defensive Rebound'}",Evan Mobley defensive rebound,85,69,4,10:31,False,0,{'id': '5'},[{'athlete': {'id': '4432158'}}],2026-05-20T02:14:25Z,False,"{'x': 23, 'y': 3}",0,Rebound,631.0
401873341549,549,"{'id': '92', 'text': 'Jump Shot'}",Sam Merrill misses 22-foot three point jumper,85,69,4,10:12,False,0,{'id': '5'},[{'athlete': {'id': '4066757'}}],2026-05-20T02:14:43Z,True,"{'x': 48, 'y': 0}",3,Missed 3PT,612.0
401873341550,550,"{'id': '155', 'text': 'Defensive Rebound'}",Jose Alvarado defensive rebound,85,69,4,10:10,False,0,{'id': '18'},[{'athlete': {'id': '4277869'}}],2026-05-20T02:14:45Z,False,"{'x': 48, 'y': 0}",0,Rebound,610.0
401873341551,551,"{'id': '144', 'text': 'Driving Floating Jump Shot'}",Jordan Clarkson misses driving floating jump shot,85,69,4,10:00,False,0,{'id': '18'},[{'athlete': {'id': '2528426'}}],2026-05-20T02:14:56Z,True,"{'x': 31, 'y': 1}",2,Missed FG,600.0
401873341552,552,"{'id': '156', 'text': 'Offensive Rebound'}",Knicks offensive team rebound,85,69,4,9:59,False,0,{'id': '18'},,2026-05-20T02:14:57Z,False,"{'x': 31, 'y': 1}",0,Rebound,599.0
401873341553,553,"{'id': '43', 'text': 'Loose Ball Foul'}",Max Strus loose ball foul,85,69,4,9:59,False,0,{'id': '5'},[{'athlete': {'id': '4065778'}}],2026-05-20T02:15:00Z,False,"{'x': 25, 'y': 4}",0,Foul,599.0
401873341555,555,"{'id': '584', 'text': 'Substitution'}",Mikal Bridges enters the game for Josh Hart,85,69,4,9:59,False,0,{'id': '18'},"[{'athlete': {'id': '3147657'}}, {'athlete': {'id': '3062679'}}]",2026-05-20T02:15:00Z,False,"{'x': -214748340, 'y': -214748365}",0,Substitution,599.0
401873341556,556,"{'id': '584', 'text': 'Substitution'}",Jalen Brunson enters the game for Jose Alvarado,85,69,4,9:59,False,0,{'id': '18'},"[{'athlete': {'id': '3934672'}}, {'athlete': {'id': '4277869'}}]",2026-05-20T02:15:00Z,False,"{'x': -214748340, 'y': -214748365}",0,Substitution,599.0
401873341559,559,"{'id': '584', 'text': 'Substitution'}",Dean Wade enters the game for Max Strus,85,69,4,9:59,False,0,{'id': '5'},"[{'athlete': {'id': '3912848'}}, {'athlete': {'id': '4065778'}}]",2026-05-20T02:15:00Z,False,"{'x': -214748340, 'y': -214748365}",0,Substitution,599.0
401873341560,560,"{'id': '584', 'text': 'Substitution'}",Donovan Mitchell enters the game for Sam Merrill,85,69,4,9:59,False,0,{'id': '5'},"[{'athlete': {'id': '3908809'}}, {'athlete': {'id': '4066757'}}]",2026-05-20T02:15:00Z,False,"{'x': -214748340, 'y': -214748365}",0,Substitution,599.0
401873341563,563,"{'id': '62', 'text': 'Bad Pass\nTurnover'}","Jalen Brunson bad pass
turnover (Dennis Schroder steals)",85,69,4,9:46,False,0,{'id': '18'},"[{'athlete': {'id': '3934672'}}, {'athlete': {'id': '3032979'}}]",2026-05-20T02:15:53Z,False,"{'x': 25, 'y': 3}",0,Turnover,586.0
401873341565,565,"{'id': '132', 'text': 'Step Back Jump Shot'}",James Harden misses 26-foot three point step back jumpshot,85,69,4,9:34,False,0,{'id': '5'},[{'athlete': {'id': '3992'}}],2026-05-20T02:16:05Z,True,"{'x': 38, 'y': 23}",3,Missed 3PT,574.0
401873341566,566,"{'id': '155', 'text': 'Defensive Rebound'}",Mikal Bridges defensive rebound,85,69,4,9:32,False,0,{'id': '18'},[{'athlete': {'id': '3147657'}}],2026-05-20T02:16:07Z,False,"{'x': 38, 'y': 23}",0,Rebound,572.0
401873341567,567,"{'id': '145', 'text': 'Driving Floating Bank Jump Shot'}",Jalen Brunson misses two point shot,85,69,4,9:20,False,0,{'id': '18'},[{'athlete': {'id': '3934672'}}],2026-05-20T02:16:19Z,True,"{'x': 22, 'y': 2}",2,Missed FG,560.0
401873341568,568,"{'id': '156', 'text': 'Offensive Rebound'}",Karl-Anthony Towns offensive rebound,85,69,4,9:18,False,0,{'id': '18'},[{'athlete': {'id': '3136195'}}],2026-05-20T02:16:21Z,False,"{'x': 22, 'y': 2}",0,Rebound,558.0
401873341569,569,"{'id': '125', 'text': 'Layup Shot Putback'}",Karl-Anthony Towns makes two point shot,85,71,4,9:17,True,2,{'id': '18'},[{'athlete': {'id': '3136195'}}],2026-05-20T02:16:22Z,True,"{'x': 24, 'y': 1}",2,+2 Points,557.0
401873341570,570,"{'id': '45', 'text': 'Personal Foul'}",Miles McBride personal foul,85,71,4,9:09,False,0,{'id': '18'},[{'athlete': {'id': '4431823'}}],2026-05-20T02:16:34Z,False,"{'x': 12, 'y': 7}",0,Foul,549.0
401873341572,572,"{'id': '584', 'text': 'Substitution'}",Landry Shamet enters the game for Miles McBride,85,71,4,9:09,False,0,{'id': '18'},"[{'athlete': {'id': '3914044'}}, {'athlete': {'id': '4431823'}}]",2026-05-20T02:16:34Z,False,"{'x': -214748340, 'y': -214748365}",0,Substitution,549.0
401873341574,574,"{'id': '119', 'text': 'Driving Hook Shot'}",James Harden misses 4-foot two point shot,85,71,4,9:00,False,0,{'id': '5'},[{'athlete': {'id': '3992'}}],2026-05-20T02:17:17Z,True,"{'x': 27, 'y': 4}",2,Missed FG,540.0
401873341575,575,"{'id': '155', 'text': 'Defensive Rebound'}",Karl-Anthony Towns defensive rebound,85,71,4,8:58,False,0,{'id': '18'},[{'athlete': {'id': '3136195'}}],2026-05-20T02:17:19Z,False,"{'x': 27, 'y': 4}",0,Rebound,538.0
401873341576,576,"{'id': '126', 'text': 'Layup Driving Reverse'}",Evan Mobley blocks Mikal Bridges 's 2-foot two point shot,85,71,4,8:51,False,0,{'id': '18'},"[{'athlete': {'id': '3147657'}}, {'athlete': {'id': '4432158'}}]",2026-05-20T02:17:25Z,True,"{'x': 23, 'y': 1}",2,Missed FG,531.0
401873341577,577,"{'id': '155', 'text': 'Defensive Rebound'}",Evan Mobley defensive rebound,85,71,4,8:49,False,0,{'id': '5'},[{'athlete': {'id': '4432158'}}],2026-05-20T02:17:27Z,False,"{'x': 23, 'y': 1}",0,Rebound,529.0
401873341578,578,"{'id': '92', 'text': 'Jump Shot'}",Dean Wade makes 23-foot three point jumper (Dennis Schroder assists),88,71,4,8:39,True,3,{'id': '5'},"[{'athlete': {'id': '3912848'}}, {'athlete': {'id': '3032979'}}]",2026-05-20T02:17:37Z,True,"{'x': 48, 'y': 0}",3,+3 Points,519.0
401873341580,580,"{'id': '44', 'text': 'Shooting Foul'}",Jordan Clarkson shooting foul,88,71,4,8:39,False,0,{'id': '18'},[{'athlete': {'id': '2528426'}}],2026-05-20T02:17:42Z,False,"{'x': 48, 'y': 0}",0,Foul,519.0
401873341582,582,"{'id': '584', 'text': 'Substitution'}",Mitchell Robinson enters the game for Jordan Clarkson,88,71,4,8:39,False,0,{'id': '18'},"[{'athlete': {'id': '4351852'}}, {'athlete': {'id': '2528426'}}]",2026-05-20T02:17:42Z,False,"{'x': -214748340, 'y': -214748365}",0,Substitution,519.0
401873341584,584,"{'id': '97', 'text': 'Free Throw - 1 of 1'}",Dean Wade makes free throw 1 of 1,89,71,4,8:39,True,1,{'id': '5'},[{'athlete': {'id': '3912848'}}],2026-05-20T02:18:13Z,True,"{'x': -214748340, 'y': -214748365}",1,+1 Point,519.0
401873341585,585,"{'id': '110', 'text': 'Driving Layup Shot'}",Karl-Anthony Towns misses driving layup,89,71,4,8:28,False,0,{'id': '18'},[{'athlete': {'id': '3136195'}}],2026-05-20T02:18:27Z,True,"{'x': 26, 'y': 2}",2,Missed FG,508.0
401873341586,586,"{'id': '155', 'text': 'Defensive Rebound'}",Donovan Mitchell defensive rebound,89,71,4,8:26,False,0,{'id': '5'},[{'athlete': {'id': '3908809'}}],2026-05-20T02:18:29Z,False,"{'x': 26, 'y': 2}",0,Rebound,506.0
401873341587,587,"{'id': '92', 'text': 'Jump Shot'}",Donovan Mitchell makes 25-foot three point jumper (Dennis Schroder assists),92,71,4,8:19,True,3,{'id': '5'},"[{'athlete': {'id': '3908809'}}, {'athlete': {'id': '3032979'}}]",2026-05-20T02:18:36Z,True,"{'x': 41, 'y': 20}",3,+3 Points,499.0
401873341589,589,"{'id': '92', 'text': 'Jump Shot'}",Mikal Bridges misses 26-foot three point jumper,92,71,4,8:04,False,0,{'id': '18'},[{'athlete': {'id': '3147657'}}],2026-05-20T02:18:50Z,True,"{'x': 10, 'y': 22}",3,Missed 3PT,484.0
401873341590,590,"{'id': '155', 'text': 'Defensive Rebound'}",Evan Mobley defensive rebound,92,71,4,8:02,False,0,{'id': '5'},[{'athlete': {'id': '4432158'}}],2026-05-20T02:18:52Z,False,"{'x': 10, 'y': 22}",0,Rebound,482.0
401873341591,591,"{'id': '44', 'text': 'Shooting Foul'}",Karl-Anthony Towns shooting foul,92,71,4,7:52,False,0,{'id': '18'},[{'athlete': {'id': '3136195'}}],2026-05-20T02:19:05Z,False,"{'x': 37, 'y': 7}",0,Foul,472.0
401873341593,593,"{'id': '98', 'text': 'Free Throw - 1 of 2'}",James Harden makes free throw 1 of 2,93,71,4,7:52,True,1,{'id': '5'},[{'athlete': {'id': '3992'}}],2026-05-20T02:19:34Z,True,"{'x': -214748340, 'y': -214748365}",1,+1 Point,472.0
401873341594,594,"{'id': '584', 'text': 'Substitution'}",OG Anunoby enters the game for Mitchell Robinson,93,71,4,7:52,False,0,{'id': '18'},"[{'athlete': {'id': '3934719'}}, {'athlete': {'id': '4351852'}}]",2026-05-20T02:19:34Z,False,"{'x': -214748340, 'y': -214748365}",0,Substitution,472.0
401873341596,596,"{'id': '99', 'text': 'Free Throw - 2 of 2'}",James Harden misses free throw 2 of 2,93,71,4,7:52,False,0,{'id': '5'},[{'athlete': {'id': '3992'}}],2026-05-20T02:19:34Z,True,"{'x': -214748340, 'y': -214748365}",1,Missed FT,472.0
401873341597,597,"{'id': '155', 'text': 'Defensive Rebound'}",Karl-Anthony Towns defensive rebound,93,71,4,7:49,False,0,{'id': '18'},[{'athlete': {'id': '3136195'}}],2026-05-20T02:19:37Z,False,"{'x': -214748340, 'y': -214748365}",0,Rebound,469.0
401873341598,598,"{'id': '144', 'text': 'Driving Floating Jump Shot'}",Jalen Brunson makes 5-foot driving floating jump shot,93,73,4,7:39,True,2,{'id': '18'},[{'athlete': {'id': '3934672'}}],2026-05-20T02:20:09Z,True,"{'x': 27, 'y': 6}",2,+2 Points,459.0
401873341600,600,"{'id': '24', 'text': 'Offensive Charge'}",Evan Mobley offensive charge,93,73,4,7:16,False,0,{'id': '5'},[{'athlete': {'id': '4432158'}}],2026-05-20T02:20:48Z,False,"{'x': 19, 'y': 2}",0,Foul,436.0
401873341602,602,"{'id': '84', 'text': 'Offensive Foul Turnover'}",Evan Mobley offensive foul turnover,93,73,4,7:16,False,0,{'id': '5'},[{'athlete': {'id': '4432158'}}],2026-05-20T02:20:48Z,False,"{'x': 19, 'y': 2}",0,Turnover,436.0
401873341603,603,"{'id': '584', 'text': 'Substitution'}",Jarrett Allen enters the game for Evan Mobley,93,73,4,7:16,False,0,{'id': '5'},"[{'athlete': {'id': '4066328'}}, {'athlete': {'id': '4432158'}}]",2026-05-20T02:20:48Z,False,"{'x': -214748340, 'y': -214748365}",0,Substitution,436.0
401873341604,604,"{'id': '584', 'text': 'Substitution'}",Max Strus enters the game for Dennis Schroder,93,73,4,7:16,False,0,{'id': '5'},"[{'athlete': {'id': '4065778'}}, {'athlete': {'id': '3032979'}}]",2026-05-20T02:20:48Z,False,"{'x': -214748340, 'y': -214748365}",0,Substitution,436.0
401873341607,607,"{'id': '144', 'text': 'Driving Floating Jump Shot'}",James Harden blocks Jalen Brunson 's 12-foot driving floating jump shot,93,73,4,7:04,False,0,{'id': '18'},"[{'athlete': {'id': '3934672'}}, {'athlete': {'id': '3992'}}]",2026-05-20T02:21:27Z,True,"{'x': 16, 'y': 10}",2,Missed FG,424.0
401873341609,609,"{'id': '156', 'text': 'Offensive Rebound'}",Karl-Anthony Towns offensive rebound,93,73,4,7:01,False,0,{'id': '18'},[{'athlete': {'id': '3136195'}}],2026-05-20T02:21:30Z,False,"{'x': 16, 'y': 10}",0,Rebound,421.0
401873341610,610,"{'id': '92', 'text': 'Jump Shot'}",Landry Shamet makes 25-foot three point jumper (Karl-Anthony Towns assists),93,76,4,6:58,True,3,{'id': '18'},"[{'athlete': {'id': '3914044'}}, {'athlete': {'id': '3136195'}}]",2026-05-20T02:21:32Z,True,"{'x': 6, 'y': 18}",3,+3 Points,418.0
401873341612,612,"{'id': '90', 'text': 'Out of Bounds - Bad Pass Turnover'}",Donovan Mitchell out of bounds bad pass turnover,93,76,4,6:41,False,0,{'id': '5'},[{'athlete': {'id': '3908809'}}],2026-05-20T02:21:51Z,False,"{'x': 25, 'y': 8}",0,Turnover,401.0
401873341613,613,"{'id': '16', 'text': 'Full Timeout'}",Knicks Full timeout,93,76,4,6:41,False,0,{'id': '18'},,2026-05-20T02:22:00Z,False,"{'x': -214748340, 'y': -214748365}",0,Timeout,401.0
401873341615,615,"{'id': '112', 'text': 'Reverse Layup Shot'}",Karl-Anthony Towns makes 2-foot reverse layup (Jalen Brunson assists),93,78,4,6:25,True,2,{'id': '18'},"[{'athlete': {'id': '3136195'}}, {'athlete': {'id': '3934672'}}]",2026-05-20T02:25:56Z,True,"{'x': 27, 'y': 2}",2,+2 Points,385.0
401873341617,617,"{'id': '131', 'text': 'Pullup Jump Shot'}",James Harden misses 20-foot pullup jump shot,93,78,4,5:58,False,0,{'id': '5'},[{'athlete': {'id': '3992'}}],2026-05-20T02:26:22Z,True,"{'x': 43, 'y': 10}",2,Missed FG,358.0
401873341618,618,"{'id': '155', 'text': 'Defensive Rebound'}",Karl-Anthony Towns defensive rebound,93,78,4,5:56,False,0,{'id': '18'},[{'athlete': {'id': '3136195'}}],2026-05-20T02:26:24Z,False,"{'x': 43, 'y': 10}",0,Rebound,356.0
401873341619,619,"{'id': '128', 'text': 'Driving Finger Roll Layup'}",Jalen Brunson makes 4-foot two point shot,93,80,4,5:44,True,2,{'id': '18'},[{'athlete': {'id': '3934672'}}],2026-05-20T02:26:37Z,True,"{'x': 21, 'y': 2}",2,+2 Points,344.0
401873341620,620,"{'id': '45', 'text': 'Personal Foul'}",Jalen Brunson personal foul,93,80,4,5:36,False,0,{'id': '18'},[{'athlete': {'id': '3934672'}}],2026-05-20T02:26:51Z,False,"{'x': 23, 'y': 32}",0,Foul,336.0
401873341622,622,"{'id': '98', 'text': 'Free Throw - 1 of 2'}",James Harden misses free throw 1 of 2,93,80,4,5:36,False,0,{'id': '5'},[{'athlete': {'id': '3992'}}],2026-05-20T02:27:19Z,True,"{'x': -214748340, 'y': -214748365}",1,Missed FT,336.0
401873341623,623,"{'id': '156', 'text': 'Offensive Rebound'}",Cavaliers offensive team rebound,93,80,4,5:36,False,0,{'id': '5'},,2026-05-20T02:27:19Z,False,"{'x': -214748340, 'y': -214748365}",0,Rebound,336.0
401873341624,624,"{'id': '584', 'text': 'Substitution'}",Evan Mobley enters the game for Max Strus,93,80,4,5:36,False,0,{'id': '5'},"[{'athlete': {'id': '4432158'}}, {'athlete': {'id': '4065778'}}]",2026-05-20T02:27:19Z,False,"{'x': -214748340, 'y': -214748365}",0,Substitution,336.0
401873341626,626,"{'id': '99', 'text': 'Free Throw - 2 of 2'}",James Harden makes free throw 2 of 2,94,80,4,5:36,True,1,{'id': '5'},[{'athlete': {'id': '3992'}}],2026-05-20T02:27:40Z,True,"{'x': -214748340, 'y': -214748365}",1,+1 Point,336.0
401873341627,627,"{'id': '145', 'text': 'Driving Floating Bank Jump Shot'}",Jalen Brunson makes 3-foot two point shot,94,82,4,5:24,True,2,{'id': '18'},[{'athlete': {'id': '3934672'}}],2026-05-20T02:27:55Z,True,"{'x': 27, 'y': 3}",2,+2 Points,324.0
401873341628,628,"{'id': '44', 'text': 'Shooting Foul'}",OG Anunoby shooting foul,94,82,4,5:04,False,0,{'id': '18'},[{'athlete': {'id': '3934719'}}],2026-05-20T02:28:18Z,False,"{'x': 26, 'y': 1}",0,Foul,304.0
401873341630,630,"{'id': '98', 'text': 'Free Throw - 1 of 2'}",Jarrett Allen misses free throw 1 of 2,94,82,4,5:04,False,0,{'id': '5'},[{'athlete': {'id': '4066328'}}],2026-05-20T02:28:44Z,True,"{'x': -214748340, 'y': -214748365}",1,Missed FT,304.0
401873341631,631,"{'id': '156', 'text': 'Offensive Rebound'}",Cavaliers offensive team rebound,94,82,4,5:04,False,0,{'id': '5'},,2026-05-20T02:28:44Z,False,"{'x': -214748340, 'y': -214748365}",0,Rebound,304.0
401873341632,632,"{'id': '99', 'text': 'Free Throw - 2 of 2'}",Jarrett Allen misses free throw 2 of 2,94,82,4,5:04,False,0,{'id': '5'},[{'athlete': {'id': '4066328'}}],2026-05-20T02:28:44Z,True,"{'x': -214748340, 'y': -214748365}",1,Missed FT,304.0
401873341633,633,"{'id': '155', 'text': 'Defensive Rebound'}",Karl-Anthony Towns defensive rebound,94,82,4,5:02,False,0,{'id': '18'},[{'athlete': {'id': '3136195'}}],2026-05-20T02:28:46Z,False,"{'x': -214748340, 'y': -214748365}",0,Rebound,302.0
401873341634,634,"{'id': '131', 'text': 'Pullup Jump Shot'}",Jalen Brunson makes 12-foot pullup jump shot,94,84,4,4:47,True,2,{'id': '18'},[{'athlete': {'id': '3934672'}}],2026-05-20T02:29:21Z,True,"{'x': 22, 'y': 12}",2,+2 Points,287.0
401873341635,635,"{'id': '132', 'text': 'Step Back Jump Shot'}",James Harden misses 27-foot three point step back jumpshot,94,84,4,4:21,False,0,{'id': '5'},[{'athlete': {'id': '3992'}}],2026-05-20T02:29:46Z,True,"{'x': 44, 'y': 19}",3,Missed 3PT,261.0
401873341636,636,"{'id': '156', 'text': 'Offensive Rebound'}",Cavaliers offensive team rebound,94,84,4,4:20,False,0,{'id': '5'},,2026-05-20T02:29:47Z,False,"{'x': 44, 'y': 19}",0,Rebound,260.0
401873341637,637,"{'id': '70', 'text': 'Shot Clock Turnover'}",shot clock turnover ,94,84,4,4:20,False,0,{'id': '5'},,2026-05-20T02:29:56Z,False,"{'x': 27, 'y': 5}",0,Turnover,260.0
401873341638,638,"{'id': '133', 'text': 'Pullup Bank Jump Shot'}",Jalen Brunson makes 7-foot two point shot,94,86,4,4:03,True,2,{'id': '18'},[{'athlete': {'id': '3934672'}}],2026-05-20T02:30:21Z,True,"{'x': 25, 'y': 7}",2,+2 Points,243.0
401873341639,639,"{'id': '132', 'text': 'Step Back Jump Shot'}",Donovan Mitchell misses 25-foot three point step back jumpshot,94,86,4,3:47,False,0,{'id': '5'},[{'athlete': {'id': '3908809'}}],2026-05-20T02:30:37Z,True,"{'x': 33, 'y': 25}",3,Missed 3PT,227.0
401873341640,640,"{'id': '155', 'text': 'Defensive Rebound'}",Karl-Anthony Towns defensive rebound,94,86,4,3:44,False,0,{'id': '18'},[{'athlete': {'id': '3136195'}}],2026-05-20T02:30:40Z,False,"{'x': 33, 'y': 25}",0,Rebound,224.0
401873341641,641,"{'id': '131', 'text': 'Pullup Jump Shot'}",Jalen Brunson makes 26-foot three pointer,94,89,4,3:30,True,3,{'id': '18'},[{'athlete': {'id': '3934672'}}],2026-05-20T02:30:54Z,True,"{'x': 35, 'y': 25}",3,+3 Points,210.0
401873341642,642,"{'id': '16', 'text': 'Full Timeout'}",Cavaliers Full timeout,94,89,4,3:30,False,0,{'id': '5'},,2026-05-20T02:30:59Z,False,"{'x': -214748340, 'y': -214748365}",0,Timeout,210.0
401873341643,643,"{'id': '584', 'text': 'Substitution'}",Sam Merrill enters the game for Dean Wade,94,89,4,3:30,False,0,{'id': '5'},"[{'athlete': {'id': '4066757'}}, {'athlete': {'id': '3912848'}}]",2026-05-20T02:30:59Z,False,"{'x': -214748340, 'y': -214748365}",0,Substitution,210.0
401873341645,645,"{'id': '92', 'text': 'Jump Shot'}",Evan Mobley makes 25-foot three point jumper (Sam Merrill assists),97,89,4,3:09,True,3,{'id': '5'},"[{'athlete': {'id': '4432158'}}, {'athlete': {'id': '4066757'}}]",2026-05-20T02:35:06Z,True,"{'x': 37, 'y': 23}",3,+3 Points,189.0
401873341647,647,"{'id': '44', 'text': 'Shooting Foul'}",Jarrett Allen shooting foul,97,89,4,2:54,False,0,{'id': '5'},[{'athlete': {'id': '4066328'}}],2026-05-20T02:35:24Z,False,"{'x': 28, 'y': 4}",0,Foul,174.0
401873341649,649,"{'id': '98', 'text': 'Free Throw - 1 of 2'}",OG Anunoby makes free throw 1 of 2,97,90,4,2:54,True,1,{'id': '18'},[{'athlete': {'id': '3934719'}}],2026-05-20T02:35:49Z,True,"{'x': -214748340, 'y': -214748365}",1,+1 Point,174.0
401873341650,650,"{'id': '99', 'text': 'Free Throw - 2 of 2'}",OG Anunoby misses free throw 2 of 2,97,90,4,2:54,False,0,{'id': '18'},[{'athlete': {'id': '3934719'}}],2026-05-20T02:35:49Z,True,"{'x': -214748340, 'y': -214748365}",1,Missed FT,174.0
401873341651,651,"{'id': '156', 'text': 'Offensive Rebound'}",Knicks offensive team rebound,97,90,4,2:53,False,0,{'id': '18'},,2026-05-20T02:35:50Z,False,"{'x': -214748340, 'y': -214748365}",0,Rebound,173.0
401873341652,652,"{'id': '43', 'text': 'Loose Ball Foul'}",Sam Merrill loose ball foul,97,90,4,2:53,False,0,{'id': '5'},[{'athlete': {'id': '4066757'}}],2026-05-20T02:36:12Z,False,"{'x': 31, 'y': 3}",0,Foul,173.0
401873341654,654,"{'id': '132', 'text': 'Step Back Jump Shot'}",Mikal Bridges makes 25-foot three point step back jumpshot,97,93,4,2:38,True,3,{'id': '18'},[{'athlete': {'id': '3147657'}}],2026-05-20T02:36:50Z,True,"{'x': 34, 'y': 24}",3,+3 Points,158.0
401873341655,655,"{'id': '92', 'text': 'Jump Shot'}",James Harden misses 25-foot three point jumper,97,93,4,2:17,False,0,{'id': '5'},[{'athlete': {'id': '3992'}}],2026-05-20T02:37:10Z,True,"{'x': 12, 'y': 23}",3,Missed 3PT,137.0
401873341656,656,"{'id': '155', 'text': 'Defensive Rebound'}",Landry Shamet defensive rebound,97,93,4,2:14,False,0,{'id': '18'},[{'athlete': {'id': '3914044'}}],2026-05-20T02:37:13Z,False,"{'x': 12, 'y': 23}",0,Rebound,134.0
401873341657,657,"{'id': '42', 'text': 'Offensive Foul'}",Karl-Anthony Towns offensive foul,97,93,4,2:01,False,0,{'id': '18'},[{'athlete': {'id': '3136195'}}],2026-05-20T02:37:31Z,False,"{'x': 17, 'y': 5}",0,Foul,121.0
401873341659,659,"{'id': '84', 'text': 'Offensive Foul Turnover'}",Karl-Anthony Towns offensive foul turnover,97,93,4,2:01,False,0,{'id': '18'},[{'athlete': {'id': '3136195'}}],2026-05-20T02:37:31Z,False,"{'x': 17, 'y': 5}",0,Turnover,121.0
401873341660,660,"{'id': '128', 'text': 'Driving Finger Roll Layup'}",Donovan Mitchell misses two point shot,97,93,4,1:52,False,0,{'id': '5'},[{'athlete': {'id': '3908809'}}],2026-05-20T02:37:53Z,True,"{'x': 27, 'y': 1}",2,Missed FG,112.0
401873341661,661,"{'id': '156', 'text': 'Offensive Rebound'}",Jarrett Allen offensive rebound,97,93,4,1:51,False,0,{'id': '5'},[{'athlete': {'id': '4066328'}}],2026-05-20T02:37:54Z,False,"{'x': 27, 'y': 1}",0,Rebound,111.0
401873341662,662,"{'id': '94', 'text': 'Tip Shot'}",Jarrett Allen makes tip shot,99,93,4,1:51,True,2,{'id': '5'},[{'athlete': {'id': '4066328'}}],2026-05-20T02:37:56Z,True,"{'x': 25, 'y': 0}",2,+2 Points,111.0
401873341663,663,"{'id': '92', 'text': 'Jump Shot'}",OG Anunoby misses 26-foot three point jumper,99,93,4,1:41,False,0,{'id': '18'},[{'athlete': {'id': '3934719'}}],2026-05-20T02:38:08Z,True,"{'x': 29, 'y': 27}",3,Missed 3PT,101.0
401873341664,664,"{'id': '155', 'text': 'Defensive Rebound'}",Evan Mobley defensive rebound,99,93,4,1:38,False,0,{'id': '5'},[{'athlete': {'id': '4432158'}}],2026-05-20T02:38:11Z,False,"{'x': 29, 'y': 27}",0,Rebound,98.0
401873341665,665,"{'id': '92', 'text': 'Jump Shot'}",Evan Mobley misses 11-foot jumper,99,93,4,1:28,False,0,{'id': '5'},[{'athlete': {'id': '4432158'}}],2026-05-20T02:38:21Z,True,"{'x': 24, 'y': 12}",2,Missed FG,88.0
401873341666,666,"{'id': '155', 'text': 'Defensive Rebound'}",Jalen Brunson defensive rebound,99,93,4,1:25,False,0,{'id': '18'},[{'athlete': {'id': '3934672'}}],2026-05-20T02:38:24Z,False,"{'x': 24, 'y': 12}",0,Rebound,85.0
401873341667,667,"{'id': '92', 'text': 'Jump Shot'}",Mikal Bridges makes 24-foot three point jumper (Jalen Brunson assists),99,96,4,1:14,True,3,{'id': '18'},"[{'athlete': {'id': '3147657'}}, {'athlete': {'id': '3934672'}}]",2026-05-20T02:38:35Z,True,"{'x': 49, 'y': 0}",3,+3 Points,74.0
401873341669,669,"{'id': '144', 'text': 'Driving Floating Jump Shot'}",Karl-Anthony Towns blocks Donovan Mitchell 's 15-foot driving floating jump shot,99,96,4,1:01,False,0,{'id': '5'},"[{'athlete': {'id': '3908809'}}, {'athlete': {'id': '3136195'}}]",2026-05-20T02:38:51Z,True,"{'x': 34, 'y': 13}",2,Missed FG,61.0
401873341671,671,"{'id': '155', 'text': 'Defensive Rebound'}",Knicks defensive team rebound,99,96,4,1:00,False,0,{'id': '18'},,2026-05-20T02:38:52Z,False,"{'x': 34, 'y': 13}",0,Rebound,60.0
401873341673,673,"{'id': '92', 'text': 'Jump Shot'}",Landry Shamet makes 22-foot three point jumper (OG Anunoby assists),99,99,4,45.0,True,3,{'id': '18'},"[{'athlete': {'id': '3914044'}}, {'athlete': {'id': '3934719'}}]",2026-05-20T02:39:23Z,True,"{'x': 47, 'y': 4}",3,+3 Points,45.0
401873341675,675,"{'id': '114', 'text': 'Turnaround Jump Shot'}",James Harden makes 10-foot turnaround jump shot,101,99,4,31.1,True,2,{'id': '5'},[{'athlete': {'id': '3992'}}],2026-05-20T02:39:40Z,True,"{'x': 24, 'y': 11}",2,+2 Points,31.1
401873341676,676,"{'id': '145', 'text': 'Driving Floating Bank Jump Shot'}",Jalen Brunson makes 2-foot two point shot,101,101,4,19.3,True,2,{'id': '18'},[{'athlete': {'id': '3934672'}}],2026-05-20T02:39:55Z,True,"{'x': 27, 'y': 2}",2,+2 Points,19.3
401873341677,677,"{'id': '92', 'text': 'Jump Shot'}",Sam Merrill misses 26-foot three point jumper,101,101,4,2.5,False,0,{'id': '5'},[{'athlete': {'id': '4066757'}}],2026-05-20T02:40:15Z,True,"{'x': 30, 'y': 27}",3,Missed 3PT,2.5
401873341678,678,"{'id': '155', 'text': 'Defensive Rebound'}",Mikal Bridges defensive rebound,101,101,4,2.5,False,0,{'id': '18'},[{'athlete': {'id': '3147657'}}],2026-05-20T02:40:15Z,False,"{'x': 30, 'y': 27}",0,Rebound,2.5
401873341679,679,"{'id': '282', 'text': 'Heave Jump Shot'}",Mikal Bridges misses heave jump shot,101,101,4,0.3,False,0,{'id': '18'},[{'athlete': {'id': '3147657'}}],2026-05-20T02:40:21Z,True,"{'x': 30, 'y': 73}",3,Missed 3PT,0.3
401873341680,680,"{'id': '156', 'text': 'Offensive Rebound'}",Knicks offensive team rebound,101,101,4,0.1,False,0,{'id': '18'},,2026-05-20T02:40:21Z,False,"{'x': 24, 'y': 6}",0,Rebound,0.1
401873341681,681,"{'id': '412', 'text': 'End Period'}",End of the 4th Quarter,101,101,4,0.0,False,0,,,2026-05-20T02:40:39Z,False,"{'x': -214748340, 'y': -214748365}",0,End of 4th,0.0
401873341684,684,"{'id': '615', 'text': 'Jumpball'}",Jarrett Allen vs. Karl-Anthony Towns (Mikal Bridges gains possession),101,101,5,5:00,False,0,{'id': '18'},"[{'athlete': {'id': '3136195'}}, {'athlete': {'id': '4066328'}}, {'athlete': {'id': '3147657'}}]",2026-05-20T02:43:43Z,False,"{'x': -214748340, 'y': -214748365}",0,Jump Ball,300.0
401873341688,688,"{'id': '44', 'text': 'Shooting Foul'}",James Harden shooting foul,101,101,5,4:45,False,0,{'id': '5'},[{'athlete': {'id': '3992'}}],2026-05-20T02:43:59Z,False,"{'x': 25, 'y': 2}",0,Foul,285.0
401873341690,690,"{'id': '98', 'text': 'Free Throw - 1 of 2'}",OG Anunoby makes free throw 1 of 2,101,102,5,4:45,True,1,{'id': '18'},[{'athlete': {'id': '3934719'}}],2026-05-20T02:44:23Z,True,"{'x': -214748340, 'y': -214748365}",1,+1 Point,285.0
401873341691,691,"{'id': '99', 'text': 'Free Throw - 2 of 2'}",OG Anunoby makes free throw 2 of 2,101,103,5,4:45,True,1,{'id': '18'},[{'athlete': {'id': '3934719'}}],2026-05-20T02:44:42Z,True,"{'x': -214748340, 'y': -214748365}",1,+1 Point,285.0
401873341692,692,"{'id': '70', 'text': 'Shot Clock Turnover'}",shot clock turnover ,101,103,5,4:21,False,0,{'id': '5'},,2026-05-20T02:45:11Z,False,"{'x': 28, 'y': 25}",0,Turnover,261.0
401873341693,693,"{'id': '144', 'text': 'Driving Floating Jump Shot'}",Jalen Brunson makes 8-foot driving floating jump shot,101,105,5,4:03,True,2,{'id': '18'},[{'athlete': {'id': '3934672'}}],2026-05-20T02:45:40Z,True,"{'x': 24, 'y': 8}",2,+2 Points,243.0
401873341694,694,"{'id': '128', 'text': 'Driving Finger Roll Layup'}",Donovan Mitchell misses two point shot,101,105,5,3:49,False,0,{'id': '5'},[{'athlete': {'id': '3908809'}}],2026-05-20T02:45:54Z,True,"{'x': 26, 'y': 2}",2,Missed FG,229.0
401873341695,695,"{'id': '155', 'text': 'Defensive Rebound'}",Jalen Brunson defensive rebound,101,105,5,3:46,False,0,{'id': '18'},[{'athlete': {'id': '3934672'}}],2026-05-20T02:45:57Z,False,"{'x': 26, 'y': 2}",0,Rebound,226.0
401873341696,696,"{'id': '24', 'text': 'Offensive Charge'}",Jalen Brunson offensive charge,101,105,5,3:31,False,0,{'id': '18'},[{'athlete': {'id': '3934672'}}],2026-05-20T02:46:13Z,False,"{'x': 33, 'y': 17}",0,Foul,211.0
401873341698,698,"{'id': '84', 'text': 'Offensive Foul Turnover'}",Jalen Brunson offensive foul turnover,101,105,5,3:31,False,0,{'id': '18'},[{'athlete': {'id': '3934672'}}],2026-05-20T02:46:13Z,False,"{'x': 33, 'y': 17}",0,Turnover,211.0
401873341699,699,"{'id': '92', 'text': 'Jump Shot'}",Evan Mobley misses 24-foot three point jumper,101,105,5,3:19,False,0,{'id': '5'},[{'athlete': {'id': '4432158'}}],2026-05-20T02:46:38Z,True,"{'x': 16, 'y': 23}",3,Missed 3PT,199.0
401873341700,700,"{'id': '155', 'text': 'Defensive Rebound'}",OG Anunoby defensive rebound,101,105,5,3:16,False,0,{'id': '18'},[{'athlete': {'id': '3934719'}}],2026-05-20T02:46:41Z,False,"{'x': 16, 'y': 23}",0,Rebound,196.0
401873341701,701,"{'id': '110', 'text': 'Driving Layup Shot'}",OG Anunoby makes driving layup (Jalen Brunson assists),101,107,5,2:56,True,2,{'id': '18'},"[{'athlete': {'id': '3934719'}}, {'athlete': {'id': '3934672'}}]",2026-05-20T02:47:01Z,True,"{'x': 23, 'y': 1}",2,+2 Points,176.0
401873341703,703,"{'id': '45', 'text': 'Personal Foul'}",Mikal Bridges personal foul,101,107,5,2:46,False,0,{'id': '18'},[{'athlete': {'id': '3147657'}}],2026-05-20T02:47:13Z,False,"{'x': 15, 'y': 25}",0,Foul,166.0
401873341705,705,"{'id': '132', 'text': 'Step Back Jump Shot'}",James Harden misses 25-foot three point step back jumpshot,101,107,5,2:31,False,0,{'id': '5'},[{'athlete': {'id': '3992'}}],2026-05-20T02:47:51Z,True,"{'x': 20, 'y': 25}",3,Missed 3PT,151.0
401873341706,706,"{'id': '155', 'text': 'Defensive Rebound'}",OG Anunoby defensive rebound,101,107,5,2:28,False,0,{'id': '18'},[{'athlete': {'id': '3934719'}}],2026-05-20T02:47:54Z,False,"{'x': 20, 'y': 25}",0,Rebound,148.0
401873341707,707,"{'id': '110', 'text': 'Driving Layup Shot'}",Evan Mobley blocks OG Anunoby 's 5-foot driving layup,101,107,5,2:09,False,0,{'id': '18'},"[{'athlete': {'id': '3934719'}}, {'athlete': {'id': '4432158'}}]",2026-05-20T02:48:15Z,True,"{'x': 22, 'y': 4}",2,Missed FG,129.0
401873341709,709,"{'id': '155', 'text': 'Defensive Rebound'}",Cavaliers defensive team rebound,101,107,5,2:08,False,0,{'id': '5'},,2026-05-20T02:48:16Z,False,"{'x': 22, 'y': 4}",0,Rebound,128.0
401873341711,711,"{'id': '92', 'text': 'Jump Shot'}",Evan Mobley misses 26-foot three point jumper,101,107,5,1:58,False,0,{'id': '5'},[{'athlete': {'id': '4432158'}}],2026-05-20T02:48:33Z,True,"{'x': 38, 'y': 23}",3,Missed 3PT,118.0
401873341712,712,"{'id': '155', 'text': 'Defensive Rebound'}",OG Anunoby defensive rebound,101,107,5,1:55,False,0,{'id': '18'},[{'athlete': {'id': '3934719'}}],2026-05-20T02:48:36Z,False,"{'x': 38, 'y': 23}",0,Rebound,115.0
401873341713,713,"{'id': '113', 'text': 'Running Jump Shot'}",Landry Shamet makes 25-foot running jump shot (Jalen Brunson assists),101,110,5,1:49,True,3,{'id': '18'},"[{'athlete': {'id': '3914044'}}, {'athlete': {'id': '3934672'}}]",2026-05-20T02:48:43Z,True,"{'x': 41, 'y': 20}",3,+3 Points,109.0
401873341715,715,"{'id': '16', 'text': 'Full Timeout'}",Cavaliers Full timeout,101,110,5,1:49,False,0,{'id': '5'},,2026-05-20T02:48:52Z,False,"{'x': -214748340, 'y': -214748365}",0,Timeout,109.0
401873341716,716,"{'id': '584', 'text': 'Substitution'}",Josh Hart enters the game for Jalen Brunson,101,110,5,1:49,False,0,{'id': '18'},"[{'athlete': {'id': '3062679'}}, {'athlete': {'id': '3934672'}}]",2026-05-20T02:48:52Z,False,"{'x': -214748340, 'y': -214748365}",0,Substitution,109.0
401873341717,717,"{'id': '584', 'text': 'Substitution'}",Max Strus enters the game for Jarrett Allen,101,110,5,1:49,False,0,{'id': '5'},"[{'athlete': {'id': '4065778'}}, {'athlete': {'id': '4066328'}}]",2026-05-20T02:48:52Z,False,"{'x': -214748340, 'y': -214748365}",0,Substitution,109.0
401873341720,720,"{'id': '92', 'text': 'Jump Shot'}",Max Strus makes 25-foot three point jumper (Sam Merrill assists),104,110,5,1:45,True,3,{'id': '5'},"[{'athlete': {'id': '4065778'}}, {'athlete': {'id': '4066757'}}]",2026-05-20T02:50:43Z,True,"{'x': 7, 'y': 18}",3,+3 Points,105.0
401873341722,722,"{'id': '16', 'text': 'Full Timeout'}",Knicks Full timeout,104,110,5,1:45,False,0,{'id': '18'},,2026-05-20T02:50:54Z,False,"{'x': -214748340, 'y': -214748365}",0,Timeout,105.0
401873341723,723,"{'id': '584', 'text': 'Substitution'}",Jalen Brunson enters the game for Josh Hart,104,110,5,1:45,False,0,{'id': '18'},"[{'athlete': {'id': '3934672'}}, {'athlete': {'id': '3062679'}}]",2026-05-20T02:50:54Z,False,"{'x': -214748340, 'y': -214748365}",0,Substitution,105.0
401873341725,725,"{'id': '144', 'text': 'Driving Floating Jump Shot'}",Jalen Brunson misses driving floating jump shot,104,110,5,1:31,False,0,{'id': '18'},[{'athlete': {'id': '3934672'}}],2026-05-20T02:53:01Z,True,"{'x': 17, 'y': 9}",2,Missed FG,91.0
401873341726,726,"{'id': '156', 'text': 'Offensive Rebound'}",Knicks offensive team rebound,104,110,5,1:30,False,0,{'id': '18'},,2026-05-20T02:53:02Z,False,"{'x': 17, 'y': 9}",0,Rebound,90.0
401873341727,727,"{'id': '43', 'text': 'Loose Ball Foul'}",Sam Merrill loose ball foul,104,110,5,1:30,False,0,{'id': '5'},[{'athlete': {'id': '4066757'}}],2026-05-20T02:53:06Z,False,"{'x': 25, 'y': 4}",0,Foul,90.0
401873341729,729,"{'id': '45', 'text': 'Personal Foul'}",Sam Merrill personal foul,104,110,5,1:19,False,0,{'id': '5'},[{'athlete': {'id': '4066757'}}],2026-05-20T02:53:51Z,False,"{'x': 36, 'y': 20}",0,Foul,79.0
401873341731,731,"{'id': '98', 'text': 'Free Throw - 1 of 2'}",OG Anunoby misses free throw 1 of 2,104,110,5,1:19,False,0,{'id': '18'},[{'athlete': {'id': '3934719'}}],2026-05-20T02:54:14Z,True,"{'x': -214748340, 'y': -214748365}",1,Missed FT,79.0
401873341732,732,"{'id': '156', 'text': 'Offensive Rebound'}",Knicks offensive team rebound,104,110,5,1:19,False,0,{'id': '18'},,2026-05-20T02:54:14Z,False,"{'x': -214748340, 'y': -214748365}",0,Rebound,79.0
401873341733,733,"{'id': '99', 'text': 'Free Throw - 2 of 2'}",OG Anunoby makes free throw 2 of 2,104,111,5,1:19,True,1,{'id': '18'},[{'athlete': {'id': '3934719'}}],2026-05-20T02:54:31Z,True,"{'x': -214748340, 'y': -214748365}",1,+1 Point,79.0
401873341734,734,"{'id': '63', 'text': 'Lost Ball Turnover'}",Max Strus lost ball turnover (Mikal Bridges steals),104,111,5,1:13,False,0,{'id': '5'},"[{'athlete': {'id': '4065778'}}, {'athlete': {'id': '3147657'}}]",2026-05-20T02:54:40Z,False,"{'x': 22, 'y': 36}",0,Turnover,73.0
401873341736,736,"{'id': '12', 'text': 'Kicked Ball'}",Sam Merrill kicked ball violation,104,111,5,59.6,False,0,{'id': '5'},[{'athlete': {'id': '4066757'}}],2026-05-20T02:54:58Z,False,"{'x': -214748340, 'y': -214748365}",0,Violation,59.6
401873341737,737,"{'id': '92', 'text': 'Jump Shot'}",OG Anunoby misses 25-foot three point jumper,104,111,5,52.3,False,0,{'id': '18'},[{'athlete': {'id': '3934719'}}],2026-05-20T02:55:34Z,True,"{'x': 20, 'y': 26}",3,Missed 3PT,52.3
401873341738,738,"{'id': '155', 'text': 'Defensive Rebound'}",Cavaliers defensive team rebound,104,111,5,51.5,False,0,{'id': '5'},,2026-05-20T02:55:35Z,False,"{'x': 20, 'y': 26}",0,Rebound,51.5
401873341740,740,"{'id': '62', 'text': 'Bad Pass\nTurnover'}","James Harden bad pass
turnover (Jalen Brunson steals)",104,111,5,40.5,False,0,{'id': '5'},"[{'athlete': {'id': '3992'}}, {'athlete': {'id': '3934672'}}]",2026-05-20T02:55:52Z,False,"{'x': 27, 'y': 4}",0,Turnover,40.5
401873341742,742,"{'id': '45', 'text': 'Personal Foul'}",Max Strus personal foul,104,111,5,39.7,False,0,{'id': '5'},[{'athlete': {'id': '4065778'}}],2026-05-20T02:55:56Z,False,"{'x': 27, 'y': 7}",0,Foul,39.7
401873341744,744,"{'id': '98', 'text': 'Free Throw - 1 of 2'}",OG Anunoby makes free throw 1 of 2,104,112,5,39.7,True,1,{'id': '18'},[{'athlete': {'id': '3934719'}}],2026-05-20T02:56:37Z,True,"{'x': -214748340, 'y': -214748365}",1,+1 Point,39.7
401873341745,745,"{'id': '584', 'text': 'Substitution'}",Josh Hart enters the game for Karl-Anthony Towns,104,112,5,39.7,False,0,{'id': '18'},"[{'athlete': {'id': '3062679'}}, {'athlete': {'id': '3136195'}}]",2026-05-20T02:56:37Z,False,"{'x': -214748340, 'y': -214748365}",0,Substitution,39.7
401873341747,747,"{'id': '99', 'text': 'Free Throw - 2 of 2'}",OG Anunoby makes free throw 2 of 2,104,113,5,39.7,True,1,{'id': '18'},[{'athlete': {'id': '3934719'}}],2026-05-20T02:57:04Z,True,"{'x': -214748340, 'y': -214748365}",1,+1 Point,39.7
401873341748,748,"{'id': '45', 'text': 'Personal Foul'}",OG Anunoby personal foul,104,113,5,34.9,False,0,{'id': '18'},[{'athlete': {'id': '3934719'}}],2026-05-20T02:57:18Z,False,"{'x': 46, 'y': 28}",0,Foul,34.9
401873341750,750,"{'id': '131', 'text': 'Pullup Jump Shot'}",Donovan Mitchell misses 32-foot three point pullup jump shot,104,113,5,32.5,False,0,{'id': '5'},[{'athlete': {'id': '3908809'}}],2026-05-20T02:57:39Z,True,"{'x': 41, 'y': 29}",3,Missed 3PT,32.5
401873341751,751,"{'id': '155', 'text': 'Defensive Rebound'}",Knicks defensive team rebound,104,113,5,30.9,False,0,{'id': '18'},,2026-05-20T02:57:43Z,False,"{'x': 41, 'y': 29}",0,Rebound,30.9
401873341753,753,"{'id': '584', 'text': 'Substitution'}",Karl-Anthony Towns enters the game for Josh Hart,104,113,5,30.9,False,0,{'id': '18'},"[{'athlete': {'id': '3136195'}}, {'athlete': {'id': '3062679'}}]",2026-05-20T02:57:44Z,False,"{'x': -214748340, 'y': -214748365}",0,Substitution,30.9
401873341755,755,"{'id': '45', 'text': 'Personal Foul'}",Donovan Mitchell personal foul,104,113,5,29.4,False,0,{'id': '5'},[{'athlete': {'id': '3908809'}}],2026-05-20T02:58:13Z,False,"{'x': 27, 'y': 21}",0,Foul,29.4
401873341757,757,"{'id': '98', 'text': 'Free Throw - 1 of 2'}",OG Anunoby makes free throw 1 of 2,104,114,5,29.4,True,1,{'id': '18'},[{'athlete': {'id': '3934719'}}],2026-05-20T02:58:41Z,True,"{'x': -214748340, 'y': -214748365}",1,+1 Point,29.4
401873341758,758,"{'id': '584', 'text': 'Substitution'}",Josh Hart enters the game for Karl-Anthony Towns,104,114,5,29.4,False,0,{'id': '18'},"[{'athlete': {'id': '3062679'}}, {'athlete': {'id': '3136195'}}]",2026-05-20T02:58:41Z,False,"{'x': -214748340, 'y': -214748365}",0,Substitution,29.4
401873341760,760,"{'id': '99', 'text': 'Free Throw - 2 of 2'}",OG Anunoby makes free throw 2 of 2,104,115,5,29.4,True,1,{'id': '18'},[{'athlete': {'id': '3934719'}}],2026-05-20T02:59:03Z,True,"{'x': -214748340, 'y': -214748365}",1,+1 Point,29.4
401873341761,761,"{'id': '131', 'text': 'Pullup Jump Shot'}",Evan Mobley misses 26-foot three point pullup jump shot,104,115,5,26.5,False,0,{'id': '5'},[{'athlete': {'id': '4432158'}}],2026-05-20T02:59:12Z,True,"{'x': 38, 'y': 24}",3,Missed 3PT,26.5
401873341762,762,"{'id': '155', 'text': 'Defensive Rebound'}",Jalen Brunson defensive rebound,104,115,5,23.6,False,0,{'id': '18'},[{'athlete': {'id': '3934672'}}],2026-05-20T02:59:15Z,False,"{'x': 38, 'y': 24}",0,Rebound,23.6
401873341763,763,"{'id': '70', 'text': 'Shot Clock Turnover'}",shot clock turnover ,104,115,5,0.9,False,0,{'id': '18'},,2026-05-20T02:59:45Z,False,"{'x': 35, 'y': 13}",0,Turnover,0.9
401873341764,764,"{'id': '412', 'text': 'End Period'}",End of the 1st  Overtime,104,115,5,0.0,False,0,,,2026-05-20T02:59:49Z,False,"{'x': -214748340, 'y': -214748365}",0,End of 1st OT,0.0
401873341765,765,"{'id': '402', 'text': 'End Game'}",End of Game,104,115,5,0.0,False,0,,,2026-05-20T02:59:58Z,False,"{'x': -214748340, 'y': -214748365}",0,End of Game,0.0
