id,sequenceNumber,type,text,awayScore,homeScore,period,clock,scoringPlay,scoreValue,team,participants,wallclock,shootingPlay,coordinate,pointsAttempted,shortDescription,clockSec
4018732014,4,"{'id': '615', 'text': 'Jumpball'}",Victor Wembanyama vs. Chet Holmgren (Julian Champagnie gains possession),0,0,1,12:00,False,0,{'id': '24'},"[{'athlete': {'id': '5104157'}}, {'athlete': {'id': '4433255'}}, {'athlete': {'id': '4592479'}}]",2026-05-27T00:37:05Z,False,"{'x': -214748340, 'y': -214748365}",0,Jump Ball,720.0
4018732017,7,"{'id': '92', 'text': 'Jump Shot'}",De'Aaron Fox misses 26-foot three point jumper,0,0,1,11:47,False,0,{'id': '24'},[{'athlete': {'id': '4066259'}}],2026-05-27T00:37:16Z,True,"{'x': 37, 'y': 24}",3,Missed 3PT,707.0
4018732018,8,"{'id': '155', 'text': 'Defensive Rebound'}",Chet Holmgren defensive rebound,0,0,1,11:43,False,0,{'id': '25'},[{'athlete': {'id': '4433255'}}],2026-05-27T00:37:20Z,False,"{'x': 37, 'y': 24}",0,Rebound,703.0
4018732019,9,"{'id': '62', 'text': 'Bad Pass\nTurnover'}","Jared McCain bad pass
turnover (De'Aaron Fox steals)",0,0,1,11:25,False,0,{'id': '25'},"[{'athlete': {'id': '4683778'}}, {'athlete': {'id': '4066259'}}]",2026-05-27T00:37:38Z,False,"{'x': 23, 'y': 4}",0,Turnover,685.0
40187320111,11,"{'id': '113', 'text': 'Running Jump Shot'}",Julian Champagnie misses 25-foot running jump shot,0,0,1,11:21,False,0,{'id': '24'},[{'athlete': {'id': '4592479'}}],2026-05-27T00:37:42Z,True,"{'x': 2, 'y': 11}",3,Missed 3PT,681.0
40187320112,12,"{'id': '156', 'text': 'Offensive Rebound'}",De'Aaron Fox offensive rebound,0,0,1,11:18,False,0,{'id': '24'},[{'athlete': {'id': '4066259'}}],2026-05-27T00:37:45Z,False,"{'x': 2, 'y': 11}",0,Rebound,678.0
40187320113,13,"{'id': '63', 'text': 'Lost Ball Turnover'}",Stephon Castle lost ball turnover (Shai Gilgeous-Alexander steals),0,0,1,11:07,False,0,{'id': '24'},"[{'athlete': {'id': '4845367'}}, {'athlete': {'id': '4278073'}}]",2026-05-27T00:37:56Z,False,"{'x': 29, 'y': 10}",0,Turnover,667.0
40187320115,15,"{'id': '92', 'text': 'Jump Shot'}",Luguentz Dort misses 22-foot three point jumper,0,0,1,10:59,False,0,{'id': '25'},[{'athlete': {'id': '4397020'}}],2026-05-27T00:38:04Z,True,"{'x': 48, 'y': 2}",3,Missed 3PT,659.0
40187320116,16,"{'id': '156', 'text': 'Offensive Rebound'}",Chet Holmgren offensive rebound,0,0,1,10:56,False,0,{'id': '25'},[{'athlete': {'id': '4433255'}}],2026-05-27T00:38:07Z,False,"{'x': 48, 'y': 2}",0,Rebound,656.0
40187320117,17,"{'id': '114', 'text': 'Turnaround Jump Shot'}",Chet Holmgren makes 7-foot turnaround jump shot,0,2,1,10:54,True,2,{'id': '25'},[{'athlete': {'id': '4433255'}}],2026-05-27T00:38:09Z,True,"{'x': 18, 'y': 1}",2,+2 Points,654.0
40187320118,18,"{'id': '92', 'text': 'Jump Shot'}",Devin Vassell misses 25-foot three point jumper,0,2,1,10:47,False,0,{'id': '24'},[{'athlete': {'id': '4395630'}}],2026-05-27T00:38:15Z,True,"{'x': 47, 'y': 13}",3,Missed 3PT,647.0
40187320119,19,"{'id': '155', 'text': 'Defensive Rebound'}",Jared McCain defensive rebound,0,2,1,10:45,False,0,{'id': '25'},[{'athlete': {'id': '4683778'}}],2026-05-27T00:38:17Z,False,"{'x': 47, 'y': 13}",0,Rebound,645.0
40187320120,20,"{'id': '132', 'text': 'Step Back Jump Shot'}",Jared McCain misses 14-foot step back jumpshot,0,2,1,10:33,False,0,{'id': '25'},[{'athlete': {'id': '4683778'}}],2026-05-27T00:38:29Z,True,"{'x': 32, 'y': 12}",2,Missed FG,633.0
40187320121,21,"{'id': '155', 'text': 'Defensive Rebound'}",Julian Champagnie defensive rebound,0,2,1,10:29,False,0,{'id': '24'},[{'athlete': {'id': '4592479'}}],2026-05-27T00:38:33Z,False,"{'x': 32, 'y': 12}",0,Rebound,629.0
40187320122,22,"{'id': '109', 'text': 'Running Layup Shot'}",De'Aaron Fox misses running layup,0,2,1,10:23,False,0,{'id': '24'},[{'athlete': {'id': '4066259'}}],2026-05-27T00:38:40Z,True,"{'x': 26, 'y': 2}",2,Missed FG,623.0
40187320123,23,"{'id': '155', 'text': 'Defensive Rebound'}",Chet Holmgren defensive rebound,0,2,1,10:21,False,0,{'id': '25'},[{'athlete': {'id': '4433255'}}],2026-05-27T00:38:42Z,False,"{'x': 26, 'y': 2}",0,Rebound,621.0
40187320124,24,"{'id': '63', 'text': 'Lost Ball Turnover'}",Chet Holmgren lost ball turnover (De'Aaron Fox steals),0,2,1,10:18,False,0,{'id': '25'},"[{'athlete': {'id': '4433255'}}, {'athlete': {'id': '4066259'}}]",2026-05-27T00:38:44Z,False,"{'x': 24, 'y': 11}",0,Turnover,618.0
40187320126,26,"{'id': '62', 'text': 'Bad Pass\nTurnover'}","Devin Vassell bad pass
turnover (Shai Gilgeous-Alexander steals)",0,2,1,10:13,False,0,{'id': '24'},"[{'athlete': {'id': '4395630'}}, {'athlete': {'id': '4278073'}}]",2026-05-27T00:38:49Z,False,"{'x': 23, 'y': 2}",0,Turnover,613.0
40187320128,28,"{'id': '92', 'text': 'Jump Shot'}",Luguentz Dort misses 23-foot three point jumper,0,2,1,10:06,False,0,{'id': '25'},[{'athlete': {'id': '4397020'}}],2026-05-27T00:38:56Z,True,"{'x': 49, 'y': -1}",3,Missed 3PT,606.0
40187320129,29,"{'id': '155', 'text': 'Defensive Rebound'}",De'Aaron Fox defensive rebound,0,2,1,10:00,False,0,{'id': '24'},[{'athlete': {'id': '4066259'}}],2026-05-27T00:39:02Z,False,"{'x': 49, 'y': -1}",0,Rebound,600.0
40187320130,30,"{'id': '131', 'text': 'Pullup Jump Shot'}",Stephon Castle makes 26-foot three pointer (De'Aaron Fox assists),3,2,1,9:56,True,3,{'id': '24'},"[{'athlete': {'id': '4845367'}}, {'athlete': {'id': '4066259'}}]",2026-05-27T00:39:07Z,True,"{'x': 39, 'y': 22}",3,+3 Points,596.0
40187320132,32,"{'id': '114', 'text': 'Turnaround Jump Shot'}",Chet Holmgren makes 14-foot turnaround jump shot,3,4,1,9:38,True,2,{'id': '25'},[{'athlete': {'id': '4433255'}}],2026-05-27T00:39:32Z,True,"{'x': 22, 'y': 14}",2,+2 Points,578.0
40187320133,33,"{'id': '145', 'text': 'Driving Floating Bank Jump Shot'}",De'Aaron Fox makes 6-foot two point shot (Stephon Castle assists),5,4,1,9:30,True,2,{'id': '24'},"[{'athlete': {'id': '4066259'}}, {'athlete': {'id': '4845367'}}]",2026-05-27T00:39:39Z,True,"{'x': 20, 'y': 4}",2,+2 Points,570.0
40187320135,35,"{'id': '62', 'text': 'Bad Pass\nTurnover'}","Shai Gilgeous-Alexander bad pass
turnover (Julian Champagnie steals)",5,4,1,9:18,False,0,{'id': '25'},"[{'athlete': {'id': '4278073'}}, {'athlete': {'id': '4592479'}}]",2026-05-27T00:39:52Z,False,"{'x': 32, 'y': 12}",0,Turnover,558.0
40187320137,37,"{'id': '62', 'text': 'Bad Pass\nTurnover'}","Victor Wembanyama bad pass
turnover (Chet Holmgren steals)",5,4,1,9:14,False,0,{'id': '24'},"[{'athlete': {'id': '5104157'}}, {'athlete': {'id': '4433255'}}]",2026-05-27T00:39:56Z,False,"{'x': 19, 'y': 16}",0,Turnover,554.0
40187320139,39,"{'id': '92', 'text': 'Jump Shot'}",Shai Gilgeous-Alexander misses 14-foot jumper,5,4,1,9:03,False,0,{'id': '25'},[{'athlete': {'id': '4278073'}}],2026-05-27T00:40:07Z,True,"{'x': 11, 'y': -1}",2,Missed FG,543.0
40187320140,40,"{'id': '155', 'text': 'Defensive Rebound'}",Victor Wembanyama defensive rebound,5,4,1,8:59,False,0,{'id': '24'},[{'athlete': {'id': '5104157'}}],2026-05-27T00:40:11Z,False,"{'x': 11, 'y': -1}",0,Rebound,539.0
40187320141,41,"{'id': '113', 'text': 'Running Jump Shot'}",De'Aaron Fox misses 25-foot running jump shot,5,4,1,8:54,False,0,{'id': '24'},[{'athlete': {'id': '4066259'}}],2026-05-27T00:40:16Z,True,"{'x': 4, 'y': 16}",3,Missed 3PT,534.0
40187320142,42,"{'id': '155', 'text': 'Defensive Rebound'}",Luguentz Dort defensive rebound,5,4,1,8:51,False,0,{'id': '25'},[{'athlete': {'id': '4397020'}}],2026-05-27T00:40:19Z,False,"{'x': 4, 'y': 16}",0,Rebound,531.0
40187320143,43,"{'id': '151', 'text': 'Cutting Dunk Shot'}",Isaiah Hartenstein makes dunk (Shai Gilgeous-Alexander assists),5,6,1,8:39,True,2,{'id': '25'},"[{'athlete': {'id': '4222252'}}, {'athlete': {'id': '4278073'}}]",2026-05-27T00:40:31Z,True,"{'x': 24, 'y': 1}",2,+2 Points,519.0
40187320145,45,"{'id': '92', 'text': 'Jump Shot'}",Julian Champagnie makes 23-foot three point jumper (Stephon Castle assists),8,6,1,8:21,True,3,{'id': '24'},"[{'athlete': {'id': '4592479'}}, {'athlete': {'id': '4845367'}}]",2026-05-27T00:40:49Z,True,"{'x': 2, 'y': -1}",3,+3 Points,501.0
40187320147,47,"{'id': '62', 'text': 'Bad Pass\nTurnover'}","Jared McCain bad pass
turnover (Julian Champagnie steals)",8,6,1,8:02,False,0,{'id': '25'},"[{'athlete': {'id': '4683778'}}, {'athlete': {'id': '4592479'}}]",2026-05-27T00:41:08Z,False,"{'x': 20, 'y': 0}",0,Turnover,482.0
40187320149,49,"{'id': '113', 'text': 'Running Jump Shot'}",Julian Champagnie makes 25-foot running jump shot (Devin Vassell assists),11,6,1,7:57,True,3,{'id': '24'},"[{'athlete': {'id': '4592479'}}, {'athlete': {'id': '4395630'}}]",2026-05-27T00:41:13Z,True,"{'x': 2, 'y': 11}",3,+3 Points,477.0
40187320151,51,"{'id': '16', 'text': 'Full Timeout'}",Thunder Full timeout,11,6,1,7:56,False,0,{'id': '25'},,2026-05-27T00:41:18Z,False,"{'x': -214748340, 'y': -214748365}",0,Timeout,476.0
40187320152,52,"{'id': '584', 'text': 'Substitution'}",Jaylin Williams enters the game for Isaiah Hartenstein,11,6,1,7:56,False,0,{'id': '25'},"[{'athlete': {'id': '4432823'}}, {'athlete': {'id': '4222252'}}]",2026-05-27T00:43:52Z,False,"{'x': -214748340, 'y': -214748365}",0,Substitution,476.0
40187320154,54,"{'id': '128', 'text': 'Driving Finger Roll Layup'}",Shai Gilgeous-Alexander misses two point shot,11,6,1,7:37,False,0,{'id': '25'},[{'athlete': {'id': '4278073'}}],2026-05-27T00:45:29Z,True,"{'x': 23, 'y': 1}",2,Missed FG,457.0
40187320155,55,"{'id': '155', 'text': 'Defensive Rebound'}",Stephon Castle defensive rebound,11,6,1,7:35,False,0,{'id': '24'},[{'athlete': {'id': '4845367'}}],2026-05-27T00:45:31Z,False,"{'x': 23, 'y': 1}",0,Rebound,455.0
40187320157,57,"{'id': '144', 'text': 'Driving Floating Jump Shot'}",De'Aaron Fox misses driving floating jump shot,11,6,1,7:17,False,0,{'id': '24'},[{'athlete': {'id': '4066259'}}],2026-05-27T00:45:48Z,True,"{'x': 23, 'y': 2}",2,Missed FG,437.0
40187320158,58,"{'id': '155', 'text': 'Defensive Rebound'}",Jaylin Williams defensive rebound,11,6,1,7:16,False,0,{'id': '25'},[{'athlete': {'id': '4432823'}}],2026-05-27T00:45:50Z,False,"{'x': 23, 'y': 2}",0,Rebound,436.0
40187320159,59,"{'id': '110', 'text': 'Driving Layup Shot'}",Luguentz Dort makes driving layup,11,8,1,6:55,True,2,{'id': '25'},[{'athlete': {'id': '4397020'}}],2026-05-27T00:46:12Z,True,"{'x': 24, 'y': -1}",2,+2 Points,415.0
40187320160,60,"{'id': '110', 'text': 'Driving Layup Shot'}",Julian Champagnie makes driving layup (Stephon Castle assists),13,8,1,6:37,True,2,{'id': '24'},"[{'athlete': {'id': '4592479'}}, {'athlete': {'id': '4845367'}}]",2026-05-27T00:46:29Z,True,"{'x': 27, 'y': 2}",2,+2 Points,397.0
40187320162,62,"{'id': '63', 'text': 'Lost Ball Turnover'}",Shai Gilgeous-Alexander lost ball turnover (Stephon Castle steals),13,8,1,6:23,False,0,{'id': '25'},"[{'athlete': {'id': '4278073'}}, {'athlete': {'id': '4845367'}}]",2026-05-27T00:46:43Z,False,"{'x': 28, 'y': 13}",0,Turnover,383.0
40187320164,64,"{'id': '113', 'text': 'Running Jump Shot'}",Julian Champagnie makes 25-foot running jump shot (De'Aaron Fox assists),16,8,1,6:18,True,3,{'id': '24'},"[{'athlete': {'id': '4592479'}}, {'athlete': {'id': '4066259'}}]",2026-05-27T00:46:48Z,True,"{'x': 40, 'y': 21}",3,+3 Points,378.0
40187320166,66,"{'id': '137', 'text': 'Turnaround Fade Away Jump Shot'}",Chet Holmgren makes 11-foot two point shot,16,10,1,5:58,True,2,{'id': '25'},[{'athlete': {'id': '4433255'}}],2026-05-27T00:47:08Z,True,"{'x': 14, 'y': 2}",2,+2 Points,358.0
40187320167,67,"{'id': '92', 'text': 'Jump Shot'}",Julian Champagnie misses 23-foot three point jumper,16,10,1,5:46,False,0,{'id': '24'},[{'athlete': {'id': '4592479'}}],2026-05-27T00:47:20Z,True,"{'x': 2, 'y': -2}",3,Missed 3PT,346.0
40187320168,68,"{'id': '156', 'text': 'Offensive Rebound'}",Spurs offensive team rebound,16,10,1,5:45,False,0,{'id': '24'},,2026-05-27T00:47:21Z,False,"{'x': 2, 'y': -2}",0,Rebound,345.0
40187320169,69,"{'id': '43', 'text': 'Loose Ball Foul'}",Jaylin Williams loose ball foul,16,10,1,5:45,False,0,{'id': '25'},[{'athlete': {'id': '4432823'}}],2026-05-27T00:47:24Z,False,"{'x': 24, 'y': 3}",0,Foul,345.0
40187320171,71,"{'id': '584', 'text': 'Substitution'}",Cason Wallace enters the game for Jared McCain,16,10,1,5:45,False,0,{'id': '25'},"[{'athlete': {'id': '4683692'}}, {'athlete': {'id': '4683778'}}]",2026-05-27T00:47:35Z,False,"{'x': -214748340, 'y': -214748365}",0,Substitution,345.0
40187320172,72,"{'id': '584', 'text': 'Substitution'}",Alex Caruso enters the game for Luguentz Dort,16,10,1,5:45,False,0,{'id': '25'},"[{'athlete': {'id': '2991350'}}, {'athlete': {'id': '4397020'}}]",2026-05-27T00:47:35Z,False,"{'x': -214748340, 'y': -214748365}",0,Substitution,345.0
40187320173,73,"{'id': '584', 'text': 'Substitution'}",Dylan Harper enters the game for De'Aaron Fox,16,10,1,5:45,False,0,{'id': '24'},"[{'athlete': {'id': '5037871'}}, {'athlete': {'id': '4066259'}}]",2026-05-27T00:47:35Z,False,"{'x': -214748340, 'y': -214748365}",0,Substitution,345.0
40187320174,74,"{'id': '584', 'text': 'Substitution'}",Keldon Johnson enters the game for Devin Vassell,16,10,1,5:45,False,0,{'id': '24'},"[{'athlete': {'id': '4395723'}}, {'athlete': {'id': '4395630'}}]",2026-05-27T00:47:35Z,False,"{'x': -214748340, 'y': -214748365}",0,Substitution,345.0
40187320179,79,"{'id': '92', 'text': 'Jump Shot'}",Julian Champagnie misses 25-foot three point jumper,16,10,1,5:33,False,0,{'id': '24'},[{'athlete': {'id': '4592479'}}],2026-05-27T00:48:04Z,True,"{'x': 7, 'y': 19}",3,Missed 3PT,333.0
40187320180,80,"{'id': '155', 'text': 'Defensive Rebound'}",Thunder defensive team rebound,16,10,1,5:30,False,0,{'id': '25'},,2026-05-27T00:48:07Z,False,"{'x': 7, 'y': 19}",0,Rebound,330.0
40187320182,82,"{'id': '92', 'text': 'Jump Shot'}",Alex Caruso makes 22-foot three point jumper (Chet Holmgren assists),16,13,1,5:09,True,3,{'id': '25'},"[{'athlete': {'id': '2991350'}}, {'athlete': {'id': '4433255'}}]",2026-05-27T00:48:38Z,True,"{'x': 48, 'y': 1}",3,+3 Points,309.0
40187320184,84,"{'id': '110', 'text': 'Driving Layup Shot'}",Stephon Castle misses driving layup,16,13,1,4:59,False,0,{'id': '24'},[{'athlete': {'id': '4845367'}}],2026-05-27T00:48:49Z,True,"{'x': 26, 'y': 2}",2,Missed FG,299.0
40187320185,85,"{'id': '155', 'text': 'Defensive Rebound'}",Chet Holmgren defensive rebound,16,13,1,4:56,False,0,{'id': '25'},[{'athlete': {'id': '4433255'}}],2026-05-27T00:48:52Z,False,"{'x': 26, 'y': 2}",0,Rebound,296.0
40187320186,86,"{'id': '63', 'text': 'Lost Ball Turnover'}",Shai Gilgeous-Alexander lost ball turnover (Victor Wembanyama steals),16,13,1,4:42,False,0,{'id': '25'},"[{'athlete': {'id': '4278073'}}, {'athlete': {'id': '5104157'}}]",2026-05-27T00:49:06Z,False,"{'x': 11, 'y': 20}",0,Turnover,282.0
40187320188,88,"{'id': '109', 'text': 'Running Layup Shot'}",Dylan Harper misses running layup,16,13,1,4:39,False,0,{'id': '24'},[{'athlete': {'id': '5037871'}}],2026-05-27T00:49:11Z,True,"{'x': 24, 'y': 2}",2,Missed FG,279.0
40187320189,89,"{'id': '156', 'text': 'Offensive Rebound'}",Julian Champagnie offensive rebound,16,13,1,4:38,False,0,{'id': '24'},[{'athlete': {'id': '4592479'}}],2026-05-27T00:49:12Z,False,"{'x': 24, 'y': 2}",0,Rebound,278.0
40187320190,90,"{'id': '150', 'text': 'Tip Dunk Shot'}",Julian Champagnie makes tip in dunk,18,13,1,4:38,True,2,{'id': '24'},[{'athlete': {'id': '4592479'}}],2026-05-27T00:49:14Z,True,"{'x': 25, 'y': 0}",2,+2 Points,278.0
40187320191,91,"{'id': '92', 'text': 'Jump Shot'}",Cason Wallace misses 23-foot three point jumper,18,13,1,4:23,False,0,{'id': '25'},[{'athlete': {'id': '4683692'}}],2026-05-27T00:49:24Z,True,"{'x': 48, 'y': 0}",3,Missed 3PT,263.0
40187320192,92,"{'id': '155', 'text': 'Defensive Rebound'}",Keldon Johnson defensive rebound,18,13,1,4:21,False,0,{'id': '24'},[{'athlete': {'id': '4395723'}}],2026-05-27T00:49:26Z,False,"{'x': 48, 'y': 0}",0,Rebound,261.0
40187320193,93,"{'id': '63', 'text': 'Lost Ball Turnover'}",Stephon Castle lost ball turnover (Alex Caruso steals),18,13,1,4:14,False,0,{'id': '24'},"[{'athlete': {'id': '4845367'}}, {'athlete': {'id': '2991350'}}]",2026-05-27T00:49:34Z,False,"{'x': 31, 'y': 15}",0,Turnover,254.0
40187320195,95,"{'id': '144', 'text': 'Driving Floating Jump Shot'}",Chet Holmgren makes 7-foot driving floating jump shot (Alex Caruso assists),18,15,1,3:59,True,2,{'id': '25'},"[{'athlete': {'id': '4433255'}}, {'athlete': {'id': '2991350'}}]",2026-05-27T00:49:48Z,True,"{'x': 32, 'y': 4}",2,+2 Points,239.0
40187320197,97,"{'id': '16', 'text': 'Full Timeout'}",Spurs Full timeout,18,15,1,3:59,False,0,{'id': '24'},,2026-05-27T00:49:55Z,False,"{'x': -214748340, 'y': -214748365}",0,Timeout,239.0
40187320198,98,"{'id': '584', 'text': 'Substitution'}",De'Aaron Fox enters the game for Stephon Castle,18,15,1,3:59,False,0,{'id': '24'},"[{'athlete': {'id': '4066259'}}, {'athlete': {'id': '4845367'}}]",2026-05-27T00:51:45Z,False,"{'x': -214748340, 'y': -214748365}",0,Substitution,239.0
401873201100,100,"{'id': '144', 'text': 'Driving Floating Jump Shot'}",Keldon Johnson misses driving floating jump shot,18,15,1,3:43,False,0,{'id': '24'},[{'athlete': {'id': '4395723'}}],2026-05-27T00:54:03Z,True,"{'x': 31, 'y': 4}",2,Missed FG,223.0
401873201101,101,"{'id': '155', 'text': 'Defensive Rebound'}",Shai Gilgeous-Alexander defensive rebound,18,15,1,3:41,False,0,{'id': '25'},[{'athlete': {'id': '4278073'}}],2026-05-27T00:54:05Z,False,"{'x': 31, 'y': 4}",0,Rebound,221.0
401873201103,103,"{'id': '45', 'text': 'Personal Foul'}",Keldon Johnson personal foul,18,15,1,3:31,False,0,{'id': '24'},[{'athlete': {'id': '4395723'}}],2026-05-27T00:54:36Z,False,"{'x': 19, 'y': 24}",0,Foul,211.0
401873201105,105,"{'id': '110', 'text': 'Driving Layup Shot'}",Cason Wallace makes driving layup (Shai Gilgeous-Alexander assists),18,17,1,3:27,True,2,{'id': '25'},"[{'athlete': {'id': '4683692'}}, {'athlete': {'id': '4278073'}}]",2026-05-27T00:54:56Z,True,"{'x': 23, 'y': 0}",2,+2 Points,207.0
401873201107,107,"{'id': '118', 'text': 'Alley Oop Dunk Shot'}",Victor Wembanyama makes 1-foot alley oop dunk (Keldon Johnson assists),20,17,1,3:15,True,2,{'id': '24'},"[{'athlete': {'id': '5104157'}}, {'athlete': {'id': '4395723'}}]",2026-05-27T00:55:08Z,True,"{'x': 25, 'y': 2}",2,+2 Points,195.0
401873201110,110,"{'id': '584', 'text': 'Substitution'}",Kenrich Williams enters the game for Jaylin Williams,20,17,1,3:07,False,0,{'id': '25'},"[{'athlete': {'id': '3133626'}}, {'athlete': {'id': '4432823'}}]",2026-05-27T00:55:18Z,False,"{'x': -214748340, 'y': -214748365}",0,Substitution,187.0
401873201111,111,"{'id': '584', 'text': 'Substitution'}",Isaiah Hartenstein enters the game for Chet Holmgren,20,17,1,3:07,False,0,{'id': '25'},"[{'athlete': {'id': '4222252'}}, {'athlete': {'id': '4433255'}}]",2026-05-27T00:55:18Z,False,"{'x': -214748340, 'y': -214748365}",0,Substitution,187.0
401873201112,112,"{'id': '584', 'text': 'Substitution'}",Carter Bryant enters the game for Victor Wembanyama,20,17,1,3:07,False,0,{'id': '24'},"[{'athlete': {'id': '5061568'}}, {'athlete': {'id': '5104157'}}]",2026-05-27T00:55:18Z,False,"{'x': -214748340, 'y': -214748365}",0,Substitution,187.0
401873201113,113,"{'id': '584', 'text': 'Substitution'}",Devin Vassell enters the game for Keldon Johnson,20,17,1,3:07,False,0,{'id': '24'},"[{'athlete': {'id': '4395630'}}, {'athlete': {'id': '4395723'}}]",2026-05-27T00:55:18Z,False,"{'x': -214748340, 'y': -214748365}",0,Substitution,187.0
401873201114,114,"{'id': '584', 'text': 'Substitution'}",Luke Kornet enters the game for Julian Champagnie,20,17,1,3:07,False,0,{'id': '24'},"[{'athlete': {'id': '3064560'}}, {'athlete': {'id': '4592479'}}]",2026-05-27T00:55:18Z,False,"{'x': -214748340, 'y': -214748365}",0,Substitution,187.0
401873201120,120,"{'id': '92', 'text': 'Jump Shot'}",Alex Caruso misses 22-foot three point jumper,20,17,1,3:00,False,0,{'id': '25'},[{'athlete': {'id': '2991350'}}],2026-05-27T00:55:57Z,True,"{'x': 3, 'y': -1}",3,Missed 3PT,180.0
401873201121,121,"{'id': '156', 'text': 'Offensive Rebound'}",Isaiah Hartenstein offensive rebound,20,17,1,2:56,False,0,{'id': '25'},[{'athlete': {'id': '4222252'}}],2026-05-27T00:56:01Z,False,"{'x': 3, 'y': -1}",0,Rebound,176.0
401873201122,122,"{'id': '144', 'text': 'Driving Floating Jump Shot'}",Shai Gilgeous-Alexander misses driving floating jump shot,20,17,1,2:46,False,0,{'id': '25'},[{'athlete': {'id': '4278073'}}],2026-05-27T00:56:11Z,True,"{'x': 24, 'y': 5}",2,Missed FG,166.0
401873201123,123,"{'id': '155', 'text': 'Defensive Rebound'}",Devin Vassell defensive rebound,20,17,1,2:43,False,0,{'id': '24'},[{'athlete': {'id': '4395630'}}],2026-05-27T00:56:14Z,False,"{'x': 24, 'y': 5}",0,Rebound,163.0
401873201125,125,"{'id': '92', 'text': 'Jump Shot'}",Carter Bryant misses 26-foot three point jumper,20,17,1,2:34,False,0,{'id': '24'},[{'athlete': {'id': '5061568'}}],2026-05-27T00:56:39Z,True,"{'x': 4, 'y': 17}",3,Missed 3PT,154.0
401873201126,126,"{'id': '155', 'text': 'Defensive Rebound'}",Isaiah Hartenstein defensive rebound,20,17,1,2:32,False,0,{'id': '25'},[{'athlete': {'id': '4222252'}}],2026-05-27T00:56:41Z,False,"{'x': 4, 'y': 17}",0,Rebound,152.0
401873201127,127,"{'id': '128', 'text': 'Driving Finger Roll Layup'}",Shai Gilgeous-Alexander misses two point shot,20,17,1,2:22,False,0,{'id': '25'},[{'athlete': {'id': '4278073'}}],2026-05-27T00:56:52Z,True,"{'x': 28, 'y': 1}",2,Missed FG,142.0
401873201128,128,"{'id': '156', 'text': 'Offensive Rebound'}",Isaiah Hartenstein offensive rebound,20,17,1,2:20,False,0,{'id': '25'},[{'athlete': {'id': '4222252'}}],2026-05-27T00:56:54Z,False,"{'x': 28, 'y': 1}",0,Rebound,140.0
401873201129,129,"{'id': '92', 'text': 'Jump Shot'}",Kenrich Williams makes 25-foot three point jumper (Isaiah Hartenstein assists),20,20,1,2:19,True,3,{'id': '25'},"[{'athlete': {'id': '3133626'}}, {'athlete': {'id': '4222252'}}]",2026-05-27T00:56:54Z,True,"{'x': 34, 'y': 24}",3,+3 Points,139.0
401873201130,130,"{'id': '44', 'text': 'Shooting Foul'}",Shai Gilgeous-Alexander shooting foul,20,20,1,2:06,False,0,{'id': '25'},[{'athlete': {'id': '4278073'}}],2026-05-27T00:57:10Z,False,"{'x': 23, 'y': 9}",0,Foul,126.0
401873201132,132,"{'id': '98', 'text': 'Free Throw - 1 of 2'}",Dylan Harper makes free throw 1 of 2,21,20,1,2:06,True,1,{'id': '24'},[{'athlete': {'id': '5037871'}}],2026-05-27T00:57:40Z,True,"{'x': -214748340, 'y': -214748365}",1,+1 Point,126.0
401873201133,133,"{'id': '99', 'text': 'Free Throw - 2 of 2'}",Dylan Harper makes free throw 2 of 2,22,20,1,2:06,True,1,{'id': '24'},[{'athlete': {'id': '5037871'}}],2026-05-27T00:58:04Z,True,"{'x': -214748340, 'y': -214748365}",1,+1 Point,126.0
401873201134,134,"{'id': '44', 'text': 'Shooting Foul'}",Carter Bryant shooting foul,22,20,1,1:55,False,0,{'id': '24'},[{'athlete': {'id': '5061568'}}],2026-05-27T00:58:19Z,False,"{'x': 31, 'y': 6}",0,Foul,115.0
401873201136,136,"{'id': '98', 'text': 'Free Throw - 1 of 2'}",Shai Gilgeous-Alexander makes free throw 1 of 2,22,21,1,1:55,True,1,{'id': '25'},[{'athlete': {'id': '4278073'}}],2026-05-27T00:58:42Z,True,"{'x': -214748340, 'y': -214748365}",1,+1 Point,115.0
401873201137,137,"{'id': '99', 'text': 'Free Throw - 2 of 2'}",Shai Gilgeous-Alexander makes free throw 2 of 2,22,22,1,1:55,True,1,{'id': '25'},[{'athlete': {'id': '4278073'}}],2026-05-27T00:58:58Z,True,"{'x': -214748340, 'y': -214748365}",1,+1 Point,115.0
401873201138,138,"{'id': '115', 'text': 'Driving Dunk Shot'}",Carter Bryant makes 1-foot driving dunk (De'Aaron Fox assists),24,22,1,1:45,True,2,{'id': '24'},"[{'athlete': {'id': '5061568'}}, {'athlete': {'id': '4066259'}}]",2026-05-27T00:59:10Z,True,"{'x': 26, 'y': 2}",2,+2 Points,105.0
401873201140,140,"{'id': '44', 'text': 'Shooting Foul'}",Luke Kornet shooting foul,24,22,1,1:26,False,0,{'id': '24'},[{'athlete': {'id': '3064560'}}],2026-05-27T00:59:30Z,False,"{'x': 24, 'y': 0}",0,Foul,86.0
401873201143,143,"{'id': '98', 'text': 'Free Throw - 1 of 2'}",Cason Wallace makes free throw 1 of 2,24,23,1,1:26,True,1,{'id': '25'},[{'athlete': {'id': '4683692'}}],2026-05-27T00:59:57Z,True,"{'x': -214748340, 'y': -214748365}",1,+1 Point,86.0
401873201144,144,"{'id': '99', 'text': 'Free Throw - 2 of 2'}",Cason Wallace makes free throw 2 of 2,24,24,1,1:26,True,1,{'id': '25'},[{'athlete': {'id': '4683692'}}],2026-05-27T01:00:13Z,True,"{'x': -214748340, 'y': -214748365}",1,+1 Point,86.0
401873201145,145,"{'id': '128', 'text': 'Driving Finger Roll Layup'}",De'Aaron Fox misses two point shot,24,24,1,1:19,False,0,{'id': '24'},[{'athlete': {'id': '4066259'}}],2026-05-27T01:00:26Z,True,"{'x': 21, 'y': 2}",2,Missed FG,79.0
401873201146,146,"{'id': '155', 'text': 'Defensive Rebound'}",Kenrich Williams defensive rebound,24,24,1,1:16,False,0,{'id': '25'},[{'athlete': {'id': '3133626'}}],2026-05-27T01:00:29Z,False,"{'x': 21, 'y': 2}",0,Rebound,76.0
401873201147,147,"{'id': '90', 'text': 'Out of Bounds - Bad Pass Turnover'}",Alex Caruso out of bounds bad pass turnover,24,24,1,1:12,False,0,{'id': '25'},[{'athlete': {'id': '2991350'}}],2026-05-27T01:00:36Z,False,"{'x': 32, 'y': 6}",0,Turnover,72.0
401873201148,148,"{'id': '92', 'text': 'Jump Shot'}",Carter Bryant makes 26-foot three point jumper (De'Aaron Fox assists),27,24,1,55.0,True,3,{'id': '24'},"[{'athlete': {'id': '5061568'}}, {'athlete': {'id': '4066259'}}]",2026-05-27T01:00:56Z,True,"{'x': 2, 'y': 12}",3,+3 Points,55.0
401873201150,150,"{'id': '92', 'text': 'Jump Shot'}",Shai Gilgeous-Alexander makes 25-foot three point jumper (Alex Caruso assists),27,27,1,31.2,True,3,{'id': '25'},"[{'athlete': {'id': '4278073'}}, {'athlete': {'id': '2991350'}}]",2026-05-27T01:01:24Z,True,"{'x': 37, 'y': 23}",3,+3 Points,31.2
401873201152,152,"{'id': '63', 'text': 'Lost Ball Turnover'}",Dylan Harper lost ball turnover (Cason Wallace steals),27,27,1,24.9,False,0,{'id': '24'},"[{'athlete': {'id': '5037871'}}, {'athlete': {'id': '4683692'}}]",2026-05-27T01:01:34Z,False,"{'x': 25, 'y': 11}",0,Turnover,24.9
401873201154,154,"{'id': '110', 'text': 'Driving Layup Shot'}",Cason Wallace misses driving layup,27,27,1,21.5,False,0,{'id': '25'},[{'athlete': {'id': '4683692'}}],2026-05-27T01:01:37Z,True,"{'x': 26, 'y': 1}",2,Missed FG,21.5
401873201155,155,"{'id': '156', 'text': 'Offensive Rebound'}",Alex Caruso offensive rebound,27,27,1,20.2,False,0,{'id': '25'},[{'athlete': {'id': '2991350'}}],2026-05-27T01:01:38Z,False,"{'x': 26, 'y': 1}",0,Rebound,20.2
401873201156,156,"{'id': '45', 'text': 'Personal Foul'}",Carter Bryant personal foul,27,27,1,17.7,False,0,{'id': '24'},[{'athlete': {'id': '5061568'}}],2026-05-27T01:01:42Z,False,"{'x': 14, 'y': 32}",0,Foul,17.7
401873201158,158,"{'id': '98', 'text': 'Free Throw - 1 of 2'}",Shai Gilgeous-Alexander makes free throw 1 of 2,27,28,1,17.7,True,1,{'id': '25'},[{'athlete': {'id': '4278073'}}],2026-05-27T01:02:11Z,True,"{'x': -214748340, 'y': -214748365}",1,+1 Point,17.7
401873201159,159,"{'id': '584', 'text': 'Substitution'}",Luguentz Dort enters the game for Alex Caruso,27,28,1,17.7,False,0,{'id': '25'},"[{'athlete': {'id': '4397020'}}, {'athlete': {'id': '2991350'}}]",2026-05-27T01:02:12Z,False,"{'x': -214748340, 'y': -214748365}",0,Substitution,17.7
401873201160,160,"{'id': '584', 'text': 'Substitution'}",Victor Wembanyama enters the game for Dylan Harper,27,28,1,17.7,False,0,{'id': '24'},"[{'athlete': {'id': '5104157'}}, {'athlete': {'id': '5037871'}}]",2026-05-27T01:02:12Z,False,"{'x': -214748340, 'y': -214748365}",0,Substitution,17.7
401873201161,161,"{'id': '584', 'text': 'Substitution'}",Stephon Castle enters the game for Carter Bryant,27,28,1,17.7,False,0,{'id': '24'},"[{'athlete': {'id': '4845367'}}, {'athlete': {'id': '5061568'}}]",2026-05-27T01:02:12Z,False,"{'x': -214748340, 'y': -214748365}",0,Substitution,17.7
401873201162,162,"{'id': '584', 'text': 'Substitution'}",Julian Champagnie enters the game for Luke Kornet,27,28,1,17.7,False,0,{'id': '24'},"[{'athlete': {'id': '4592479'}}, {'athlete': {'id': '3064560'}}]",2026-05-27T01:02:12Z,False,"{'x': -214748340, 'y': -214748365}",0,Substitution,17.7
401873201167,167,"{'id': '99', 'text': 'Free Throw - 2 of 2'}",Shai Gilgeous-Alexander makes free throw 2 of 2,27,29,1,17.7,True,1,{'id': '25'},[{'athlete': {'id': '4278073'}}],2026-05-27T01:02:39Z,True,"{'x': -214748340, 'y': -214748365}",1,+1 Point,17.7
401873201168,168,"{'id': '132', 'text': 'Step Back Jump Shot'}",Victor Wembanyama misses 28-foot three point step back jumpshot,27,29,1,0.3,False,0,{'id': '24'},[{'athlete': {'id': '5104157'}}],2026-05-27T01:02:59Z,True,"{'x': 14, 'y': 26}",3,Missed 3PT,0.3
401873201169,169,"{'id': '156', 'text': 'Offensive Rebound'}",Spurs offensive team rebound,27,29,1,0.1,False,0,{'id': '24'},,2026-05-27T01:02:59Z,False,"{'x': 14, 'y': 26}",0,Rebound,0.1
401873201170,170,"{'id': '412', 'text': 'End Period'}",End of the 1st Quarter,27,29,1,0.0,False,0,,,2026-05-27T01:03:18Z,False,"{'x': -214748340, 'y': -214748365}",0,End of 1st,0.0
401873201171,171,"{'id': '584', 'text': 'Substitution'}",Jared McCain enters the game for Shai Gilgeous-Alexander,27,29,2,12:00,False,0,{'id': '25'},"[{'athlete': {'id': '4683778'}}, {'athlete': {'id': '4278073'}}]",2026-05-27T01:03:23Z,False,"{'x': -214748340, 'y': -214748365}",0,Substitution,720.0
401873201172,172,"{'id': '584', 'text': 'Substitution'}",Chet Holmgren enters the game for Kenrich Williams,27,29,2,12:00,False,0,{'id': '25'},"[{'athlete': {'id': '4433255'}}, {'athlete': {'id': '3133626'}}]",2026-05-27T01:03:23Z,False,"{'x': -214748340, 'y': -214748365}",0,Substitution,720.0
401873201173,173,"{'id': '584', 'text': 'Substitution'}",Alex Caruso enters the game for Luguentz Dort,27,29,2,12:00,False,0,{'id': '25'},"[{'athlete': {'id': '2991350'}}, {'athlete': {'id': '4397020'}}]",2026-05-27T01:03:23Z,False,"{'x': -214748340, 'y': -214748365}",0,Substitution,720.0
401873201174,174,"{'id': '584', 'text': 'Substitution'}",Harrison Barnes enters the game for De'Aaron Fox,27,29,2,12:00,False,0,{'id': '24'},"[{'athlete': {'id': '6578'}}, {'athlete': {'id': '4066259'}}]",2026-05-27T01:03:23Z,False,"{'x': -214748340, 'y': -214748365}",0,Substitution,720.0
401873201175,175,"{'id': '584', 'text': 'Substitution'}",Dylan Harper enters the game for Devin Vassell,27,29,2,12:00,False,0,{'id': '24'},"[{'athlete': {'id': '5037871'}}, {'athlete': {'id': '4395630'}}]",2026-05-27T01:03:23Z,False,"{'x': -214748340, 'y': -214748365}",0,Substitution,720.0
401873201182,182,"{'id': '144', 'text': 'Driving Floating Jump Shot'}",Isaiah Hartenstein misses driving floating jump shot,27,29,2,11:36,False,0,{'id': '25'},[{'athlete': {'id': '4222252'}}],2026-05-27T01:07:04Z,True,"{'x': 21, 'y': 3}",2,Missed FG,696.0
401873201183,183,"{'id': '155', 'text': 'Defensive Rebound'}",Stephon Castle defensive rebound,27,29,2,11:34,False,0,{'id': '24'},[{'athlete': {'id': '4845367'}}],2026-05-27T01:07:06Z,False,"{'x': 21, 'y': 3}",0,Rebound,694.0
401873201184,184,"{'id': '44', 'text': 'Shooting Foul'}",Isaiah Hartenstein shooting foul,27,29,2,11:31,False,0,{'id': '25'},[{'athlete': {'id': '4222252'}}],2026-05-27T01:07:11Z,False,"{'x': 24, 'y': 2}",0,Foul,691.0
401873201186,186,"{'id': '98', 'text': 'Free Throw - 1 of 2'}",Victor Wembanyama makes free throw 1 of 2,28,29,2,11:31,True,1,{'id': '24'},[{'athlete': {'id': '5104157'}}],2026-05-27T01:07:50Z,True,"{'x': -214748340, 'y': -214748365}",1,+1 Point,691.0
401873201187,187,"{'id': '99', 'text': 'Free Throw - 2 of 2'}",Victor Wembanyama makes free throw 2 of 2,29,29,2,11:31,True,1,{'id': '24'},[{'athlete': {'id': '5104157'}}],2026-05-27T01:07:50Z,True,"{'x': -214748340, 'y': -214748365}",1,+1 Point,691.0
401873201188,188,"{'id': '44', 'text': 'Shooting Foul'}",Victor Wembanyama shooting foul,29,29,2,11:25,False,0,{'id': '24'},[{'athlete': {'id': '5104157'}}],2026-05-27T01:08:17Z,False,"{'x': 26, 'y': 1}",0,Foul,685.0
401873201190,190,"{'id': '98', 'text': 'Free Throw - 1 of 2'}",Alex Caruso makes free throw 1 of 2,29,30,2,11:25,True,1,{'id': '25'},[{'athlete': {'id': '2991350'}}],2026-05-27T01:08:44Z,True,"{'x': -214748340, 'y': -214748365}",1,+1 Point,685.0
401873201191,191,"{'id': '99', 'text': 'Free Throw - 2 of 2'}",Alex Caruso makes free throw 2 of 2,29,31,2,11:25,True,1,{'id': '25'},[{'athlete': {'id': '2991350'}}],2026-05-27T01:09:01Z,True,"{'x': -214748340, 'y': -214748365}",1,+1 Point,685.0
401873201192,192,"{'id': '63', 'text': 'Lost Ball Turnover'}",Dylan Harper lost ball turnover (Alex Caruso steals),29,31,2,11:12,False,0,{'id': '24'},"[{'athlete': {'id': '5037871'}}, {'athlete': {'id': '2991350'}}]",2026-05-27T01:09:17Z,False,"{'x': 39, 'y': 9}",0,Turnover,672.0
401873201194,194,"{'id': '113', 'text': 'Running Jump Shot'}",Isaiah Hartenstein makes 7-foot running jump shot (Cason Wallace assists),29,33,2,11:05,True,2,{'id': '25'},"[{'athlete': {'id': '4222252'}}, {'athlete': {'id': '4683692'}}]",2026-05-27T01:09:25Z,True,"{'x': 33, 'y': 1}",2,+2 Points,665.0
401873201196,196,"{'id': '44', 'text': 'Shooting Foul'}",Isaiah Hartenstein shooting foul,29,33,2,10:56,False,0,{'id': '25'},[{'athlete': {'id': '4222252'}}],2026-05-27T01:09:38Z,False,"{'x': 25, 'y': 4}",0,Foul,656.0
401873201198,198,"{'id': '98', 'text': 'Free Throw - 1 of 2'}",Stephon Castle misses free throw 1 of 2,29,33,2,10:56,False,0,{'id': '24'},[{'athlete': {'id': '4845367'}}],2026-05-27T01:10:06Z,True,"{'x': -214748340, 'y': -214748365}",1,Missed FT,656.0
401873201199,199,"{'id': '156', 'text': 'Offensive Rebound'}",Spurs offensive team rebound,29,33,2,10:56,False,0,{'id': '24'},,2026-05-27T01:10:06Z,False,"{'x': -214748340, 'y': -214748365}",0,Rebound,656.0
401873201200,200,"{'id': '584', 'text': 'Substitution'}",Jaylin Williams enters the game for Isaiah Hartenstein,29,33,2,10:56,False,0,{'id': '25'},"[{'athlete': {'id': '4432823'}}, {'athlete': {'id': '4222252'}}]",2026-05-27T01:10:07Z,False,"{'x': -214748340, 'y': -214748365}",0,Substitution,656.0
401873201202,202,"{'id': '99', 'text': 'Free Throw - 2 of 2'}",Stephon Castle makes free throw 2 of 2,30,33,2,10:56,True,1,{'id': '24'},[{'athlete': {'id': '4845367'}}],2026-05-27T01:10:30Z,True,"{'x': -214748340, 'y': -214748365}",1,+1 Point,656.0
401873201203,203,"{'id': '92', 'text': 'Jump Shot'}",Cason Wallace makes 22-foot three point jumper (Jaylin Williams assists),30,36,2,10:42,True,3,{'id': '25'},"[{'athlete': {'id': '4683692'}}, {'athlete': {'id': '4432823'}}]",2026-05-27T01:10:46Z,True,"{'x': 3, 'y': -3}",3,+3 Points,642.0
401873201205,205,"{'id': '92', 'text': 'Jump Shot'}",Stephon Castle misses 25-foot three point jumper,30,36,2,10:34,False,0,{'id': '24'},[{'athlete': {'id': '4845367'}}],2026-05-27T01:10:54Z,True,"{'x': 39, 'y': 22}",3,Missed 3PT,634.0
401873201206,206,"{'id': '155', 'text': 'Defensive Rebound'}",Cason Wallace defensive rebound,30,36,2,10:30,False,0,{'id': '25'},[{'athlete': {'id': '4683692'}}],2026-05-27T01:10:58Z,False,"{'x': 39, 'y': 22}",0,Rebound,630.0
401873201207,207,"{'id': '92', 'text': 'Jump Shot'}",Jaylin Williams makes 25-foot three point jumper (Alex Caruso assists),30,39,2,10:16,True,3,{'id': '25'},"[{'athlete': {'id': '4432823'}}, {'athlete': {'id': '2991350'}}]",2026-05-27T01:11:12Z,True,"{'x': 37, 'y': 23}",3,+3 Points,616.0
401873201209,209,"{'id': '16', 'text': 'Full Timeout'}",Spurs Full timeout,30,39,2,10:15,False,0,{'id': '24'},,2026-05-27T01:11:18Z,False,"{'x': -214748340, 'y': -214748365}",0,Timeout,615.0
401873201210,210,"{'id': '62', 'text': 'Bad Pass\nTurnover'}","Dylan Harper bad pass
turnover (Alex Caruso steals)",30,39,2,10:12,False,0,{'id': '24'},"[{'athlete': {'id': '5037871'}}, {'athlete': {'id': '2991350'}}]",2026-05-27T01:15:11Z,False,"{'x': 19, 'y': -4}",0,Turnover,612.0
401873201212,212,"{'id': '144', 'text': 'Driving Floating Jump Shot'}",Jared McCain misses driving floating jump shot,30,39,2,10:06,False,0,{'id': '25'},[{'athlete': {'id': '4683778'}}],2026-05-27T01:15:17Z,True,"{'x': 20, 'y': 3}",2,Missed FG,606.0
401873201213,213,"{'id': '155', 'text': 'Defensive Rebound'}",Julian Champagnie defensive rebound,30,39,2,10:04,False,0,{'id': '24'},[{'athlete': {'id': '4592479'}}],2026-05-27T01:15:19Z,False,"{'x': 20, 'y': 3}",0,Rebound,604.0
401873201214,214,"{'id': '44', 'text': 'Shooting Foul'}",Jaylin Williams shooting foul,30,39,2,9:47,False,0,{'id': '25'},[{'athlete': {'id': '4432823'}}],2026-05-27T01:15:38Z,False,"{'x': 18, 'y': 9}",0,Foul,587.0
401873201216,216,"{'id': '98', 'text': 'Free Throw - 1 of 2'}",Victor Wembanyama makes free throw 1 of 2,31,39,2,9:47,True,1,{'id': '24'},[{'athlete': {'id': '5104157'}}],2026-05-27T01:16:09Z,True,"{'x': -214748340, 'y': -214748365}",1,+1 Point,587.0
401873201217,217,"{'id': '584', 'text': 'Substitution'}",De'Aaron Fox enters the game for Dylan Harper,31,39,2,9:47,False,0,{'id': '24'},"[{'athlete': {'id': '4066259'}}, {'athlete': {'id': '5037871'}}]",2026-05-27T01:16:10Z,False,"{'x': -214748340, 'y': -214748365}",0,Substitution,587.0
401873201219,219,"{'id': '99', 'text': 'Free Throw - 2 of 2'}",Victor Wembanyama makes free throw 2 of 2,32,39,2,9:47,True,1,{'id': '24'},[{'athlete': {'id': '5104157'}}],2026-05-27T01:16:41Z,True,"{'x': -214748340, 'y': -214748365}",1,+1 Point,587.0
401873201220,220,"{'id': '110', 'text': 'Driving Layup Shot'}",Jared McCain makes driving layup,32,41,2,9:32,True,2,{'id': '25'},[{'athlete': {'id': '4683778'}}],2026-05-27T01:16:59Z,True,"{'x': 24, 'y': 0}",2,+2 Points,572.0
401873201221,221,"{'id': '92', 'text': 'Jump Shot'}",Julian Champagnie makes 22-foot three point jumper (De'Aaron Fox assists),35,41,2,9:19,True,3,{'id': '24'},"[{'athlete': {'id': '4592479'}}, {'athlete': {'id': '4066259'}}]",2026-05-27T01:17:10Z,True,"{'x': 48, 'y': -2}",3,+3 Points,559.0
401873201224,224,"{'id': '44', 'text': 'Shooting Foul'}",Julian Champagnie shooting foul,35,41,2,9:00,False,0,{'id': '24'},[{'athlete': {'id': '4592479'}}],2026-05-27T01:17:49Z,False,"{'x': 29, 'y': 0}",0,Foul,540.0
401873201226,226,"{'id': '98', 'text': 'Free Throw - 1 of 2'}",Alex Caruso makes free throw 1 of 2,35,42,2,9:00,True,1,{'id': '25'},[{'athlete': {'id': '2991350'}}],2026-05-27T01:18:41Z,True,"{'x': -214748340, 'y': -214748365}",1,+1 Point,540.0
401873201227,227,"{'id': '99', 'text': 'Free Throw - 2 of 2'}",Alex Caruso makes free throw 2 of 2,35,43,2,9:00,True,1,{'id': '25'},[{'athlete': {'id': '2991350'}}],2026-05-27T01:19:04Z,True,"{'x': -214748340, 'y': -214748365}",1,+1 Point,540.0
401873201228,228,"{'id': '45', 'text': 'Personal Foul'}",Cason Wallace personal foul,35,43,2,8:47,False,0,{'id': '25'},[{'athlete': {'id': '4683692'}}],2026-05-27T01:19:26Z,False,"{'x': 26, 'y': 5}",0,Foul,527.0
401873201230,230,"{'id': '131', 'text': 'Pullup Jump Shot'}",Victor Wembanyama misses 19-foot pullup jump shot,35,43,2,8:32,False,0,{'id': '24'},[{'athlete': {'id': '5104157'}}],2026-05-27T01:19:56Z,True,"{'x': 11, 'y': 14}",2,Missed FG,512.0
401873201231,231,"{'id': '155', 'text': 'Defensive Rebound'}",Alex Caruso defensive rebound,35,43,2,8:28,False,0,{'id': '25'},[{'athlete': {'id': '2991350'}}],2026-05-27T01:20:00Z,False,"{'x': 11, 'y': 14}",0,Rebound,508.0
401873201233,233,"{'id': '584', 'text': 'Substitution'}",Devin Vassell enters the game for Julian Champagnie,35,43,2,8:23,False,0,{'id': '24'},"[{'athlete': {'id': '4395630'}}, {'athlete': {'id': '4592479'}}]",2026-05-27T01:20:11Z,False,"{'x': -214748340, 'y': -214748365}",0,Substitution,503.0
401873201235,235,"{'id': '131', 'text': 'Pullup Jump Shot'}",Alex Caruso makes 10-foot pullup jump shot,35,45,2,8:15,True,2,{'id': '25'},[{'athlete': {'id': '2991350'}}],2026-05-27T01:20:44Z,True,"{'x': 32, 'y': 8}",2,+2 Points,495.0
401873201236,236,"{'id': '44', 'text': 'Shooting Foul'}",Alex Caruso shooting foul,35,45,2,8:07,False,0,{'id': '25'},[{'athlete': {'id': '2991350'}}],2026-05-27T01:21:02Z,False,"{'x': 26, 'y': 3}",0,Foul,487.0
401873201238,238,"{'id': '98', 'text': 'Free Throw - 1 of 2'}",Stephon Castle makes free throw 1 of 2,36,45,2,8:07,True,1,{'id': '24'},[{'athlete': {'id': '4845367'}}],2026-05-27T01:21:54Z,True,"{'x': -214748340, 'y': -214748365}",1,+1 Point,487.0
401873201239,239,"{'id': '584', 'text': 'Substitution'}",Keldon Johnson enters the game for Harrison Barnes,36,45,2,8:07,False,0,{'id': '24'},"[{'athlete': {'id': '4395723'}}, {'athlete': {'id': '6578'}}]",2026-05-27T01:22:00Z,False,"{'x': -214748340, 'y': -214748365}",0,Substitution,487.0
401873201241,241,"{'id': '99', 'text': 'Free Throw - 2 of 2'}",Stephon Castle makes free throw 2 of 2,37,45,2,8:07,True,1,{'id': '24'},[{'athlete': {'id': '4845367'}}],2026-05-27T01:22:31Z,True,"{'x': -214748340, 'y': -214748365}",1,+1 Point,487.0
401873201242,242,"{'id': '92', 'text': 'Jump Shot'}",Jaylin Williams misses 23-foot three point jumper,37,45,2,7:48,False,0,{'id': '25'},[{'athlete': {'id': '4432823'}}],2026-05-27T01:22:51Z,True,"{'x': 48, 'y': 6}",3,Missed 3PT,468.0
401873201243,243,"{'id': '155', 'text': 'Defensive Rebound'}",Stephon Castle defensive rebound,37,45,2,7:44,False,0,{'id': '24'},[{'athlete': {'id': '4845367'}}],2026-05-27T01:22:55Z,False,"{'x': 48, 'y': 6}",0,Rebound,464.0
401873201244,244,"{'id': '92', 'text': 'Jump Shot'}",De'Aaron Fox misses 23-foot three point jumper,37,45,2,7:34,False,0,{'id': '24'},[{'athlete': {'id': '4066259'}}],2026-05-27T01:23:05Z,True,"{'x': 2, 'y': 6}",3,Missed 3PT,454.0
401873201245,245,"{'id': '155', 'text': 'Defensive Rebound'}",Jaylin Williams defensive rebound,37,45,2,7:29,False,0,{'id': '25'},[{'athlete': {'id': '4432823'}}],2026-05-27T01:23:10Z,False,"{'x': 2, 'y': 6}",0,Rebound,449.0
401873201246,246,"{'id': '146', 'text': 'Running Pullup Jump Shot'}",Jared McCain misses running pullup jump shot,37,45,2,7:27,False,0,{'id': '25'},[{'athlete': {'id': '4683778'}}],2026-05-27T01:23:11Z,True,"{'x': 42, 'y': 19}",3,Missed 3PT,447.0
401873201247,247,"{'id': '155', 'text': 'Defensive Rebound'}",Devin Vassell defensive rebound,37,45,2,7:25,False,0,{'id': '24'},[{'athlete': {'id': '4395630'}}],2026-05-27T01:23:13Z,False,"{'x': 42, 'y': 19}",0,Rebound,445.0
401873201248,248,"{'id': '110', 'text': 'Driving Layup Shot'}",Keldon Johnson makes driving layup (Devin Vassell assists),39,45,2,7:12,True,2,{'id': '24'},"[{'athlete': {'id': '4395723'}}, {'athlete': {'id': '4395630'}}]",2026-05-27T01:23:27Z,True,"{'x': 26, 'y': 1}",2,+2 Points,432.0
401873201249,249,"{'id': '45', 'text': 'Personal Foul'}",Keldon Johnson personal foul,39,45,2,7:06,False,0,{'id': '24'},[{'athlete': {'id': '4395723'}}],2026-05-27T01:23:36Z,False,"{'x': 33, 'y': 34}",0,Foul,426.0
401873201252,252,"{'id': '584', 'text': 'Substitution'}",Luguentz Dort enters the game for Alex Caruso,39,45,2,7:06,False,0,{'id': '25'},"[{'athlete': {'id': '4397020'}}, {'athlete': {'id': '2991350'}}]",2026-05-27T01:23:42Z,False,"{'x': -214748340, 'y': -214748365}",0,Substitution,426.0
401873201253,253,"{'id': '584', 'text': 'Substitution'}",Shai Gilgeous-Alexander enters the game for Cason Wallace,39,45,2,7:06,False,0,{'id': '25'},"[{'athlete': {'id': '4278073'}}, {'athlete': {'id': '4683692'}}]",2026-05-27T01:23:42Z,False,"{'x': -214748340, 'y': -214748365}",0,Substitution,426.0
401873201254,254,"{'id': '584', 'text': 'Substitution'}",Dylan Harper enters the game for De'Aaron Fox,39,45,2,7:06,False,0,{'id': '24'},"[{'athlete': {'id': '5037871'}}, {'athlete': {'id': '4066259'}}]",2026-05-27T01:23:42Z,False,"{'x': -214748340, 'y': -214748365}",0,Substitution,426.0
401873201258,258,"{'id': '131', 'text': 'Pullup Jump Shot'}",Shai Gilgeous-Alexander misses 14-foot pullup jump shot,39,45,2,6:54,False,0,{'id': '25'},[{'athlete': {'id': '4278073'}}],2026-05-27T01:24:15Z,True,"{'x': 18, 'y': 14}",2,Missed FG,414.0
401873201259,259,"{'id': '156', 'text': 'Offensive Rebound'}",Jaylin Williams offensive rebound,39,45,2,6:50,False,0,{'id': '25'},[{'athlete': {'id': '4432823'}}],2026-05-27T01:24:19Z,False,"{'x': 18, 'y': 14}",0,Rebound,410.0
401873201260,260,"{'id': '137', 'text': 'Turnaround Fade Away Jump Shot'}",Victor Wembanyama blocks Chet Holmgren 's 6-foot two point shot,39,45,2,6:48,False,0,{'id': '25'},"[{'athlete': {'id': '4433255'}}, {'athlete': {'id': '5104157'}}]",2026-05-27T01:24:21Z,True,"{'x': 29, 'y': 6}",2,Missed FG,408.0
401873201262,262,"{'id': '155', 'text': 'Defensive Rebound'}",Stephon Castle defensive rebound,39,45,2,6:48,False,0,{'id': '24'},[{'athlete': {'id': '4845367'}}],2026-05-27T01:24:21Z,False,"{'x': 29, 'y': 6}",0,Rebound,408.0
401873201263,263,"{'id': '113', 'text': 'Running Jump Shot'}",Devin Vassell misses 26-foot running jump shot,39,45,2,6:41,False,0,{'id': '24'},[{'athlete': {'id': '4395630'}}],2026-05-27T01:24:28Z,True,"{'x': 3, 'y': 15}",3,Missed 3PT,401.0
401873201264,264,"{'id': '156', 'text': 'Offensive Rebound'}",Stephon Castle offensive rebound,39,45,2,6:38,False,0,{'id': '24'},[{'athlete': {'id': '4845367'}}],2026-05-27T01:24:31Z,False,"{'x': 3, 'y': 15}",0,Rebound,398.0
401873201265,265,"{'id': '45', 'text': 'Personal Foul'}",Chet Holmgren personal foul,39,45,2,6:38,False,0,{'id': '25'},[{'athlete': {'id': '4433255'}}],2026-05-27T01:24:34Z,False,"{'x': 24, 'y': 3}",0,Foul,398.0
401873201267,267,"{'id': '98', 'text': 'Free Throw - 1 of 2'}",Victor Wembanyama makes free throw 1 of 2,40,45,2,6:38,True,1,{'id': '24'},[{'athlete': {'id': '5104157'}}],2026-05-27T01:25:13Z,True,"{'x': -214748340, 'y': -214748365}",1,+1 Point,398.0
401873201268,268,"{'id': '99', 'text': 'Free Throw - 2 of 2'}",Victor Wembanyama makes free throw 2 of 2,41,45,2,6:38,True,1,{'id': '24'},[{'athlete': {'id': '5104157'}}],2026-05-27T01:25:40Z,True,"{'x': -214748340, 'y': -214748365}",1,+1 Point,398.0
401873201269,269,"{'id': '45', 'text': 'Personal Foul'}",Dylan Harper personal foul,41,45,2,6:30,False,0,{'id': '24'},[{'athlete': {'id': '5037871'}}],2026-05-27T01:25:51Z,False,"{'x': 22, 'y': 26}",0,Foul,390.0
401873201271,271,"{'id': '63', 'text': 'Lost Ball Turnover'}",Shai Gilgeous-Alexander lost ball turnover (Stephon Castle steals),41,45,2,6:18,False,0,{'id': '25'},"[{'athlete': {'id': '4278073'}}, {'athlete': {'id': '4845367'}}]",2026-05-27T01:26:23Z,False,"{'x': 28, 'y': 13}",0,Turnover,378.0
401873201273,273,"{'id': '257', 'text': 'Transition Take Foul'}",Shai Gilgeous-Alexander transition take foul,41,45,2,6:17,False,0,{'id': '25'},[{'athlete': {'id': '4278073'}}],2026-05-27T01:26:32Z,False,"{'x': 26, 'y': 25}",0,Foul,377.0
401873201275,275,"{'id': '97', 'text': 'Free Throw - 1 of 1'}",Victor Wembanyama makes free throw 1 of 1,42,45,2,6:17,True,1,{'id': '24'},[{'athlete': {'id': '5104157'}}],2026-05-27T01:27:02Z,True,"{'x': -214748340, 'y': -214748365}",1,+1 Point,377.0
401873201276,276,"{'id': '115', 'text': 'Driving Dunk Shot'}",Keldon Johnson makes 2-foot driving dunk (Dylan Harper assists),44,45,2,6:09,True,2,{'id': '24'},"[{'athlete': {'id': '4395723'}}, {'athlete': {'id': '5037871'}}]",2026-05-27T01:27:22Z,True,"{'x': 25, 'y': 2}",2,+2 Points,369.0
401873201278,278,"{'id': '16', 'text': 'Full Timeout'}",Thunder Full timeout,44,45,2,6:08,False,0,{'id': '25'},,2026-05-27T01:27:28Z,False,"{'x': -214748340, 'y': -214748365}",0,Timeout,368.0
401873201279,279,"{'id': '584', 'text': 'Substitution'}",Cason Wallace enters the game for Jared McCain,44,45,2,6:08,False,0,{'id': '25'},"[{'athlete': {'id': '4683692'}}, {'athlete': {'id': '4683778'}}]",2026-05-27T01:30:08Z,False,"{'x': -214748340, 'y': -214748365}",0,Substitution,368.0
401873201280,280,"{'id': '584', 'text': 'Substitution'}",Kenrich Williams enters the game for Jaylin Williams,44,45,2,6:08,False,0,{'id': '25'},"[{'athlete': {'id': '3133626'}}, {'athlete': {'id': '4432823'}}]",2026-05-27T01:30:08Z,False,"{'x': -214748340, 'y': -214748365}",0,Substitution,368.0
401873201281,281,"{'id': '584', 'text': 'Substitution'}",Isaiah Hartenstein enters the game for Chet Holmgren,44,45,2,6:08,False,0,{'id': '25'},"[{'athlete': {'id': '4222252'}}, {'athlete': {'id': '4433255'}}]",2026-05-27T01:30:08Z,False,"{'x': -214748340, 'y': -214748365}",0,Substitution,368.0
401873201285,285,"{'id': '132', 'text': 'Step Back Jump Shot'}",Shai Gilgeous-Alexander makes 11-foot step back jumpshot (Cason Wallace assists),44,47,2,5:51,True,2,{'id': '25'},"[{'athlete': {'id': '4278073'}}, {'athlete': {'id': '4683692'}}]",2026-05-27T01:31:29Z,True,"{'x': 14, 'y': 0}",2,+2 Points,351.0
401873201287,287,"{'id': '90', 'text': 'Out of Bounds - Bad Pass Turnover'}",Keldon Johnson out of bounds bad pass turnover,44,47,2,5:31,False,0,{'id': '24'},[{'athlete': {'id': '4395723'}}],2026-05-27T01:31:51Z,False,"{'x': 11, 'y': 22}",0,Turnover,331.0
401873201288,288,"{'id': '45', 'text': 'Personal Foul'}",Stephon Castle personal foul,44,47,2,5:30,False,0,{'id': '24'},[{'athlete': {'id': '4845367'}}],2026-05-27T01:32:07Z,False,"{'x': 9, 'y': 8}",0,Foul,330.0
401873201290,290,"{'id': '98', 'text': 'Free Throw - 1 of 2'}",Shai Gilgeous-Alexander makes free throw 1 of 2,44,48,2,5:30,True,1,{'id': '25'},[{'athlete': {'id': '4278073'}}],2026-05-27T01:32:41Z,True,"{'x': -214748340, 'y': -214748365}",1,+1 Point,330.0
401873201291,291,"{'id': '99', 'text': 'Free Throw - 2 of 2'}",Shai Gilgeous-Alexander makes free throw 2 of 2,44,49,2,5:30,True,1,{'id': '25'},[{'athlete': {'id': '4278073'}}],2026-05-27T01:32:59Z,True,"{'x': -214748340, 'y': -214748365}",1,+1 Point,330.0
401873201292,292,"{'id': '131', 'text': 'Pullup Jump Shot'}",Stephon Castle makes 18-foot pullup jump shot,46,49,2,5:14,True,2,{'id': '24'},[{'athlete': {'id': '4845367'}}],2026-05-27T01:33:18Z,True,"{'x': 33, 'y': 17}",2,+2 Points,314.0
401873201293,293,"{'id': '131', 'text': 'Pullup Jump Shot'}",Shai Gilgeous-Alexander misses 15-foot pullup jump shot,46,49,2,5:01,False,0,{'id': '25'},[{'athlete': {'id': '4278073'}}],2026-05-27T01:33:31Z,True,"{'x': 18, 'y': 14}",2,Missed FG,301.0
401873201294,294,"{'id': '155', 'text': 'Defensive Rebound'}",Devin Vassell defensive rebound,46,49,2,4:58,False,0,{'id': '24'},[{'athlete': {'id': '4395630'}}],2026-05-27T01:33:34Z,False,"{'x': 18, 'y': 14}",0,Rebound,298.0
401873201295,295,"{'id': '95', 'text': 'Layup Shot'}",Isaiah Hartenstein blocks Dylan Harper 's 4-foot layup,46,49,2,4:42,False,0,{'id': '24'},"[{'athlete': {'id': '5037871'}}, {'athlete': {'id': '4222252'}}]",2026-05-27T01:33:50Z,True,"{'x': 24, 'y': 4}",2,Missed FG,282.0
401873201297,297,"{'id': '156', 'text': 'Offensive Rebound'}",Dylan Harper offensive rebound,46,49,2,4:39,False,0,{'id': '24'},[{'athlete': {'id': '5037871'}}],2026-05-27T01:33:53Z,False,"{'x': 24, 'y': 4}",0,Rebound,279.0
401873201298,298,"{'id': '95', 'text': 'Layup Shot'}",Victor Wembanyama misses layup,46,49,2,4:39,False,0,{'id': '24'},[{'athlete': {'id': '5104157'}}],2026-05-27T01:33:54Z,True,"{'x': 24, 'y': 2}",2,Missed FG,279.0
401873201299,299,"{'id': '155', 'text': 'Defensive Rebound'}",Kenrich Williams defensive rebound,46,49,2,4:37,False,0,{'id': '25'},[{'athlete': {'id': '3133626'}}],2026-05-27T01:33:56Z,False,"{'x': 24, 'y': 2}",0,Rebound,277.0
401873201300,300,"{'id': '92', 'text': 'Jump Shot'}",Luguentz Dort makes 25-foot three point jumper (Cason Wallace assists),46,52,2,4:30,True,3,{'id': '25'},"[{'athlete': {'id': '4397020'}}, {'athlete': {'id': '4683692'}}]",2026-05-27T01:34:02Z,True,"{'x': 5, 'y': 16}",3,+3 Points,270.0
401873201302,302,"{'id': '131', 'text': 'Pullup Jump Shot'}",Devin Vassell misses 14-foot pullup jump shot,46,52,2,4:16,False,0,{'id': '24'},[{'athlete': {'id': '4395630'}}],2026-05-27T01:34:17Z,True,"{'x': 26, 'y': 15}",2,Missed FG,256.0
401873201303,303,"{'id': '155', 'text': 'Defensive Rebound'}",Luguentz Dort defensive rebound,46,52,2,4:11,False,0,{'id': '25'},[{'athlete': {'id': '4397020'}}],2026-05-27T01:34:22Z,False,"{'x': 26, 'y': 15}",0,Rebound,251.0
401873201304,304,"{'id': '584', 'text': 'Substitution'}",Chet Holmgren enters the game for Kenrich Williams,46,52,2,4:11,False,0,{'id': '25'},"[{'athlete': {'id': '4433255'}}, {'athlete': {'id': '3133626'}}]",2026-05-27T01:35:00Z,False,"{'x': -214748340, 'y': -214748365}",0,Substitution,251.0
401873201305,305,"{'id': '584', 'text': 'Substitution'}",Julian Champagnie enters the game for Victor Wembanyama,46,52,2,4:11,False,0,{'id': '24'},"[{'athlete': {'id': '4592479'}}, {'athlete': {'id': '5104157'}}]",2026-05-27T01:35:00Z,False,"{'x': -214748340, 'y': -214748365}",0,Substitution,251.0
401873201306,306,"{'id': '584', 'text': 'Substitution'}",Luke Kornet enters the game for Keldon Johnson,46,52,2,4:11,False,0,{'id': '24'},"[{'athlete': {'id': '3064560'}}, {'athlete': {'id': '4395723'}}]",2026-05-27T01:35:00Z,False,"{'x': -214748340, 'y': -214748365}",0,Substitution,251.0
401873201307,307,"{'id': '584', 'text': 'Substitution'}",De'Aaron Fox enters the game for Stephon Castle,46,52,2,4:11,False,0,{'id': '24'},"[{'athlete': {'id': '4066259'}}, {'athlete': {'id': '4845367'}}]",2026-05-27T01:35:00Z,False,"{'x': -214748340, 'y': -214748365}",0,Substitution,251.0
401873201312,312,"{'id': '615', 'text': 'Jumpball'}",Dylan Harper vs. Luguentz Dort (Shai Gilgeous-Alexander gains possession),46,52,2,4:11,False,0,{'id': '25'},"[{'athlete': {'id': '4397020'}}, {'athlete': {'id': '5037871'}}, {'athlete': {'id': '4278073'}}]",2026-05-27T01:35:38Z,False,"{'x': -214748340, 'y': -214748365}",0,Jump Ball,251.0
401873201315,315,"{'id': '121', 'text': 'Fade Away Jump Shot'}",Shai Gilgeous-Alexander makes 12-foot fade away jump shot,46,54,2,4:00,True,2,{'id': '25'},[{'athlete': {'id': '4278073'}}],2026-05-27T01:35:46Z,True,"{'x': 38, 'y': 0}",2,+2 Points,240.0
401873201316,316,"{'id': '92', 'text': 'Jump Shot'}",Dylan Harper makes 25-foot three point jumper (De'Aaron Fox assists),49,54,2,3:47,True,3,{'id': '24'},"[{'athlete': {'id': '5037871'}}, {'athlete': {'id': '4066259'}}]",2026-05-27T01:35:58Z,True,"{'x': 5, 'y': 16}",3,+3 Points,227.0
401873201318,318,"{'id': '62', 'text': 'Bad Pass\nTurnover'}","Shai Gilgeous-Alexander bad pass
turnover (Devin Vassell steals)",49,54,2,3:32,False,0,{'id': '25'},"[{'athlete': {'id': '4278073'}}, {'athlete': {'id': '4395630'}}]",2026-05-27T01:36:13Z,False,"{'x': 12, 'y': 19}",0,Turnover,212.0
401873201320,320,"{'id': '110', 'text': 'Driving Layup Shot'}",Julian Champagnie misses driving layup,49,54,2,3:25,False,0,{'id': '24'},[{'athlete': {'id': '4592479'}}],2026-05-27T01:36:22Z,True,"{'x': 23, 'y': 2}",2,Missed FG,205.0
401873201321,321,"{'id': '156', 'text': 'Offensive Rebound'}",Julian Champagnie offensive rebound,49,54,2,3:24,False,0,{'id': '24'},[{'athlete': {'id': '4592479'}}],2026-05-27T01:36:23Z,False,"{'x': 23, 'y': 2}",0,Rebound,204.0
401873201322,322,"{'id': '120', 'text': 'Turnaround Hook Shot'}",Chet Holmgren blocks Julian Champagnie 's 4-foot two point shot,49,54,2,3:23,False,0,{'id': '24'},"[{'athlete': {'id': '4592479'}}, {'athlete': {'id': '4433255'}}]",2026-05-27T01:36:24Z,True,"{'x': 22, 'y': 3}",2,Missed FG,203.0
401873201324,324,"{'id': '156', 'text': 'Offensive Rebound'}",Julian Champagnie offensive rebound,49,54,2,3:22,False,0,{'id': '24'},[{'athlete': {'id': '4592479'}}],2026-05-27T01:36:25Z,False,"{'x': 22, 'y': 3}",0,Rebound,202.0
401873201326,326,"{'id': '132', 'text': 'Step Back Jump Shot'}",De'Aaron Fox misses 16-foot step back jumpshot,49,54,2,3:11,False,0,{'id': '24'},[{'athlete': {'id': '4066259'}}],2026-05-27T01:36:54Z,True,"{'x': 15, 'y': 13}",2,Missed FG,191.0
401873201327,327,"{'id': '155', 'text': 'Defensive Rebound'}",Isaiah Hartenstein defensive rebound,49,54,2,3:07,False,0,{'id': '25'},[{'athlete': {'id': '4222252'}}],2026-05-27T01:36:58Z,False,"{'x': 15, 'y': 13}",0,Rebound,187.0
401873201328,328,"{'id': '132', 'text': 'Step Back Jump Shot'}",Luguentz Dort misses 13-foot step back jumpshot,49,54,2,3:00,False,0,{'id': '25'},[{'athlete': {'id': '4397020'}}],2026-05-27T01:37:07Z,True,"{'x': 28, 'y': 13}",2,Missed FG,180.0
401873201329,329,"{'id': '156', 'text': 'Offensive Rebound'}",Chet Holmgren offensive rebound,49,54,2,2:58,False,0,{'id': '25'},[{'athlete': {'id': '4433255'}}],2026-05-27T01:37:09Z,False,"{'x': 28, 'y': 13}",0,Rebound,178.0
401873201330,330,"{'id': '44', 'text': 'Shooting Foul'}",Julian Champagnie shooting foul,49,54,2,2:57,False,0,{'id': '24'},[{'athlete': {'id': '4592479'}}],2026-05-27T01:37:12Z,False,"{'x': 28, 'y': 1}",0,Foul,177.0
401873201332,332,"{'id': '98', 'text': 'Free Throw - 1 of 2'}",Chet Holmgren makes free throw 1 of 2,49,55,2,2:57,True,1,{'id': '25'},[{'athlete': {'id': '4433255'}}],2026-05-27T01:37:39Z,True,"{'x': -214748340, 'y': -214748365}",1,+1 Point,177.0
401873201333,333,"{'id': '584', 'text': 'Substitution'}",Jaylin Williams enters the game for Cason Wallace,49,55,2,2:57,False,0,{'id': '25'},"[{'athlete': {'id': '4432823'}}, {'athlete': {'id': '4683692'}}]",2026-05-27T01:37:39Z,False,"{'x': -214748340, 'y': -214748365}",0,Substitution,177.0
401873201334,334,"{'id': '584', 'text': 'Substitution'}",Alex Caruso enters the game for Isaiah Hartenstein,49,55,2,2:57,False,0,{'id': '25'},"[{'athlete': {'id': '2991350'}}, {'athlete': {'id': '4222252'}}]",2026-05-27T01:37:39Z,False,"{'x': -214748340, 'y': -214748365}",0,Substitution,177.0
401873201335,335,"{'id': '584', 'text': 'Substitution'}",Stephon Castle enters the game for Dylan Harper,49,55,2,2:57,False,0,{'id': '24'},"[{'athlete': {'id': '4845367'}}, {'athlete': {'id': '5037871'}}]",2026-05-27T01:37:39Z,False,"{'x': -214748340, 'y': -214748365}",0,Substitution,177.0
401873201339,339,"{'id': '99', 'text': 'Free Throw - 2 of 2'}",Chet Holmgren makes free throw 2 of 2,49,56,2,2:57,True,1,{'id': '25'},[{'athlete': {'id': '4433255'}}],2026-05-27T01:38:06Z,True,"{'x': -214748340, 'y': -214748365}",1,+1 Point,177.0
401873201340,340,"{'id': '92', 'text': 'Jump Shot'}",Devin Vassell misses 22-foot three point jumper,49,56,2,2:36,False,0,{'id': '24'},[{'athlete': {'id': '4395630'}}],2026-05-27T01:38:28Z,True,"{'x': 48, 'y': -2}",3,Missed 3PT,156.0
401873201341,341,"{'id': '155', 'text': 'Defensive Rebound'}",Chet Holmgren defensive rebound,49,56,2,2:32,False,0,{'id': '25'},[{'athlete': {'id': '4433255'}}],2026-05-27T01:38:32Z,False,"{'x': 48, 'y': -2}",0,Rebound,152.0
401873201342,342,"{'id': '110', 'text': 'Driving Layup Shot'}",Chet Holmgren makes driving layup (Alex Caruso assists),49,58,2,2:15,True,2,{'id': '25'},"[{'athlete': {'id': '4433255'}}, {'athlete': {'id': '2991350'}}]",2026-05-27T01:38:50Z,True,"{'x': 26, 'y': 0}",2,+2 Points,135.0
401873201344,344,"{'id': '45', 'text': 'Personal Foul'}",Chet Holmgren personal foul,49,58,2,2:04,False,0,{'id': '25'},[{'athlete': {'id': '4433255'}}],2026-05-27T01:39:02Z,False,"{'x': 11, 'y': 20}",0,Foul,124.0
401873201347,347,"{'id': '584', 'text': 'Substitution'}",Victor Wembanyama enters the game for Luke Kornet,49,58,2,2:04,False,0,{'id': '24'},"[{'athlete': {'id': '5104157'}}, {'athlete': {'id': '3064560'}}]",2026-05-27T01:39:12Z,False,"{'x': -214748340, 'y': -214748365}",0,Substitution,124.0
401873201349,349,"{'id': '213', 'text': 'Challenge'}",Spurs Coach's Challenge,49,58,2,2:04,False,0,{'id': '24'},,2026-05-27T01:39:26Z,False,"{'x': -214748340, 'y': -214748365}",0,Challenge,124.0
401873201350,350,"{'id': '215', 'text': ""Coach's Challenge (Overturned)""}",(02:04) [Spurs] COACH'S CHALLENGE (CALL OVERTURNED) [Spurs] retain their timeout,49,58,2,2:04,False,0,{'id': '24'},,2026-05-27T01:39:30Z,False,"{'x': -214748340, 'y': -214748365}",0,Challenge,124.0
401873201351,351,"{'id': '584', 'text': 'Substitution'}",Jared McCain enters the game for Jaylin Williams,49,58,2,2:04,False,0,{'id': '25'},"[{'athlete': {'id': '4683778'}}, {'athlete': {'id': '4432823'}}]",2026-05-27T01:41:46Z,False,"{'x': -214748340, 'y': -214748365}",0,Substitution,124.0
401873201352,352,"{'id': '584', 'text': 'Substitution'}",Isaiah Hartenstein enters the game for Chet Holmgren,49,58,2,2:04,False,0,{'id': '25'},"[{'athlete': {'id': '4222252'}}, {'athlete': {'id': '4433255'}}]",2026-05-27T01:41:46Z,False,"{'x': -214748340, 'y': -214748365}",0,Substitution,124.0
401873201355,355,"{'id': '98', 'text': 'Free Throw - 1 of 2'}",Julian Champagnie makes free throw 1 of 2,50,58,2,2:04,True,1,{'id': '24'},[{'athlete': {'id': '4592479'}}],2026-05-27T01:42:16Z,True,"{'x': -214748340, 'y': -214748365}",1,+1 Point,124.0
401873201356,356,"{'id': '584', 'text': 'Substitution'}",Cason Wallace enters the game for Luguentz Dort,50,58,2,2:04,False,0,{'id': '25'},"[{'athlete': {'id': '4683692'}}, {'athlete': {'id': '4397020'}}]",2026-05-27T01:42:17Z,False,"{'x': -214748340, 'y': -214748365}",0,Substitution,124.0
401873201358,358,"{'id': '99', 'text': 'Free Throw - 2 of 2'}",Julian Champagnie misses free throw 2 of 2,50,58,2,2:04,False,0,{'id': '24'},[{'athlete': {'id': '4592479'}}],2026-05-27T01:42:16Z,True,"{'x': -214748340, 'y': -214748365}",1,Missed FT,124.0
401873201359,359,"{'id': '155', 'text': 'Defensive Rebound'}",Jared McCain defensive rebound,50,58,2,2:02,False,0,{'id': '25'},[{'athlete': {'id': '4683778'}}],2026-05-27T01:42:18Z,False,"{'x': -214748340, 'y': -214748365}",0,Rebound,122.0
401873201360,360,"{'id': '92', 'text': 'Jump Shot'}",Alex Caruso makes 25-foot three point jumper (Shai Gilgeous-Alexander assists),50,61,2,1:48,True,3,{'id': '25'},"[{'athlete': {'id': '2991350'}}, {'athlete': {'id': '4278073'}}]",2026-05-27T01:42:47Z,True,"{'x': 41, 'y': 20}",3,+3 Points,108.0
401873201362,362,"{'id': '44', 'text': 'Shooting Foul'}",Cason Wallace shooting foul,50,61,2,1:38,False,0,{'id': '25'},[{'athlete': {'id': '4683692'}}],2026-05-27T01:42:59Z,False,"{'x': 30, 'y': 4}",0,Foul,98.0
401873201364,364,"{'id': '98', 'text': 'Free Throw - 1 of 2'}",Stephon Castle makes free throw 1 of 2,51,61,2,1:38,True,1,{'id': '24'},[{'athlete': {'id': '4845367'}}],2026-05-27T01:43:27Z,True,"{'x': -214748340, 'y': -214748365}",1,+1 Point,98.0
401873201365,365,"{'id': '99', 'text': 'Free Throw - 2 of 2'}",Stephon Castle makes free throw 2 of 2,52,61,2,1:38,True,1,{'id': '24'},[{'athlete': {'id': '4845367'}}],2026-05-27T01:43:45Z,True,"{'x': -214748340, 'y': -214748365}",1,+1 Point,98.0
401873201366,366,"{'id': '45', 'text': 'Personal Foul'}",De'Aaron Fox personal foul,52,61,2,1:31,False,0,{'id': '24'},[{'athlete': {'id': '4066259'}}],2026-05-27T01:43:58Z,False,"{'x': 31, 'y': 3}",0,Foul,91.0
401873201368,368,"{'id': '98', 'text': 'Free Throw - 1 of 2'}",Alex Caruso makes free throw 1 of 2,52,62,2,1:31,True,1,{'id': '25'},[{'athlete': {'id': '2991350'}}],2026-05-27T01:44:22Z,True,"{'x': -214748340, 'y': -214748365}",1,+1 Point,91.0
401873201369,369,"{'id': '99', 'text': 'Free Throw - 2 of 2'}",Alex Caruso makes free throw 2 of 2,52,63,2,1:31,True,1,{'id': '25'},[{'athlete': {'id': '2991350'}}],2026-05-27T01:44:46Z,True,"{'x': -214748340, 'y': -214748365}",1,+1 Point,91.0
401873201370,370,"{'id': '92', 'text': 'Jump Shot'}",Stephon Castle misses 22-foot three point jumper,52,63,2,1:21,False,0,{'id': '24'},[{'athlete': {'id': '4845367'}}],2026-05-27T01:44:57Z,True,"{'x': 48, 'y': -1}",3,Missed 3PT,81.0
401873201371,371,"{'id': '155', 'text': 'Defensive Rebound'}",Thunder defensive team rebound,52,63,2,1:20,False,0,{'id': '25'},,2026-05-27T01:44:58Z,False,"{'x': 48, 'y': -1}",0,Rebound,80.0
401873201372,372,"{'id': '43', 'text': 'Loose Ball Foul'}",Julian Champagnie loose ball foul,52,63,2,1:20,False,0,{'id': '24'},[{'athlete': {'id': '4592479'}}],2026-05-27T01:45:01Z,False,"{'x': 22, 'y': 6}",0,Foul,80.0
401873201374,374,"{'id': '98', 'text': 'Free Throw - 1 of 2'}",Shai Gilgeous-Alexander makes free throw 1 of 2,52,64,2,1:20,True,1,{'id': '25'},[{'athlete': {'id': '4278073'}}],2026-05-27T01:45:38Z,True,"{'x': -214748340, 'y': -214748365}",1,+1 Point,80.0
401873201375,375,"{'id': '584', 'text': 'Substitution'}",Keldon Johnson enters the game for Julian Champagnie,52,64,2,1:20,False,0,{'id': '24'},"[{'athlete': {'id': '4395723'}}, {'athlete': {'id': '4592479'}}]",2026-05-27T01:45:39Z,False,"{'x': -214748340, 'y': -214748365}",0,Substitution,80.0
401873201377,377,"{'id': '99', 'text': 'Free Throw - 2 of 2'}",Shai Gilgeous-Alexander makes free throw 2 of 2,52,65,2,1:20,True,1,{'id': '25'},[{'athlete': {'id': '4278073'}}],2026-05-27T01:45:58Z,True,"{'x': -214748340, 'y': -214748365}",1,+1 Point,80.0
401873201379,379,"{'id': '92', 'text': 'Jump Shot'}",Victor Wembanyama misses 26-foot three point jumper,52,65,2,59.2,False,0,{'id': '24'},[{'athlete': {'id': '5104157'}}],2026-05-27T01:46:40Z,True,"{'x': 7, 'y': 20}",3,Missed 3PT,59.2
401873201380,380,"{'id': '156', 'text': 'Offensive Rebound'}",Spurs offensive team rebound,52,65,2,59.2,False,0,{'id': '24'},,2026-05-27T01:46:40Z,False,"{'x': 7, 'y': 20}",0,Rebound,59.2
401873201381,381,"{'id': '43', 'text': 'Loose Ball Foul'}",Alex Caruso loose ball foul,52,65,2,59.2,False,0,{'id': '25'},[{'athlete': {'id': '2991350'}}],2026-05-27T01:46:49Z,False,"{'x': 25, 'y': 7}",0,Foul,59.2
401873201383,383,"{'id': '98', 'text': 'Free Throw - 1 of 2'}",Stephon Castle makes free throw 1 of 2,53,65,2,59.2,True,1,{'id': '24'},[{'athlete': {'id': '4845367'}}],2026-05-27T01:47:11Z,True,"{'x': -214748340, 'y': -214748365}",1,+1 Point,59.2
401873201384,384,"{'id': '99', 'text': 'Free Throw - 2 of 2'}",Stephon Castle makes free throw 2 of 2,54,65,2,59.2,True,1,{'id': '24'},[{'athlete': {'id': '4845367'}}],2026-05-27T01:47:30Z,True,"{'x': -214748340, 'y': -214748365}",1,+1 Point,59.2
401873201385,385,"{'id': '45', 'text': 'Personal Foul'}",Stephon Castle personal foul,54,65,2,50.6,False,0,{'id': '24'},[{'athlete': {'id': '4845367'}}],2026-05-27T01:47:42Z,False,"{'x': 11, 'y': 17}",0,Foul,50.6
401873201387,387,"{'id': '98', 'text': 'Free Throw - 1 of 2'}",Shai Gilgeous-Alexander makes free throw 1 of 2,54,66,2,50.6,True,1,{'id': '25'},[{'athlete': {'id': '4278073'}}],2026-05-27T01:48:06Z,True,"{'x': -214748340, 'y': -214748365}",1,+1 Point,50.6
401873201388,388,"{'id': '584', 'text': 'Substitution'}",Luguentz Dort enters the game for Alex Caruso,54,66,2,50.6,False,0,{'id': '25'},"[{'athlete': {'id': '4397020'}}, {'athlete': {'id': '2991350'}}]",2026-05-27T01:48:06Z,False,"{'x': -214748340, 'y': -214748365}",0,Substitution,50.6
401873201389,389,"{'id': '584', 'text': 'Substitution'}",Jaylin Williams enters the game for Cason Wallace,54,66,2,50.6,False,0,{'id': '25'},"[{'athlete': {'id': '4432823'}}, {'athlete': {'id': '4683692'}}]",2026-05-27T01:48:06Z,False,"{'x': -214748340, 'y': -214748365}",0,Substitution,50.6
401873201390,390,"{'id': '584', 'text': 'Substitution'}",Kenrich Williams enters the game for Isaiah Hartenstein,54,66,2,50.6,False,0,{'id': '25'},"[{'athlete': {'id': '3133626'}}, {'athlete': {'id': '4222252'}}]",2026-05-27T01:48:06Z,False,"{'x': -214748340, 'y': -214748365}",0,Substitution,50.6
401873201394,394,"{'id': '99', 'text': 'Free Throw - 2 of 2'}",Shai Gilgeous-Alexander makes free throw 2 of 2,54,67,2,50.6,True,1,{'id': '25'},[{'athlete': {'id': '4278073'}}],2026-05-27T01:48:27Z,True,"{'x': -214748340, 'y': -214748365}",1,+1 Point,50.6
401873201395,395,"{'id': '144', 'text': 'Driving Floating Jump Shot'}",Keldon Johnson makes 4-foot driving floating jump shot (De'Aaron Fox assists),56,67,2,31.5,True,2,{'id': '24'},"[{'athlete': {'id': '4395723'}}, {'athlete': {'id': '4066259'}}]",2026-05-27T01:48:48Z,True,"{'x': 25, 'y': 5}",2,+2 Points,31.5
401873201397,397,"{'id': '132', 'text': 'Step Back Jump Shot'}",Shai Gilgeous-Alexander makes 13-foot step back jumpshot,56,69,2,23.0,True,2,{'id': '25'},[{'athlete': {'id': '4278073'}}],2026-05-27T01:49:03Z,True,"{'x': 33, 'y': 11}",2,+2 Points,23.0
401873201398,398,"{'id': '111', 'text': 'Alley Oop Layup Shot'}",Victor Wembanyama makes alley oop layup (De'Aaron Fox assists),58,69,2,5.5,True,2,{'id': '24'},"[{'athlete': {'id': '5104157'}}, {'athlete': {'id': '4066259'}}]",2026-05-27T01:49:31Z,True,"{'x': 22, 'y': 11}",2,+2 Points,5.5
401873201399,399,"{'id': '92', 'text': 'Jump Shot'}",Jared McCain misses 23-foot three point jumper,58,69,2,0.5,False,0,{'id': '25'},[{'athlete': {'id': '4683778'}}],2026-05-27T01:49:36Z,True,"{'x': 2, 'y': -1}",3,Missed 3PT,0.5
401873201400,400,"{'id': '156', 'text': 'Offensive Rebound'}",Thunder offensive team rebound,58,69,2,0.5,False,0,{'id': '25'},,2026-05-27T01:49:36Z,False,"{'x': 2, 'y': -1}",0,Rebound,0.5
401873201402,402,"{'id': '412', 'text': 'End Period'}",End of the 2nd Quarter,58,69,2,0.0,False,0,,,2026-05-27T01:51:25Z,False,"{'x': -214748340, 'y': -214748365}",0,Halftime,0.0
401873201403,403,"{'id': '584', 'text': 'Substitution'}",Chet Holmgren enters the game for Jaylin Williams,58,69,3,12:00,False,0,{'id': '25'},"[{'athlete': {'id': '4433255'}}, {'athlete': {'id': '4432823'}}]",2026-05-27T02:04:28Z,False,"{'x': -214748340, 'y': -214748365}",0,Substitution,720.0
401873201404,404,"{'id': '584', 'text': 'Substitution'}",Isaiah Hartenstein enters the game for Kenrich Williams,58,69,3,12:00,False,0,{'id': '25'},"[{'athlete': {'id': '4222252'}}, {'athlete': {'id': '3133626'}}]",2026-05-27T02:04:28Z,False,"{'x': -214748340, 'y': -214748365}",0,Substitution,720.0
401873201405,405,"{'id': '584', 'text': 'Substitution'}",Julian Champagnie enters the game for Keldon Johnson,58,69,3,12:00,False,0,{'id': '24'},"[{'athlete': {'id': '4592479'}}, {'athlete': {'id': '4395723'}}]",2026-05-27T02:04:28Z,False,"{'x': -214748340, 'y': -214748365}",0,Substitution,720.0
401873201410,410,"{'id': '70', 'text': 'Shot Clock Turnover'}",shot clock turnover ,58,69,3,11:36,False,0,{'id': '25'},,2026-05-27T02:06:19Z,False,"{'x': 24, 'y': 1}",0,Turnover,696.0
401873201411,411,"{'id': '145', 'text': 'Driving Floating Bank Jump Shot'}",Victor Wembanyama misses two point shot,58,69,3,11:21,False,0,{'id': '24'},[{'athlete': {'id': '5104157'}}],2026-05-27T02:06:49Z,True,"{'x': 31, 'y': 3}",2,Missed FG,681.0
401873201412,412,"{'id': '155', 'text': 'Defensive Rebound'}",Chet Holmgren defensive rebound,58,69,3,11:17,False,0,{'id': '25'},[{'athlete': {'id': '4433255'}}],2026-05-27T02:06:53Z,False,"{'x': 31, 'y': 3}",0,Rebound,677.0
401873201413,413,"{'id': '92', 'text': 'Jump Shot'}",Luguentz Dort misses 25-foot three point jumper,58,69,3,11:05,False,0,{'id': '25'},[{'athlete': {'id': '4397020'}}],2026-05-27T02:07:04Z,True,"{'x': 5, 'y': 16}",3,Missed 3PT,665.0
401873201414,414,"{'id': '155', 'text': 'Defensive Rebound'}",Julian Champagnie defensive rebound,58,69,3,11:02,False,0,{'id': '24'},[{'athlete': {'id': '4592479'}}],2026-05-27T02:07:07Z,False,"{'x': 5, 'y': 16}",0,Rebound,662.0
401873201415,415,"{'id': '110', 'text': 'Driving Layup Shot'}",Shai Gilgeous-Alexander blocks De'Aaron Fox 's 5-foot driving layup,58,69,3,10:54,False,0,{'id': '24'},"[{'athlete': {'id': '4066259'}}, {'athlete': {'id': '4278073'}}]",2026-05-27T02:07:15Z,True,"{'x': 20, 'y': 3}",2,Missed FG,654.0
401873201417,417,"{'id': '155', 'text': 'Defensive Rebound'}",Isaiah Hartenstein defensive rebound,58,69,3,10:51,False,0,{'id': '25'},[{'athlete': {'id': '4222252'}}],2026-05-27T02:07:18Z,False,"{'x': 20, 'y': 3}",0,Rebound,651.0
401873201418,418,"{'id': '109', 'text': 'Running Layup Shot'}",Victor Wembanyama blocks Jared McCain 's 4-foot running layup,58,69,3,10:48,False,0,{'id': '25'},"[{'athlete': {'id': '4683778'}}, {'athlete': {'id': '5104157'}}]",2026-05-27T02:07:24Z,True,"{'x': 29, 'y': 2}",2,Missed FG,648.0
401873201420,420,"{'id': '156', 'text': 'Offensive Rebound'}",Luguentz Dort offensive rebound,58,69,3,10:46,False,0,{'id': '25'},[{'athlete': {'id': '4397020'}}],2026-05-27T02:07:26Z,False,"{'x': 29, 'y': 2}",0,Rebound,646.0
401873201421,421,"{'id': '125', 'text': 'Layup Shot Putback'}",Luguentz Dort makes two point shot,58,71,3,10:45,True,2,{'id': '25'},[{'athlete': {'id': '4397020'}}],2026-05-27T02:07:27Z,True,"{'x': 24, 'y': 2}",2,+2 Points,645.0
401873201422,422,"{'id': '42', 'text': 'Offensive Foul'}",Julian Champagnie offensive foul,58,71,3,10:38,False,0,{'id': '24'},[{'athlete': {'id': '4592479'}}],2026-05-27T02:07:35Z,False,"{'x': 17, 'y': 20}",0,Foul,638.0
401873201424,424,"{'id': '84', 'text': 'Offensive Foul Turnover'}",Julian Champagnie offensive foul turnover,58,71,3,10:38,False,0,{'id': '24'},[{'athlete': {'id': '4592479'}}],2026-05-27T02:07:35Z,False,"{'x': 17, 'y': 20}",0,Turnover,638.0
401873201425,425,"{'id': '145', 'text': 'Driving Floating Bank Jump Shot'}",Jared McCain makes 2-foot two point shot,58,73,3,10:28,True,2,{'id': '25'},[{'athlete': {'id': '4683778'}}],2026-05-27T02:08:07Z,True,"{'x': 25, 'y': 3}",2,+2 Points,628.0
401873201426,426,"{'id': '44', 'text': 'Shooting Foul'}",De'Aaron Fox shooting foul,58,73,3,10:28,False,0,{'id': '24'},[{'athlete': {'id': '4066259'}}],2026-05-27T02:08:11Z,False,"{'x': 26, 'y': 2}",0,Foul,628.0
401873201428,428,"{'id': '97', 'text': 'Free Throw - 1 of 1'}",Jared McCain misses free throw 1 of 1,58,73,3,10:28,False,0,{'id': '25'},[{'athlete': {'id': '4683778'}}],2026-05-27T02:08:36Z,True,"{'x': -214748340, 'y': -214748365}",1,Missed FT,628.0
401873201429,429,"{'id': '155', 'text': 'Defensive Rebound'}",Julian Champagnie defensive rebound,58,73,3,10:26,False,0,{'id': '24'},[{'athlete': {'id': '4592479'}}],2026-05-27T02:08:38Z,False,"{'x': -214748340, 'y': -214748365}",0,Rebound,626.0
401873201430,430,"{'id': '134', 'text': 'Driving Jump Shot Bank'}",Julian Champagnie misses 5-foot two point shot,58,73,3,10:07,False,0,{'id': '24'},[{'athlete': {'id': '4592479'}}],2026-05-27T02:08:57Z,True,"{'x': 19, 'y': 0}",2,Missed FG,607.0
401873201431,431,"{'id': '155', 'text': 'Defensive Rebound'}",Luguentz Dort defensive rebound,58,73,3,10:05,False,0,{'id': '25'},[{'athlete': {'id': '4397020'}}],2026-05-27T02:08:59Z,False,"{'x': 19, 'y': 0}",0,Rebound,605.0
401873201432,432,"{'id': '132', 'text': 'Step Back Jump Shot'}",Shai Gilgeous-Alexander makes 26-foot three point step back jumpshot,58,76,3,9:56,True,3,{'id': '25'},[{'athlete': {'id': '4278073'}}],2026-05-27T02:09:08Z,True,"{'x': 7, 'y': 20}",3,+3 Points,596.0
401873201433,433,"{'id': '16', 'text': 'Full Timeout'}",Spurs Full timeout,58,76,3,9:54,False,0,{'id': '24'},,2026-05-27T02:09:14Z,False,"{'x': -214748340, 'y': -214748365}",0,Timeout,594.0
401873201434,434,"{'id': '90', 'text': 'Out of Bounds - Bad Pass Turnover'}",De'Aaron Fox out of bounds bad pass turnover,58,76,3,9:44,False,0,{'id': '24'},[{'athlete': {'id': '4066259'}}],2026-05-27T02:13:09Z,False,"{'x': 27, 'y': 18}",0,Turnover,584.0
401873201435,435,"{'id': '131', 'text': 'Pullup Jump Shot'}",Shai Gilgeous-Alexander makes 18-foot pullup jump shot (Isaiah Hartenstein assists),58,78,3,9:32,True,2,{'id': '25'},"[{'athlete': {'id': '4278073'}}, {'athlete': {'id': '4222252'}}]",2026-05-27T02:13:25Z,True,"{'x': 7, 'y': -1}",2,+2 Points,572.0
401873201437,437,"{'id': '126', 'text': 'Layup Driving Reverse'}",Stephon Castle makes two point shot,60,78,3,9:19,True,2,{'id': '24'},[{'athlete': {'id': '4845367'}}],2026-05-27T02:13:38Z,True,"{'x': 26, 'y': 0}",2,+2 Points,559.0
401873201438,438,"{'id': '132', 'text': 'Step Back Jump Shot'}",Jared McCain makes 11-foot step back jumpshot (Isaiah Hartenstein assists),60,80,3,9:08,True,2,{'id': '25'},"[{'athlete': {'id': '4683778'}}, {'athlete': {'id': '4222252'}}]",2026-05-27T02:13:48Z,True,"{'x': 36, 'y': 2}",2,+2 Points,548.0
401873201440,440,"{'id': '111', 'text': 'Alley Oop Layup Shot'}",Victor Wembanyama makes alley oop layup (Stephon Castle assists),62,80,3,8:58,True,2,{'id': '24'},"[{'athlete': {'id': '5104157'}}, {'athlete': {'id': '4845367'}}]",2026-05-27T02:14:01Z,True,"{'x': 23, 'y': 0}",2,+2 Points,538.0
401873201442,442,"{'id': '44', 'text': 'Shooting Foul'}",Shai Gilgeous-Alexander shooting foul,62,80,3,8:58,False,0,{'id': '25'},[{'athlete': {'id': '4278073'}}],2026-05-27T02:14:04Z,False,"{'x': 22, 'y': 0}",0,Foul,538.0
401873201444,444,"{'id': '97', 'text': 'Free Throw - 1 of 1'}",Victor Wembanyama makes free throw 1 of 1,63,80,3,8:58,True,1,{'id': '24'},[{'athlete': {'id': '5104157'}}],2026-05-27T02:14:35Z,True,"{'x': -214748340, 'y': -214748365}",1,+1 Point,538.0
401873201475,475,"{'id': '110', 'text': 'Driving Layup Shot'}",Victor Wembanyama blocks Chet Holmgren's driving layup,63,80,3,8:46,False,0,{'id': '25'},"[{'athlete': {'id': '4433255'}}, {'athlete': {'id': '5104157'}}]",2026-05-27T02:14:36Z,True,"{'x': 26, 'y': 1}",2,Missed FG,526.0
401873201477,477,"{'id': '156', 'text': 'Offensive Rebound'}",Thunder offensive team rebound,63,80,3,8:45,False,0,{'id': '25'},,2026-05-27T02:14:37Z,False,"{'x': 26, 'y': 1}",0,Rebound,525.0
401873201446,446,"{'id': '132', 'text': 'Step Back Jump Shot'}",Jared McCain makes 15-foot step back jumpshot,63,82,3,8:39,True,2,{'id': '25'},[{'athlete': {'id': '4683778'}}],2026-05-27T02:15:16Z,True,"{'x': 28, 'y': 15}",2,+2 Points,519.0
401873201447,447,"{'id': '131', 'text': 'Pullup Jump Shot'}",Stephon Castle makes 10-foot pullup jump shot,65,82,3,8:30,True,2,{'id': '24'},[{'athlete': {'id': '4845367'}}],2026-05-27T02:15:24Z,True,"{'x': 30, 'y': 9}",2,+2 Points,510.0
401873201449,449,"{'id': '9', 'text': 'Defensive Goaltending'}",Luguentz Dort defensive goaltending violation,65,82,3,8:30,False,0,{'id': '25'},[{'athlete': {'id': '4397020'}}],2026-05-27T02:15:52Z,False,"{'x': -214748340, 'y': -214748365}",0,Goaltending,510.0
401873201450,450,"{'id': '92', 'text': 'Jump Shot'}",Jared McCain makes 27-foot three point jumper (Shai Gilgeous-Alexander assists),65,85,3,8:14,True,3,{'id': '25'},"[{'athlete': {'id': '4683778'}}, {'athlete': {'id': '4278073'}}]",2026-05-27T02:16:28Z,True,"{'x': 9, 'y': 23}",3,+3 Points,494.0
401873201452,452,"{'id': '110', 'text': 'Driving Layup Shot'}",Julian Champagnie makes driving layup (Stephon Castle assists),67,85,3,8:01,True,2,{'id': '24'},"[{'athlete': {'id': '4592479'}}, {'athlete': {'id': '4845367'}}]",2026-05-27T02:16:44Z,True,"{'x': 26, 'y': 0}",2,+2 Points,481.0
401873201454,454,"{'id': '44', 'text': 'Shooting Foul'}",Chet Holmgren shooting foul,67,85,3,8:01,False,0,{'id': '25'},[{'athlete': {'id': '4433255'}}],2026-05-27T02:16:46Z,False,"{'x': 27, 'y': 0}",0,Foul,481.0
401873201456,456,"{'id': '584', 'text': 'Substitution'}",Jaylin Williams enters the game for Luguentz Dort,67,85,3,8:01,False,0,{'id': '25'},"[{'athlete': {'id': '4432823'}}, {'athlete': {'id': '4397020'}}]",2026-05-27T02:16:54Z,False,"{'x': -214748340, 'y': -214748365}",0,Substitution,481.0
401873201457,457,"{'id': '584', 'text': 'Substitution'}",Alex Caruso enters the game for Isaiah Hartenstein,67,85,3,8:01,False,0,{'id': '25'},"[{'athlete': {'id': '2991350'}}, {'athlete': {'id': '4222252'}}]",2026-05-27T02:16:54Z,False,"{'x': -214748340, 'y': -214748365}",0,Substitution,481.0
401873201458,458,"{'id': '584', 'text': 'Substitution'}",Dylan Harper enters the game for De'Aaron Fox,67,85,3,8:01,False,0,{'id': '24'},"[{'athlete': {'id': '5037871'}}, {'athlete': {'id': '4066259'}}]",2026-05-27T02:16:54Z,False,"{'x': -214748340, 'y': -214748365}",0,Substitution,481.0
401873201462,462,"{'id': '97', 'text': 'Free Throw - 1 of 1'}",Julian Champagnie makes free throw 1 of 1,68,85,3,8:01,True,1,{'id': '24'},[{'athlete': {'id': '4592479'}}],2026-05-27T02:17:22Z,True,"{'x': -214748340, 'y': -214748365}",1,+1 Point,481.0
401873201463,463,"{'id': '45', 'text': 'Personal Foul'}",Stephon Castle personal foul,68,85,3,7:44,False,0,{'id': '24'},[{'athlete': {'id': '4845367'}}],2026-05-27T02:17:43Z,False,"{'x': 25, 'y': 2}",0,Foul,464.0
401873201465,465,"{'id': '584', 'text': 'Substitution'}",Keldon Johnson enters the game for Julian Champagnie,68,85,3,7:44,False,0,{'id': '24'},"[{'athlete': {'id': '4395723'}}, {'athlete': {'id': '4592479'}}]",2026-05-27T02:17:50Z,False,"{'x': -214748340, 'y': -214748365}",0,Substitution,464.0
401873201467,467,"{'id': '63', 'text': 'Lost Ball Turnover'}",Chet Holmgren lost ball turnover (Devin Vassell steals),68,85,3,7:29,False,0,{'id': '25'},"[{'athlete': {'id': '4433255'}}, {'athlete': {'id': '4395630'}}]",2026-05-27T02:18:16Z,False,"{'x': 3, 'y': 12}",0,Turnover,449.0
401873201469,469,"{'id': '109', 'text': 'Running Layup Shot'}",Keldon Johnson makes running layup (Dylan Harper assists),70,85,3,7:23,True,2,{'id': '24'},"[{'athlete': {'id': '4395723'}}, {'athlete': {'id': '5037871'}}]",2026-05-27T02:18:22Z,True,"{'x': 25, 'y': 0}",2,+2 Points,443.0
401873201471,471,"{'id': '132', 'text': 'Step Back Jump Shot'}",Shai Gilgeous-Alexander misses 17-foot step back jumpshot,70,85,3,7:09,False,0,{'id': '25'},[{'athlete': {'id': '4278073'}}],2026-05-27T02:18:36Z,True,"{'x': 18, 'y': 16}",2,Missed FG,429.0
401873201472,472,"{'id': '156', 'text': 'Offensive Rebound'}",Thunder offensive team rebound,70,85,3,7:08,False,0,{'id': '25'},,2026-05-27T02:18:37Z,False,"{'x': 18, 'y': 16}",0,Rebound,428.0
401873201473,473,"{'id': '43', 'text': 'Loose Ball Foul'}",Victor Wembanyama loose ball foul,70,85,3,7:08,False,0,{'id': '24'},[{'athlete': {'id': '5104157'}}],2026-05-27T02:18:40Z,False,"{'x': 25, 'y': 2}",0,Foul,428.0
401873201478,478,"{'id': '92', 'text': 'Jump Shot'}",Chet Holmgren misses 26-foot three point jumper,70,85,3,7:00,False,0,{'id': '25'},[{'athlete': {'id': '4433255'}}],2026-05-27T02:19:05Z,True,"{'x': 5, 'y': 17}",3,Missed 3PT,420.0
401873201479,479,"{'id': '155', 'text': 'Defensive Rebound'}",Spurs defensive team rebound,70,85,3,6:59,False,0,{'id': '24'},,2026-05-27T02:19:06Z,False,"{'x': 5, 'y': 17}",0,Rebound,419.0
401873201481,481,"{'id': '92', 'text': 'Jump Shot'}",Keldon Johnson makes 23-foot three point jumper (Victor Wembanyama assists),73,85,3,6:50,True,3,{'id': '24'},"[{'athlete': {'id': '4395723'}}, {'athlete': {'id': '5104157'}}]",2026-05-27T02:19:19Z,True,"{'x': 48, 'y': -1}",3,+3 Points,410.0
401873201483,483,"{'id': '96', 'text': 'Dunk Shot'}",Chet Holmgren makes 1-foot dunk (Alex Caruso assists),73,87,3,6:33,True,2,{'id': '25'},"[{'athlete': {'id': '4433255'}}, {'athlete': {'id': '2991350'}}]",2026-05-27T02:19:35Z,True,"{'x': 25, 'y': 2}",2,+2 Points,393.0
401873201485,485,"{'id': '92', 'text': 'Jump Shot'}",Dylan Harper misses 25-foot three point jumper,73,87,3,6:15,False,0,{'id': '24'},[{'athlete': {'id': '5037871'}}],2026-05-27T02:19:53Z,True,"{'x': 5, 'y': 15}",3,Missed 3PT,375.0
401873201486,486,"{'id': '156', 'text': 'Offensive Rebound'}",Keldon Johnson offensive rebound,73,87,3,6:12,False,0,{'id': '24'},[{'athlete': {'id': '4395723'}}],2026-05-27T02:19:56Z,False,"{'x': 5, 'y': 15}",0,Rebound,372.0
401873201487,487,"{'id': '92', 'text': 'Jump Shot'}",Stephon Castle makes 26-foot three point jumper (Keldon Johnson assists),76,87,3,6:11,True,3,{'id': '24'},"[{'athlete': {'id': '4845367'}}, {'athlete': {'id': '4395723'}}]",2026-05-27T02:19:57Z,True,"{'x': 23, 'y': 26}",3,+3 Points,371.0
401873201489,489,"{'id': '45', 'text': 'Personal Foul'}",Keldon Johnson personal foul,76,87,3,6:01,False,0,{'id': '24'},[{'athlete': {'id': '4395723'}}],2026-05-27T02:20:13Z,False,"{'x': 11, 'y': 23}",0,Foul,361.0
401873201491,491,"{'id': '584', 'text': 'Substitution'}",Cason Wallace enters the game for Chet Holmgren,76,87,3,6:01,False,0,{'id': '25'},"[{'athlete': {'id': '4683692'}}, {'athlete': {'id': '4433255'}}]",2026-05-27T02:20:22Z,False,"{'x': -214748340, 'y': -214748365}",0,Substitution,361.0
401873201493,493,"{'id': '144', 'text': 'Driving Floating Jump Shot'}",Jaylin Williams misses driving floating jump shot,76,87,3,5:47,False,0,{'id': '25'},[{'athlete': {'id': '4432823'}}],2026-05-27T02:20:51Z,True,"{'x': 36, 'y': 4}",2,Missed FG,347.0
401873201494,494,"{'id': '155', 'text': 'Defensive Rebound'}",Victor Wembanyama defensive rebound,76,87,3,5:45,False,0,{'id': '24'},[{'athlete': {'id': '5104157'}}],2026-05-27T02:20:53Z,False,"{'x': 36, 'y': 4}",0,Rebound,345.0
401873201495,495,"{'id': '113', 'text': 'Running Jump Shot'}",Devin Vassell makes 22-foot running jump shot (Stephon Castle assists),79,87,3,5:41,True,3,{'id': '24'},"[{'athlete': {'id': '4395630'}}, {'athlete': {'id': '4845367'}}]",2026-05-27T02:20:58Z,True,"{'x': 48, 'y': -2}",3,+3 Points,341.0
401873201497,497,"{'id': '16', 'text': 'Full Timeout'}",Thunder Full timeout,79,87,3,5:39,False,0,{'id': '25'},,2026-05-27T02:21:02Z,False,"{'x': -214748340, 'y': -214748365}",0,Timeout,339.0
401873201498,498,"{'id': '584', 'text': 'Substitution'}",Isaiah Hartenstein enters the game for Jaylin Williams,79,87,3,5:39,False,0,{'id': '25'},"[{'athlete': {'id': '4222252'}}, {'athlete': {'id': '4432823'}}]",2026-05-27T02:23:39Z,False,"{'x': -214748340, 'y': -214748365}",0,Substitution,339.0
401873201500,500,"{'id': '92', 'text': 'Jump Shot'}",Alex Caruso misses 22-foot three point jumper,79,87,3,5:20,False,0,{'id': '25'},[{'athlete': {'id': '2991350'}}],2026-05-27T02:25:08Z,True,"{'x': 48, 'y': -1}",3,Missed 3PT,320.0
401873201501,501,"{'id': '156', 'text': 'Offensive Rebound'}",Isaiah Hartenstein offensive rebound,79,87,3,5:16,False,0,{'id': '25'},[{'athlete': {'id': '4222252'}}],2026-05-27T02:25:12Z,False,"{'x': 48, 'y': -1}",0,Rebound,316.0
401873201502,502,"{'id': '92', 'text': 'Jump Shot'}",Alex Caruso makes 26-foot three point jumper (Shai Gilgeous-Alexander assists),79,90,3,5:07,True,3,{'id': '25'},"[{'athlete': {'id': '2991350'}}, {'athlete': {'id': '4278073'}}]",2026-05-27T02:25:20Z,True,"{'x': 12, 'y': 23}",3,+3 Points,307.0
401873201504,504,"{'id': '92', 'text': 'Jump Shot'}",Devin Vassell misses 25-foot three point jumper,79,90,3,4:48,False,0,{'id': '24'},[{'athlete': {'id': '4395630'}}],2026-05-27T02:25:39Z,True,"{'x': 10, 'y': 20}",3,Missed 3PT,288.0
401873201505,505,"{'id': '156', 'text': 'Offensive Rebound'}",Devin Vassell offensive rebound,79,90,3,4:45,False,0,{'id': '24'},[{'athlete': {'id': '4395630'}}],2026-05-27T02:25:42Z,False,"{'x': 10, 'y': 20}",0,Rebound,285.0
401873201506,506,"{'id': '92', 'text': 'Jump Shot'}",Victor Wembanyama misses 25-foot three point jumper,79,90,3,4:37,False,0,{'id': '24'},[{'athlete': {'id': '5104157'}}],2026-05-27T02:25:51Z,True,"{'x': 19, 'y': 25}",3,Missed 3PT,277.0
401873201507,507,"{'id': '155', 'text': 'Defensive Rebound'}",Isaiah Hartenstein defensive rebound,79,90,3,4:35,False,0,{'id': '25'},[{'athlete': {'id': '4222252'}}],2026-05-27T02:25:53Z,False,"{'x': 19, 'y': 25}",0,Rebound,275.0
401873201508,508,"{'id': '92', 'text': 'Jump Shot'}",Alex Caruso misses 22-foot three point jumper,79,90,3,4:25,False,0,{'id': '25'},[{'athlete': {'id': '2991350'}}],2026-05-27T02:26:04Z,True,"{'x': 48, 'y': 4}",3,Missed 3PT,265.0
401873201509,509,"{'id': '155', 'text': 'Defensive Rebound'}",Dylan Harper defensive rebound,79,90,3,4:23,False,0,{'id': '24'},[{'athlete': {'id': '5037871'}}],2026-05-27T02:26:06Z,False,"{'x': 48, 'y': 4}",0,Rebound,263.0
401873201510,510,"{'id': '45', 'text': 'Personal Foul'}",Isaiah Hartenstein personal foul,79,90,3,4:08,False,0,{'id': '25'},[{'athlete': {'id': '4222252'}}],2026-05-27T02:26:22Z,False,"{'x': 26, 'y': 7}",0,Foul,248.0
401873201512,512,"{'id': '584', 'text': 'Substitution'}",Julian Champagnie enters the game for Victor Wembanyama,79,90,3,4:08,False,0,{'id': '24'},"[{'athlete': {'id': '4592479'}}, {'athlete': {'id': '5104157'}}]",2026-05-27T02:26:49Z,False,"{'x': -214748340, 'y': -214748365}",0,Substitution,248.0
401873201513,513,"{'id': '584', 'text': 'Substitution'}",De'Aaron Fox enters the game for Stephon Castle,79,90,3,4:08,False,0,{'id': '24'},"[{'athlete': {'id': '4066259'}}, {'athlete': {'id': '4845367'}}]",2026-05-27T02:26:49Z,False,"{'x': -214748340, 'y': -214748365}",0,Substitution,248.0
401873201514,514,"{'id': '584', 'text': 'Substitution'}",Luke Kornet enters the game for Devin Vassell,79,90,3,4:08,False,0,{'id': '24'},"[{'athlete': {'id': '3064560'}}, {'athlete': {'id': '4395630'}}]",2026-05-27T02:26:49Z,False,"{'x': -214748340, 'y': -214748365}",0,Substitution,248.0
401873201519,519,"{'id': '584', 'text': 'Substitution'}",Kenrich Williams enters the game for Jared McCain,79,90,3,4:08,False,0,{'id': '25'},"[{'athlete': {'id': '3133626'}}, {'athlete': {'id': '4683778'}}]",2026-05-27T02:26:49Z,False,"{'x': -214748340, 'y': -214748365}",0,Substitution,248.0
401873201518,518,"{'id': '137', 'text': 'Turnaround Fade Away Jump Shot'}",De'Aaron Fox makes 7-foot two point shot,81,90,3,3:59,True,2,{'id': '24'},[{'athlete': {'id': '4066259'}}],2026-05-27T02:26:59Z,True,"{'x': 19, 'y': 4}",2,+2 Points,239.0
401873201521,521,"{'id': '130', 'text': 'Floating Jump Shot'}",Isaiah Hartenstein misses 12-foot floating jump shot,81,90,3,3:46,False,0,{'id': '25'},[{'athlete': {'id': '4222252'}}],2026-05-27T02:27:12Z,True,"{'x': 25, 'y': 13}",2,Missed FG,226.0
401873201522,522,"{'id': '156', 'text': 'Offensive Rebound'}",Isaiah Hartenstein offensive rebound,81,90,3,3:45,False,0,{'id': '25'},[{'athlete': {'id': '4222252'}}],2026-05-27T02:27:13Z,False,"{'x': 25, 'y': 13}",0,Rebound,225.0
401873201523,523,"{'id': '92', 'text': 'Jump Shot'}",Kenrich Williams makes 27-foot three point jumper (Isaiah Hartenstein assists),81,93,3,3:44,True,3,{'id': '25'},"[{'athlete': {'id': '3133626'}}, {'athlete': {'id': '4222252'}}]",2026-05-27T02:27:15Z,True,"{'x': 24, 'y': 28}",3,+3 Points,224.0
401873201547,547,"{'id': '144', 'text': 'Driving Floating Jump Shot'}",Keldon Johnson misses driving floating jump shot,81,93,3,3:29,False,0,{'id': '24'},[{'athlete': {'id': '4395723'}}],2026-05-27T02:27:25Z,True,"{'x': 25, 'y': 13}",2,Missed FG,209.0
401873201525,525,"{'id': '64', 'text': 'Traveling'}",Keldon Johnson traveling turnover,81,93,3,3:27,False,0,{'id': '24'},[{'athlete': {'id': '4395723'}}],2026-05-27T02:27:35Z,False,"{'x': 25, 'y': 1}",0,Turnover,207.0
401873201548,548,"{'id': '156', 'text': 'Offensive Rebound'}",Spurs offensive team rebound,81,93,3,3:27,False,0,{'id': '24'},,2026-05-27T02:27:27Z,False,"{'x': 25, 'y': 13}",0,Rebound,207.0
401873201526,526,"{'id': '90', 'text': 'Out of Bounds - Bad Pass Turnover'}",Shai Gilgeous-Alexander out of bounds bad pass turnover,81,93,3,3:08,False,0,{'id': '25'},[{'athlete': {'id': '4278073'}}],2026-05-27T02:28:08Z,False,"{'x': 18, 'y': 4}",0,Turnover,188.0
401873201527,527,"{'id': '92', 'text': 'Jump Shot'}",Dylan Harper misses 25-foot three point jumper,81,93,3,3:00,False,0,{'id': '24'},[{'athlete': {'id': '5037871'}}],2026-05-27T02:28:19Z,True,"{'x': 40, 'y': 20}",3,Missed 3PT,180.0
401873201528,528,"{'id': '155', 'text': 'Defensive Rebound'}",Isaiah Hartenstein defensive rebound,81,93,3,2:57,False,0,{'id': '25'},[{'athlete': {'id': '4222252'}}],2026-05-27T02:28:22Z,False,"{'x': 40, 'y': 20}",0,Rebound,177.0
401873201530,530,"{'id': '584', 'text': 'Substitution'}",Devin Vassell enters the game for Keldon Johnson,81,93,3,2:44,False,0,{'id': '24'},"[{'athlete': {'id': '4395630'}}, {'athlete': {'id': '4395723'}}]",2026-05-27T02:28:41Z,False,"{'x': -214748340, 'y': -214748365}",0,Substitution,164.0
401873201532,532,"{'id': '584', 'text': 'Substitution'}",Chet Holmgren enters the game for Alex Caruso,81,93,3,2:44,False,0,{'id': '25'},"[{'athlete': {'id': '4433255'}}, {'athlete': {'id': '2991350'}}]",2026-05-27T02:28:51Z,False,"{'x': -214748340, 'y': -214748365}",0,Substitution,164.0
401873201534,534,"{'id': '132', 'text': 'Step Back Jump Shot'}",Shai Gilgeous-Alexander misses 18-foot step back jumpshot,81,93,3,2:36,False,0,{'id': '25'},[{'athlete': {'id': '4278073'}}],2026-05-27T02:29:20Z,True,"{'x': 34, 'y': 16}",2,Missed FG,156.0
401873201535,535,"{'id': '155', 'text': 'Defensive Rebound'}",De'Aaron Fox defensive rebound,81,93,3,2:33,False,0,{'id': '24'},[{'athlete': {'id': '4066259'}}],2026-05-27T02:29:23Z,False,"{'x': 34, 'y': 16}",0,Rebound,153.0
401873201536,536,"{'id': '146', 'text': 'Running Pullup Jump Shot'}",De'Aaron Fox makes 9-foot running pullup jump shot,83,93,3,2:27,True,2,{'id': '24'},[{'athlete': {'id': '4066259'}}],2026-05-27T02:29:28Z,True,"{'x': 32, 'y': 7}",2,+2 Points,147.0
401873201537,537,"{'id': '130', 'text': 'Floating Jump Shot'}",Isaiah Hartenstein makes 9-foot floating jump shot (Shai Gilgeous-Alexander assists),83,95,3,2:09,True,2,{'id': '25'},"[{'athlete': {'id': '4222252'}}, {'athlete': {'id': '4278073'}}]",2026-05-27T02:29:47Z,True,"{'x': 34, 'y': 2}",2,+2 Points,129.0
401873201539,539,"{'id': '92', 'text': 'Jump Shot'}",Devin Vassell makes 24-foot three point jumper (Dylan Harper assists),86,95,3,2:00,True,3,{'id': '24'},"[{'athlete': {'id': '4395630'}}, {'athlete': {'id': '5037871'}}]",2026-05-27T02:29:57Z,True,"{'x': 43, 'y': 18}",3,+3 Points,120.0
401873201541,541,"{'id': '44', 'text': 'Shooting Foul'}",Kenrich Williams shooting foul,86,95,3,2:00,False,0,{'id': '25'},[{'athlete': {'id': '3133626'}}],2026-05-27T02:30:00Z,False,"{'x': 42, 'y': 18}",0,Foul,120.0
401873201543,543,"{'id': '584', 'text': 'Substitution'}",Jaylin Williams enters the game for Isaiah Hartenstein,86,95,3,2:00,False,0,{'id': '25'},"[{'athlete': {'id': '4432823'}}, {'athlete': {'id': '4222252'}}]",2026-05-27T02:30:15Z,False,"{'x': -214748340, 'y': -214748365}",0,Substitution,120.0
401873201544,544,"{'id': '584', 'text': 'Substitution'}",Stephon Castle enters the game for Dylan Harper,86,95,3,2:00,False,0,{'id': '24'},"[{'athlete': {'id': '4845367'}}, {'athlete': {'id': '5037871'}}]",2026-05-27T02:30:15Z,False,"{'x': -214748340, 'y': -214748365}",0,Substitution,120.0
401873201549,549,"{'id': '97', 'text': 'Free Throw - 1 of 1'}",Devin Vassell misses free throw 1 of 1,86,95,3,2:00,False,0,{'id': '24'},[{'athlete': {'id': '4395630'}}],2026-05-27T02:30:44Z,True,"{'x': -214748340, 'y': -214748365}",1,Missed FT,120.0
401873201550,550,"{'id': '155', 'text': 'Defensive Rebound'}",Jaylin Williams defensive rebound,86,95,3,1:57,False,0,{'id': '25'},[{'athlete': {'id': '4432823'}}],2026-05-27T02:30:47Z,False,"{'x': -214748340, 'y': -214748365}",0,Rebound,117.0
401873201551,551,"{'id': '45', 'text': 'Personal Foul'}",Stephon Castle personal foul,86,95,3,1:51,False,0,{'id': '24'},[{'athlete': {'id': '4845367'}}],2026-05-27T02:30:53Z,False,"{'x': 40, 'y': 38}",0,Foul,111.0
401873201553,553,"{'id': '98', 'text': 'Free Throw - 1 of 2'}",Shai Gilgeous-Alexander misses free throw 1 of 2,86,95,3,1:51,False,0,{'id': '25'},[{'athlete': {'id': '4278073'}}],2026-05-27T02:31:21Z,True,"{'x': -214748340, 'y': -214748365}",1,Missed FT,111.0
401873201554,554,"{'id': '156', 'text': 'Offensive Rebound'}",Thunder offensive team rebound,86,95,3,1:51,False,0,{'id': '25'},,2026-05-27T02:31:21Z,False,"{'x': -214748340, 'y': -214748365}",0,Rebound,111.0
401873201555,555,"{'id': '584', 'text': 'Substitution'}",Dylan Harper enters the game for Stephon Castle,86,95,3,1:51,False,0,{'id': '24'},"[{'athlete': {'id': '5037871'}}, {'athlete': {'id': '4845367'}}]",2026-05-27T02:31:22Z,False,"{'x': -214748340, 'y': -214748365}",0,Substitution,111.0
401873201557,557,"{'id': '99', 'text': 'Free Throw - 2 of 2'}",Shai Gilgeous-Alexander makes free throw 2 of 2,86,96,3,1:51,True,1,{'id': '25'},[{'athlete': {'id': '4278073'}}],2026-05-27T02:31:41Z,True,"{'x': -214748340, 'y': -214748365}",1,+1 Point,111.0
401873201558,558,"{'id': '134', 'text': 'Driving Jump Shot Bank'}",Julian Champagnie makes 3-foot two point shot,88,96,3,1:36,True,2,{'id': '24'},[{'athlete': {'id': '4592479'}}],2026-05-27T02:31:58Z,True,"{'x': 29, 'y': 1}",2,+2 Points,96.0
401873201559,559,"{'id': '12', 'text': 'Kicked Ball'}",Julian Champagnie kicked ball violation,88,96,3,1:25,False,0,{'id': '24'},[{'athlete': {'id': '4592479'}}],2026-05-27T02:32:11Z,False,"{'x': -214748340, 'y': -214748365}",0,Violation,85.0
401873201560,560,"{'id': '44', 'text': 'Shooting Foul'}",Luke Kornet shooting foul,88,96,3,1:17,False,0,{'id': '24'},[{'athlete': {'id': '3064560'}}],2026-05-27T02:32:40Z,False,"{'x': 26, 'y': 3}",0,Foul,77.0
401873201562,562,"{'id': '98', 'text': 'Free Throw - 1 of 2'}",Shai Gilgeous-Alexander makes free throw 1 of 2,88,97,3,1:17,True,1,{'id': '25'},[{'athlete': {'id': '4278073'}}],2026-05-27T02:33:01Z,True,"{'x': -214748340, 'y': -214748365}",1,+1 Point,77.0
401873201563,563,"{'id': '99', 'text': 'Free Throw - 2 of 2'}",Shai Gilgeous-Alexander makes free throw 2 of 2,88,98,3,1:17,True,1,{'id': '25'},[{'athlete': {'id': '4278073'}}],2026-05-27T02:33:22Z,True,"{'x': -214748340, 'y': -214748365}",1,+1 Point,77.0
401873201564,564,"{'id': '110', 'text': 'Driving Layup Shot'}",De'Aaron Fox misses driving layup,88,98,3,1:02,False,0,{'id': '24'},[{'athlete': {'id': '4066259'}}],2026-05-27T02:33:42Z,True,"{'x': 24, 'y': 0}",2,Missed FG,62.0
401873201565,565,"{'id': '156', 'text': 'Offensive Rebound'}",Luke Kornet offensive rebound,88,98,3,1:01,False,0,{'id': '24'},[{'athlete': {'id': '3064560'}}],2026-05-27T02:33:43Z,False,"{'x': 24, 'y': 0}",0,Rebound,61.0
401873201607,607,"{'id': '94', 'text': 'Tip Shot'}",Cason Wallace blocks Luke Kornet 's 1-foot tip shot,88,98,3,1:00,False,0,{'id': '24'},"[{'athlete': {'id': '3064560'}}, {'athlete': {'id': '4683692'}}]",2026-05-27T02:33:44Z,True,"{'x': 26, 'y': 1}",2,Missed FG,60.0
401873201609,609,"{'id': '156', 'text': 'Offensive Rebound'}",Dylan Harper offensive rebound,88,98,3,1:00,False,0,{'id': '24'},[{'athlete': {'id': '5037871'}}],2026-05-27T02:33:44Z,False,"{'x': 26, 'y': 1}",0,Rebound,60.0
401873201566,566,"{'id': '92', 'text': 'Jump Shot'}",Devin Vassell misses 25-foot three point jumper,88,98,3,55.7,False,0,{'id': '24'},[{'athlete': {'id': '4395630'}}],2026-05-27T02:33:46Z,True,"{'x': 23, 'y': 26}",3,Missed 3PT,55.7
401873201567,567,"{'id': '155', 'text': 'Defensive Rebound'}",Thunder defensive team rebound,88,98,3,55.7,False,0,{'id': '25'},,2026-05-27T02:33:46Z,False,"{'x': 23, 'y': 26}",0,Rebound,55.7
401873201568,568,"{'id': '43', 'text': 'Loose Ball Foul'}",Luke Kornet loose ball foul,88,98,3,55.7,False,0,{'id': '24'},[{'athlete': {'id': '3064560'}}],2026-05-27T02:33:52Z,False,"{'x': 27, 'y': 2}",0,Foul,55.7
401873201570,570,"{'id': '98', 'text': 'Free Throw - 1 of 2'}",Jaylin Williams misses free throw 1 of 2,88,98,3,55.7,False,0,{'id': '25'},[{'athlete': {'id': '4432823'}}],2026-05-27T02:34:25Z,True,"{'x': -214748340, 'y': -214748365}",1,Missed FT,55.7
401873201571,571,"{'id': '156', 'text': 'Offensive Rebound'}",Thunder offensive team rebound,88,98,3,55.7,False,0,{'id': '25'},,2026-05-27T02:34:25Z,False,"{'x': -214748340, 'y': -214748365}",0,Rebound,55.7
401873201572,572,"{'id': '584', 'text': 'Substitution'}",Victor Wembanyama enters the game for Luke Kornet,88,98,3,55.7,False,0,{'id': '24'},"[{'athlete': {'id': '5104157'}}, {'athlete': {'id': '3064560'}}]",2026-05-27T02:34:25Z,False,"{'x': -214748340, 'y': -214748365}",0,Substitution,55.7
401873201573,573,"{'id': '584', 'text': 'Substitution'}",Keldon Johnson enters the game for Dylan Harper,88,98,3,55.7,False,0,{'id': '24'},"[{'athlete': {'id': '4395723'}}, {'athlete': {'id': '5037871'}}]",2026-05-27T02:34:25Z,False,"{'x': -214748340, 'y': -214748365}",0,Substitution,55.7
401873201576,576,"{'id': '99', 'text': 'Free Throw - 2 of 2'}",Jaylin Williams misses free throw 2 of 2,88,98,3,55.7,False,0,{'id': '25'},[{'athlete': {'id': '4432823'}}],2026-05-27T02:34:25Z,True,"{'x': -214748340, 'y': -214748365}",1,Missed FT,55.7
401873201577,577,"{'id': '155', 'text': 'Defensive Rebound'}",Victor Wembanyama defensive rebound,88,98,3,54.2,False,0,{'id': '24'},[{'athlete': {'id': '5104157'}}],2026-05-27T02:34:26Z,False,"{'x': -214748340, 'y': -214748365}",0,Rebound,54.2
401873201579,579,"{'id': '87', 'text': 'Out of Bounds - Lost Ball Turnover'}",Victor Wembanyama out of bounds lost ball turnover,88,98,3,35.4,False,0,{'id': '24'},[{'athlete': {'id': '5104157'}}],2026-05-27T02:35:38Z,False,"{'x': 32, 'y': -2}",0,Turnover,35.4
401873201580,580,"{'id': '44', 'text': 'Shooting Foul'}",Devin Vassell shooting foul,88,98,3,21.5,False,0,{'id': '24'},[{'athlete': {'id': '4395630'}}],2026-05-27T02:36:01Z,False,"{'x': 24, 'y': 4}",0,Foul,21.5
401873201582,582,"{'id': '35', 'text': 'Technical Foul'}",technical foul,88,98,3,21.5,False,0,,,2026-05-27T02:36:12Z,False,"{'x': 22, 'y': 6}",0,Foul,21.5
401873201583,583,"{'id': '103', 'text': 'Free Throw - Technical'}",Shai Gilgeous-Alexander makes technical free throw,88,99,3,21.5,True,1,{'id': '25'},[{'athlete': {'id': '4278073'}}],2026-05-27T02:36:38Z,True,"{'x': -214748340, 'y': -214748365}",1,+1 Point,21.5
401873201584,584,"{'id': '98', 'text': 'Free Throw - 1 of 2'}",Shai Gilgeous-Alexander makes free throw 1 of 2,88,100,3,21.5,True,1,{'id': '25'},[{'athlete': {'id': '4278073'}}],2026-05-27T02:37:03Z,True,"{'x': -214748340, 'y': -214748365}",1,+1 Point,21.5
401873201585,585,"{'id': '584', 'text': 'Substitution'}",Luguentz Dort enters the game for Chet Holmgren,88,100,3,21.5,False,0,{'id': '25'},"[{'athlete': {'id': '4397020'}}, {'athlete': {'id': '4433255'}}]",2026-05-27T02:37:04Z,False,"{'x': -214748340, 'y': -214748365}",0,Substitution,21.5
401873201587,587,"{'id': '99', 'text': 'Free Throw - 2 of 2'}",Shai Gilgeous-Alexander makes free throw 2 of 2,88,101,3,21.5,True,1,{'id': '25'},[{'athlete': {'id': '4278073'}}],2026-05-27T02:37:23Z,True,"{'x': -214748340, 'y': -214748365}",1,+1 Point,21.5
401873201588,588,"{'id': '44', 'text': 'Shooting Foul'}",Luguentz Dort shooting foul,88,101,3,6.7,False,0,{'id': '25'},[{'athlete': {'id': '4397020'}}],2026-05-27T02:37:40Z,False,"{'x': 23, 'y': 1}",0,Foul,6.7
401873201590,590,"{'id': '98', 'text': 'Free Throw - 1 of 2'}",De'Aaron Fox makes free throw 1 of 2,89,101,3,6.7,True,1,{'id': '24'},[{'athlete': {'id': '4066259'}}],2026-05-27T02:38:12Z,True,"{'x': -214748340, 'y': -214748365}",1,+1 Point,6.7
401873201592,592,"{'id': '584', 'text': 'Substitution'}",Jared McCain enters the game for Cason Wallace,89,101,3,6.7,False,0,{'id': '25'},"[{'athlete': {'id': '4683778'}}, {'athlete': {'id': '4683692'}}]",2026-05-27T02:38:58Z,False,"{'x': -214748340, 'y': -214748365}",0,Substitution,6.7
401873201593,593,"{'id': '584', 'text': 'Substitution'}",Isaiah Joe enters the game for Kenrich Williams,89,101,3,6.7,False,0,{'id': '25'},"[{'athlete': {'id': '4395702'}}, {'athlete': {'id': '3133626'}}]",2026-05-27T02:38:58Z,False,"{'x': -214748340, 'y': -214748365}",0,Substitution,6.7
401873201594,594,"{'id': '584', 'text': 'Substitution'}",Dylan Harper enters the game for Julian Champagnie,89,101,3,6.7,False,0,{'id': '24'},"[{'athlete': {'id': '5037871'}}, {'athlete': {'id': '4592479'}}]",2026-05-27T02:38:58Z,False,"{'x': -214748340, 'y': -214748365}",0,Substitution,6.7
401873201598,598,"{'id': '99', 'text': 'Free Throw - 2 of 2'}",De'Aaron Fox misses free throw 2 of 2,89,101,3,6.7,False,0,{'id': '24'},[{'athlete': {'id': '4066259'}}],2026-05-27T02:38:12Z,True,"{'x': -214748340, 'y': -214748365}",1,Missed FT,6.7
401873201599,599,"{'id': '156', 'text': 'Offensive Rebound'}",Spurs offensive team rebound,89,101,3,5.7,False,0,{'id': '24'},,2026-05-27T02:38:13Z,False,"{'x': -214748340, 'y': -214748365}",0,Rebound,5.7
401873201600,600,"{'id': '43', 'text': 'Loose Ball Foul'}",Jaylin Williams loose ball foul,89,101,3,5.7,False,0,{'id': '25'},[{'athlete': {'id': '4432823'}}],2026-05-27T02:39:30Z,False,"{'x': 25, 'y': 1}",0,Foul,5.7
401873201602,602,"{'id': '98', 'text': 'Free Throw - 1 of 2'}",Victor Wembanyama makes free throw 1 of 2,90,101,3,5.7,True,1,{'id': '24'},[{'athlete': {'id': '5104157'}}],2026-05-27T02:39:57Z,True,"{'x': -214748340, 'y': -214748365}",1,+1 Point,5.7
401873201603,603,"{'id': '99', 'text': 'Free Throw - 2 of 2'}",Victor Wembanyama makes free throw 2 of 2,91,101,3,5.7,True,1,{'id': '24'},[{'athlete': {'id': '5104157'}}],2026-05-27T02:40:21Z,True,"{'x': -214748340, 'y': -214748365}",1,+1 Point,5.7
401873201604,604,"{'id': '131', 'text': 'Pullup Jump Shot'}",Jared McCain misses 24-foot three point pullup jump shot,91,101,3,1.1,False,0,{'id': '25'},[{'athlete': {'id': '4683778'}}],2026-05-27T02:40:34Z,True,"{'x': 43, 'y': 16}",3,Missed 3PT,1.1
401873201605,605,"{'id': '156', 'text': 'Offensive Rebound'}",Thunder offensive team rebound,91,101,3,0.1,False,0,{'id': '25'},,2026-05-27T02:40:35Z,False,"{'x': 43, 'y': 16}",0,Rebound,0.1
401873201606,606,"{'id': '412', 'text': 'End Period'}",End of the 3rd Quarter,91,101,3,0.0,False,0,,,2026-05-27T02:40:55Z,False,"{'x': -214748340, 'y': -214748365}",0,End of 3rd,0.0
401873201610,610,"{'id': '584', 'text': 'Substitution'}",Chet Holmgren enters the game for Shai Gilgeous-Alexander,91,101,4,12:00,False,0,{'id': '25'},"[{'athlete': {'id': '4433255'}}, {'athlete': {'id': '4278073'}}]",2026-05-27T02:42:07Z,False,"{'x': -214748340, 'y': -214748365}",0,Substitution,720.0
401873201611,611,"{'id': '584', 'text': 'Substitution'}",Cason Wallace enters the game for Luguentz Dort,91,101,4,12:00,False,0,{'id': '25'},"[{'athlete': {'id': '4683692'}}, {'athlete': {'id': '4397020'}}]",2026-05-27T02:42:07Z,False,"{'x': -214748340, 'y': -214748365}",0,Substitution,720.0
401873201612,612,"{'id': '584', 'text': 'Substitution'}",Isaiah Hartenstein enters the game for Jaylin Williams,91,101,4,12:00,False,0,{'id': '25'},"[{'athlete': {'id': '4222252'}}, {'athlete': {'id': '4432823'}}]",2026-05-27T02:42:07Z,False,"{'x': -214748340, 'y': -214748365}",0,Substitution,720.0
401873201613,613,"{'id': '584', 'text': 'Substitution'}",Alex Caruso enters the game for Isaiah Joe,91,101,4,12:00,False,0,{'id': '25'},"[{'athlete': {'id': '2991350'}}, {'athlete': {'id': '4395702'}}]",2026-05-27T02:42:07Z,False,"{'x': -214748340, 'y': -214748365}",0,Substitution,720.0
401873201614,614,"{'id': '584', 'text': 'Substitution'}",Julian Champagnie enters the game for Keldon Johnson,91,101,4,12:00,False,0,{'id': '24'},"[{'athlete': {'id': '4592479'}}, {'athlete': {'id': '4395723'}}]",2026-05-27T02:42:07Z,False,"{'x': -214748340, 'y': -214748365}",0,Substitution,720.0
401873201615,615,"{'id': '584', 'text': 'Substitution'}",Stephon Castle enters the game for Dylan Harper,91,101,4,12:00,False,0,{'id': '24'},"[{'athlete': {'id': '4845367'}}, {'athlete': {'id': '5037871'}}]",2026-05-27T02:42:07Z,False,"{'x': -214748340, 'y': -214748365}",0,Substitution,720.0
401873201623,623,"{'id': '95', 'text': 'Layup Shot'}",Victor Wembanyama misses layup,91,101,4,11:40,False,0,{'id': '24'},[{'athlete': {'id': '5104157'}}],2026-05-27T02:44:40Z,True,"{'x': 22, 'y': 0}",2,Missed FG,700.0
401873201624,624,"{'id': '156', 'text': 'Offensive Rebound'}",Spurs offensive team rebound,91,101,4,11:39,False,0,{'id': '24'},,2026-05-27T02:44:41Z,False,"{'x': 22, 'y': 0}",0,Rebound,699.0
401873201625,625,"{'id': '615', 'text': 'Jumpball'}",Victor Wembanyama vs. Isaiah Hartenstein (Stephon Castle gains possession),91,101,4,11:39,False,0,{'id': '24'},"[{'athlete': {'id': '5104157'}}, {'athlete': {'id': '4222252'}}, {'athlete': {'id': '4845367'}}]",2026-05-27T02:45:56Z,False,"{'x': -214748340, 'y': -214748365}",0,Jump Ball,699.0
401873201628,628,"{'id': '90', 'text': 'Out of Bounds - Bad Pass Turnover'}",Stephon Castle out of bounds bad pass turnover,91,101,4,11:33,False,0,{'id': '24'},[{'athlete': {'id': '4845367'}}],2026-05-27T02:46:00Z,False,"{'x': 27, 'y': 14}",0,Turnover,693.0
401873201629,629,"{'id': '130', 'text': 'Floating Jump Shot'}",Isaiah Hartenstein makes 9-foot floating jump shot (Cason Wallace assists),91,103,4,11:19,True,2,{'id': '25'},"[{'athlete': {'id': '4222252'}}, {'athlete': {'id': '4683692'}}]",2026-05-27T02:46:19Z,True,"{'x': 30, 'y': 8}",2,+2 Points,679.0
401873201631,631,"{'id': '92', 'text': 'Jump Shot'}",Victor Wembanyama misses 24-foot three point jumper,91,103,4,11:07,False,0,{'id': '24'},[{'athlete': {'id': '5104157'}}],2026-05-27T02:46:32Z,True,"{'x': 25, 'y': 25}",3,Missed 3PT,667.0
401873201632,632,"{'id': '155', 'text': 'Defensive Rebound'}",Isaiah Hartenstein defensive rebound,91,103,4,11:03,False,0,{'id': '25'},[{'athlete': {'id': '4222252'}}],2026-05-27T02:46:36Z,False,"{'x': 25, 'y': 25}",0,Rebound,663.0
401873201633,633,"{'id': '92', 'text': 'Jump Shot'}",Jared McCain misses 25-foot three point jumper,91,103,4,10:56,False,0,{'id': '25'},[{'athlete': {'id': '4683778'}}],2026-05-27T02:46:42Z,True,"{'x': 2, 'y': 13}",3,Missed 3PT,656.0
401873201634,634,"{'id': '156', 'text': 'Offensive Rebound'}",Isaiah Hartenstein offensive rebound,91,103,4,10:53,False,0,{'id': '25'},[{'athlete': {'id': '4222252'}}],2026-05-27T02:46:45Z,False,"{'x': 2, 'y': 13}",0,Rebound,653.0
401873201635,635,"{'id': '62', 'text': 'Bad Pass\nTurnover'}","Alex Caruso bad pass
turnover (Stephon Castle steals)",91,103,4,10:48,False,0,{'id': '25'},"[{'athlete': {'id': '2991350'}}, {'athlete': {'id': '4845367'}}]",2026-05-27T02:46:49Z,False,"{'x': 17, 'y': 23}",0,Turnover,648.0
401873201637,637,"{'id': '109', 'text': 'Running Layup Shot'}",Stephon Castle makes running layup (Devin Vassell assists),93,103,4,10:45,True,2,{'id': '24'},"[{'athlete': {'id': '4845367'}}, {'athlete': {'id': '4395630'}}]",2026-05-27T02:46:53Z,True,"{'x': 27, 'y': 0}",2,+2 Points,645.0
401873201639,639,"{'id': '62', 'text': 'Bad Pass\nTurnover'}","Isaiah Hartenstein bad pass
turnover (Julian Champagnie steals)",93,103,4,10:27,False,0,{'id': '25'},"[{'athlete': {'id': '4222252'}}, {'athlete': {'id': '4592479'}}]",2026-05-27T02:47:12Z,False,"{'x': 21, 'y': 4}",0,Turnover,627.0
401873201641,641,"{'id': '62', 'text': 'Bad Pass\nTurnover'}","Julian Champagnie bad pass
turnover (Cason Wallace steals)",93,103,4,10:21,False,0,{'id': '24'},"[{'athlete': {'id': '4592479'}}, {'athlete': {'id': '4683692'}}]",2026-05-27T02:47:17Z,False,"{'x': 32, 'y': 24}",0,Turnover,621.0
401873201643,643,"{'id': '116', 'text': 'Running Dunk Shot'}",Isaiah Hartenstein makes 1-foot running dunk (Alex Caruso assists),93,105,4,10:15,True,2,{'id': '25'},"[{'athlete': {'id': '4222252'}}, {'athlete': {'id': '2991350'}}]",2026-05-27T02:47:23Z,True,"{'x': 25, 'y': 1}",2,+2 Points,615.0
401873201645,645,"{'id': '92', 'text': 'Jump Shot'}",Julian Champagnie misses 22-foot three point jumper,93,105,4,9:59,False,0,{'id': '24'},[{'athlete': {'id': '4592479'}}],2026-05-27T02:47:39Z,True,"{'x': 48, 'y': 2}",3,Missed 3PT,599.0
401873201646,646,"{'id': '155', 'text': 'Defensive Rebound'}",Chet Holmgren defensive rebound,93,105,4,9:55,False,0,{'id': '25'},[{'athlete': {'id': '4433255'}}],2026-05-27T02:47:43Z,False,"{'x': 48, 'y': 2}",0,Rebound,595.0
401873201647,647,"{'id': '45', 'text': 'Personal Foul'}",Stephon Castle personal foul,93,105,4,9:44,False,0,{'id': '24'},[{'athlete': {'id': '4845367'}}],2026-05-27T02:47:56Z,False,"{'x': 21, 'y': -1}",0,Foul,584.0
401873201649,649,"{'id': '584', 'text': 'Substitution'}",Dylan Harper enters the game for Stephon Castle,93,105,4,9:44,False,0,{'id': '24'},"[{'athlete': {'id': '5037871'}}, {'athlete': {'id': '4845367'}}]",2026-05-27T02:48:14Z,False,"{'x': -214748340, 'y': -214748365}",0,Substitution,584.0
401873201651,651,"{'id': '584', 'text': 'Substitution'}",Keldon Johnson enters the game for Julian Champagnie,93,105,4,9:44,False,0,{'id': '24'},"[{'athlete': {'id': '4395723'}}, {'athlete': {'id': '4592479'}}]",2026-05-27T02:48:14Z,False,"{'x': -214748340, 'y': -214748365}",0,Substitution,584.0
401873201653,653,"{'id': '62', 'text': 'Bad Pass\nTurnover'}","Isaiah Hartenstein bad pass
turnover (Victor Wembanyama steals)",93,105,4,9:40,False,0,{'id': '25'},"[{'athlete': {'id': '4222252'}}, {'athlete': {'id': '5104157'}}]",2026-05-27T02:48:39Z,False,"{'x': 6, 'y': 18}",0,Turnover,580.0
401873201655,655,"{'id': '143', 'text': 'Running Alley Oop Layup Shot'}",Victor Wembanyama misses layup,93,105,4,9:36,False,0,{'id': '24'},[{'athlete': {'id': '5104157'}}],2026-05-27T02:48:43Z,True,"{'x': 26, 'y': -1}",2,Missed FG,576.0
401873201656,656,"{'id': '156', 'text': 'Offensive Rebound'}",Dylan Harper offensive rebound,93,105,4,9:34,False,0,{'id': '24'},[{'athlete': {'id': '5037871'}}],2026-05-27T02:48:45Z,False,"{'x': 26, 'y': -1}",0,Rebound,574.0
401873201657,657,"{'id': '92', 'text': 'Jump Shot'}",Devin Vassell misses 23-foot three point jumper,93,105,4,9:31,False,0,{'id': '24'},[{'athlete': {'id': '4395630'}}],2026-05-27T02:48:49Z,True,"{'x': 2, 'y': -2}",3,Missed 3PT,571.0
401873201658,658,"{'id': '155', 'text': 'Defensive Rebound'}",Chet Holmgren defensive rebound,93,105,4,9:28,False,0,{'id': '25'},[{'athlete': {'id': '4433255'}}],2026-05-27T02:48:52Z,False,"{'x': 2, 'y': -2}",0,Rebound,568.0
401873201659,659,"{'id': '128', 'text': 'Driving Finger Roll Layup'}",Alex Caruso misses two point shot,93,105,4,9:17,False,0,{'id': '25'},[{'athlete': {'id': '2991350'}}],2026-05-27T02:49:02Z,True,"{'x': 26, 'y': 2}",2,Missed FG,557.0
401873201660,660,"{'id': '155', 'text': 'Defensive Rebound'}",Victor Wembanyama defensive rebound,93,105,4,9:14,False,0,{'id': '24'},[{'athlete': {'id': '5104157'}}],2026-05-27T02:49:05Z,False,"{'x': 26, 'y': 2}",0,Rebound,554.0
401873201661,661,"{'id': '92', 'text': 'Jump Shot'}",Cason Wallace blocks Keldon Johnson 's 26-foot three point jumper,93,105,4,9:07,False,0,{'id': '24'},"[{'athlete': {'id': '4395723'}}, {'athlete': {'id': '4683692'}}]",2026-05-27T02:49:11Z,True,"{'x': 44, 'y': 17}",3,Missed 3PT,547.0
401873201662,662,"{'id': '155', 'text': 'Defensive Rebound'}",Chet Holmgren defensive rebound,93,105,4,9:02,False,0,{'id': '25'},[{'athlete': {'id': '4433255'}}],2026-05-27T02:49:16Z,False,"{'x': 44, 'y': 17}",0,Rebound,542.0
401873201663,663,"{'id': '44', 'text': 'Shooting Foul'}",Keldon Johnson shooting foul,93,105,4,9:02,False,0,{'id': '24'},[{'athlete': {'id': '4395723'}}],2026-05-27T02:49:21Z,False,"{'x': 25, 'y': 5}",0,Foul,542.0
401873201666,666,"{'id': '98', 'text': 'Free Throw - 1 of 2'}",Chet Holmgren makes free throw 1 of 2,93,106,4,9:02,True,1,{'id': '25'},[{'athlete': {'id': '4433255'}}],2026-05-27T02:49:51Z,True,"{'x': -214748340, 'y': -214748365}",1,+1 Point,542.0
401873201667,667,"{'id': '99', 'text': 'Free Throw - 2 of 2'}",Chet Holmgren makes free throw 2 of 2,93,107,4,9:02,True,1,{'id': '25'},[{'athlete': {'id': '4433255'}}],2026-05-27T02:49:51Z,True,"{'x': -214748340, 'y': -214748365}",1,+1 Point,542.0
401873201668,668,"{'id': '145', 'text': 'Driving Floating Bank Jump Shot'}",Victor Wembanyama misses two point shot,93,107,4,8:45,False,0,{'id': '24'},[{'athlete': {'id': '5104157'}}],2026-05-27T02:50:32Z,True,"{'x': 30, 'y': 4}",2,Missed FG,525.0
401873201669,669,"{'id': '155', 'text': 'Defensive Rebound'}",Cason Wallace defensive rebound,93,107,4,8:41,False,0,{'id': '25'},[{'athlete': {'id': '4683692'}}],2026-05-27T02:50:36Z,False,"{'x': 30, 'y': 4}",0,Rebound,521.0
401873201670,670,"{'id': '45', 'text': 'Personal Foul'}",Keldon Johnson personal foul,93,107,4,8:29,False,0,{'id': '24'},[{'athlete': {'id': '4395723'}}],2026-05-27T02:50:49Z,False,"{'x': 17, 'y': 4}",0,Foul,509.0
401873201672,672,"{'id': '121', 'text': 'Fade Away Jump Shot'}",Jared McCain misses 16-foot fade away jump shot,93,107,4,8:17,False,0,{'id': '25'},[{'athlete': {'id': '4683778'}}],2026-05-27T02:51:20Z,True,"{'x': 27, 'y': 16}",2,Missed FG,497.0
401873201673,673,"{'id': '156', 'text': 'Offensive Rebound'}",Chet Holmgren offensive rebound,93,107,4,8:15,False,0,{'id': '25'},[{'athlete': {'id': '4433255'}}],2026-05-27T02:51:22Z,False,"{'x': 27, 'y': 16}",0,Rebound,495.0
401873201688,688,"{'id': '62', 'text': 'Bad Pass\nTurnover'}","Chet Holmgren bad pass
turnover (Devin Vassell steals)",93,107,4,8:15,False,0,{'id': '25'},"[{'athlete': {'id': '4433255'}}, {'athlete': {'id': '4395630'}}]",2026-05-27T02:51:26Z,False,"{'x': 27, 'y': -5}",0,Turnover,495.0
401873201674,674,"{'id': '45', 'text': 'Personal Foul'}",Jared McCain personal foul,93,107,4,8:08,False,0,{'id': '25'},[{'athlete': {'id': '4683778'}}],2026-05-27T02:51:31Z,False,"{'x': 3, 'y': -1}",0,Foul,488.0
401873201676,676,"{'id': '584', 'text': 'Substitution'}",Shai Gilgeous-Alexander enters the game for Jared McCain,93,107,4,8:08,False,0,{'id': '25'},"[{'athlete': {'id': '4278073'}}, {'athlete': {'id': '4683778'}}]",2026-05-27T02:51:43Z,False,"{'x': -214748340, 'y': -214748365}",0,Substitution,488.0
401873201678,678,"{'id': '128', 'text': 'Driving Finger Roll Layup'}",De'Aaron Fox misses two point shot,93,107,4,8:00,False,0,{'id': '24'},[{'athlete': {'id': '4066259'}}],2026-05-27T02:52:04Z,True,"{'x': 29, 'y': 1}",2,Missed FG,480.0
401873201679,679,"{'id': '156', 'text': 'Offensive Rebound'}",Victor Wembanyama offensive rebound,93,107,4,7:58,False,0,{'id': '24'},[{'athlete': {'id': '5104157'}}],2026-05-27T02:52:06Z,False,"{'x': 29, 'y': 1}",0,Rebound,478.0
401873201680,680,"{'id': '125', 'text': 'Layup Shot Putback'}",Victor Wembanyama makes two point shot,95,107,4,7:57,True,2,{'id': '24'},[{'athlete': {'id': '5104157'}}],2026-05-27T02:52:07Z,True,"{'x': 26, 'y': 0}",2,+2 Points,477.0
401873201681,681,"{'id': '132', 'text': 'Step Back Jump Shot'}",Shai Gilgeous-Alexander misses 19-foot step back jumpshot,95,107,4,7:39,False,0,{'id': '25'},[{'athlete': {'id': '4278073'}}],2026-05-27T02:52:25Z,True,"{'x': 11, 'y': 13}",2,Missed FG,459.0
401873201682,682,"{'id': '156', 'text': 'Offensive Rebound'}",Isaiah Hartenstein offensive rebound,95,107,4,7:36,False,0,{'id': '25'},[{'athlete': {'id': '4222252'}}],2026-05-27T02:52:28Z,False,"{'x': 11, 'y': 13}",0,Rebound,456.0
401873201683,683,"{'id': '63', 'text': 'Lost Ball Turnover'}",Isaiah Hartenstein lost ball turnover (De'Aaron Fox steals),95,107,4,7:35,False,0,{'id': '25'},"[{'athlete': {'id': '4222252'}}, {'athlete': {'id': '4066259'}}]",2026-05-27T02:52:30Z,False,"{'x': 18, 'y': 2}",0,Turnover,455.0
401873201685,685,"{'id': '44', 'text': 'Shooting Foul'}",Isaiah Hartenstein shooting foul,95,107,4,7:25,False,0,{'id': '25'},[{'athlete': {'id': '4222252'}}],2026-05-27T02:52:41Z,False,"{'x': 29, 'y': 4}",0,Foul,445.0
401873201687,687,"{'id': '98', 'text': 'Free Throw - 1 of 2'}",Victor Wembanyama makes free throw 1 of 2,96,107,4,7:25,True,1,{'id': '24'},[{'athlete': {'id': '5104157'}}],2026-05-27T02:53:13Z,True,"{'x': -214748340, 'y': -214748365}",1,+1 Point,445.0
401873201690,690,"{'id': '16', 'text': 'Full Timeout'}",Thunder Full timeout,96,107,4,7:25,False,0,{'id': '25'},,2026-05-27T02:53:19Z,False,"{'x': -214748340, 'y': -214748365}",0,Timeout,445.0
401873201691,691,"{'id': '584', 'text': 'Substitution'}",Jared McCain enters the game for Chet Holmgren,96,107,4,7:25,False,0,{'id': '25'},"[{'athlete': {'id': '4683778'}}, {'athlete': {'id': '4433255'}}]",2026-05-27T02:56:32Z,False,"{'x': -214748340, 'y': -214748365}",0,Substitution,445.0
401873201693,693,"{'id': '99', 'text': 'Free Throw - 2 of 2'}",Victor Wembanyama makes free throw 2 of 2,97,107,4,7:25,True,1,{'id': '24'},[{'athlete': {'id': '5104157'}}],2026-05-27T02:57:23Z,True,"{'x': -214748340, 'y': -214748365}",1,+1 Point,445.0
401873201694,694,"{'id': '132', 'text': 'Step Back Jump Shot'}",Shai Gilgeous-Alexander misses 13-foot step back jumpshot,97,107,4,7:10,False,0,{'id': '25'},[{'athlete': {'id': '4278073'}}],2026-05-27T02:57:41Z,True,"{'x': 12, 'y': -1}",2,Missed FG,430.0
401873201695,695,"{'id': '155', 'text': 'Defensive Rebound'}",Dylan Harper defensive rebound,97,107,4,7:07,False,0,{'id': '24'},[{'athlete': {'id': '5037871'}}],2026-05-27T02:57:44Z,False,"{'x': 12, 'y': -1}",0,Rebound,427.0
401873201696,696,"{'id': '146', 'text': 'Running Pullup Jump Shot'}",De'Aaron Fox makes 8-foot running pullup jump shot,99,107,4,7:02,True,2,{'id': '24'},[{'athlete': {'id': '4066259'}}],2026-05-27T02:57:49Z,True,"{'x': 26, 'y': 9}",2,+2 Points,422.0
401873201698,698,"{'id': '120', 'text': 'Turnaround Hook Shot'}",Isaiah Hartenstein makes 4-foot two point shot (Shai Gilgeous-Alexander assists),99,109,4,6:37,True,2,{'id': '25'},"[{'athlete': {'id': '4222252'}}, {'athlete': {'id': '4278073'}}]",2026-05-27T02:58:14Z,True,"{'x': 21, 'y': 2}",2,+2 Points,397.0
401873201700,700,"{'id': '110', 'text': 'Driving Layup Shot'}",Devin Vassell misses driving layup,99,109,4,6:18,False,0,{'id': '24'},[{'athlete': {'id': '4395630'}}],2026-05-27T02:58:33Z,True,"{'x': 24, 'y': 0}",2,Missed FG,378.0
401873201701,701,"{'id': '155', 'text': 'Defensive Rebound'}",Jared McCain defensive rebound,99,109,4,6:16,False,0,{'id': '25'},[{'athlete': {'id': '4683778'}}],2026-05-27T02:58:35Z,False,"{'x': 24, 'y': 0}",0,Rebound,376.0
401873201702,702,"{'id': '113', 'text': 'Running Jump Shot'}",Jared McCain makes 25-foot running jump shot (Shai Gilgeous-Alexander assists),99,112,4,6:12,True,3,{'id': '25'},"[{'athlete': {'id': '4683778'}}, {'athlete': {'id': '4278073'}}]",2026-05-27T02:58:39Z,True,"{'x': 42, 'y': 18}",3,+3 Points,372.0
401873201704,704,"{'id': '16', 'text': 'Full Timeout'}",Spurs Full timeout,99,112,4,6:11,False,0,{'id': '24'},,2026-05-27T02:58:48Z,False,"{'x': -214748340, 'y': -214748365}",0,Timeout,371.0
401873201705,705,"{'id': '584', 'text': 'Substitution'}",Stephon Castle enters the game for De'Aaron Fox,99,112,4,6:11,False,0,{'id': '24'},"[{'athlete': {'id': '4845367'}}, {'athlete': {'id': '4066259'}}]",2026-05-27T03:00:46Z,False,"{'x': -214748340, 'y': -214748365}",0,Substitution,371.0
401873201706,706,"{'id': '584', 'text': 'Substitution'}",Julian Champagnie enters the game for Devin Vassell,99,112,4,6:11,False,0,{'id': '24'},"[{'athlete': {'id': '4592479'}}, {'athlete': {'id': '4395630'}}]",2026-05-27T03:00:46Z,False,"{'x': -214748340, 'y': -214748365}",0,Substitution,371.0
401873201709,709,"{'id': '92', 'text': 'Jump Shot'}",Keldon Johnson misses 23-foot three point jumper,99,112,4,6:02,False,0,{'id': '24'},[{'athlete': {'id': '4395723'}}],2026-05-27T03:02:41Z,True,"{'x': 48, 'y': 1}",3,Missed 3PT,362.0
401873201710,710,"{'id': '155', 'text': 'Defensive Rebound'}",Cason Wallace defensive rebound,99,112,4,5:59,False,0,{'id': '25'},[{'athlete': {'id': '4683692'}}],2026-05-27T03:02:44Z,False,"{'x': 48, 'y': 1}",0,Rebound,359.0
401873201711,711,"{'id': '132', 'text': 'Step Back Jump Shot'}",Shai Gilgeous-Alexander misses 19-foot step back jumpshot,99,112,4,5:46,False,0,{'id': '25'},[{'athlete': {'id': '4278073'}}],2026-05-27T03:02:55Z,True,"{'x': 38, 'y': 15}",2,Missed FG,346.0
401873201712,712,"{'id': '155', 'text': 'Defensive Rebound'}",Dylan Harper defensive rebound,99,112,4,5:43,False,0,{'id': '24'},[{'athlete': {'id': '5037871'}}],2026-05-27T03:02:58Z,False,"{'x': 38, 'y': 15}",0,Rebound,343.0
401873201713,713,"{'id': '146', 'text': 'Running Pullup Jump Shot'}",Keldon Johnson makes 4-foot running pullup jump shot (Julian Champagnie assists),101,112,4,5:37,True,2,{'id': '24'},"[{'athlete': {'id': '4395723'}}, {'athlete': {'id': '4592479'}}]",2026-05-27T03:03:04Z,True,"{'x': 30, 'y': 1}",2,+2 Points,337.0
401873201715,715,"{'id': '92', 'text': 'Jump Shot'}",Alex Caruso makes 22-foot three point jumper (Shai Gilgeous-Alexander assists),101,115,4,5:14,True,3,{'id': '25'},"[{'athlete': {'id': '2991350'}}, {'athlete': {'id': '4278073'}}]",2026-05-27T03:03:27Z,True,"{'x': 48, 'y': 0}",3,+3 Points,314.0
401873201717,717,"{'id': '92', 'text': 'Jump Shot'}",Keldon Johnson misses 22-foot three point jumper,101,115,4,4:54,False,0,{'id': '24'},[{'athlete': {'id': '4395723'}}],2026-05-27T03:03:46Z,True,"{'x': 2, 'y': -2}",3,Missed 3PT,294.0
401873201718,718,"{'id': '155', 'text': 'Defensive Rebound'}",Isaiah Hartenstein defensive rebound,101,115,4,4:51,False,0,{'id': '25'},[{'athlete': {'id': '4222252'}}],2026-05-27T03:03:49Z,False,"{'x': 2, 'y': -2}",0,Rebound,291.0
401873201719,719,"{'id': '92', 'text': 'Jump Shot'}",Jared McCain misses 27-foot three point jumper,101,115,4,4:42,False,0,{'id': '25'},[{'athlete': {'id': '4683778'}}],2026-05-27T03:03:58Z,True,"{'x': 30, 'y': 27}",3,Missed 3PT,282.0
401873201720,720,"{'id': '155', 'text': 'Defensive Rebound'}",Victor Wembanyama defensive rebound,101,115,4,4:39,False,0,{'id': '24'},[{'athlete': {'id': '5104157'}}],2026-05-27T03:04:01Z,False,"{'x': 30, 'y': 27}",0,Rebound,279.0
401873201721,721,"{'id': '92', 'text': 'Jump Shot'}",Victor Wembanyama misses 25-foot three point jumper,101,115,4,4:33,False,0,{'id': '24'},[{'athlete': {'id': '5104157'}}],2026-05-27T03:04:10Z,True,"{'x': 20, 'y': 25}",3,Missed 3PT,273.0
401873201722,722,"{'id': '156', 'text': 'Offensive Rebound'}",Keldon Johnson offensive rebound,101,115,4,4:32,False,0,{'id': '24'},[{'athlete': {'id': '4395723'}}],2026-05-27T03:04:11Z,False,"{'x': 20, 'y': 25}",0,Rebound,272.0
401873201723,723,"{'id': '94', 'text': 'Tip Shot'}",Keldon Johnson misses tip shot,101,115,4,4:31,False,0,{'id': '24'},[{'athlete': {'id': '4395723'}}],2026-05-27T03:04:15Z,True,"{'x': 25, 'y': 0}",2,Missed FG,271.0
401873201724,724,"{'id': '156', 'text': 'Offensive Rebound'}",Keldon Johnson offensive rebound,101,115,4,4:30,False,0,{'id': '24'},[{'athlete': {'id': '4395723'}}],2026-05-27T03:04:16Z,False,"{'x': 25, 'y': 0}",0,Rebound,270.0
401873201725,725,"{'id': '94', 'text': 'Tip Shot'}",Keldon Johnson makes tip shot,103,115,4,4:29,True,2,{'id': '24'},[{'athlete': {'id': '4395723'}}],2026-05-27T03:04:16Z,True,"{'x': 25, 'y': 0}",2,+2 Points,269.0
401873201726,726,"{'id': '131', 'text': 'Pullup Jump Shot'}",Alex Caruso misses 24-foot three point pullup jump shot,103,115,4,4:03,False,0,{'id': '25'},[{'athlete': {'id': '2991350'}}],2026-05-27T03:04:37Z,True,"{'x': 46, 'y': 13}",3,Missed 3PT,243.0
401873201727,727,"{'id': '155', 'text': 'Defensive Rebound'}",Julian Champagnie defensive rebound,103,115,4,4:01,False,0,{'id': '24'},[{'athlete': {'id': '4592479'}}],2026-05-27T03:04:39Z,False,"{'x': 46, 'y': 13}",0,Rebound,241.0
401873201728,728,"{'id': '144', 'text': 'Driving Floating Jump Shot'}",Stephon Castle misses driving floating jump shot,103,115,4,3:54,False,0,{'id': '24'},[{'athlete': {'id': '4845367'}}],2026-05-27T03:04:48Z,True,"{'x': 30, 'y': 2}",2,Missed FG,234.0
401873201729,729,"{'id': '155', 'text': 'Defensive Rebound'}",Shai Gilgeous-Alexander defensive rebound,103,115,4,3:52,False,0,{'id': '25'},[{'athlete': {'id': '4278073'}}],2026-05-27T03:04:50Z,False,"{'x': 30, 'y': 2}",0,Rebound,232.0
401873201730,730,"{'id': '132', 'text': 'Step Back Jump Shot'}",Shai Gilgeous-Alexander misses 26-foot three point step back jumpshot,103,115,4,3:47,False,0,{'id': '25'},[{'athlete': {'id': '4278073'}}],2026-05-27T03:04:54Z,True,"{'x': 21, 'y': 26}",3,Missed 3PT,227.0
401873201731,731,"{'id': '156', 'text': 'Offensive Rebound'}",Cason Wallace offensive rebound,103,115,4,3:43,False,0,{'id': '25'},[{'athlete': {'id': '4683692'}}],2026-05-27T03:04:58Z,False,"{'x': 21, 'y': 26}",0,Rebound,223.0
401873201732,732,"{'id': '92', 'text': 'Jump Shot'}",Jared McCain makes 26-foot three point jumper (Cason Wallace assists),103,118,4,3:42,True,3,{'id': '25'},"[{'athlete': {'id': '4683778'}}, {'athlete': {'id': '4683692'}}]",2026-05-27T03:04:59Z,True,"{'x': 37, 'y': 24}",3,+3 Points,222.0
401873201734,734,"{'id': '16', 'text': 'Full Timeout'}",Spurs Full timeout,103,118,4,3:42,False,0,{'id': '24'},,2026-05-27T03:05:03Z,False,"{'x': -214748340, 'y': -214748365}",0,Timeout,222.0
401873201735,735,"{'id': '584', 'text': 'Substitution'}",Devin Vassell enters the game for Dylan Harper,103,118,4,3:42,False,0,{'id': '24'},"[{'athlete': {'id': '4395630'}}, {'athlete': {'id': '5037871'}}]",2026-05-27T03:06:26Z,False,"{'x': -214748340, 'y': -214748365}",0,Substitution,222.0
401873201736,736,"{'id': '584', 'text': 'Substitution'}",De'Aaron Fox enters the game for Keldon Johnson,103,118,4,3:42,False,0,{'id': '24'},"[{'athlete': {'id': '4066259'}}, {'athlete': {'id': '4395723'}}]",2026-05-27T03:06:26Z,False,"{'x': -214748340, 'y': -214748365}",0,Substitution,222.0
401873201739,739,"{'id': '92', 'text': 'Jump Shot'}",Devin Vassell misses 24-foot three point jumper,103,118,4,3:23,False,0,{'id': '24'},[{'athlete': {'id': '4395630'}}],2026-05-27T03:07:02Z,True,"{'x': 28, 'y': 25}",3,Missed 3PT,203.0
401873201740,740,"{'id': '155', 'text': 'Defensive Rebound'}",Isaiah Hartenstein defensive rebound,103,118,4,3:20,False,0,{'id': '25'},[{'athlete': {'id': '4222252'}}],2026-05-27T03:07:05Z,False,"{'x': 28, 'y': 25}",0,Rebound,200.0
401873201741,741,"{'id': '128', 'text': 'Driving Finger Roll Layup'}",Jared McCain misses two point shot,103,118,4,3:04,False,0,{'id': '25'},[{'athlete': {'id': '4683778'}}],2026-05-27T03:07:20Z,True,"{'x': 24, 'y': 4}",2,Missed FG,184.0
401873201742,742,"{'id': '155', 'text': 'Defensive Rebound'}",De'Aaron Fox defensive rebound,103,118,4,3:02,False,0,{'id': '24'},[{'athlete': {'id': '4066259'}}],2026-05-27T03:07:22Z,False,"{'x': 24, 'y': 4}",0,Rebound,182.0
401873201743,743,"{'id': '113', 'text': 'Running Jump Shot'}",Stephon Castle makes 23-foot running jump shot (Devin Vassell assists),106,118,4,2:58,True,3,{'id': '24'},"[{'athlete': {'id': '4845367'}}, {'athlete': {'id': '4395630'}}]",2026-05-27T03:07:27Z,True,"{'x': 48, 'y': 1}",3,+3 Points,178.0
401873201745,745,"{'id': '110', 'text': 'Driving Layup Shot'}",Shai Gilgeous-Alexander makes driving layup,106,120,4,2:34,True,2,{'id': '25'},[{'athlete': {'id': '4278073'}}],2026-05-27T03:07:51Z,True,"{'x': 24, 'y': 1}",2,+2 Points,154.0
401873201746,746,"{'id': '131', 'text': 'Pullup Jump Shot'}",De'Aaron Fox misses 25-foot three point pullup jump shot,106,120,4,2:23,False,0,{'id': '24'},[{'athlete': {'id': '4066259'}}],2026-05-27T03:08:01Z,True,"{'x': 25, 'y': 25}",3,Missed 3PT,143.0
401873201747,747,"{'id': '155', 'text': 'Defensive Rebound'}",Isaiah Hartenstein defensive rebound,106,120,4,2:21,False,0,{'id': '25'},[{'athlete': {'id': '4222252'}}],2026-05-27T03:08:03Z,False,"{'x': 25, 'y': 25}",0,Rebound,141.0
401873201748,748,"{'id': '92', 'text': 'Jump Shot'}",Cason Wallace misses 23-foot three point jumper,106,120,4,2:14,False,0,{'id': '25'},[{'athlete': {'id': '4683692'}}],2026-05-27T03:08:11Z,True,"{'x': 2, 'y': -1}",3,Missed 3PT,134.0
401873201749,749,"{'id': '156', 'text': 'Offensive Rebound'}",Thunder offensive team rebound,106,120,4,2:13,False,0,{'id': '25'},,2026-05-27T03:08:19Z,False,"{'x': 2, 'y': -1}",0,Rebound,133.0
401873201750,750,"{'id': '43', 'text': 'Loose Ball Foul'}",De'Aaron Fox loose ball foul,106,120,4,2:13,False,0,{'id': '24'},[{'athlete': {'id': '4066259'}}],2026-05-27T03:08:20Z,False,"{'x': 25, 'y': 1}",0,Foul,133.0
401873201752,752,"{'id': '584', 'text': 'Substitution'}",Mason Plumlee enters the game for Victor Wembanyama,106,120,4,2:13,False,0,{'id': '24'},"[{'athlete': {'id': '2488653'}}, {'athlete': {'id': '5104157'}}]",2026-05-27T03:08:31Z,False,"{'x': -214748340, 'y': -214748365}",0,Substitution,133.0
401873201753,753,"{'id': '584', 'text': 'Substitution'}",Carter Bryant enters the game for Stephon Castle,106,120,4,2:13,False,0,{'id': '24'},"[{'athlete': {'id': '5061568'}}, {'athlete': {'id': '4845367'}}]",2026-05-27T03:08:31Z,False,"{'x': -214748340, 'y': -214748365}",0,Substitution,133.0
401873201754,754,"{'id': '584', 'text': 'Substitution'}",Bismack Biyombo enters the game for Julian Champagnie,106,120,4,2:13,False,0,{'id': '24'},"[{'athlete': {'id': '6427'}}, {'athlete': {'id': '4592479'}}]",2026-05-27T03:08:31Z,False,"{'x': -214748340, 'y': -214748365}",0,Substitution,133.0
401873201755,755,"{'id': '584', 'text': 'Substitution'}",Kelly Olynyk enters the game for Devin Vassell,106,120,4,2:13,False,0,{'id': '24'},"[{'athlete': {'id': '2489663'}}, {'athlete': {'id': '4395630'}}]",2026-05-27T03:08:31Z,False,"{'x': -214748340, 'y': -214748365}",0,Substitution,133.0
401873201756,756,"{'id': '584', 'text': 'Substitution'}",Jordan McLaughlin enters the game for De'Aaron Fox,106,120,4,2:13,False,0,{'id': '24'},"[{'athlete': {'id': '3134916'}}, {'athlete': {'id': '4066259'}}]",2026-05-27T03:08:31Z,False,"{'x': -214748340, 'y': -214748365}",0,Substitution,133.0
401873201762,762,"{'id': '12', 'text': 'Kicked Ball'}",Mason Plumlee kicked ball violation,106,120,4,2:07,False,0,{'id': '24'},[{'athlete': {'id': '2488653'}}],2026-05-27T03:09:09Z,False,"{'x': -214748340, 'y': -214748365}",0,Violation,127.0
401873201763,763,"{'id': '44', 'text': 'Shooting Foul'}",Mason Plumlee shooting foul,106,120,4,2:05,False,0,{'id': '24'},[{'athlete': {'id': '2488653'}}],2026-05-27T03:09:27Z,False,"{'x': 20, 'y': 3}",0,Foul,125.0
401873201765,765,"{'id': '98', 'text': 'Free Throw - 1 of 2'}",Alex Caruso makes free throw 1 of 2,106,121,4,2:05,True,1,{'id': '25'},[{'athlete': {'id': '2991350'}}],2026-05-27T03:09:50Z,True,"{'x': -214748340, 'y': -214748365}",1,+1 Point,125.0
401873201766,766,"{'id': '584', 'text': 'Substitution'}",Luguentz Dort enters the game for Shai Gilgeous-Alexander,106,121,4,2:05,False,0,{'id': '25'},"[{'athlete': {'id': '4397020'}}, {'athlete': {'id': '4278073'}}]",2026-05-27T03:09:58Z,False,"{'x': -214748340, 'y': -214748365}",0,Substitution,125.0
401873201768,768,"{'id': '99', 'text': 'Free Throw - 2 of 2'}",Alex Caruso makes free throw 2 of 2,106,122,4,2:05,True,1,{'id': '25'},[{'athlete': {'id': '2991350'}}],2026-05-27T03:10:23Z,True,"{'x': -214748340, 'y': -214748365}",1,+1 Point,125.0
401873201769,769,"{'id': '144', 'text': 'Driving Floating Jump Shot'}",Jordan McLaughlin makes 11-foot driving floating jump shot,108,122,4,1:48,True,2,{'id': '24'},[{'athlete': {'id': '3134916'}}],2026-05-27T03:10:42Z,True,"{'x': 35, 'y': 6}",2,+2 Points,108.0
401873201770,770,"{'id': '45', 'text': 'Personal Foul'}",Mason Plumlee personal foul,108,122,4,1:39,False,0,{'id': '24'},[{'athlete': {'id': '2488653'}}],2026-05-27T03:11:01Z,False,"{'x': 13, 'y': 18}",0,Foul,99.0
401873201772,772,"{'id': '98', 'text': 'Free Throw - 1 of 2'}",Jared McCain makes free throw 1 of 2,108,123,4,1:39,True,1,{'id': '25'},[{'athlete': {'id': '4683778'}}],2026-05-27T03:11:48Z,True,"{'x': -214748340, 'y': -214748365}",1,+1 Point,99.0
401873201773,773,"{'id': '584', 'text': 'Substitution'}",Isaiah Joe enters the game for Alex Caruso,108,123,4,1:39,False,0,{'id': '25'},"[{'athlete': {'id': '4395702'}}, {'athlete': {'id': '2991350'}}]",2026-05-27T03:11:49Z,False,"{'x': -214748340, 'y': -214748365}",0,Substitution,99.0
401873201774,774,"{'id': '584', 'text': 'Substitution'}",Jaylin Williams enters the game for Cason Wallace,108,123,4,1:39,False,0,{'id': '25'},"[{'athlete': {'id': '4432823'}}, {'athlete': {'id': '4683692'}}]",2026-05-27T03:11:49Z,False,"{'x': -214748340, 'y': -214748365}",0,Substitution,99.0
401873201775,775,"{'id': '584', 'text': 'Substitution'}",Kenrich Williams enters the game for Isaiah Hartenstein,108,123,4,1:39,False,0,{'id': '25'},"[{'athlete': {'id': '3133626'}}, {'athlete': {'id': '4222252'}}]",2026-05-27T03:11:49Z,False,"{'x': -214748340, 'y': -214748365}",0,Substitution,99.0
401873201779,779,"{'id': '99', 'text': 'Free Throw - 2 of 2'}",Jared McCain misses free throw 2 of 2,108,123,4,1:39,False,0,{'id': '25'},[{'athlete': {'id': '4683778'}}],2026-05-27T03:11:48Z,True,"{'x': -214748340, 'y': -214748365}",1,Missed FT,99.0
401873201780,780,"{'id': '155', 'text': 'Defensive Rebound'}",Mason Plumlee defensive rebound,108,123,4,1:37,False,0,{'id': '24'},[{'athlete': {'id': '2488653'}}],2026-05-27T03:11:50Z,False,"{'x': -214748340, 'y': -214748365}",0,Rebound,97.0
401873201781,781,"{'id': '92', 'text': 'Jump Shot'}",Carter Bryant misses 25-foot three point jumper,108,123,4,1:30,False,0,{'id': '24'},[{'athlete': {'id': '5061568'}}],2026-05-27T03:12:19Z,True,"{'x': 7, 'y': 18}",3,Missed 3PT,90.0
401873201782,782,"{'id': '156', 'text': 'Offensive Rebound'}",Bismack Biyombo offensive rebound,108,123,4,1:24,False,0,{'id': '24'},[{'athlete': {'id': '6427'}}],2026-05-27T03:12:25Z,False,"{'x': 7, 'y': 18}",0,Rebound,84.0
401873201783,783,"{'id': '63', 'text': 'Lost Ball Turnover'}",Bismack Biyombo lost ball turnover (Isaiah Joe steals),108,123,4,1:24,False,0,{'id': '24'},"[{'athlete': {'id': '6427'}}, {'athlete': {'id': '4395702'}}]",2026-05-27T03:12:24Z,False,"{'x': 25, 'y': 3}",0,Turnover,84.0
401873201785,785,"{'id': '128', 'text': 'Driving Finger Roll Layup'}",Jared McCain misses two point shot,108,123,4,1:09,False,0,{'id': '25'},[{'athlete': {'id': '4683778'}}],2026-05-27T03:12:39Z,True,"{'x': 28, 'y': 2}",2,Missed FG,69.0
401873201786,786,"{'id': '155', 'text': 'Defensive Rebound'}",Carter Bryant defensive rebound,108,123,4,1:08,False,0,{'id': '24'},[{'athlete': {'id': '5061568'}}],2026-05-27T03:12:40Z,False,"{'x': 28, 'y': 2}",0,Rebound,68.0
401873201787,787,"{'id': '139', 'text': 'Hook Driving Bank'}",Carter Bryant makes 3-foot two point shot,110,123,4,1:02,True,2,{'id': '24'},[{'athlete': {'id': '5061568'}}],2026-05-27T03:12:47Z,True,"{'x': 28, 'y': 1}",2,+2 Points,62.0
401873201788,788,"{'id': '44', 'text': 'Shooting Foul'}",Bismack Biyombo shooting foul,110,123,4,45.8,False,0,{'id': '24'},[{'athlete': {'id': '6427'}}],2026-05-27T03:13:08Z,False,"{'x': 25, 'y': 5}",0,Foul,45.8
401873201790,790,"{'id': '98', 'text': 'Free Throw - 1 of 2'}",Jared McCain makes free throw 1 of 2,110,124,4,45.8,True,1,{'id': '25'},[{'athlete': {'id': '4683778'}}],2026-05-27T03:13:41Z,True,"{'x': -214748340, 'y': -214748365}",1,+1 Point,45.8
401873201791,791,"{'id': '584', 'text': 'Substitution'}",Aaron Wiggins enters the game for Luguentz Dort,110,124,4,45.8,False,0,{'id': '25'},"[{'athlete': {'id': '4397183'}}, {'athlete': {'id': '4397020'}}]",2026-05-27T03:13:41Z,False,"{'x': -214748340, 'y': -214748365}",0,Substitution,45.8
401873201792,792,"{'id': '584', 'text': 'Substitution'}",Nikola Topic enters the game for Jaylin Williams,110,124,4,45.8,False,0,{'id': '25'},"[{'athlete': {'id': '5159925'}}, {'athlete': {'id': '4432823'}}]",2026-05-27T03:13:41Z,False,"{'x': -214748340, 'y': -214748365}",0,Substitution,45.8
401873201795,795,"{'id': '99', 'text': 'Free Throw - 2 of 2'}",Jared McCain makes free throw 2 of 2,110,125,4,45.8,True,1,{'id': '25'},[{'athlete': {'id': '4683778'}}],2026-05-27T03:14:03Z,True,"{'x': -214748340, 'y': -214748365}",1,+1 Point,45.8
401873201796,796,"{'id': '44', 'text': 'Shooting Foul'}",Aaron Wiggins shooting foul,110,125,4,37.3,False,0,{'id': '25'},[{'athlete': {'id': '4397183'}}],2026-05-27T03:14:15Z,False,"{'x': 23, 'y': 0}",0,Foul,37.3
401873201798,798,"{'id': '98', 'text': 'Free Throw - 1 of 2'}",Kelly Olynyk makes free throw 1 of 2,111,125,4,37.3,True,1,{'id': '24'},[{'athlete': {'id': '2489663'}}],2026-05-27T03:14:35Z,True,"{'x': -214748340, 'y': -214748365}",1,+1 Point,37.3
401873201799,799,"{'id': '99', 'text': 'Free Throw - 2 of 2'}",Kelly Olynyk makes free throw 2 of 2,112,125,4,37.3,True,1,{'id': '24'},[{'athlete': {'id': '2489663'}}],2026-05-27T03:14:47Z,True,"{'x': -214748340, 'y': -214748365}",1,+1 Point,37.3
401873201800,800,"{'id': '92', 'text': 'Jump Shot'}",Jared McCain misses 27-foot three point jumper,112,125,4,21.7,False,0,{'id': '25'},[{'athlete': {'id': '4683778'}}],2026-05-27T03:15:06Z,True,"{'x': 35, 'y': 25}",3,Missed 3PT,21.7
401873201801,801,"{'id': '156', 'text': 'Offensive Rebound'}",Kenrich Williams offensive rebound,112,125,4,20.0,False,0,{'id': '25'},[{'athlete': {'id': '3133626'}}],2026-05-27T03:15:07Z,False,"{'x': 35, 'y': 25}",0,Rebound,20.0
401873201802,802,"{'id': '94', 'text': 'Tip Shot'}",Kenrich Williams makes tip shot,112,127,4,19.7,True,2,{'id': '25'},[{'athlete': {'id': '3133626'}}],2026-05-27T03:15:10Z,True,"{'x': 25, 'y': 3}",2,+2 Points,19.7
401873201803,803,"{'id': '44', 'text': 'Shooting Foul'}",Isaiah Joe shooting foul,112,127,4,13.0,False,0,{'id': '25'},[{'athlete': {'id': '4395702'}}],2026-05-27T03:15:19Z,False,"{'x': 30, 'y': 1}",0,Foul,13.0
401873201805,805,"{'id': '98', 'text': 'Free Throw - 1 of 2'}",Jordan McLaughlin makes free throw 1 of 2,113,127,4,13.0,True,1,{'id': '24'},[{'athlete': {'id': '3134916'}}],2026-05-27T03:15:44Z,True,"{'x': -214748340, 'y': -214748365}",1,+1 Point,13.0
401873201806,806,"{'id': '99', 'text': 'Free Throw - 2 of 2'}",Jordan McLaughlin makes free throw 2 of 2,114,127,4,13.0,True,1,{'id': '24'},[{'athlete': {'id': '3134916'}}],2026-05-27T03:15:53Z,True,"{'x': -214748340, 'y': -214748365}",1,+1 Point,13.0
401873201807,807,"{'id': '412', 'text': 'End Period'}",End of the 4th Quarter,114,127,4,0.0,False,0,,,2026-05-27T03:16:15Z,False,"{'x': -214748340, 'y': -214748365}",0,End of 4th,0.0
401873201808,808,"{'id': '402', 'text': 'End Game'}",End of Game,114,127,4,0.0,False,0,,,2026-05-27T03:16:21Z,False,"{'x': -214748340, 'y': -214748365}",0,End of Game,0.0
