id,sequenceNumber,type,text,awayScore,homeScore,period,clock,scoringPlay,scoreValue,team,participants,wallclock,shootingPlay,coordinate,pointsAttempted,shortDescription,clockSec
4018732034,4,"{'id': '615', 'text': 'Jumpball'}",Victor Wembanyama vs. Chet Holmgren (Stephon Castle gains possession),0,0,1,12:00,False,0,{'id': '24'},"[{'athlete': {'id': '5104157'}}, {'athlete': {'id': '4433255'}}, {'athlete': {'id': '4845367'}}]",2026-05-31T00:16:16Z,False,"{'x': -214748340, 'y': -214748365}",0,Jump Ball,720.0
4018732037,7,"{'id': '147', 'text': 'Step Back Bank Jump Shot'}",Victor Wembanyama makes 11-foot two point shot,2,0,1,11:39,True,2,{'id': '24'},[{'athlete': {'id': '5104157'}}],2026-05-31T00:16:34Z,True,"{'x': 36, 'y': 4}",2,+2 Points,699.0
4018732038,8,"{'id': '63', 'text': 'Lost Ball Turnover'}",Chet Holmgren lost ball turnover (Devin Vassell steals),2,0,1,11:21,False,0,{'id': '25'},"[{'athlete': {'id': '4433255'}}, {'athlete': {'id': '4395630'}}]",2026-05-31T00:16:53Z,False,"{'x': 19, 'y': 8}",0,Turnover,681.0
40187320310,10,"{'id': '45', 'text': 'Personal Foul'}",Luguentz Dort personal foul,2,0,1,11:17,False,0,{'id': '25'},[{'athlete': {'id': '4397020'}}],2026-05-31T00:17:00Z,False,"{'x': 30, 'y': 0}",0,Foul,677.0
40187320313,13,"{'id': '132', 'text': 'Step Back Jump Shot'}",Devin Vassell makes 14-foot step back jumpshot,4,0,1,10:59,True,2,{'id': '24'},[{'athlete': {'id': '4395630'}}],2026-05-31T00:17:43Z,True,"{'x': 39, 'y': -1}",2,+2 Points,659.0
40187320314,14,"{'id': '132', 'text': 'Step Back Jump Shot'}",Chet Holmgren makes 11-foot step back jumpshot (Cason Wallace assists),4,2,1,10:41,True,2,{'id': '25'},"[{'athlete': {'id': '4433255'}}, {'athlete': {'id': '4683692'}}]",2026-05-31T00:18:02Z,True,"{'x': 37, 'y': 0}",2,+2 Points,641.0
40187320316,16,"{'id': '110', 'text': 'Driving Layup Shot'}",Stephon Castle makes driving layup,6,2,1,10:33,True,2,{'id': '24'},[{'athlete': {'id': '4845367'}}],2026-05-31T00:18:10Z,True,"{'x': 26, 'y': 1}",2,+2 Points,633.0
40187320318,18,"{'id': '137', 'text': 'Turnaround Fade Away Jump Shot'}",Shai Gilgeous-Alexander makes 18-foot two point shot,6,4,1,10:12,True,2,{'id': '25'},[{'athlete': {'id': '4278073'}}],2026-05-31T00:18:53Z,True,"{'x': 26, 'y': 19}",2,+2 Points,612.0
40187320319,19,"{'id': '95', 'text': 'Layup Shot'}",Stephon Castle makes layup (Victor Wembanyama assists),8,4,1,9:55,True,2,{'id': '24'},"[{'athlete': {'id': '4845367'}}, {'athlete': {'id': '5104157'}}]",2026-05-31T00:19:09Z,True,"{'x': 26, 'y': 1}",2,+2 Points,595.0
40187320321,21,"{'id': '144', 'text': 'Driving Floating Jump Shot'}",Chet Holmgren misses driving floating jump shot,8,4,1,9:39,False,0,{'id': '25'},[{'athlete': {'id': '4433255'}}],2026-05-31T00:19:25Z,True,"{'x': 19, 'y': 6}",2,Missed FG,579.0
40187320322,22,"{'id': '156', 'text': 'Offensive Rebound'}",Cason Wallace offensive rebound,8,4,1,9:36,False,0,{'id': '25'},[{'athlete': {'id': '4683692'}}],2026-05-31T00:19:28Z,False,"{'x': 19, 'y': 6}",0,Rebound,576.0
40187320323,23,"{'id': '131', 'text': 'Pullup Jump Shot'}",Luguentz Dort misses 25-foot three point pullup jump shot,8,4,1,9:30,False,0,{'id': '25'},[{'athlete': {'id': '4397020'}}],2026-05-31T00:19:34Z,True,"{'x': 36, 'y': 23}",3,Missed 3PT,570.0
40187320324,24,"{'id': '155', 'text': 'Defensive Rebound'}",Spurs defensive team rebound,8,4,1,9:29,False,0,{'id': '24'},,2026-05-31T00:19:35Z,False,"{'x': 36, 'y': 23}",0,Rebound,569.0
40187320326,26,"{'id': '151', 'text': 'Cutting Dunk Shot'}",Victor Wembanyama makes 1-foot dunk (De'Aaron Fox assists),10,4,1,9:11,True,2,{'id': '24'},"[{'athlete': {'id': '5104157'}}, {'athlete': {'id': '4066259'}}]",2026-05-31T00:19:58Z,True,"{'x': 25, 'y': 2}",2,+2 Points,551.0
40187320328,28,"{'id': '92', 'text': 'Jump Shot'}",Luguentz Dort misses 25-foot three point jumper,10,4,1,8:52,False,0,{'id': '25'},[{'athlete': {'id': '4397020'}}],2026-05-31T00:20:16Z,True,"{'x': 16, 'y': 25}",3,Missed 3PT,532.0
40187320329,29,"{'id': '155', 'text': 'Defensive Rebound'}",Victor Wembanyama defensive rebound,10,4,1,8:48,False,0,{'id': '24'},[{'athlete': {'id': '5104157'}}],2026-05-31T00:20:20Z,False,"{'x': 16, 'y': 25}",0,Rebound,528.0
40187320330,30,"{'id': '92', 'text': 'Jump Shot'}",Devin Vassell misses 23-foot three point jumper,10,4,1,8:42,False,0,{'id': '24'},[{'athlete': {'id': '4395630'}}],2026-05-31T00:20:26Z,True,"{'x': 2, 'y': -2}",3,Missed 3PT,522.0
40187320332,32,"{'id': '155', 'text': 'Defensive Rebound'}",Shai Gilgeous-Alexander defensive rebound,10,4,1,8:38,False,0,{'id': '25'},[{'athlete': {'id': '4278073'}}],2026-05-31T00:20:30Z,False,"{'x': 2, 'y': -2}",0,Rebound,518.0
40187320333,33,"{'id': '63', 'text': 'Lost Ball Turnover'}",Isaiah Hartenstein lost ball turnover (Victor Wembanyama steals),10,4,1,8:26,False,0,{'id': '25'},"[{'athlete': {'id': '4222252'}}, {'athlete': {'id': '5104157'}}]",2026-05-31T00:20:43Z,False,"{'x': 20, 'y': 14}",0,Turnover,506.0
40187320335,35,"{'id': '45', 'text': 'Personal Foul'}",Cason Wallace personal foul,10,4,1,8:21,False,0,{'id': '25'},[{'athlete': {'id': '4683692'}}],2026-05-31T00:20:52Z,False,"{'x': 46, 'y': 22}",0,Foul,501.0
40187320337,37,"{'id': '584', 'text': 'Substitution'}",Alex Caruso enters the game for Luguentz Dort,10,4,1,8:21,False,0,{'id': '25'},"[{'athlete': {'id': '2991350'}}, {'athlete': {'id': '4397020'}}]",2026-05-31T00:21:00Z,False,"{'x': -214748340, 'y': -214748365}",0,Substitution,501.0
40187320339,39,"{'id': '131', 'text': 'Pullup Jump Shot'}",Stephon Castle misses 12-foot pullup jump shot,10,4,1,8:12,False,0,{'id': '24'},[{'athlete': {'id': '4845367'}}],2026-05-31T00:21:25Z,True,"{'x': 30, 'y': 12}",2,Missed FG,492.0
40187320340,40,"{'id': '155', 'text': 'Defensive Rebound'}",Isaiah Hartenstein defensive rebound,10,4,1,8:10,False,0,{'id': '25'},[{'athlete': {'id': '4222252'}}],2026-05-31T00:21:27Z,False,"{'x': 30, 'y': 12}",0,Rebound,490.0
40187320341,41,"{'id': '130', 'text': 'Floating Jump Shot'}",Isaiah Hartenstein makes 8-foot floating jump shot (Shai Gilgeous-Alexander assists),10,6,1,7:57,True,2,{'id': '25'},"[{'athlete': {'id': '4222252'}}, {'athlete': {'id': '4278073'}}]",2026-05-31T00:21:41Z,True,"{'x': 34, 'y': 1}",2,+2 Points,477.0
40187320343,43,"{'id': '131', 'text': 'Pullup Jump Shot'}",De'Aaron Fox makes 25-foot three pointer,13,6,1,7:36,True,3,{'id': '24'},[{'athlete': {'id': '4066259'}}],2026-05-31T00:22:01Z,True,"{'x': 40, 'y': 21}",3,+3 Points,456.0
40187320345,45,"{'id': '62', 'text': 'Bad Pass\nTurnover'}","Shai Gilgeous-Alexander bad pass
turnover (De'Aaron Fox steals)",13,6,1,7:21,False,0,{'id': '25'},"[{'athlete': {'id': '4278073'}}, {'athlete': {'id': '4066259'}}]",2026-05-31T00:22:16Z,False,"{'x': 38, 'y': -1}",0,Turnover,441.0
40187320347,47,"{'id': '92', 'text': 'Jump Shot'}",Devin Vassell misses 26-foot three point jumper,13,6,1,7:14,False,0,{'id': '24'},[{'athlete': {'id': '4395630'}}],2026-05-31T00:22:23Z,True,"{'x': 36, 'y': 24}",3,Missed 3PT,434.0
40187320348,48,"{'id': '155', 'text': 'Defensive Rebound'}",Isaiah Hartenstein defensive rebound,13,6,1,7:09,False,0,{'id': '25'},[{'athlete': {'id': '4222252'}}],2026-05-31T00:22:28Z,False,"{'x': 36, 'y': 24}",0,Rebound,429.0
40187320349,49,"{'id': '144', 'text': 'Driving Floating Jump Shot'}",Shai Gilgeous-Alexander makes 5-foot driving floating jump shot,13,8,1,6:56,True,2,{'id': '25'},[{'athlete': {'id': '4278073'}}],2026-05-31T00:22:41Z,True,"{'x': 27, 'y': 5}",2,+2 Points,416.0
40187320350,50,"{'id': '92', 'text': 'Jump Shot'}",Julian Champagnie makes 27-foot three point jumper (De'Aaron Fox assists),16,8,1,6:51,True,3,{'id': '24'},"[{'athlete': {'id': '4592479'}}, {'athlete': {'id': '4066259'}}]",2026-05-31T00:22:47Z,True,"{'x': 3, 'y': 17}",3,+3 Points,411.0
40187320352,52,"{'id': '63', 'text': 'Lost Ball Turnover'}",Alex Caruso lost ball turnover (De'Aaron Fox steals),16,8,1,6:38,False,0,{'id': '25'},"[{'athlete': {'id': '2991350'}}, {'athlete': {'id': '4066259'}}]",2026-05-31T00:22:59Z,False,"{'x': 33, 'y': 5}",0,Turnover,398.0
40187320354,54,"{'id': '109', 'text': 'Running Layup Shot'}",Devin Vassell misses running layup,16,8,1,6:34,False,0,{'id': '24'},[{'athlete': {'id': '4395630'}}],2026-05-31T00:23:04Z,True,"{'x': 23, 'y': 1}",2,Missed FG,394.0
40187320355,55,"{'id': '156', 'text': 'Offensive Rebound'}",Stephon Castle offensive rebound,16,8,1,6:33,False,0,{'id': '24'},[{'athlete': {'id': '4845367'}}],2026-05-31T00:23:05Z,False,"{'x': 23, 'y': 1}",0,Rebound,393.0
40187320356,56,"{'id': '150', 'text': 'Tip Dunk Shot'}",Stephon Castle makes tip in dunk,18,8,1,6:33,True,2,{'id': '24'},[{'athlete': {'id': '4845367'}}],2026-05-31T00:23:08Z,True,"{'x': 25, 'y': 0}",2,+2 Points,393.0
40187320357,57,"{'id': '16', 'text': 'Full Timeout'}",Thunder Full timeout,18,8,1,6:33,False,0,{'id': '25'},,2026-05-31T00:23:11Z,False,"{'x': -214748340, 'y': -214748365}",0,Timeout,393.0
40187320358,58,"{'id': '584', 'text': 'Substitution'}",Jared McCain enters the game for Chet Holmgren,18,8,1,6:33,False,0,{'id': '25'},"[{'athlete': {'id': '4683778'}}, {'athlete': {'id': '4433255'}}]",2026-05-31T00:26:05Z,False,"{'x': -214748340, 'y': -214748365}",0,Substitution,393.0
40187320359,59,"{'id': '584', 'text': 'Substitution'}",Dylan Harper enters the game for Victor Wembanyama,18,8,1,6:33,False,0,{'id': '24'},"[{'athlete': {'id': '5037871'}}, {'athlete': {'id': '5104157'}}]",2026-05-31T00:26:05Z,False,"{'x': -214748340, 'y': -214748365}",0,Substitution,393.0
40187320360,60,"{'id': '584', 'text': 'Substitution'}",Luke Kornet enters the game for De'Aaron Fox,18,8,1,6:33,False,0,{'id': '24'},"[{'athlete': {'id': '3064560'}}, {'athlete': {'id': '4066259'}}]",2026-05-31T00:26:05Z,False,"{'x': -214748340, 'y': -214748365}",0,Substitution,393.0
40187320364,64,"{'id': '92', 'text': 'Jump Shot'}",Cason Wallace misses 27-foot three point jumper,18,8,1,6:20,False,0,{'id': '25'},[{'athlete': {'id': '4683692'}}],2026-05-31T00:27:14Z,True,"{'x': 40, 'y': 23}",3,Missed 3PT,380.0
40187320365,65,"{'id': '156', 'text': 'Offensive Rebound'}",Isaiah Hartenstein offensive rebound,18,8,1,6:16,False,0,{'id': '25'},[{'athlete': {'id': '4222252'}}],2026-05-31T00:27:18Z,False,"{'x': 40, 'y': 23}",0,Rebound,376.0
40187320366,66,"{'id': '92', 'text': 'Jump Shot'}",Jared McCain misses 24-foot three point jumper,18,8,1,6:14,False,0,{'id': '25'},[{'athlete': {'id': '4683778'}}],2026-05-31T00:27:20Z,True,"{'x': 3, 'y': 12}",3,Missed 3PT,374.0
40187320367,67,"{'id': '156', 'text': 'Offensive Rebound'}",Cason Wallace offensive rebound,18,8,1,6:14,False,0,{'id': '25'},[{'athlete': {'id': '4683692'}}],2026-05-31T00:27:20Z,False,"{'x': 3, 'y': 12}",0,Rebound,374.0
40187320368,68,"{'id': '92', 'text': 'Jump Shot'}",Cason Wallace makes 22-foot three point jumper (Alex Caruso assists),18,11,1,6:04,True,3,{'id': '25'},"[{'athlete': {'id': '4683692'}}, {'athlete': {'id': '2991350'}}]",2026-05-31T00:27:29Z,True,"{'x': 2, 'y': -2}",3,+3 Points,364.0
40187320370,70,"{'id': '92', 'text': 'Jump Shot'}",Devin Vassell makes 25-foot three point jumper (Stephon Castle assists),21,11,1,5:51,True,3,{'id': '24'},"[{'athlete': {'id': '4395630'}}, {'athlete': {'id': '4845367'}}]",2026-05-31T00:27:42Z,True,"{'x': 46, 'y': 15}",3,+3 Points,351.0
40187320372,72,"{'id': '128', 'text': 'Driving Finger Roll Layup'}",Alex Caruso makes 1-foot two point shot (Shai Gilgeous-Alexander assists),21,13,1,5:42,True,2,{'id': '25'},"[{'athlete': {'id': '2991350'}}, {'athlete': {'id': '4278073'}}]",2026-05-31T00:27:51Z,True,"{'x': 26, 'y': 1}",2,+2 Points,342.0
40187320373,73,"{'id': '133', 'text': 'Pullup Bank Jump Shot'}",Stephon Castle makes 2-foot two point shot,23,13,1,5:30,True,2,{'id': '24'},[{'athlete': {'id': '4845367'}}],2026-05-31T00:28:06Z,True,"{'x': 26, 'y': 3}",2,+2 Points,330.0
40187320374,74,"{'id': '44', 'text': 'Shooting Foul'}",Shai Gilgeous-Alexander shooting foul,23,13,1,5:30,False,0,{'id': '25'},[{'athlete': {'id': '4278073'}}],2026-05-31T00:28:09Z,False,"{'x': 28, 'y': 2}",0,Foul,330.0
40187320376,76,"{'id': '97', 'text': 'Free Throw - 1 of 1'}",Stephon Castle makes free throw 1 of 1,24,13,1,5:30,True,1,{'id': '24'},[{'athlete': {'id': '4845367'}}],2026-05-31T00:28:38Z,True,"{'x': -214748340, 'y': -214748365}",1,+1 Point,330.0
40187320377,77,"{'id': '62', 'text': 'Bad Pass\nTurnover'}","Isaiah Hartenstein bad pass
turnover (Julian Champagnie steals)",24,13,1,5:15,False,0,{'id': '25'},"[{'athlete': {'id': '4222252'}}, {'athlete': {'id': '4592479'}}]",2026-05-31T00:28:53Z,False,"{'x': 24, 'y': 8}",0,Turnover,315.0
40187320379,79,"{'id': '92', 'text': 'Jump Shot'}",Julian Champagnie makes 23-foot three point jumper (Devin Vassell assists),27,13,1,5:07,True,3,{'id': '24'},"[{'athlete': {'id': '4592479'}}, {'athlete': {'id': '4395630'}}]",2026-05-31T00:29:02Z,True,"{'x': 48, 'y': -3}",3,+3 Points,307.0
40187320381,81,"{'id': '128', 'text': 'Driving Finger Roll Layup'}",Jared McCain makes 4-foot two point shot,27,15,1,4:48,True,2,{'id': '25'},[{'athlete': {'id': '4683778'}}],2026-05-31T00:29:21Z,True,"{'x': 21, 'y': 1}",2,+2 Points,288.0
40187320382,82,"{'id': '92', 'text': 'Jump Shot'}",Stephon Castle misses 25-foot three point jumper,27,15,1,4:33,False,0,{'id': '24'},[{'athlete': {'id': '4845367'}}],2026-05-31T00:29:35Z,True,"{'x': 48, 'y': 11}",3,Missed 3PT,273.0
40187320383,83,"{'id': '155', 'text': 'Defensive Rebound'}",Alex Caruso defensive rebound,27,15,1,4:30,False,0,{'id': '25'},[{'athlete': {'id': '2991350'}}],2026-05-31T00:29:38Z,False,"{'x': 48, 'y': 11}",0,Rebound,270.0
40187320384,84,"{'id': '113', 'text': 'Running Jump Shot'}",Jared McCain makes 23-foot running jump shot (Shai Gilgeous-Alexander assists),27,18,1,4:25,True,3,{'id': '25'},"[{'athlete': {'id': '4683778'}}, {'athlete': {'id': '4278073'}}]",2026-05-31T00:29:43Z,True,"{'x': 48, 'y': 0}",3,+3 Points,265.0
40187320386,86,"{'id': '16', 'text': 'Full Timeout'}",Spurs Full timeout,27,18,1,4:24,False,0,{'id': '24'},,2026-05-31T00:29:49Z,False,"{'x': -214748340, 'y': -214748365}",0,Timeout,264.0
40187320388,88,"{'id': '584', 'text': 'Substitution'}",Chet Holmgren enters the game for Cason Wallace,27,18,1,4:24,False,0,{'id': '25'},"[{'athlete': {'id': '4433255'}}, {'athlete': {'id': '4683692'}}]",2026-05-31T00:32:57Z,False,"{'x': -214748340, 'y': -214748365}",0,Substitution,264.0
40187320389,89,"{'id': '584', 'text': 'Substitution'}",Jaylin Williams enters the game for Isaiah Hartenstein,27,18,1,4:24,False,0,{'id': '25'},"[{'athlete': {'id': '4432823'}}, {'athlete': {'id': '4222252'}}]",2026-05-31T00:32:57Z,False,"{'x': -214748340, 'y': -214748365}",0,Substitution,264.0
40187320390,90,"{'id': '584', 'text': 'Substitution'}",Keldon Johnson enters the game for Julian Champagnie,27,18,1,4:24,False,0,{'id': '24'},"[{'athlete': {'id': '4395723'}}, {'athlete': {'id': '4592479'}}]",2026-05-31T00:32:57Z,False,"{'x': -214748340, 'y': -214748365}",0,Substitution,264.0
40187320391,91,"{'id': '584', 'text': 'Substitution'}",Victor Wembanyama enters the game for Luke Kornet,27,18,1,4:24,False,0,{'id': '24'},"[{'athlete': {'id': '5104157'}}, {'athlete': {'id': '3064560'}}]",2026-05-31T00:32:57Z,False,"{'x': -214748340, 'y': -214748365}",0,Substitution,264.0
40187320396,96,"{'id': '110', 'text': 'Driving Layup Shot'}",Stephon Castle misses driving layup,27,18,1,4:07,False,0,{'id': '24'},[{'athlete': {'id': '4845367'}}],2026-05-31T00:33:48Z,True,"{'x': 21, 'y': 2}",2,Missed FG,247.0
40187320397,97,"{'id': '155', 'text': 'Defensive Rebound'}",Jaylin Williams defensive rebound,27,18,1,4:05,False,0,{'id': '25'},[{'athlete': {'id': '4432823'}}],2026-05-31T00:33:50Z,False,"{'x': 21, 'y': 2}",0,Rebound,245.0
40187320398,98,"{'id': '63', 'text': 'Lost Ball Turnover'}",Chet Holmgren lost ball turnover (Keldon Johnson steals),27,18,1,4:00,False,0,{'id': '25'},"[{'athlete': {'id': '4433255'}}, {'athlete': {'id': '4395723'}}]",2026-05-31T00:33:56Z,False,"{'x': 10, 'y': 10}",0,Turnover,240.0
401873203100,100,"{'id': '63', 'text': 'Lost Ball Turnover'}",Stephon Castle lost ball turnover (Jared McCain steals),27,18,1,3:54,False,0,{'id': '24'},"[{'athlete': {'id': '4845367'}}, {'athlete': {'id': '4683778'}}]",2026-05-31T00:34:02Z,False,"{'x': 23, 'y': 18}",0,Turnover,234.0
401873203102,102,"{'id': '44', 'text': 'Shooting Foul'}",Dylan Harper shooting foul,27,18,1,3:49,False,0,{'id': '24'},[{'athlete': {'id': '5037871'}}],2026-05-31T00:34:08Z,False,"{'x': 22, 'y': 4}",0,Foul,229.0
401873203104,104,"{'id': '98', 'text': 'Free Throw - 1 of 2'}",Shai Gilgeous-Alexander makes free throw 1 of 2,27,19,1,3:49,True,1,{'id': '25'},[{'athlete': {'id': '4278073'}}],2026-05-31T00:34:35Z,True,"{'x': -214748340, 'y': -214748365}",1,+1 Point,229.0
401873203105,105,"{'id': '584', 'text': 'Substitution'}",De'Aaron Fox enters the game for Stephon Castle,27,19,1,3:49,False,0,{'id': '24'},"[{'athlete': {'id': '4066259'}}, {'athlete': {'id': '4845367'}}]",2026-05-31T00:34:36Z,False,"{'x': -214748340, 'y': -214748365}",0,Substitution,229.0
401873203107,107,"{'id': '99', 'text': 'Free Throw - 2 of 2'}",Shai Gilgeous-Alexander makes free throw 2 of 2,27,20,1,3:49,True,1,{'id': '25'},[{'athlete': {'id': '4278073'}}],2026-05-31T00:34:35Z,True,"{'x': -214748340, 'y': -214748365}",1,+1 Point,229.0
401873203108,108,"{'id': '92', 'text': 'Jump Shot'}",Victor Wembanyama misses 22-foot jumper,27,20,1,3:26,False,0,{'id': '24'},[{'athlete': {'id': '5104157'}}],2026-05-31T00:35:17Z,True,"{'x': 6, 'y': 12}",2,Missed FG,206.0
401873203109,109,"{'id': '155', 'text': 'Defensive Rebound'}",Shai Gilgeous-Alexander defensive rebound,27,20,1,3:23,False,0,{'id': '25'},[{'athlete': {'id': '4278073'}}],2026-05-31T00:35:20Z,False,"{'x': 6, 'y': 12}",0,Rebound,203.0
401873203110,110,"{'id': '132', 'text': 'Step Back Jump Shot'}",Shai Gilgeous-Alexander misses 25-foot three point step back jumpshot,27,20,1,3:07,False,0,{'id': '25'},[{'athlete': {'id': '4278073'}}],2026-05-31T00:35:36Z,True,"{'x': 17, 'y': 24}",3,Missed 3PT,187.0
401873203111,111,"{'id': '156', 'text': 'Offensive Rebound'}",Jaylin Williams offensive rebound,27,20,1,3:05,False,0,{'id': '25'},[{'athlete': {'id': '4432823'}}],2026-05-31T00:35:38Z,False,"{'x': 17, 'y': 24}",0,Rebound,185.0
401873203112,112,"{'id': '92', 'text': 'Jump Shot'}",Jaylin Williams misses 25-foot three point jumper,27,20,1,2:56,False,0,{'id': '25'},[{'athlete': {'id': '4432823'}}],2026-05-31T00:35:48Z,True,"{'x': 44, 'y': 17}",3,Missed 3PT,176.0
401873203113,113,"{'id': '155', 'text': 'Defensive Rebound'}",Devin Vassell defensive rebound,27,20,1,2:53,False,0,{'id': '24'},[{'athlete': {'id': '4395630'}}],2026-05-31T00:35:51Z,False,"{'x': 44, 'y': 17}",0,Rebound,173.0
401873203114,114,"{'id': '131', 'text': 'Pullup Jump Shot'}",Devin Vassell misses 10-foot pullup jump shot,27,20,1,2:42,False,0,{'id': '24'},[{'athlete': {'id': '4395630'}}],2026-05-31T00:36:01Z,True,"{'x': 31, 'y': 9}",2,Missed FG,162.0
401873203115,115,"{'id': '155', 'text': 'Defensive Rebound'}",Jaylin Williams defensive rebound,27,20,1,2:40,False,0,{'id': '25'},[{'athlete': {'id': '4432823'}}],2026-05-31T00:36:03Z,False,"{'x': 31, 'y': 9}",0,Rebound,160.0
401873203116,116,"{'id': '131', 'text': 'Pullup Jump Shot'}",Jared McCain misses 25-foot three point pullup jump shot,27,20,1,2:34,False,0,{'id': '25'},[{'athlete': {'id': '4683778'}}],2026-05-31T00:36:10Z,True,"{'x': 15, 'y': 23}",3,Missed 3PT,154.0
401873203117,117,"{'id': '156', 'text': 'Offensive Rebound'}",Chet Holmgren offensive rebound,27,20,1,2:32,False,0,{'id': '25'},[{'athlete': {'id': '4433255'}}],2026-05-31T00:36:13Z,False,"{'x': 15, 'y': 23}",0,Rebound,152.0
401873203118,118,"{'id': '45', 'text': 'Personal Foul'}",Keldon Johnson personal foul,27,20,1,2:32,False,0,{'id': '24'},[{'athlete': {'id': '4395723'}}],2026-05-31T00:36:18Z,False,"{'x': 25, 'y': 3}",0,Foul,152.0
401873203120,120,"{'id': '584', 'text': 'Substitution'}",Kenrich Williams enters the game for Jaylin Williams,27,20,1,2:32,False,0,{'id': '25'},"[{'athlete': {'id': '3133626'}}, {'athlete': {'id': '4432823'}}]",2026-05-31T00:36:29Z,False,"{'x': -214748340, 'y': -214748365}",0,Substitution,152.0
401873203122,122,"{'id': '92', 'text': 'Jump Shot'}",Kenrich Williams misses 25-foot three point jumper,27,20,1,2:22,False,0,{'id': '25'},[{'athlete': {'id': '3133626'}}],2026-05-31T00:36:53Z,True,"{'x': 41, 'y': 20}",3,Missed 3PT,142.0
401873203123,123,"{'id': '155', 'text': 'Defensive Rebound'}",Victor Wembanyama defensive rebound,27,20,1,2:18,False,0,{'id': '24'},[{'athlete': {'id': '5104157'}}],2026-05-31T00:36:57Z,False,"{'x': 41, 'y': 20}",0,Rebound,138.0
401873203124,124,"{'id': '128', 'text': 'Driving Finger Roll Layup'}",Dylan Harper makes 3-foot two point shot,29,20,1,2:07,True,2,{'id': '24'},[{'athlete': {'id': '5037871'}}],2026-05-31T00:37:08Z,True,"{'x': 25, 'y': 4}",2,+2 Points,127.0
401873203125,125,"{'id': '134', 'text': 'Driving Jump Shot Bank'}",Shai Gilgeous-Alexander misses 7-foot two point shot,29,20,1,1:53,False,0,{'id': '25'},[{'athlete': {'id': '4278073'}}],2026-05-31T00:37:22Z,True,"{'x': 18, 'y': 4}",2,Missed FG,113.0
401873203126,126,"{'id': '155', 'text': 'Defensive Rebound'}",Devin Vassell defensive rebound,29,20,1,1:51,False,0,{'id': '24'},[{'athlete': {'id': '4395630'}}],2026-05-31T00:37:24Z,False,"{'x': 18, 'y': 4}",0,Rebound,111.0
401873203127,127,"{'id': '44', 'text': 'Shooting Foul'}",Jared McCain shooting foul,29,20,1,1:49,False,0,{'id': '25'},[{'athlete': {'id': '4683778'}}],2026-05-31T00:37:29Z,False,"{'x': 21, 'y': 2}",0,Foul,109.0
401873203129,129,"{'id': '98', 'text': 'Free Throw - 1 of 2'}",Devin Vassell makes free throw 1 of 2,30,20,1,1:49,True,1,{'id': '24'},[{'athlete': {'id': '4395630'}}],2026-05-31T00:37:59Z,True,"{'x': -214748340, 'y': -214748365}",1,+1 Point,109.0
401873203130,130,"{'id': '584', 'text': 'Substitution'}",Julian Champagnie enters the game for Dylan Harper,30,20,1,1:49,False,0,{'id': '24'},"[{'athlete': {'id': '4592479'}}, {'athlete': {'id': '5037871'}}]",2026-05-31T00:38:00Z,False,"{'x': -214748340, 'y': -214748365}",0,Substitution,109.0
401873203132,132,"{'id': '99', 'text': 'Free Throw - 2 of 2'}",Devin Vassell makes free throw 2 of 2,31,20,1,1:49,True,1,{'id': '24'},[{'athlete': {'id': '4395630'}}],2026-05-31T00:37:59Z,True,"{'x': -214748340, 'y': -214748365}",1,+1 Point,109.0
401873203133,133,"{'id': '131', 'text': 'Pullup Jump Shot'}",Alex Caruso misses 24-foot three point pullup jump shot,31,20,1,1:25,False,0,{'id': '25'},[{'athlete': {'id': '2991350'}}],2026-05-31T00:38:53Z,True,"{'x': 24, 'y': 25}",3,Missed 3PT,85.0
401873203134,134,"{'id': '155', 'text': 'Defensive Rebound'}",Victor Wembanyama defensive rebound,31,20,1,1:20,False,0,{'id': '24'},[{'athlete': {'id': '5104157'}}],2026-05-31T00:38:58Z,False,"{'x': 24, 'y': 25}",0,Rebound,80.0
401873203135,135,"{'id': '90', 'text': 'Out of Bounds - Bad Pass Turnover'}",Julian Champagnie out of bounds bad pass turnover,31,20,1,1:12,False,0,{'id': '24'},[{'athlete': {'id': '4592479'}}],2026-05-31T00:39:06Z,False,"{'x': 19, 'y': 25}",0,Turnover,72.0
401873203136,136,"{'id': '584', 'text': 'Substitution'}",Isaiah Hartenstein enters the game for Chet Holmgren,31,20,1,1:12,False,0,{'id': '25'},"[{'athlete': {'id': '4222252'}}, {'athlete': {'id': '4433255'}}]",2026-05-31T00:39:10Z,False,"{'x': -214748340, 'y': -214748365}",0,Substitution,72.0
401873203137,137,"{'id': '584', 'text': 'Substitution'}",Harrison Barnes enters the game for Keldon Johnson,31,20,1,1:12,False,0,{'id': '24'},"[{'athlete': {'id': '6578'}}, {'athlete': {'id': '4395723'}}]",2026-05-31T00:39:10Z,False,"{'x': -214748340, 'y': -214748365}",0,Substitution,72.0
401873203138,138,"{'id': '584', 'text': 'Substitution'}",Stephon Castle enters the game for Devin Vassell,31,20,1,1:12,False,0,{'id': '24'},"[{'athlete': {'id': '4845367'}}, {'athlete': {'id': '4395630'}}]",2026-05-31T00:39:10Z,False,"{'x': -214748340, 'y': -214748365}",0,Substitution,72.0
401873203142,142,"{'id': '92', 'text': 'Jump Shot'}",Alex Caruso misses 25-foot three point jumper,31,20,1,53.8,False,0,{'id': '25'},[{'athlete': {'id': '2991350'}}],2026-05-31T00:39:54Z,True,"{'x': 14, 'y': 23}",3,Missed 3PT,53.8
401873203143,143,"{'id': '156', 'text': 'Offensive Rebound'}",Kenrich Williams offensive rebound,31,20,1,53.1,False,0,{'id': '25'},[{'athlete': {'id': '3133626'}}],2026-05-31T00:39:54Z,False,"{'x': 14, 'y': 23}",0,Rebound,53.1
401873203144,144,"{'id': '94', 'text': 'Tip Shot'}",Kenrich Williams makes tip shot,31,22,1,53.1,True,2,{'id': '25'},[{'athlete': {'id': '3133626'}}],2026-05-31T00:39:58Z,True,"{'x': 25, 'y': 0}",2,+2 Points,53.1
401873203145,145,"{'id': '42', 'text': 'Offensive Foul'}",Victor Wembanyama offensive foul,31,22,1,40.2,False,0,{'id': '24'},[{'athlete': {'id': '5104157'}}],2026-05-31T00:40:18Z,False,"{'x': 25, 'y': 23}",0,Foul,40.2
401873203147,147,"{'id': '213', 'text': 'Challenge'}",Thunder Coach's Challenge,31,22,1,40.2,False,0,{'id': '25'},,2026-05-31T00:40:59Z,False,"{'x': -214748340, 'y': -214748365}",0,Challenge,40.2
401873203148,148,"{'id': '35', 'text': 'Technical Foul'}",technical foul,31,22,1,40.2,False,0,,,2026-05-31T00:41:01Z,False,"{'x': -214748340, 'y': -214748365}",0,Foul,40.2
401873203149,149,"{'id': '215', 'text': ""Coach's Challenge (Overturned)""}",(00:40.2) [Thunder] COACH'S CHALLENGE (CALL OVERTURNED) [Thunder] retain their timeout,31,22,1,40.2,False,0,{'id': '25'},,2026-05-31T00:41:17Z,False,"{'x': -214748340, 'y': -214748365}",0,Challenge,40.2
401873203150,150,"{'id': '84', 'text': 'Offensive Foul Turnover'}",Victor Wembanyama offensive foul turnover,31,22,1,40.2,False,0,{'id': '24'},[{'athlete': {'id': '5104157'}}],2026-05-31T00:40:18Z,False,"{'x': 25, 'y': 23}",0,Turnover,40.2
401873203151,151,"{'id': '584', 'text': 'Substitution'}",Cason Wallace enters the game for Alex Caruso,31,22,1,40.2,False,0,{'id': '25'},"[{'athlete': {'id': '4683692'}}, {'athlete': {'id': '2991350'}}]",2026-05-31T00:43:08Z,False,"{'x': -214748340, 'y': -214748365}",0,Substitution,40.2
401873203153,153,"{'id': '103', 'text': 'Free Throw - Technical'}",Victor Wembanyama makes technical free throw,32,22,1,40.2,True,1,{'id': '24'},[{'athlete': {'id': '5104157'}}],2026-05-31T00:43:35Z,True,"{'x': -214748340, 'y': -214748365}",1,+1 Point,40.2
401873203154,154,"{'id': '110', 'text': 'Driving Layup Shot'}",Jared McCain misses driving layup,32,22,1,22.5,False,0,{'id': '25'},[{'athlete': {'id': '4683778'}}],2026-05-31T00:44:08Z,True,"{'x': 27, 'y': 0}",2,Missed FG,22.5
401873203155,155,"{'id': '156', 'text': 'Offensive Rebound'}",Thunder offensive team rebound,32,22,1,22.5,False,0,{'id': '25'},,2026-05-31T00:44:08Z,False,"{'x': 27, 'y': 0}",0,Rebound,22.5
401873203156,156,"{'id': '43', 'text': 'Loose Ball Foul'}",Stephon Castle loose ball foul,32,22,1,22.5,False,0,{'id': '24'},[{'athlete': {'id': '4845367'}}],2026-05-31T00:44:19Z,False,"{'x': 25, 'y': -1}",0,Foul,22.5
401873203158,158,"{'id': '92', 'text': 'Jump Shot'}",Jared McCain makes 26-foot three point jumper (Cason Wallace assists),32,25,1,15.8,True,3,{'id': '25'},"[{'athlete': {'id': '4683778'}}, {'athlete': {'id': '4683692'}}]",2026-05-31T00:44:35Z,True,"{'x': 21, 'y': 27}",3,+3 Points,15.8
401873203160,160,"{'id': '92', 'text': 'Jump Shot'}",De'Aaron Fox misses 23-foot three point jumper,32,25,1,3.9,False,0,{'id': '24'},[{'athlete': {'id': '4066259'}}],2026-05-31T00:44:53Z,True,"{'x': 2, 'y': -2}",3,Missed 3PT,3.9
401873203161,161,"{'id': '155', 'text': 'Defensive Rebound'}",Cason Wallace defensive rebound,32,25,1,0.8,False,0,{'id': '25'},[{'athlete': {'id': '4683692'}}],2026-05-31T00:44:56Z,False,"{'x': 2, 'y': -2}",0,Rebound,0.8
401873203162,162,"{'id': '282', 'text': 'Heave Jump Shot'}",Cason Wallace misses heave jump shot,32,25,1,0.3,False,0,{'id': '25'},[{'athlete': {'id': '4683692'}}],2026-05-31T00:44:59Z,True,"{'x': 24, 'y': 43}",3,Missed 3PT,0.3
401873203163,163,"{'id': '156', 'text': 'Offensive Rebound'}",Thunder offensive team rebound,32,25,1,0.1,False,0,{'id': '25'},,2026-05-31T00:45:00Z,False,"{'x': 26, 'y': 41}",0,Rebound,0.1
401873203164,164,"{'id': '412', 'text': 'End Period'}",End of the 1st Quarter,32,25,1,0.0,False,0,,,2026-05-31T00:45:29Z,False,"{'x': -214748340, 'y': -214748365}",0,End of 1st,0.0
401873203165,165,"{'id': '584', 'text': 'Substitution'}",Alex Caruso enters the game for Kenrich Williams,32,25,2,12:00,False,0,{'id': '25'},"[{'athlete': {'id': '2991350'}}, {'athlete': {'id': '3133626'}}]",2026-05-31T00:45:33Z,False,"{'x': -214748340, 'y': -214748365}",0,Substitution,720.0
401873203166,166,"{'id': '584', 'text': 'Substitution'}",Dylan Harper enters the game for De'Aaron Fox,32,25,2,12:00,False,0,{'id': '24'},"[{'athlete': {'id': '5037871'}}, {'athlete': {'id': '4066259'}}]",2026-05-31T00:45:33Z,False,"{'x': -214748340, 'y': -214748365}",0,Substitution,720.0
401873203170,170,"{'id': '132', 'text': 'Step Back Jump Shot'}",Shai Gilgeous-Alexander makes 13-foot step back jumpshot,32,27,2,11:46,True,2,{'id': '25'},[{'athlete': {'id': '4278073'}}],2026-05-31T00:48:51Z,True,"{'x': 32, 'y': 11}",2,+2 Points,706.0
401873203172,172,"{'id': '92', 'text': 'Jump Shot'}",Dylan Harper makes 27-foot three point jumper (Stephon Castle assists),35,27,2,11:27,True,3,{'id': '24'},"[{'athlete': {'id': '5037871'}}, {'athlete': {'id': '4845367'}}]",2026-05-31T00:49:09Z,True,"{'x': 26, 'y': 27}",3,+3 Points,687.0
401873203174,174,"{'id': '92', 'text': 'Jump Shot'}",Alex Caruso misses 25-foot three point jumper,35,27,2,11:07,False,0,{'id': '25'},[{'athlete': {'id': '2991350'}}],2026-05-31T00:49:29Z,True,"{'x': 20, 'y': 25}",3,Missed 3PT,667.0
401873203175,175,"{'id': '155', 'text': 'Defensive Rebound'}",Spurs defensive team rebound,35,27,2,11:07,False,0,{'id': '24'},,2026-05-31T00:49:29Z,False,"{'x': 20, 'y': 25}",0,Rebound,667.0
401873203176,176,"{'id': '43', 'text': 'Loose Ball Foul'}",Isaiah Hartenstein loose ball foul,35,27,2,11:07,False,0,{'id': '25'},[{'athlete': {'id': '4222252'}}],2026-05-31T00:49:36Z,False,"{'x': 25, 'y': 4}",0,Foul,667.0
401873203178,178,"{'id': '584', 'text': 'Substitution'}",Chet Holmgren enters the game for Shai Gilgeous-Alexander,35,27,2,11:07,False,0,{'id': '25'},"[{'athlete': {'id': '4433255'}}, {'athlete': {'id': '4278073'}}]",2026-05-31T00:49:56Z,False,"{'x': -214748340, 'y': -214748365}",0,Substitution,667.0
401873203180,180,"{'id': '92', 'text': 'Jump Shot'}",Stephon Castle misses 25-foot three point jumper,35,27,2,10:45,False,0,{'id': '24'},[{'athlete': {'id': '4845367'}}],2026-05-31T00:50:14Z,True,"{'x': 36, 'y': 23}",3,Missed 3PT,645.0
401873203181,181,"{'id': '155', 'text': 'Defensive Rebound'}",Jared McCain defensive rebound,35,27,2,10:41,False,0,{'id': '25'},[{'athlete': {'id': '4683778'}}],2026-05-31T00:50:18Z,False,"{'x': 36, 'y': 23}",0,Rebound,641.0
401873203182,182,"{'id': '132', 'text': 'Step Back Jump Shot'}",Jared McCain misses 11-foot step back jumpshot,35,27,2,10:20,False,0,{'id': '25'},[{'athlete': {'id': '4683778'}}],2026-05-31T00:50:38Z,True,"{'x': 14, 'y': 0}",2,Missed FG,620.0
401873203183,183,"{'id': '156', 'text': 'Offensive Rebound'}",Thunder offensive team rebound,35,27,2,10:20,False,0,{'id': '25'},,2026-05-31T00:50:38Z,False,"{'x': 14, 'y': 0}",0,Rebound,620.0
401873203184,184,"{'id': '43', 'text': 'Loose Ball Foul'}",Victor Wembanyama loose ball foul,35,27,2,10:20,False,0,{'id': '24'},[{'athlete': {'id': '5104157'}}],2026-05-31T00:50:45Z,False,"{'x': 26, 'y': 1}",0,Foul,620.0
401873203186,186,"{'id': '144', 'text': 'Driving Floating Jump Shot'}",Isaiah Hartenstein makes 5-foot driving floating jump shot (Cason Wallace assists),35,29,2,10:12,True,2,{'id': '25'},"[{'athlete': {'id': '4222252'}}, {'athlete': {'id': '4683692'}}]",2026-05-31T00:51:14Z,True,"{'x': 23, 'y': 5}",2,+2 Points,612.0
401873203188,188,"{'id': '92', 'text': 'Jump Shot'}",Harrison Barnes misses 22-foot three point jumper,35,29,2,9:55,False,0,{'id': '24'},[{'athlete': {'id': '6578'}}],2026-05-31T00:51:29Z,True,"{'x': 48, 'y': 1}",3,Missed 3PT,595.0
401873203189,189,"{'id': '155', 'text': 'Defensive Rebound'}",Thunder defensive team rebound,35,29,2,9:55,False,0,{'id': '25'},,2026-05-31T00:51:29Z,False,"{'x': 48, 'y': 1}",0,Rebound,595.0
401873203190,190,"{'id': '43', 'text': 'Loose Ball Foul'}",Julian Champagnie loose ball foul,35,29,2,9:55,False,0,{'id': '24'},[{'athlete': {'id': '4592479'}}],2026-05-31T00:51:36Z,False,"{'x': 21, 'y': 0}",0,Foul,595.0
401873203193,193,"{'id': '584', 'text': 'Substitution'}",De'Aaron Fox enters the game for Stephon Castle,35,29,2,9:47,False,0,{'id': '24'},"[{'athlete': {'id': '4066259'}}, {'athlete': {'id': '4845367'}}]",2026-05-31T00:52:19Z,False,"{'x': -214748340, 'y': -214748365}",0,Substitution,587.0
401873203194,194,"{'id': '584', 'text': 'Substitution'}",Carter Bryant enters the game for Harrison Barnes,35,29,2,9:47,False,0,{'id': '24'},"[{'athlete': {'id': '5061568'}}, {'athlete': {'id': '6578'}}]",2026-05-31T00:52:19Z,False,"{'x': -214748340, 'y': -214748365}",0,Substitution,587.0
401873203197,197,"{'id': '131', 'text': 'Pullup Jump Shot'}",Jared McCain makes 12-foot pullup jump shot,35,31,2,9:38,True,2,{'id': '25'},[{'athlete': {'id': '4683778'}}],2026-05-31T00:52:41Z,True,"{'x': 31, 'y': 11}",2,+2 Points,578.0
401873203198,198,"{'id': '144', 'text': 'Driving Floating Jump Shot'}",De'Aaron Fox makes 3-foot driving floating jump shot,37,31,2,9:23,True,2,{'id': '24'},[{'athlete': {'id': '4066259'}}],2026-05-31T00:52:56Z,True,"{'x': 25, 'y': 4}",2,+2 Points,563.0
401873203199,199,"{'id': '144', 'text': 'Driving Floating Jump Shot'}",Isaiah Hartenstein misses driving floating jump shot,37,31,2,9:05,False,0,{'id': '25'},[{'athlete': {'id': '4222252'}}],2026-05-31T00:53:12Z,True,"{'x': 14, 'y': 5}",2,Missed FG,545.0
401873203200,200,"{'id': '155', 'text': 'Defensive Rebound'}",Dylan Harper defensive rebound,37,31,2,9:02,False,0,{'id': '24'},[{'athlete': {'id': '5037871'}}],2026-05-31T00:53:15Z,False,"{'x': 14, 'y': 5}",0,Rebound,542.0
401873203201,201,"{'id': '113', 'text': 'Running Jump Shot'}",Victor Wembanyama makes 26-foot running jump shot (Dylan Harper assists),40,31,2,8:58,True,3,{'id': '24'},"[{'athlete': {'id': '5104157'}}, {'athlete': {'id': '5037871'}}]",2026-05-31T00:53:21Z,True,"{'x': 40, 'y': 22}",3,+3 Points,538.0
401873203203,203,"{'id': '16', 'text': 'Full Timeout'}",Thunder Full timeout,40,31,2,8:57,False,0,{'id': '25'},,2026-05-31T00:53:25Z,False,"{'x': -214748340, 'y': -214748365}",0,Timeout,537.0
401873203204,204,"{'id': '584', 'text': 'Substitution'}",Jaylin Williams enters the game for Isaiah Hartenstein,40,31,2,8:57,False,0,{'id': '25'},"[{'athlete': {'id': '4432823'}}, {'athlete': {'id': '4222252'}}]",2026-05-31T00:55:29Z,False,"{'x': -214748340, 'y': -214748365}",0,Substitution,537.0
401873203205,205,"{'id': '584', 'text': 'Substitution'}",Luke Kornet enters the game for Victor Wembanyama,40,31,2,8:57,False,0,{'id': '24'},"[{'athlete': {'id': '3064560'}}, {'athlete': {'id': '5104157'}}]",2026-05-31T00:55:29Z,False,"{'x': -214748340, 'y': -214748365}",0,Substitution,537.0
401873203208,208,"{'id': '128', 'text': 'Driving Finger Roll Layup'}",Alex Caruso misses two point shot,40,31,2,8:32,False,0,{'id': '25'},[{'athlete': {'id': '2991350'}}],2026-05-31T00:57:30Z,True,"{'x': 23, 'y': 4}",2,Missed FG,512.0
401873203209,209,"{'id': '156', 'text': 'Offensive Rebound'}",Jaylin Williams offensive rebound,40,31,2,8:30,False,0,{'id': '25'},[{'athlete': {'id': '4432823'}}],2026-05-31T00:57:32Z,False,"{'x': 23, 'y': 4}",0,Rebound,510.0
401873203210,210,"{'id': '125', 'text': 'Layup Shot Putback'}",Jaylin Williams makes two point shot,40,33,2,8:29,True,2,{'id': '25'},[{'athlete': {'id': '4432823'}}],2026-05-31T00:57:32Z,True,"{'x': 26, 'y': 0}",2,+2 Points,509.0
401873203211,211,"{'id': '131', 'text': 'Pullup Jump Shot'}",De'Aaron Fox misses 27-foot three point pullup jump shot,40,33,2,8:10,False,0,{'id': '24'},[{'athlete': {'id': '4066259'}}],2026-05-31T00:57:52Z,True,"{'x': 24, 'y': 27}",3,Missed 3PT,490.0
401873203212,212,"{'id': '155', 'text': 'Defensive Rebound'}",Cason Wallace defensive rebound,40,33,2,8:07,False,0,{'id': '25'},[{'athlete': {'id': '4683692'}}],2026-05-31T00:57:55Z,False,"{'x': 24, 'y': 27}",0,Rebound,487.0
401873203213,213,"{'id': '132', 'text': 'Step Back Jump Shot'}",Cason Wallace misses 26-foot three point step back jumpshot,40,33,2,7:59,False,0,{'id': '25'},[{'athlete': {'id': '4683692'}}],2026-05-31T00:58:03Z,True,"{'x': 6, 'y': 19}",3,Missed 3PT,479.0
401873203214,214,"{'id': '155', 'text': 'Defensive Rebound'}",Spurs defensive team rebound,40,33,2,7:59,False,0,{'id': '24'},,2026-05-31T00:58:03Z,False,"{'x': 6, 'y': 19}",0,Rebound,479.0
401873203216,216,"{'id': '584', 'text': 'Substitution'}",Shai Gilgeous-Alexander enters the game for Jared McCain,40,33,2,7:59,False,0,{'id': '25'},"[{'athlete': {'id': '4278073'}}, {'athlete': {'id': '4683778'}}]",2026-05-31T00:58:10Z,False,"{'x': -214748340, 'y': -214748365}",0,Substitution,479.0
401873203217,217,"{'id': '584', 'text': 'Substitution'}",Devin Vassell enters the game for Julian Champagnie,40,33,2,7:59,False,0,{'id': '24'},"[{'athlete': {'id': '4395630'}}, {'athlete': {'id': '4592479'}}]",2026-05-31T00:58:10Z,False,"{'x': -214748340, 'y': -214748365}",0,Substitution,479.0
401873203220,220,"{'id': '115', 'text': 'Driving Dunk Shot'}",Chet Holmgren blocks Dylan Harper 's 2-foot driving dunk,40,33,2,7:40,False,0,{'id': '24'},"[{'athlete': {'id': '5037871'}}, {'athlete': {'id': '4433255'}}]",2026-05-31T00:58:48Z,True,"{'x': 27, 'y': 2}",2,Missed FG,460.0
401873203222,222,"{'id': '155', 'text': 'Defensive Rebound'}",Jaylin Williams defensive rebound,40,33,2,7:38,False,0,{'id': '25'},[{'athlete': {'id': '4432823'}}],2026-05-31T00:58:50Z,False,"{'x': 27, 'y': 2}",0,Rebound,458.0
401873203223,223,"{'id': '129', 'text': 'Running Finger Roll Layup'}",Alex Caruso misses two point shot,40,33,2,7:33,False,0,{'id': '25'},[{'athlete': {'id': '2991350'}}],2026-05-31T00:58:55Z,True,"{'x': 24, 'y': -1}",2,Missed FG,453.0
401873203224,224,"{'id': '155', 'text': 'Defensive Rebound'}",Carter Bryant defensive rebound,40,33,2,7:31,False,0,{'id': '24'},[{'athlete': {'id': '5061568'}}],2026-05-31T00:58:57Z,False,"{'x': 24, 'y': -1}",0,Rebound,451.0
401873203225,225,"{'id': '109', 'text': 'Running Layup Shot'}",Carter Bryant makes running layup (De'Aaron Fox assists),42,33,2,7:25,True,2,{'id': '24'},"[{'athlete': {'id': '5061568'}}, {'athlete': {'id': '4066259'}}]",2026-05-31T00:59:03Z,True,"{'x': 24, 'y': 2}",2,+2 Points,445.0
401873203227,227,"{'id': '44', 'text': 'Shooting Foul'}",De'Aaron Fox shooting foul,42,33,2,7:15,False,0,{'id': '24'},[{'athlete': {'id': '4066259'}}],2026-05-31T00:59:17Z,False,"{'x': 33, 'y': 6}",0,Foul,435.0
401873203229,229,"{'id': '98', 'text': 'Free Throw - 1 of 2'}",Shai Gilgeous-Alexander misses free throw 1 of 2,42,33,2,7:15,False,0,{'id': '25'},[{'athlete': {'id': '4278073'}}],2026-05-31T00:59:46Z,True,"{'x': -214748340, 'y': -214748365}",1,Missed FT,435.0
401873203230,230,"{'id': '156', 'text': 'Offensive Rebound'}",Thunder offensive team rebound,42,33,2,7:15,False,0,{'id': '25'},,2026-05-31T00:59:46Z,False,"{'x': -214748340, 'y': -214748365}",0,Rebound,435.0
401873203231,231,"{'id': '584', 'text': 'Substitution'}",Luguentz Dort enters the game for Alex Caruso,42,33,2,7:15,False,0,{'id': '25'},"[{'athlete': {'id': '4397020'}}, {'athlete': {'id': '2991350'}}]",2026-05-31T00:59:46Z,False,"{'x': -214748340, 'y': -214748365}",0,Substitution,435.0
401873203232,232,"{'id': '584', 'text': 'Substitution'}",Stephon Castle enters the game for Dylan Harper,42,33,2,7:15,False,0,{'id': '24'},"[{'athlete': {'id': '4845367'}}, {'athlete': {'id': '5037871'}}]",2026-05-31T00:59:46Z,False,"{'x': -214748340, 'y': -214748365}",0,Substitution,435.0
401873203235,235,"{'id': '99', 'text': 'Free Throw - 2 of 2'}",Shai Gilgeous-Alexander misses free throw 2 of 2,42,33,2,7:15,False,0,{'id': '25'},[{'athlete': {'id': '4278073'}}],2026-05-31T00:59:46Z,True,"{'x': -214748340, 'y': -214748365}",1,Missed FT,435.0
401873203236,236,"{'id': '155', 'text': 'Defensive Rebound'}",Luke Kornet defensive rebound,42,33,2,7:13,False,0,{'id': '24'},[{'athlete': {'id': '3064560'}}],2026-05-31T00:59:48Z,False,"{'x': -214748340, 'y': -214748365}",0,Rebound,433.0
401873203237,237,"{'id': '44', 'text': 'Shooting Foul'}",Chet Holmgren shooting foul,42,33,2,7:02,False,0,{'id': '25'},[{'athlete': {'id': '4433255'}}],2026-05-31T01:00:27Z,False,"{'x': 24, 'y': 2}",0,Foul,422.0
401873203239,239,"{'id': '98', 'text': 'Free Throw - 1 of 2'}",Luke Kornet makes free throw 1 of 2,43,33,2,7:02,True,1,{'id': '24'},[{'athlete': {'id': '3064560'}}],2026-05-31T01:00:56Z,True,"{'x': -214748340, 'y': -214748365}",1,+1 Point,422.0
401873203240,240,"{'id': '99', 'text': 'Free Throw - 2 of 2'}",Luke Kornet makes free throw 2 of 2,44,33,2,7:02,True,1,{'id': '24'},[{'athlete': {'id': '3064560'}}],2026-05-31T01:01:15Z,True,"{'x': -214748340, 'y': -214748365}",1,+1 Point,422.0
401873203241,241,"{'id': '131', 'text': 'Pullup Jump Shot'}",Shai Gilgeous-Alexander makes 25-foot three pointer (Cason Wallace assists),44,36,2,6:51,True,3,{'id': '25'},"[{'athlete': {'id': '4278073'}}, {'athlete': {'id': '4683692'}}]",2026-05-31T01:01:27Z,True,"{'x': 37, 'y': 23}",3,+3 Points,411.0
401873203243,243,"{'id': '16', 'text': 'Full Timeout'}",Spurs Full timeout,44,36,2,6:45,False,0,{'id': '24'},,2026-05-31T01:01:38Z,False,"{'x': -214748340, 'y': -214748365}",0,Timeout,405.0
401873203244,244,"{'id': '584', 'text': 'Substitution'}",Victor Wembanyama enters the game for Luke Kornet,44,36,2,6:45,False,0,{'id': '24'},"[{'athlete': {'id': '5104157'}}, {'athlete': {'id': '3064560'}}]",2026-05-31T01:04:51Z,False,"{'x': -214748340, 'y': -214748365}",0,Substitution,405.0
401873203245,245,"{'id': '584', 'text': 'Substitution'}",Julian Champagnie enters the game for Carter Bryant,44,36,2,6:45,False,0,{'id': '24'},"[{'athlete': {'id': '4592479'}}, {'athlete': {'id': '5061568'}}]",2026-05-31T01:04:51Z,False,"{'x': -214748340, 'y': -214748365}",0,Substitution,405.0
401873203248,248,"{'id': '126', 'text': 'Layup Driving Reverse'}",Victor Wembanyama misses two point shot,44,36,2,6:32,False,0,{'id': '24'},[{'athlete': {'id': '5104157'}}],2026-05-31T01:05:43Z,True,"{'x': 28, 'y': 1}",2,Missed FG,392.0
401873203249,249,"{'id': '155', 'text': 'Defensive Rebound'}",Chet Holmgren defensive rebound,44,36,2,6:30,False,0,{'id': '25'},[{'athlete': {'id': '4433255'}}],2026-05-31T01:05:45Z,False,"{'x': 28, 'y': 1}",0,Rebound,390.0
401873203250,250,"{'id': '92', 'text': 'Jump Shot'}",Jaylin Williams misses 13-foot jumper,44,36,2,6:20,False,0,{'id': '25'},[{'athlete': {'id': '4432823'}}],2026-05-31T01:05:55Z,True,"{'x': 12, 'y': -2}",2,Missed FG,380.0
401873203251,251,"{'id': '156', 'text': 'Offensive Rebound'}",Thunder offensive team rebound,44,36,2,6:18,False,0,{'id': '25'},,2026-05-31T01:05:57Z,False,"{'x': 12, 'y': -2}",0,Rebound,378.0
401873203254,254,"{'id': '92', 'text': 'Jump Shot'}",Shai Gilgeous-Alexander misses 15-foot jumper,44,36,2,6:11,False,0,{'id': '25'},[{'athlete': {'id': '4278073'}}],2026-05-31T01:06:25Z,True,"{'x': 18, 'y': 14}",2,Missed FG,371.0
401873203255,255,"{'id': '156', 'text': 'Offensive Rebound'}",Jaylin Williams offensive rebound,44,36,2,6:08,False,0,{'id': '25'},[{'athlete': {'id': '4432823'}}],2026-05-31T01:06:28Z,False,"{'x': 18, 'y': 14}",0,Rebound,368.0
401873203256,256,"{'id': '115', 'text': 'Driving Dunk Shot'}",Shai Gilgeous-Alexander makes driving dunk (Luguentz Dort assists),44,38,2,6:05,True,2,{'id': '25'},"[{'athlete': {'id': '4278073'}}, {'athlete': {'id': '4397020'}}]",2026-05-31T01:06:30Z,True,"{'x': 25, 'y': 1}",2,+2 Points,365.0
401873203258,258,"{'id': '92', 'text': 'Jump Shot'}",Julian Champagnie misses 28-foot three point jumper,44,38,2,5:50,False,0,{'id': '24'},[{'athlete': {'id': '4592479'}}],2026-05-31T01:06:44Z,True,"{'x': 8, 'y': 22}",3,Missed 3PT,350.0
401873203259,259,"{'id': '155', 'text': 'Defensive Rebound'}",Jaylin Williams defensive rebound,44,38,2,5:49,False,0,{'id': '25'},[{'athlete': {'id': '4432823'}}],2026-05-31T01:06:45Z,False,"{'x': 8, 'y': 22}",0,Rebound,349.0
401873203261,261,"{'id': '44', 'text': 'Shooting Foul'}",Julian Champagnie shooting foul,44,38,2,5:30,False,0,{'id': '24'},[{'athlete': {'id': '4592479'}}],2026-05-31T01:07:06Z,False,"{'x': 23, 'y': 1}",0,Foul,330.0
401873203263,263,"{'id': '98', 'text': 'Free Throw - 1 of 2'}",Chet Holmgren misses free throw 1 of 2,44,38,2,5:30,False,0,{'id': '25'},[{'athlete': {'id': '4433255'}}],2026-05-31T01:07:42Z,True,"{'x': -214748340, 'y': -214748365}",1,Missed FT,330.0
401873203264,264,"{'id': '156', 'text': 'Offensive Rebound'}",Thunder offensive team rebound,44,38,2,5:30,False,0,{'id': '25'},,2026-05-31T01:07:42Z,False,"{'x': -214748340, 'y': -214748365}",0,Rebound,330.0
401873203265,265,"{'id': '584', 'text': 'Substitution'}",Dylan Harper enters the game for De'Aaron Fox,44,38,2,5:30,False,0,{'id': '24'},"[{'athlete': {'id': '5037871'}}, {'athlete': {'id': '4066259'}}]",2026-05-31T01:07:43Z,False,"{'x': -214748340, 'y': -214748365}",0,Substitution,330.0
401873203267,267,"{'id': '99', 'text': 'Free Throw - 2 of 2'}",Chet Holmgren misses free throw 2 of 2,44,38,2,5:30,False,0,{'id': '25'},[{'athlete': {'id': '4433255'}}],2026-05-31T01:07:42Z,True,"{'x': -214748340, 'y': -214748365}",1,Missed FT,330.0
401873203268,268,"{'id': '155', 'text': 'Defensive Rebound'}",Stephon Castle defensive rebound,44,38,2,5:28,False,0,{'id': '24'},[{'athlete': {'id': '4845367'}}],2026-05-31T01:07:44Z,False,"{'x': -214748340, 'y': -214748365}",0,Rebound,328.0
401873203269,269,"{'id': '45', 'text': 'Personal Foul'}",Jaylin Williams personal foul,44,38,2,5:23,False,0,{'id': '25'},[{'athlete': {'id': '4432823'}}],2026-05-31T01:08:14Z,False,"{'x': 9, 'y': 4}",0,Foul,323.0
401873203271,271,"{'id': '584', 'text': 'Substitution'}",Alex Caruso enters the game for Cason Wallace,44,38,2,5:23,False,0,{'id': '25'},"[{'athlete': {'id': '2991350'}}, {'athlete': {'id': '4683692'}}]",2026-05-31T01:08:29Z,False,"{'x': -214748340, 'y': -214748365}",0,Substitution,323.0
401873203273,273,"{'id': '110', 'text': 'Driving Layup Shot'}",Stephon Castle misses driving layup,44,38,2,5:13,False,0,{'id': '24'},[{'athlete': {'id': '4845367'}}],2026-05-31T01:08:53Z,True,"{'x': 27, 'y': 2}",2,Missed FG,313.0
401873203274,274,"{'id': '155', 'text': 'Defensive Rebound'}",Thunder defensive team rebound,44,38,2,5:13,False,0,{'id': '25'},,2026-05-31T01:08:53Z,False,"{'x': 27, 'y': 2}",0,Rebound,313.0
401873203276,276,"{'id': '131', 'text': 'Pullup Jump Shot'}",Shai Gilgeous-Alexander makes 17-foot pullup jump shot,44,40,2,5:02,True,2,{'id': '25'},[{'athlete': {'id': '4278073'}}],2026-05-31T01:09:08Z,True,"{'x': 36, 'y': 14}",2,+2 Points,302.0
401873203277,277,"{'id': '126', 'text': 'Layup Driving Reverse'}",Devin Vassell misses two point shot,44,40,2,4:42,False,0,{'id': '24'},[{'athlete': {'id': '4395630'}}],2026-05-31T01:09:28Z,True,"{'x': 26, 'y': 1}",2,Missed FG,282.0
401873203278,278,"{'id': '156', 'text': 'Offensive Rebound'}",Stephon Castle offensive rebound,44,40,2,4:40,False,0,{'id': '24'},[{'athlete': {'id': '4845367'}}],2026-05-31T01:09:30Z,False,"{'x': 26, 'y': 1}",0,Rebound,280.0
401873203279,279,"{'id': '125', 'text': 'Layup Shot Putback'}",Stephon Castle makes two point shot,46,40,2,4:39,True,2,{'id': '24'},[{'athlete': {'id': '4845367'}}],2026-05-31T01:09:31Z,True,"{'x': 23, 'y': 2}",2,+2 Points,279.0
401873203280,280,"{'id': '130', 'text': 'Floating Jump Shot'}",Jaylin Williams makes 6-foot floating jump shot (Luguentz Dort assists),46,42,2,4:32,True,2,{'id': '25'},"[{'athlete': {'id': '4432823'}}, {'athlete': {'id': '4397020'}}]",2026-05-31T01:09:38Z,True,"{'x': 30, 'y': 4}",2,+2 Points,272.0
401873203282,282,"{'id': '131', 'text': 'Pullup Jump Shot'}",Victor Wembanyama misses 8-foot pullup jump shot,46,42,2,4:14,False,0,{'id': '24'},[{'athlete': {'id': '5104157'}}],2026-05-31T01:09:57Z,True,"{'x': 31, 'y': 6}",2,Missed FG,254.0
401873203283,283,"{'id': '156', 'text': 'Offensive Rebound'}",Dylan Harper offensive rebound,46,42,2,4:12,False,0,{'id': '24'},[{'athlete': {'id': '5037871'}}],2026-05-31T01:09:59Z,False,"{'x': 31, 'y': 6}",0,Rebound,252.0
401873203284,284,"{'id': '92', 'text': 'Jump Shot'}",Victor Wembanyama misses 28-foot three point jumper,46,42,2,4:10,False,0,{'id': '24'},[{'athlete': {'id': '5104157'}}],2026-05-31T01:10:00Z,True,"{'x': 38, 'y': 25}",3,Missed 3PT,250.0
401873203285,285,"{'id': '155', 'text': 'Defensive Rebound'}",Alex Caruso defensive rebound,46,42,2,4:10,False,0,{'id': '25'},[{'athlete': {'id': '2991350'}}],2026-05-31T01:10:00Z,False,"{'x': 38, 'y': 25}",0,Rebound,250.0
401873203286,286,"{'id': '132', 'text': 'Step Back Jump Shot'}",Shai Gilgeous-Alexander makes 14-foot step back jumpshot (Jaylin Williams assists),46,44,2,3:50,True,2,{'id': '25'},"[{'athlete': {'id': '4278073'}}, {'athlete': {'id': '4432823'}}]",2026-05-31T01:10:20Z,True,"{'x': 11, 'y': 3}",2,+2 Points,230.0
401873203288,288,"{'id': '144', 'text': 'Driving Floating Jump Shot'}",Victor Wembanyama misses driving floating jump shot,46,44,2,3:30,False,0,{'id': '24'},[{'athlete': {'id': '5104157'}}],2026-05-31T01:10:40Z,True,"{'x': 24, 'y': 10}",2,Missed FG,210.0
401873203289,289,"{'id': '155', 'text': 'Defensive Rebound'}",Jaylin Williams defensive rebound,46,44,2,3:29,False,0,{'id': '25'},[{'athlete': {'id': '4432823'}}],2026-05-31T01:10:41Z,False,"{'x': 24, 'y': 10}",0,Rebound,209.0
401873203290,290,"{'id': '62', 'text': 'Bad Pass\nTurnover'}","Alex Caruso bad pass
turnover (Stephon Castle steals)",46,44,2,3:11,False,0,{'id': '25'},"[{'athlete': {'id': '2991350'}}, {'athlete': {'id': '4845367'}}]",2026-05-31T01:11:00Z,False,"{'x': 24, 'y': 23}",0,Turnover,191.0
401873203292,292,"{'id': '44', 'text': 'Shooting Foul'}",Alex Caruso shooting foul,46,44,2,3:09,False,0,{'id': '25'},[{'athlete': {'id': '2991350'}}],2026-05-31T01:11:04Z,False,"{'x': 28, 'y': 1}",0,Foul,189.0
401873203294,294,"{'id': '278', 'text': 'Ref-Initiated Review (Supported)'}",(03:09) [Spurs] REF-INITIATED REVIEW (REPLAY SUPPORTS CALL),46,44,2,3:09,False,0,,,2026-05-31T01:11:43Z,False,"{'x': -214748340, 'y': -214748365}",0,Challenge,189.0
401873203295,295,"{'id': '584', 'text': 'Substitution'}",De'Aaron Fox enters the game for Dylan Harper,46,44,2,3:09,False,0,{'id': '24'},"[{'athlete': {'id': '4066259'}}, {'athlete': {'id': '5037871'}}]",2026-05-31T01:12:42Z,False,"{'x': -214748340, 'y': -214748365}",0,Substitution,189.0
401873203297,297,"{'id': '98', 'text': 'Free Throw - 1 of 2'}",Stephon Castle makes free throw 1 of 2,47,44,2,3:09,True,1,{'id': '24'},[{'athlete': {'id': '4845367'}}],2026-05-31T01:13:30Z,True,"{'x': -214748340, 'y': -214748365}",1,+1 Point,189.0
401873203298,298,"{'id': '584', 'text': 'Substitution'}",Keldon Johnson enters the game for Julian Champagnie,47,44,2,3:09,False,0,{'id': '24'},"[{'athlete': {'id': '4395723'}}, {'athlete': {'id': '4592479'}}]",2026-05-31T01:13:32Z,False,"{'x': -214748340, 'y': -214748365}",0,Substitution,189.0
401873203300,300,"{'id': '99', 'text': 'Free Throw - 2 of 2'}",Stephon Castle misses free throw 2 of 2,47,44,2,3:09,False,0,{'id': '24'},[{'athlete': {'id': '4845367'}}],2026-05-31T01:13:30Z,True,"{'x': -214748340, 'y': -214748365}",1,Missed FT,189.0
401873203301,301,"{'id': '155', 'text': 'Defensive Rebound'}",Jaylin Williams defensive rebound,47,44,2,3:07,False,0,{'id': '25'},[{'athlete': {'id': '4432823'}}],2026-05-31T01:13:32Z,False,"{'x': -214748340, 'y': -214748365}",0,Rebound,187.0
401873203302,302,"{'id': '92', 'text': 'Jump Shot'}",Shai Gilgeous-Alexander makes 16-foot jumper,47,46,2,2:52,True,2,{'id': '25'},[{'athlete': {'id': '4278073'}}],2026-05-31T01:14:08Z,True,"{'x': 16, 'y': 15}",2,+2 Points,172.0
401873203304,304,"{'id': '114', 'text': 'Turnaround Jump Shot'}",De'Aaron Fox makes 13-foot turnaround jump shot,49,46,2,2:36,True,2,{'id': '24'},[{'athlete': {'id': '4066259'}}],2026-05-31T01:14:23Z,True,"{'x': 21, 'y': 13}",2,+2 Points,156.0
401873203305,305,"{'id': '92', 'text': 'Jump Shot'}",Luguentz Dort misses 12-foot jumper,49,46,2,2:22,False,0,{'id': '25'},[{'athlete': {'id': '4397020'}}],2026-05-31T01:14:37Z,True,"{'x': 32, 'y': 11}",2,Missed FG,142.0
401873203306,306,"{'id': '156', 'text': 'Offensive Rebound'}",Shai Gilgeous-Alexander offensive rebound,49,46,2,2:20,False,0,{'id': '25'},[{'athlete': {'id': '4278073'}}],2026-05-31T01:14:39Z,False,"{'x': 32, 'y': 11}",0,Rebound,140.0
401873203307,307,"{'id': '92', 'text': 'Jump Shot'}",Luguentz Dort makes 24-foot three point jumper (Shai Gilgeous-Alexander assists),49,49,2,2:17,True,3,{'id': '25'},"[{'athlete': {'id': '4397020'}}, {'athlete': {'id': '4278073'}}]",2026-05-31T01:14:42Z,True,"{'x': 32, 'y': 24}",3,+3 Points,137.0
401873203309,309,"{'id': '92', 'text': 'Jump Shot'}",Keldon Johnson misses 23-foot three point jumper,49,49,2,1:55,False,0,{'id': '24'},[{'athlete': {'id': '4395723'}}],2026-05-31T01:15:04Z,True,"{'x': 48, 'y': 6}",3,Missed 3PT,115.0
401873203310,310,"{'id': '155', 'text': 'Defensive Rebound'}",Shai Gilgeous-Alexander defensive rebound,49,49,2,1:53,False,0,{'id': '25'},[{'athlete': {'id': '4278073'}}],2026-05-31T01:15:06Z,False,"{'x': 48, 'y': 6}",0,Rebound,113.0
401873203311,311,"{'id': '92', 'text': 'Jump Shot'}",Jaylin Williams makes 14-foot jumper (Shai Gilgeous-Alexander assists),49,51,2,1:33,True,2,{'id': '25'},"[{'athlete': {'id': '4432823'}}, {'athlete': {'id': '4278073'}}]",2026-05-31T01:15:26Z,True,"{'x': 24, 'y': 15}",2,+2 Points,93.0
401873203313,313,"{'id': '63', 'text': 'Lost Ball Turnover'}",De'Aaron Fox lost ball turnover (Chet Holmgren steals),49,51,2,1:17,False,0,{'id': '24'},"[{'athlete': {'id': '4066259'}}, {'athlete': {'id': '4433255'}}]",2026-05-31T01:15:43Z,False,"{'x': 25, 'y': 12}",0,Turnover,77.0
401873203315,315,"{'id': '45', 'text': 'Personal Foul'}",Keldon Johnson personal foul,49,51,2,1:17,False,0,{'id': '24'},[{'athlete': {'id': '4395723'}}],2026-05-31T01:15:56Z,False,"{'x': 26, 'y': 10}",0,Foul,77.0
401873203317,317,"{'id': '98', 'text': 'Free Throw - 1 of 2'}",Chet Holmgren makes free throw 1 of 2,49,52,2,1:17,True,1,{'id': '25'},[{'athlete': {'id': '4433255'}}],2026-05-31T01:16:22Z,True,"{'x': -214748340, 'y': -214748365}",1,+1 Point,77.0
401873203318,318,"{'id': '99', 'text': 'Free Throw - 2 of 2'}",Chet Holmgren makes free throw 2 of 2,49,53,2,1:17,True,1,{'id': '25'},[{'athlete': {'id': '4433255'}}],2026-05-31T01:16:47Z,True,"{'x': -214748340, 'y': -214748365}",1,+1 Point,77.0
401873203321,321,"{'id': '92', 'text': 'Jump Shot'}",De'Aaron Fox makes 25-foot three point jumper (Keldon Johnson assists),52,53,2,54.3,True,3,{'id': '24'},"[{'athlete': {'id': '4066259'}}, {'athlete': {'id': '4395723'}}]",2026-05-31T01:17:30Z,True,"{'x': 9, 'y': 21}",3,+3 Points,54.3
401873203323,323,"{'id': '62', 'text': 'Bad Pass\nTurnover'}","Shai Gilgeous-Alexander bad pass
turnover (Devin Vassell steals)",52,53,2,39.5,False,0,{'id': '25'},"[{'athlete': {'id': '4278073'}}, {'athlete': {'id': '4395630'}}]",2026-05-31T01:17:48Z,False,"{'x': 46, 'y': 35}",0,Turnover,39.5
401873203325,325,"{'id': '109', 'text': 'Running Layup Shot'}",Shai Gilgeous-Alexander blocks Stephon Castle 's 2-foot running layup,52,53,2,35.2,False,0,{'id': '24'},"[{'athlete': {'id': '4845367'}}, {'athlete': {'id': '4278073'}}]",2026-05-31T01:17:53Z,True,"{'x': 26, 'y': 2}",2,Missed FG,35.2
401873203327,327,"{'id': '156', 'text': 'Offensive Rebound'}",Keldon Johnson offensive rebound,52,53,2,35.2,False,0,{'id': '24'},[{'athlete': {'id': '4395723'}}],2026-05-31T01:17:53Z,False,"{'x': 26, 'y': 2}",0,Rebound,35.2
401873203328,328,"{'id': '150', 'text': 'Tip Dunk Shot'}",Keldon Johnson makes 2-foot tip in dunk,54,53,2,35.2,True,2,{'id': '24'},[{'athlete': {'id': '4395723'}}],2026-05-31T01:17:57Z,True,"{'x': 24, 'y': 2}",2,+2 Points,35.2
401873203329,329,"{'id': '120', 'text': 'Turnaround Hook Shot'}",Alex Caruso misses 8-foot two point shot,54,53,2,28.6,False,0,{'id': '25'},[{'athlete': {'id': '2991350'}}],2026-05-31T01:18:14Z,True,"{'x': 33, 'y': 2}",2,Missed FG,28.6
401873203330,330,"{'id': '155', 'text': 'Defensive Rebound'}",Devin Vassell defensive rebound,54,53,2,26.7,False,0,{'id': '24'},[{'athlete': {'id': '4395630'}}],2026-05-31T01:18:16Z,False,"{'x': 33, 'y': 2}",0,Rebound,26.7
401873203331,331,"{'id': '136', 'text': 'Turnaround Bank Jump Shot'}",Victor Wembanyama makes 13-foot two point shot (Devin Vassell assists),56,53,2,4.9,True,2,{'id': '24'},"[{'athlete': {'id': '5104157'}}, {'athlete': {'id': '4395630'}}]",2026-05-31T01:18:38Z,True,"{'x': 14, 'y': 8}",2,+2 Points,4.9
401873203333,333,"{'id': '131', 'text': 'Pullup Jump Shot'}",Alex Caruso misses 26-foot three point pullup jump shot,56,53,2,0.2,False,0,{'id': '25'},[{'athlete': {'id': '2991350'}}],2026-05-31T01:18:47Z,True,"{'x': 19, 'y': 26}",3,Missed 3PT,0.2
401873203334,334,"{'id': '156', 'text': 'Offensive Rebound'}",Thunder offensive team rebound,56,53,2,0.2,False,0,{'id': '25'},,2026-05-31T01:18:47Z,False,"{'x': 19, 'y': 26}",0,Rebound,0.2
401873203335,335,"{'id': '412', 'text': 'End Period'}",End of the 2nd Quarter,56,53,2,0.0,False,0,,,2026-05-31T01:18:56Z,False,"{'x': -214748340, 'y': -214748365}",0,Halftime,0.0
401873203336,336,"{'id': '584', 'text': 'Substitution'}",Cason Wallace enters the game for Luguentz Dort,56,53,3,12:00,False,0,{'id': '25'},"[{'athlete': {'id': '4683692'}}, {'athlete': {'id': '4397020'}}]",2026-05-31T01:19:01Z,False,"{'x': -214748340, 'y': -214748365}",0,Substitution,720.0
401873203337,337,"{'id': '584', 'text': 'Substitution'}",Julian Champagnie enters the game for Keldon Johnson,56,53,3,12:00,False,0,{'id': '24'},"[{'athlete': {'id': '4592479'}}, {'athlete': {'id': '4395723'}}]",2026-05-31T01:19:01Z,False,"{'x': -214748340, 'y': -214748365}",0,Substitution,720.0
401873203341,341,"{'id': '92', 'text': 'Jump Shot'}",Jaylin Williams misses 23-foot three point jumper,56,53,3,11:45,False,0,{'id': '25'},[{'athlete': {'id': '4432823'}}],2026-05-31T01:35:27Z,True,"{'x': 2, 'y': -2}",3,Missed 3PT,705.0
401873203342,342,"{'id': '155', 'text': 'Defensive Rebound'}",Devin Vassell defensive rebound,56,53,3,11:41,False,0,{'id': '24'},[{'athlete': {'id': '4395630'}}],2026-05-31T01:35:31Z,False,"{'x': 2, 'y': -2}",0,Rebound,701.0
401873203343,343,"{'id': '131', 'text': 'Pullup Jump Shot'}",De'Aaron Fox misses 22-foot three point pullup jump shot,56,53,3,11:25,False,0,{'id': '24'},[{'athlete': {'id': '4066259'}}],2026-05-31T01:35:47Z,True,"{'x': 3, 'y': -3}",3,Missed 3PT,685.0
401873203344,344,"{'id': '155', 'text': 'Defensive Rebound'}",Alex Caruso defensive rebound,56,53,3,11:21,False,0,{'id': '25'},[{'athlete': {'id': '2991350'}}],2026-05-31T01:35:51Z,False,"{'x': 3, 'y': -3}",0,Rebound,681.0
401873203345,345,"{'id': '134', 'text': 'Driving Jump Shot Bank'}",Alex Caruso misses 6-foot two point shot,56,53,3,11:04,False,0,{'id': '25'},[{'athlete': {'id': '2991350'}}],2026-05-31T01:36:08Z,True,"{'x': 31, 'y': -1}",2,Missed FG,664.0
401873203346,346,"{'id': '155', 'text': 'Defensive Rebound'}",Victor Wembanyama defensive rebound,56,53,3,11:02,False,0,{'id': '24'},[{'athlete': {'id': '5104157'}}],2026-05-31T01:36:10Z,False,"{'x': 31, 'y': -1}",0,Rebound,662.0
401873203348,348,"{'id': '131', 'text': 'Pullup Jump Shot'}",Devin Vassell makes 8-foot pullup jump shot (Stephon Castle assists),58,53,3,10:51,True,2,{'id': '24'},"[{'athlete': {'id': '4395630'}}, {'athlete': {'id': '4845367'}}]",2026-05-31T01:36:21Z,True,"{'x': 17, 'y': 4}",2,+2 Points,651.0
401873203350,350,"{'id': '130', 'text': 'Floating Jump Shot'}",Jaylin Williams makes 6-foot floating jump shot (Alex Caruso assists),58,55,3,10:24,True,2,{'id': '25'},"[{'athlete': {'id': '4432823'}}, {'athlete': {'id': '2991350'}}]",2026-05-31T01:36:48Z,True,"{'x': 28, 'y': 6}",2,+2 Points,624.0
401873203352,352,"{'id': '96', 'text': 'Dunk Shot'}",Victor Wembanyama makes dunk (Stephon Castle assists),60,55,3,10:07,True,2,{'id': '24'},"[{'athlete': {'id': '5104157'}}, {'athlete': {'id': '4845367'}}]",2026-05-31T01:37:05Z,True,"{'x': 26, 'y': 1}",2,+2 Points,607.0
401873203354,354,"{'id': '126', 'text': 'Layup Driving Reverse'}",Victor Wembanyama blocks Shai Gilgeous-Alexander 's 1-foot two point shot,60,55,3,9:56,False,0,{'id': '25'},"[{'athlete': {'id': '4278073'}}, {'athlete': {'id': '5104157'}}]",2026-05-31T01:37:17Z,True,"{'x': 26, 'y': 2}",2,Missed FG,596.0
401873203356,356,"{'id': '156', 'text': 'Offensive Rebound'}",Thunder offensive team rebound,60,55,3,9:56,False,0,{'id': '25'},,2026-05-31T01:37:17Z,False,"{'x': 26, 'y': 2}",0,Rebound,596.0
401873203358,358,"{'id': '132', 'text': 'Step Back Jump Shot'}",Shai Gilgeous-Alexander makes 26-foot three point step back jumpshot,60,58,3,9:43,True,3,{'id': '25'},[{'athlete': {'id': '4278073'}}],2026-05-31T01:37:51Z,True,"{'x': 3, 'y': 16}",3,+3 Points,583.0
401873203359,359,"{'id': '128', 'text': 'Driving Finger Roll Layup'}",Victor Wembanyama misses two point shot,60,58,3,9:26,False,0,{'id': '24'},[{'athlete': {'id': '5104157'}}],2026-05-31T01:38:09Z,True,"{'x': 25, 'y': -1}",2,Missed FG,566.0
401873203360,360,"{'id': '155', 'text': 'Defensive Rebound'}",Thunder defensive team rebound,60,58,3,9:25,False,0,{'id': '25'},,2026-05-31T01:38:10Z,False,"{'x': 25, 'y': -1}",0,Rebound,565.0
401873203362,362,"{'id': '92', 'text': 'Jump Shot'}",Alex Caruso makes 26-foot three point jumper (Jaylin Williams assists),60,61,3,9:10,True,3,{'id': '25'},"[{'athlete': {'id': '2991350'}}, {'athlete': {'id': '4432823'}}]",2026-05-31T01:38:34Z,True,"{'x': 34, 'y': 25}",3,+3 Points,550.0
401873203364,364,"{'id': '110', 'text': 'Driving Layup Shot'}",Cason Wallace blocks Stephon Castle 's 2-foot driving layup,60,61,3,8:57,False,0,{'id': '24'},"[{'athlete': {'id': '4845367'}}, {'athlete': {'id': '4683692'}}]",2026-05-31T01:38:46Z,True,"{'x': 26, 'y': 3}",2,Missed FG,537.0
401873203366,366,"{'id': '155', 'text': 'Defensive Rebound'}",Thunder defensive team rebound,60,61,3,8:54,False,0,{'id': '25'},,2026-05-31T01:38:49Z,False,"{'x': 26, 'y': 3}",0,Rebound,534.0
401873203368,368,"{'id': '44', 'text': 'Shooting Foul'}",Stephon Castle shooting foul,60,61,3,8:39,False,0,{'id': '24'},[{'athlete': {'id': '4845367'}}],2026-05-31T01:39:31Z,False,"{'x': 15, 'y': 11}",0,Foul,519.0
401873203370,370,"{'id': '98', 'text': 'Free Throw - 1 of 2'}",Shai Gilgeous-Alexander makes free throw 1 of 2,60,62,3,8:39,True,1,{'id': '25'},[{'athlete': {'id': '4278073'}}],2026-05-31T01:39:55Z,True,"{'x': -214748340, 'y': -214748365}",1,+1 Point,519.0
401873203371,371,"{'id': '584', 'text': 'Substitution'}",Isaiah Hartenstein enters the game for Jaylin Williams,60,62,3,8:39,False,0,{'id': '25'},"[{'athlete': {'id': '4222252'}}, {'athlete': {'id': '4432823'}}]",2026-05-31T01:39:55Z,False,"{'x': -214748340, 'y': -214748365}",0,Substitution,519.0
401873203372,372,"{'id': '584', 'text': 'Substitution'}",Luguentz Dort enters the game for Chet Holmgren,60,62,3,8:39,False,0,{'id': '25'},"[{'athlete': {'id': '4397020'}}, {'athlete': {'id': '4433255'}}]",2026-05-31T01:39:55Z,False,"{'x': -214748340, 'y': -214748365}",0,Substitution,519.0
401873203373,373,"{'id': '584', 'text': 'Substitution'}",Jared McCain enters the game for Alex Caruso,60,62,3,8:39,False,0,{'id': '25'},"[{'athlete': {'id': '4683778'}}, {'athlete': {'id': '2991350'}}]",2026-05-31T01:39:55Z,False,"{'x': -214748340, 'y': -214748365}",0,Substitution,519.0
401873203377,377,"{'id': '99', 'text': 'Free Throw - 2 of 2'}",Shai Gilgeous-Alexander makes free throw 2 of 2,60,63,3,8:39,True,1,{'id': '25'},[{'athlete': {'id': '4278073'}}],2026-05-31T01:40:22Z,True,"{'x': -214748340, 'y': -214748365}",1,+1 Point,519.0
401873203378,378,"{'id': '92', 'text': 'Jump Shot'}",Julian Champagnie makes 23-foot three point jumper (Stephon Castle assists),63,63,3,8:29,True,3,{'id': '24'},"[{'athlete': {'id': '4592479'}}, {'athlete': {'id': '4845367'}}]",2026-05-31T01:40:33Z,True,"{'x': 2, 'y': -3}",3,+3 Points,509.0
401873203380,380,"{'id': '62', 'text': 'Bad Pass\nTurnover'}","Cason Wallace bad pass
turnover (De'Aaron Fox steals)",63,63,3,8:09,False,0,{'id': '25'},"[{'athlete': {'id': '4683692'}}, {'athlete': {'id': '4066259'}}]",2026-05-31T01:40:52Z,False,"{'x': 21, 'y': 2}",0,Turnover,489.0
401873203382,382,"{'id': '63', 'text': 'Lost Ball Turnover'}",De'Aaron Fox lost ball turnover (Shai Gilgeous-Alexander steals),63,63,3,8:04,False,0,{'id': '24'},"[{'athlete': {'id': '4066259'}}, {'athlete': {'id': '4278073'}}]",2026-05-31T01:40:58Z,False,"{'x': 28, 'y': 1}",0,Turnover,484.0
401873203384,384,"{'id': '16', 'text': 'Full Timeout'}",Thunder Full timeout,63,63,3,8:03,False,0,{'id': '25'},,2026-05-31T01:41:04Z,False,"{'x': -214748340, 'y': -214748365}",0,Timeout,483.0
401873203386,386,"{'id': '12', 'text': 'Kicked Ball'}",Victor Wembanyama kicked ball violation,63,63,3,7:50,False,0,{'id': '24'},[{'athlete': {'id': '5104157'}}],2026-05-31T01:45:12Z,False,"{'x': -214748340, 'y': -214748365}",0,Violation,470.0
401873203387,387,"{'id': '130', 'text': 'Floating Jump Shot'}",Isaiah Hartenstein misses 13-foot floating jump shot,63,63,3,7:46,False,0,{'id': '25'},[{'athlete': {'id': '4222252'}}],2026-05-31T01:45:31Z,True,"{'x': 25, 'y': 14}",2,Missed FG,466.0
401873203388,388,"{'id': '155', 'text': 'Defensive Rebound'}",Victor Wembanyama defensive rebound,63,63,3,7:43,False,0,{'id': '24'},[{'athlete': {'id': '5104157'}}],2026-05-31T01:45:34Z,False,"{'x': 25, 'y': 14}",0,Rebound,463.0
401873203389,389,"{'id': '44', 'text': 'Shooting Foul'}",Luguentz Dort shooting foul,63,63,3,7:33,False,0,{'id': '25'},[{'athlete': {'id': '4397020'}}],2026-05-31T01:45:43Z,False,"{'x': 2, 'y': -4}",0,Foul,453.0
401873203391,391,"{'id': '100', 'text': 'Free Throw - 1 of 3'}",Julian Champagnie makes free throw 1 of 3,64,63,3,7:33,True,1,{'id': '24'},[{'athlete': {'id': '4592479'}}],2026-05-31T01:46:23Z,True,"{'x': -214748340, 'y': -214748365}",1,+1 Point,453.0
401873203392,392,"{'id': '101', 'text': 'Free Throw - 2 of 3'}",Julian Champagnie misses free throw 2 of 3,64,63,3,7:33,False,0,{'id': '24'},[{'athlete': {'id': '4592479'}}],2026-05-31T01:46:40Z,True,"{'x': -214748340, 'y': -214748365}",1,Missed FT,453.0
401873203393,393,"{'id': '156', 'text': 'Offensive Rebound'}",Spurs offensive team rebound,64,63,3,7:33,False,0,{'id': '24'},,2026-05-31T01:46:40Z,False,"{'x': -214748340, 'y': -214748365}",0,Rebound,453.0
401873203394,394,"{'id': '102', 'text': 'Free Throw - 3 of 3'}",Julian Champagnie makes free throw 3 of 3,65,63,3,7:33,True,1,{'id': '24'},[{'athlete': {'id': '4592479'}}],2026-05-31T01:47:01Z,True,"{'x': -214748340, 'y': -214748365}",1,+1 Point,453.0
401873203395,395,"{'id': '42', 'text': 'Offensive Foul'}",Jared McCain offensive foul,65,63,3,7:25,False,0,{'id': '25'},[{'athlete': {'id': '4683778'}}],2026-05-31T01:47:20Z,False,"{'x': 9, 'y': 21}",0,Foul,445.0
401873203397,397,"{'id': '84', 'text': 'Offensive Foul Turnover'}",Jared McCain offensive foul turnover,65,63,3,7:25,False,0,{'id': '25'},[{'athlete': {'id': '4683778'}}],2026-05-31T01:47:20Z,False,"{'x': 9, 'y': 21}",0,Turnover,445.0
401873203398,398,"{'id': '584', 'text': 'Substitution'}",Alex Caruso enters the game for Cason Wallace,65,63,3,7:25,False,0,{'id': '25'},"[{'athlete': {'id': '2991350'}}, {'athlete': {'id': '4683692'}}]",2026-05-31T01:47:35Z,False,"{'x': -214748340, 'y': -214748365}",0,Substitution,445.0
401873203399,399,"{'id': '584', 'text': 'Substitution'}",Dylan Harper enters the game for De'Aaron Fox,65,63,3,7:25,False,0,{'id': '24'},"[{'athlete': {'id': '5037871'}}, {'athlete': {'id': '4066259'}}]",2026-05-31T01:47:35Z,False,"{'x': -214748340, 'y': -214748365}",0,Substitution,445.0
401873203400,400,"{'id': '584', 'text': 'Substitution'}",Keldon Johnson enters the game for Devin Vassell,65,63,3,7:25,False,0,{'id': '24'},"[{'athlete': {'id': '4395723'}}, {'athlete': {'id': '4395630'}}]",2026-05-31T01:47:35Z,False,"{'x': -214748340, 'y': -214748365}",0,Substitution,445.0
401873203404,404,"{'id': '92', 'text': 'Jump Shot'}",Julian Champagnie makes 26-foot three point jumper (Stephon Castle assists),68,63,3,7:16,True,3,{'id': '24'},"[{'athlete': {'id': '4592479'}}, {'athlete': {'id': '4845367'}}]",2026-05-31T01:48:06Z,True,"{'x': 17, 'y': 25}",3,+3 Points,436.0
401873203406,406,"{'id': '121', 'text': 'Fade Away Jump Shot'}",Shai Gilgeous-Alexander makes 13-foot fade away jump shot,68,65,3,7:04,True,2,{'id': '25'},[{'athlete': {'id': '4278073'}}],2026-05-31T01:48:19Z,True,"{'x': 13, 'y': 7}",2,+2 Points,424.0
401873203408,408,"{'id': '92', 'text': 'Jump Shot'}",Keldon Johnson misses 23-foot three point jumper,68,65,3,6:50,False,0,{'id': '24'},[{'athlete': {'id': '4395723'}}],2026-05-31T01:48:32Z,True,"{'x': 2, 'y': -3}",3,Missed 3PT,410.0
401873203409,409,"{'id': '156', 'text': 'Offensive Rebound'}",Julian Champagnie offensive rebound,68,65,3,6:46,False,0,{'id': '24'},[{'athlete': {'id': '4592479'}}],2026-05-31T01:48:36Z,False,"{'x': 2, 'y': -3}",0,Rebound,406.0
401873203410,410,"{'id': '131', 'text': 'Pullup Jump Shot'}",Dylan Harper makes 18-foot pullup jump shot,70,65,3,6:34,True,2,{'id': '24'},[{'athlete': {'id': '5037871'}}],2026-05-31T01:48:48Z,True,"{'x': 40, 'y': 11}",2,+2 Points,394.0
401873203412,412,"{'id': '110', 'text': 'Driving Layup Shot'}",Alex Caruso misses driving layup,70,65,3,6:22,False,0,{'id': '25'},[{'athlete': {'id': '2991350'}}],2026-05-31T01:49:01Z,True,"{'x': 28, 'y': 2}",2,Missed FG,382.0
401873203413,413,"{'id': '156', 'text': 'Offensive Rebound'}",Isaiah Hartenstein offensive rebound,70,65,3,6:18,False,0,{'id': '25'},[{'athlete': {'id': '4222252'}}],2026-05-31T01:49:05Z,False,"{'x': 28, 'y': 2}",0,Rebound,378.0
401873203414,414,"{'id': '94', 'text': 'Tip Shot'}",Isaiah Hartenstein misses tip shot,70,65,3,6:18,False,0,{'id': '25'},[{'athlete': {'id': '4222252'}}],2026-05-31T01:49:04Z,True,"{'x': 25, 'y': 0}",2,Missed FG,378.0
401873203415,415,"{'id': '155', 'text': 'Defensive Rebound'}",Julian Champagnie defensive rebound,70,65,3,6:18,False,0,{'id': '24'},[{'athlete': {'id': '4592479'}}],2026-05-31T01:49:04Z,False,"{'x': 25, 'y': 0}",0,Rebound,378.0
401873203416,416,"{'id': '92', 'text': 'Jump Shot'}",Julian Champagnie makes 25-foot three point jumper (Dylan Harper assists),73,65,3,6:13,True,3,{'id': '24'},"[{'athlete': {'id': '4592479'}}, {'athlete': {'id': '5037871'}}]",2026-05-31T01:49:08Z,True,"{'x': 26, 'y': 25}",3,+3 Points,373.0
401873203418,418,"{'id': '16', 'text': 'Full Timeout'}",Thunder Full timeout,73,65,3,6:12,False,0,{'id': '25'},,2026-05-31T01:49:16Z,False,"{'x': -214748340, 'y': -214748365}",0,Timeout,372.0
401873203419,419,"{'id': '584', 'text': 'Substitution'}",Chet Holmgren enters the game for Jared McCain,73,65,3,6:12,False,0,{'id': '25'},"[{'athlete': {'id': '4433255'}}, {'athlete': {'id': '4683778'}}]",2026-05-31T01:50:57Z,False,"{'x': -214748340, 'y': -214748365}",0,Substitution,372.0
401873203420,420,"{'id': '584', 'text': 'Substitution'}",Kenrich Williams enters the game for Isaiah Hartenstein,73,65,3,6:12,False,0,{'id': '25'},"[{'athlete': {'id': '3133626'}}, {'athlete': {'id': '4222252'}}]",2026-05-31T01:50:57Z,False,"{'x': -214748340, 'y': -214748365}",0,Substitution,372.0
401873203423,423,"{'id': '87', 'text': 'Out of Bounds - Lost Ball Turnover'}",Alex Caruso out of bounds lost ball turnover,73,65,3,6:04,False,0,{'id': '25'},[{'athlete': {'id': '2991350'}}],2026-05-31T01:53:23Z,False,"{'x': 44, 'y': 17}",0,Turnover,364.0
401873203424,424,"{'id': '584', 'text': 'Substitution'}",Jaylin Williams enters the game for Luguentz Dort,73,65,3,6:04,False,0,{'id': '25'},"[{'athlete': {'id': '4432823'}}, {'athlete': {'id': '4397020'}}]",2026-05-31T01:53:30Z,False,"{'x': -214748340, 'y': -214748365}",0,Substitution,364.0
401873203426,426,"{'id': '45', 'text': 'Personal Foul'}",Jaylin Williams personal foul,73,65,3,5:53,False,0,{'id': '25'},[{'athlete': {'id': '4432823'}}],2026-05-31T01:53:59Z,False,"{'x': 24, 'y': 6}",0,Foul,353.0
401873203428,428,"{'id': '42', 'text': 'Offensive Foul'}",Stephon Castle offensive foul,73,65,3,5:50,False,0,{'id': '24'},[{'athlete': {'id': '4845367'}}],2026-05-31T01:54:16Z,False,"{'x': 33, 'y': 6}",0,Foul,350.0
401873203430,430,"{'id': '84', 'text': 'Offensive Foul Turnover'}",Stephon Castle offensive foul turnover,73,65,3,5:50,False,0,{'id': '24'},[{'athlete': {'id': '4845367'}}],2026-05-31T01:54:16Z,False,"{'x': 33, 'y': 6}",0,Turnover,350.0
401873203431,431,"{'id': '144', 'text': 'Driving Floating Jump Shot'}",Kenrich Williams misses driving floating jump shot,73,65,3,5:28,False,0,{'id': '25'},[{'athlete': {'id': '3133626'}}],2026-05-31T01:54:46Z,True,"{'x': 20, 'y': 5}",2,Missed FG,328.0
401873203432,432,"{'id': '155', 'text': 'Defensive Rebound'}",Victor Wembanyama defensive rebound,73,65,3,5:26,False,0,{'id': '24'},[{'athlete': {'id': '5104157'}}],2026-05-31T01:54:48Z,False,"{'x': 20, 'y': 5}",0,Rebound,326.0
401873203433,433,"{'id': '113', 'text': 'Running Jump Shot'}",Victor Wembanyama makes 25-foot running jump shot (Dylan Harper assists),76,65,3,5:21,True,3,{'id': '24'},"[{'athlete': {'id': '5104157'}}, {'athlete': {'id': '5037871'}}]",2026-05-31T01:54:53Z,True,"{'x': 41, 'y': 21}",3,+3 Points,321.0
401873203435,435,"{'id': '131', 'text': 'Pullup Jump Shot'}",Shai Gilgeous-Alexander misses 8-foot pullup jump shot,76,65,3,5:03,False,0,{'id': '25'},[{'athlete': {'id': '4278073'}}],2026-05-31T01:55:16Z,True,"{'x': 31, 'y': 6}",2,Missed FG,303.0
401873203436,436,"{'id': '155', 'text': 'Defensive Rebound'}",Spurs defensive team rebound,76,65,3,5:02,False,0,{'id': '24'},,2026-05-31T01:55:17Z,False,"{'x': 31, 'y': 6}",0,Rebound,302.0
401873203438,438,"{'id': '92', 'text': 'Jump Shot'}",Julian Champagnie misses 25-foot three point jumper,76,65,3,4:52,False,0,{'id': '24'},[{'athlete': {'id': '4592479'}}],2026-05-31T01:55:36Z,True,"{'x': 16, 'y': 24}",3,Missed 3PT,292.0
401873203439,439,"{'id': '155', 'text': 'Defensive Rebound'}",Chet Holmgren defensive rebound,76,65,3,4:48,False,0,{'id': '25'},[{'athlete': {'id': '4433255'}}],2026-05-31T01:55:40Z,False,"{'x': 16, 'y': 24}",0,Rebound,288.0
401873203440,440,"{'id': '44', 'text': 'Shooting Foul'}",Stephon Castle shooting foul,76,65,3,4:45,False,0,{'id': '24'},[{'athlete': {'id': '4845367'}}],2026-05-31T01:55:45Z,False,"{'x': 26, 'y': 4}",0,Foul,285.0
401873203442,442,"{'id': '98', 'text': 'Free Throw - 1 of 2'}",Alex Caruso makes free throw 1 of 2,76,66,3,4:45,True,1,{'id': '25'},[{'athlete': {'id': '2991350'}}],2026-05-31T01:56:35Z,True,"{'x': -214748340, 'y': -214748365}",1,+1 Point,285.0
401873203443,443,"{'id': '584', 'text': 'Substitution'}",Cason Wallace enters the game for Chet Holmgren,76,66,3,4:45,False,0,{'id': '25'},"[{'athlete': {'id': '4683692'}}, {'athlete': {'id': '4433255'}}]",2026-05-31T01:56:36Z,False,"{'x': -214748340, 'y': -214748365}",0,Substitution,285.0
401873203444,444,"{'id': '584', 'text': 'Substitution'}",Isaiah Hartenstein enters the game for Kenrich Williams,76,66,3,4:45,False,0,{'id': '25'},"[{'athlete': {'id': '4222252'}}, {'athlete': {'id': '3133626'}}]",2026-05-31T01:56:36Z,False,"{'x': -214748340, 'y': -214748365}",0,Substitution,285.0
401873203445,445,"{'id': '584', 'text': 'Substitution'}",Jared McCain enters the game for Jaylin Williams,76,66,3,4:45,False,0,{'id': '25'},"[{'athlete': {'id': '4683778'}}, {'athlete': {'id': '4432823'}}]",2026-05-31T01:56:36Z,False,"{'x': -214748340, 'y': -214748365}",0,Substitution,285.0
401873203446,446,"{'id': '584', 'text': 'Substitution'}",Luke Kornet enters the game for Victor Wembanyama,76,66,3,4:45,False,0,{'id': '24'},"[{'athlete': {'id': '3064560'}}, {'athlete': {'id': '5104157'}}]",2026-05-31T01:56:36Z,False,"{'x': -214748340, 'y': -214748365}",0,Substitution,285.0
401873203447,447,"{'id': '584', 'text': 'Substitution'}",Devin Vassell enters the game for Stephon Castle,76,66,3,4:45,False,0,{'id': '24'},"[{'athlete': {'id': '4395630'}}, {'athlete': {'id': '4845367'}}]",2026-05-31T01:56:36Z,False,"{'x': -214748340, 'y': -214748365}",0,Substitution,285.0
401873203448,448,"{'id': '584', 'text': 'Substitution'}",De'Aaron Fox enters the game for Julian Champagnie,76,66,3,4:45,False,0,{'id': '24'},"[{'athlete': {'id': '4066259'}}, {'athlete': {'id': '4592479'}}]",2026-05-31T01:56:36Z,False,"{'x': -214748340, 'y': -214748365}",0,Substitution,285.0
401873203455,455,"{'id': '99', 'text': 'Free Throw - 2 of 2'}",Alex Caruso makes free throw 2 of 2,76,67,3,4:45,True,1,{'id': '25'},[{'athlete': {'id': '2991350'}}],2026-05-31T01:56:35Z,True,"{'x': -214748340, 'y': -214748365}",1,+1 Point,285.0
401873203456,456,"{'id': '110', 'text': 'Driving Layup Shot'}",Keldon Johnson misses driving layup,76,67,3,4:29,False,0,{'id': '24'},[{'athlete': {'id': '4395723'}}],2026-05-31T01:57:30Z,True,"{'x': 26, 'y': -1}",2,Missed FG,269.0
401873203457,457,"{'id': '156', 'text': 'Offensive Rebound'}",Luke Kornet offensive rebound,76,67,3,4:27,False,0,{'id': '24'},[{'athlete': {'id': '3064560'}}],2026-05-31T01:57:32Z,False,"{'x': 26, 'y': -1}",0,Rebound,267.0
401873203473,473,"{'id': '94', 'text': 'Tip Shot'}",Luke Kornet misses 1-foot tip shot,76,67,3,4:27,False,0,{'id': '24'},[{'athlete': {'id': '3064560'}}],2026-05-31T01:57:35Z,True,"{'x': 25, 'y': 1}",2,Missed FG,267.0
401873203474,474,"{'id': '155', 'text': 'Defensive Rebound'}",Isaiah Hartenstein defensive rebound,76,67,3,4:26,False,0,{'id': '25'},[{'athlete': {'id': '4222252'}}],2026-05-31T01:57:36Z,False,"{'x': 25, 'y': 1}",0,Rebound,266.0
401873203458,458,"{'id': '90', 'text': 'Out of Bounds - Bad Pass Turnover'}",Shai Gilgeous-Alexander out of bounds bad pass turnover,76,67,3,4:22,False,0,{'id': '25'},[{'athlete': {'id': '4278073'}}],2026-05-31T01:57:40Z,False,"{'x': 25, 'y': 23}",0,Turnover,262.0
401873203459,459,"{'id': '144', 'text': 'Driving Floating Jump Shot'}",De'Aaron Fox misses driving floating jump shot,76,67,3,4:11,False,0,{'id': '24'},[{'athlete': {'id': '4066259'}}],2026-05-31T01:57:59Z,True,"{'x': 29, 'y': 1}",2,Missed FG,251.0
401873203460,460,"{'id': '156', 'text': 'Offensive Rebound'}",Luke Kornet offensive rebound,76,67,3,4:08,False,0,{'id': '24'},[{'athlete': {'id': '3064560'}}],2026-05-31T01:58:02Z,False,"{'x': 29, 'y': 1}",0,Rebound,248.0
401873203461,461,"{'id': '94', 'text': 'Tip Shot'}",Luke Kornet misses tip shot,76,67,3,4:08,False,0,{'id': '24'},[{'athlete': {'id': '3064560'}}],2026-05-31T01:58:02Z,True,"{'x': 25, 'y': 0}",2,Missed FG,248.0
401873203462,462,"{'id': '156', 'text': 'Offensive Rebound'}",Luke Kornet offensive rebound,76,67,3,4:07,False,0,{'id': '24'},[{'athlete': {'id': '3064560'}}],2026-05-31T01:58:03Z,False,"{'x': 25, 'y': 0}",0,Rebound,247.0
401873203463,463,"{'id': '43', 'text': 'Loose Ball Foul'}",Isaiah Hartenstein loose ball foul,76,67,3,4:07,False,0,{'id': '25'},[{'athlete': {'id': '4222252'}}],2026-05-31T01:58:11Z,False,"{'x': 26, 'y': 1}",0,Foul,247.0
401873203485,485,"{'id': '94', 'text': 'Tip Shot'}",Luke Kornet misses tip shot,76,67,3,4:07,False,0,{'id': '24'},[{'athlete': {'id': '3064560'}}],2026-05-31T01:58:07Z,True,"{'x': 25, 'y': 1}",2,Missed FG,247.0
401873203486,486,"{'id': '156', 'text': 'Offensive Rebound'}",Spurs offensive team rebound,76,67,3,4:07,False,0,{'id': '24'},,2026-05-31T01:58:07Z,False,"{'x': 25, 'y': 1}",0,Rebound,247.0
401873203465,465,"{'id': '92', 'text': 'Jump Shot'}",Devin Vassell misses 26-foot three point jumper,76,67,3,4:00,False,0,{'id': '24'},[{'athlete': {'id': '4395630'}}],2026-05-31T01:58:30Z,True,"{'x': 41, 'y': 22}",3,Missed 3PT,240.0
401873203466,466,"{'id': '156', 'text': 'Offensive Rebound'}",Keldon Johnson offensive rebound,76,67,3,3:59,False,0,{'id': '24'},[{'athlete': {'id': '4395723'}}],2026-05-31T01:58:31Z,False,"{'x': 41, 'y': 22}",0,Rebound,239.0
401873203467,467,"{'id': '44', 'text': 'Shooting Foul'}",Cason Wallace shooting foul,76,67,3,3:59,False,0,{'id': '25'},[{'athlete': {'id': '4683692'}}],2026-05-31T01:58:35Z,False,"{'x': 28, 'y': 1}",0,Foul,239.0
401873203469,469,"{'id': '98', 'text': 'Free Throw - 1 of 2'}",Keldon Johnson misses free throw 1 of 2,76,67,3,3:59,False,0,{'id': '24'},[{'athlete': {'id': '4395723'}}],2026-05-31T01:59:03Z,True,"{'x': -214748340, 'y': -214748365}",1,Missed FT,239.0
401873203470,470,"{'id': '156', 'text': 'Offensive Rebound'}",Spurs offensive team rebound,76,67,3,3:59,False,0,{'id': '24'},,2026-05-31T01:59:03Z,False,"{'x': -214748340, 'y': -214748365}",0,Rebound,239.0
401873203471,471,"{'id': '584', 'text': 'Substitution'}",Victor Wembanyama enters the game for Luke Kornet,76,67,3,3:59,False,0,{'id': '24'},"[{'athlete': {'id': '5104157'}}, {'athlete': {'id': '3064560'}}]",2026-05-31T01:59:03Z,False,"{'x': -214748340, 'y': -214748365}",0,Substitution,239.0
401873203475,475,"{'id': '99', 'text': 'Free Throw - 2 of 2'}",Keldon Johnson makes free throw 2 of 2,77,67,3,3:59,True,1,{'id': '24'},[{'athlete': {'id': '4395723'}}],2026-05-31T01:59:25Z,True,"{'x': -214748340, 'y': -214748365}",1,+1 Point,239.0
401873203476,476,"{'id': '44', 'text': 'Shooting Foul'}",Victor Wembanyama shooting foul,77,67,3,3:48,False,0,{'id': '24'},[{'athlete': {'id': '5104157'}}],2026-05-31T01:59:41Z,False,"{'x': 11, 'y': 2}",0,Foul,228.0
401873203478,478,"{'id': '98', 'text': 'Free Throw - 1 of 2'}",Shai Gilgeous-Alexander makes free throw 1 of 2,77,68,3,3:48,True,1,{'id': '25'},[{'athlete': {'id': '4278073'}}],2026-05-31T02:00:16Z,True,"{'x': -214748340, 'y': -214748365}",1,+1 Point,228.0
401873203479,479,"{'id': '99', 'text': 'Free Throw - 2 of 2'}",Shai Gilgeous-Alexander makes free throw 2 of 2,77,69,3,3:48,True,1,{'id': '25'},[{'athlete': {'id': '4278073'}}],2026-05-31T02:00:33Z,True,"{'x': -214748340, 'y': -214748365}",1,+1 Point,228.0
401873203480,480,"{'id': '92', 'text': 'Jump Shot'}",Keldon Johnson misses 26-foot three point jumper,77,69,3,3:36,False,0,{'id': '24'},[{'athlete': {'id': '4395723'}}],2026-05-31T02:00:47Z,True,"{'x': 37, 'y': 24}",3,Missed 3PT,216.0
401873203481,481,"{'id': '155', 'text': 'Defensive Rebound'}",Cason Wallace defensive rebound,77,69,3,3:32,False,0,{'id': '25'},[{'athlete': {'id': '4683692'}}],2026-05-31T02:00:51Z,False,"{'x': 37, 'y': 24}",0,Rebound,212.0
401873203482,482,"{'id': '44', 'text': 'Shooting Foul'}",Devin Vassell shooting foul,77,69,3,3:15,False,0,{'id': '24'},[{'athlete': {'id': '4395630'}}],2026-05-31T02:01:18Z,False,"{'x': 2, 'y': 11}",0,Foul,195.0
401873203484,484,"{'id': '100', 'text': 'Free Throw - 1 of 3'}",Shai Gilgeous-Alexander makes free throw 1 of 3,77,70,3,3:15,True,1,{'id': '25'},[{'athlete': {'id': '4278073'}}],2026-05-31T02:01:41Z,True,"{'x': -214748340, 'y': -214748365}",1,+1 Point,195.0
401873203487,487,"{'id': '101', 'text': 'Free Throw - 2 of 3'}",Shai Gilgeous-Alexander makes free throw 2 of 3,77,71,3,3:15,True,1,{'id': '25'},[{'athlete': {'id': '4278073'}}],2026-05-31T02:02:07Z,True,"{'x': -214748340, 'y': -214748365}",1,+1 Point,195.0
401873203488,488,"{'id': '102', 'text': 'Free Throw - 3 of 3'}",Shai Gilgeous-Alexander makes free throw 3 of 3,77,72,3,3:15,True,1,{'id': '25'},[{'athlete': {'id': '4278073'}}],2026-05-31T02:02:24Z,True,"{'x': -214748340, 'y': -214748365}",1,+1 Point,195.0
401873203489,489,"{'id': '131', 'text': 'Pullup Jump Shot'}",Devin Vassell misses 17-foot pullup jump shot,77,72,3,3:04,False,0,{'id': '24'},[{'athlete': {'id': '4395630'}}],2026-05-31T02:02:37Z,True,"{'x': 33, 'y': 16}",2,Missed FG,184.0
401873203490,490,"{'id': '156', 'text': 'Offensive Rebound'}",Victor Wembanyama offensive rebound,77,72,3,2:59,False,0,{'id': '24'},[{'athlete': {'id': '5104157'}}],2026-05-31T02:02:42Z,False,"{'x': 33, 'y': 16}",0,Rebound,179.0
401873203491,491,"{'id': '92', 'text': 'Jump Shot'}",Devin Vassell misses 25-foot three point jumper,77,72,3,2:58,False,0,{'id': '24'},[{'athlete': {'id': '4395630'}}],2026-05-31T02:02:44Z,True,"{'x': 43, 'y': 19}",3,Missed 3PT,178.0
401873203492,492,"{'id': '156', 'text': 'Offensive Rebound'}",Devin Vassell offensive rebound,77,72,3,2:53,False,0,{'id': '24'},[{'athlete': {'id': '4395630'}}],2026-05-31T02:02:49Z,False,"{'x': 43, 'y': 19}",0,Rebound,173.0
401873203493,493,"{'id': '132', 'text': 'Step Back Jump Shot'}",Victor Wembanyama misses 25-foot three point step back jumpshot,77,72,3,2:49,False,0,{'id': '24'},[{'athlete': {'id': '5104157'}}],2026-05-31T02:02:55Z,True,"{'x': 41, 'y': 20}",3,Missed 3PT,169.0
401873203494,494,"{'id': '155', 'text': 'Defensive Rebound'}",Thunder defensive team rebound,77,72,3,2:46,False,0,{'id': '25'},,2026-05-31T02:02:58Z,False,"{'x': 41, 'y': 20}",0,Rebound,166.0
401873203495,495,"{'id': '43', 'text': 'Loose Ball Foul'}",Keldon Johnson loose ball foul,77,72,3,2:46,False,0,{'id': '24'},[{'athlete': {'id': '4395723'}}],2026-05-31T02:03:04Z,False,"{'x': 19, 'y': 12}",0,Foul,166.0
401873203497,497,"{'id': '98', 'text': 'Free Throw - 1 of 2'}",Alex Caruso makes free throw 1 of 2,77,73,3,2:46,True,1,{'id': '25'},[{'athlete': {'id': '2991350'}}],2026-05-31T02:03:36Z,True,"{'x': -214748340, 'y': -214748365}",1,+1 Point,166.0
401873203498,498,"{'id': '584', 'text': 'Substitution'}",Stephon Castle enters the game for Dylan Harper,77,73,3,2:46,False,0,{'id': '24'},"[{'athlete': {'id': '4845367'}}, {'athlete': {'id': '5037871'}}]",2026-05-31T02:03:36Z,False,"{'x': -214748340, 'y': -214748365}",0,Substitution,166.0
401873203499,499,"{'id': '584', 'text': 'Substitution'}",Julian Champagnie enters the game for Keldon Johnson,77,73,3,2:46,False,0,{'id': '24'},"[{'athlete': {'id': '4592479'}}, {'athlete': {'id': '4395723'}}]",2026-05-31T02:03:36Z,False,"{'x': -214748340, 'y': -214748365}",0,Substitution,166.0
401873203502,502,"{'id': '99', 'text': 'Free Throw - 2 of 2'}",Alex Caruso makes free throw 2 of 2,77,74,3,2:46,True,1,{'id': '25'},[{'athlete': {'id': '2991350'}}],2026-05-31T02:04:04Z,True,"{'x': -214748340, 'y': -214748365}",1,+1 Point,166.0
401873203503,503,"{'id': '144', 'text': 'Driving Floating Jump Shot'}",De'Aaron Fox makes 3-foot driving floating jump shot,79,74,3,2:29,True,2,{'id': '24'},[{'athlete': {'id': '4066259'}}],2026-05-31T02:04:23Z,True,"{'x': 26, 'y': 4}",2,+2 Points,149.0
401873203504,504,"{'id': '131', 'text': 'Pullup Jump Shot'}",Shai Gilgeous-Alexander misses 17-foot pullup jump shot,79,74,3,2:10,False,0,{'id': '25'},[{'athlete': {'id': '4278073'}}],2026-05-31T02:04:42Z,True,"{'x': 12, 'y': 12}",2,Missed FG,130.0
401873203505,505,"{'id': '155', 'text': 'Defensive Rebound'}",Devin Vassell defensive rebound,79,74,3,2:07,False,0,{'id': '24'},[{'athlete': {'id': '4395630'}}],2026-05-31T02:04:45Z,False,"{'x': 12, 'y': 12}",0,Rebound,127.0
401873203508,508,"{'id': '16', 'text': 'Full Timeout'}",Thunder Full timeout,79,74,3,2:00,False,0,{'id': '25'},,2026-05-31T02:05:17Z,False,"{'x': -214748340, 'y': -214748365}",0,Timeout,120.0
401873203509,509,"{'id': '215', 'text': ""Coach's Challenge (Overturned)""}",(02:00) [Thunder] COACH'S CHALLENGE (CALL OVERTURNED) [Thunder] retain their timeout,79,74,3,2:00,False,0,{'id': '25'},,2026-05-31T02:05:19Z,False,"{'x': -214748340, 'y': -214748365}",0,Challenge,120.0
401873203510,510,"{'id': '110', 'text': 'Driving Layup Shot'}",Alex Caruso blocks De'Aaron Fox 's 1-foot driving layup,79,74,3,2:00,False,0,{'id': '24'},"[{'athlete': {'id': '4066259'}}, {'athlete': {'id': '2991350'}}]",2026-05-31T02:04:59Z,True,"{'x': 24, 'y': 1}",2,Missed FG,120.0
401873203512,512,"{'id': '155', 'text': 'Defensive Rebound'}",Thunder defensive team rebound,79,74,3,2:00,False,0,{'id': '25'},,2026-05-31T02:04:59Z,False,"{'x': 24, 'y': 1}",0,Rebound,120.0
401873203513,513,"{'id': '584', 'text': 'Substitution'}",Chet Holmgren enters the game for Jared McCain,79,74,3,2:00,False,0,{'id': '25'},"[{'athlete': {'id': '4433255'}}, {'athlete': {'id': '4683778'}}]",2026-05-31T02:07:11Z,False,"{'x': -214748340, 'y': -214748365}",0,Substitution,120.0
401873203514,514,"{'id': '584', 'text': 'Substitution'}",Luguentz Dort enters the game for Alex Caruso,79,74,3,2:00,False,0,{'id': '25'},"[{'athlete': {'id': '4397020'}}, {'athlete': {'id': '2991350'}}]",2026-05-31T02:07:11Z,False,"{'x': -214748340, 'y': -214748365}",0,Substitution,120.0
401873203515,515,"{'id': '584', 'text': 'Substitution'}",Jaylin Williams enters the game for Isaiah Hartenstein,79,74,3,2:00,False,0,{'id': '25'},"[{'athlete': {'id': '4432823'}}, {'athlete': {'id': '4222252'}}]",2026-05-31T02:07:11Z,False,"{'x': -214748340, 'y': -214748365}",0,Substitution,120.0
401873203519,519,"{'id': '144', 'text': 'Driving Floating Jump Shot'}",Shai Gilgeous-Alexander misses driving floating jump shot,79,74,3,1:47,False,0,{'id': '25'},[{'athlete': {'id': '4278073'}}],2026-05-31T02:07:41Z,True,"{'x': 25, 'y': 3}",2,Missed FG,107.0
401873203520,520,"{'id': '155', 'text': 'Defensive Rebound'}",Julian Champagnie defensive rebound,79,74,3,1:45,False,0,{'id': '24'},[{'athlete': {'id': '4592479'}}],2026-05-31T02:07:43Z,False,"{'x': 25, 'y': 3}",0,Rebound,105.0
401873203521,521,"{'id': '92', 'text': 'Jump Shot'}",Stephon Castle misses 22-foot three point jumper,79,74,3,1:33,False,0,{'id': '24'},[{'athlete': {'id': '4845367'}}],2026-05-31T02:07:54Z,True,"{'x': 3, 'y': -1}",3,Missed 3PT,93.0
401873203522,522,"{'id': '155', 'text': 'Defensive Rebound'}",Chet Holmgren defensive rebound,79,74,3,1:31,False,0,{'id': '25'},[{'athlete': {'id': '4433255'}}],2026-05-31T02:07:56Z,False,"{'x': 3, 'y': -1}",0,Rebound,91.0
401873203523,523,"{'id': '92', 'text': 'Jump Shot'}",Jaylin Williams makes 26-foot three point jumper (Shai Gilgeous-Alexander assists),79,77,3,1:08,True,3,{'id': '25'},"[{'athlete': {'id': '4432823'}}, {'athlete': {'id': '4278073'}}]",2026-05-31T02:08:20Z,True,"{'x': 2, 'y': 14}",3,+3 Points,68.0
401873203525,525,"{'id': '16', 'text': 'Full Timeout'}",Spurs Full timeout,79,77,3,1:06,False,0,{'id': '24'},,2026-05-31T02:08:29Z,False,"{'x': -214748340, 'y': -214748365}",0,Timeout,66.0
401873203526,526,"{'id': '92', 'text': 'Jump Shot'}",Devin Vassell misses 23-foot three point jumper,79,77,3,52.2,False,0,{'id': '24'},[{'athlete': {'id': '4395630'}}],2026-05-31T02:10:37Z,True,"{'x': 1, 'y': -2}",3,Missed 3PT,52.2
401873203527,527,"{'id': '156', 'text': 'Offensive Rebound'}",Stephon Castle offensive rebound,79,77,3,49.3,False,0,{'id': '24'},[{'athlete': {'id': '4845367'}}],2026-05-31T02:10:39Z,False,"{'x': 1, 'y': -2}",0,Rebound,49.3
401873203528,528,"{'id': '45', 'text': 'Personal Foul'}",Jaylin Williams personal foul,79,77,3,48.0,False,0,{'id': '25'},[{'athlete': {'id': '4432823'}}],2026-05-31T02:10:47Z,False,"{'x': 20, 'y': 24}",0,Foul,48.0
401873203530,530,"{'id': '98', 'text': 'Free Throw - 1 of 2'}",Victor Wembanyama makes free throw 1 of 2,80,77,3,48.0,True,1,{'id': '24'},[{'athlete': {'id': '5104157'}}],2026-05-31T02:11:16Z,True,"{'x': -214748340, 'y': -214748365}",1,+1 Point,48.0
401873203531,531,"{'id': '584', 'text': 'Substitution'}",Jared McCain enters the game for Chet Holmgren,80,77,3,48.0,False,0,{'id': '25'},"[{'athlete': {'id': '4683778'}}, {'athlete': {'id': '4433255'}}]",2026-05-31T02:11:17Z,False,"{'x': -214748340, 'y': -214748365}",0,Substitution,48.0
401873203532,532,"{'id': '584', 'text': 'Substitution'}",Dylan Harper enters the game for Stephon Castle,80,77,3,48.0,False,0,{'id': '24'},"[{'athlete': {'id': '5037871'}}, {'athlete': {'id': '4845367'}}]",2026-05-31T02:11:17Z,False,"{'x': -214748340, 'y': -214748365}",0,Substitution,48.0
401873203535,535,"{'id': '99', 'text': 'Free Throw - 2 of 2'}",Victor Wembanyama misses free throw 2 of 2,80,77,3,48.0,False,0,{'id': '24'},[{'athlete': {'id': '5104157'}}],2026-05-31T02:11:16Z,True,"{'x': -214748340, 'y': -214748365}",1,Missed FT,48.0
401873203536,536,"{'id': '155', 'text': 'Defensive Rebound'}",Luguentz Dort defensive rebound,80,77,3,46.2,False,0,{'id': '25'},[{'athlete': {'id': '4397020'}}],2026-05-31T02:11:18Z,False,"{'x': -214748340, 'y': -214748365}",0,Rebound,46.2
401873203537,537,"{'id': '92', 'text': 'Jump Shot'}",Cason Wallace misses 26-foot three point jumper,80,77,3,28.8,False,0,{'id': '25'},[{'athlete': {'id': '4683692'}}],2026-05-31T02:12:09Z,True,"{'x': 12, 'y': 23}",3,Missed 3PT,28.8
401873203538,538,"{'id': '155', 'text': 'Defensive Rebound'}",Dylan Harper defensive rebound,80,77,3,24.8,False,0,{'id': '24'},[{'athlete': {'id': '5037871'}}],2026-05-31T02:12:13Z,False,"{'x': 12, 'y': 23}",0,Rebound,24.8
401873203539,539,"{'id': '114', 'text': 'Turnaround Jump Shot'}",Victor Wembanyama misses 16-foot turnaround jump shot,80,77,3,3.1,False,0,{'id': '24'},[{'athlete': {'id': '5104157'}}],2026-05-31T02:12:35Z,True,"{'x': 32, 'y': 15}",2,Missed FG,3.1
401873203540,540,"{'id': '155', 'text': 'Defensive Rebound'}",Cason Wallace defensive rebound,80,77,3,3.1,False,0,{'id': '25'},[{'athlete': {'id': '4683692'}}],2026-05-31T02:12:35Z,False,"{'x': 32, 'y': 15}",0,Rebound,3.1
401873203541,541,"{'id': '282', 'text': 'Heave Jump Shot'}",Cason Wallace misses heave jump shot,80,77,3,0.3,False,0,{'id': '25'},[{'athlete': {'id': '4683692'}}],2026-05-31T02:12:40Z,True,"{'x': 14, 'y': 75}",3,Missed 3PT,0.3
401873203542,542,"{'id': '156', 'text': 'Offensive Rebound'}",Thunder offensive team rebound,80,77,3,0.1,False,0,{'id': '25'},,2026-05-31T02:12:41Z,False,"{'x': 37, 'y': 20}",0,Rebound,0.1
401873203543,543,"{'id': '412', 'text': 'End Period'}",End of the 3rd Quarter,80,77,3,0.0,False,0,,,2026-05-31T02:12:54Z,False,"{'x': -214748340, 'y': -214748365}",0,End of 3rd,0.0
401873203544,544,"{'id': '584', 'text': 'Substitution'}",Chet Holmgren enters the game for Shai Gilgeous-Alexander,80,77,4,12:00,False,0,{'id': '25'},"[{'athlete': {'id': '4433255'}}, {'athlete': {'id': '4278073'}}]",2026-05-31T02:12:58Z,False,"{'x': -214748340, 'y': -214748365}",0,Substitution,720.0
401873203545,545,"{'id': '584', 'text': 'Substitution'}",Alex Caruso enters the game for Luguentz Dort,80,77,4,12:00,False,0,{'id': '25'},"[{'athlete': {'id': '2991350'}}, {'athlete': {'id': '4397020'}}]",2026-05-31T02:12:58Z,False,"{'x': -214748340, 'y': -214748365}",0,Substitution,720.0
401873203546,546,"{'id': '584', 'text': 'Substitution'}",Keldon Johnson enters the game for Devin Vassell,80,77,4,12:00,False,0,{'id': '24'},"[{'athlete': {'id': '4395723'}}, {'athlete': {'id': '4395630'}}]",2026-05-31T02:12:58Z,False,"{'x': -214748340, 'y': -214748365}",0,Substitution,720.0
401873203551,551,"{'id': '44', 'text': 'Shooting Foul'}",Chet Holmgren shooting foul,80,77,4,11:41,False,0,{'id': '25'},[{'athlete': {'id': '4433255'}}],2026-05-31T02:16:42Z,False,"{'x': 15, 'y': 1}",0,Foul,701.0
401873203553,553,"{'id': '98', 'text': 'Free Throw - 1 of 2'}",Victor Wembanyama misses free throw 1 of 2,80,77,4,11:41,False,0,{'id': '24'},[{'athlete': {'id': '5104157'}}],2026-05-31T02:17:17Z,True,"{'x': -214748340, 'y': -214748365}",1,Missed FT,701.0
401873203554,554,"{'id': '156', 'text': 'Offensive Rebound'}",Spurs offensive team rebound,80,77,4,11:41,False,0,{'id': '24'},,2026-05-31T02:17:17Z,False,"{'x': -214748340, 'y': -214748365}",0,Rebound,701.0
401873203555,555,"{'id': '99', 'text': 'Free Throw - 2 of 2'}",Victor Wembanyama makes free throw 2 of 2,81,77,4,11:41,True,1,{'id': '24'},[{'athlete': {'id': '5104157'}}],2026-05-31T02:17:40Z,True,"{'x': -214748340, 'y': -214748365}",1,+1 Point,701.0
401873203556,556,"{'id': '132', 'text': 'Step Back Jump Shot'}",Jared McCain makes 14-foot step back jumpshot (Alex Caruso assists),81,79,4,11:30,True,2,{'id': '25'},"[{'athlete': {'id': '4683778'}}, {'athlete': {'id': '2991350'}}]",2026-05-31T02:17:56Z,True,"{'x': 31, 'y': 14}",2,+2 Points,690.0
401873203558,558,"{'id': '92', 'text': 'Jump Shot'}",Keldon Johnson makes 24-foot three point jumper (De'Aaron Fox assists),84,79,4,11:06,True,3,{'id': '24'},"[{'athlete': {'id': '4395723'}}, {'athlete': {'id': '4066259'}}]",2026-05-31T02:18:20Z,True,"{'x': 15, 'y': 23}",3,+3 Points,666.0
401873203560,560,"{'id': '92', 'text': 'Jump Shot'}",Cason Wallace makes 23-foot three point jumper (Jaylin Williams assists),84,82,4,10:53,True,3,{'id': '25'},"[{'athlete': {'id': '4683692'}}, {'athlete': {'id': '4432823'}}]",2026-05-31T02:18:33Z,True,"{'x': 1, 'y': 1}",3,+3 Points,653.0
401873203562,562,"{'id': '92', 'text': 'Jump Shot'}",Julian Champagnie misses 26-foot three point jumper,84,82,4,10:39,False,0,{'id': '24'},[{'athlete': {'id': '4592479'}}],2026-05-31T02:18:47Z,True,"{'x': 40, 'y': 22}",3,Missed 3PT,639.0
401873203563,563,"{'id': '156', 'text': 'Offensive Rebound'}",Dylan Harper offensive rebound,84,82,4,10:36,False,0,{'id': '24'},[{'athlete': {'id': '5037871'}}],2026-05-31T02:18:51Z,False,"{'x': 40, 'y': 22}",0,Rebound,636.0
401873203564,564,"{'id': '92', 'text': 'Jump Shot'}",Keldon Johnson makes 23-foot three point jumper (Victor Wembanyama assists),87,82,4,10:33,True,3,{'id': '24'},"[{'athlete': {'id': '4395723'}}, {'athlete': {'id': '5104157'}}]",2026-05-31T02:18:54Z,True,"{'x': 2, 'y': -1}",3,+3 Points,633.0
401873203566,566,"{'id': '132', 'text': 'Step Back Jump Shot'}",Jared McCain misses 22-foot three point step back jumpshot,87,82,4,10:07,False,0,{'id': '25'},[{'athlete': {'id': '4683778'}}],2026-05-31T02:19:21Z,True,"{'x': 48, 'y': -1}",3,Missed 3PT,607.0
401873203567,567,"{'id': '156', 'text': 'Offensive Rebound'}",Thunder offensive team rebound,87,82,4,10:06,False,0,{'id': '25'},,2026-05-31T02:19:22Z,False,"{'x': 48, 'y': -1}",0,Rebound,606.0
401873203568,568,"{'id': '70', 'text': 'Shot Clock Turnover'}",shot clock turnover ,87,82,4,10:06,False,0,{'id': '25'},,2026-05-31T02:19:25Z,False,"{'x': 27, 'y': 2}",0,Turnover,606.0
401873203569,569,"{'id': '584', 'text': 'Substitution'}",Shai Gilgeous-Alexander enters the game for Jared McCain,87,82,4,10:06,False,0,{'id': '25'},"[{'athlete': {'id': '4278073'}}, {'athlete': {'id': '4683778'}}]",2026-05-31T02:19:27Z,False,"{'x': -214748340, 'y': -214748365}",0,Substitution,606.0
401873203571,571,"{'id': '44', 'text': 'Shooting Foul'}",Jaylin Williams shooting foul,87,82,4,9:52,False,0,{'id': '25'},[{'athlete': {'id': '4432823'}}],2026-05-31T02:19:51Z,False,"{'x': 14, 'y': 3}",0,Foul,592.0
401873203573,573,"{'id': '98', 'text': 'Free Throw - 1 of 2'}",Victor Wembanyama makes free throw 1 of 2,88,82,4,9:52,True,1,{'id': '24'},[{'athlete': {'id': '5104157'}}],2026-05-31T02:20:24Z,True,"{'x': -214748340, 'y': -214748365}",1,+1 Point,592.0
401873203574,574,"{'id': '99', 'text': 'Free Throw - 2 of 2'}",Victor Wembanyama makes free throw 2 of 2,89,82,4,9:52,True,1,{'id': '24'},[{'athlete': {'id': '5104157'}}],2026-05-31T02:20:47Z,True,"{'x': -214748340, 'y': -214748365}",1,+1 Point,592.0
401873203575,575,"{'id': '44', 'text': 'Shooting Foul'}",Victor Wembanyama shooting foul,89,82,4,9:44,False,0,{'id': '24'},[{'athlete': {'id': '5104157'}}],2026-05-31T02:21:00Z,False,"{'x': 25, 'y': 2}",0,Foul,584.0
401873203577,577,"{'id': '98', 'text': 'Free Throw - 1 of 2'}",Alex Caruso misses free throw 1 of 2,89,82,4,9:44,False,0,{'id': '25'},[{'athlete': {'id': '2991350'}}],2026-05-31T02:21:39Z,True,"{'x': -214748340, 'y': -214748365}",1,Missed FT,584.0
401873203578,578,"{'id': '156', 'text': 'Offensive Rebound'}",Thunder offensive team rebound,89,82,4,9:44,False,0,{'id': '25'},,2026-05-31T02:21:39Z,False,"{'x': -214748340, 'y': -214748365}",0,Rebound,584.0
401873203579,579,"{'id': '99', 'text': 'Free Throw - 2 of 2'}",Alex Caruso makes free throw 2 of 2,89,83,4,9:44,True,1,{'id': '25'},[{'athlete': {'id': '2991350'}}],2026-05-31T02:21:57Z,True,"{'x': -214748340, 'y': -214748365}",1,+1 Point,584.0
401873203580,580,"{'id': '132', 'text': 'Step Back Jump Shot'}",De'Aaron Fox makes 25-foot three point step back jumpshot,92,83,4,9:30,True,3,{'id': '24'},[{'athlete': {'id': '4066259'}}],2026-05-31T02:22:14Z,True,"{'x': 29, 'y': 25}",3,+3 Points,570.0
401873203581,581,"{'id': '92', 'text': 'Jump Shot'}",Cason Wallace makes 25-foot three point jumper (Alex Caruso assists),92,86,4,9:07,True,3,{'id': '25'},"[{'athlete': {'id': '4683692'}}, {'athlete': {'id': '2991350'}}]",2026-05-31T02:22:37Z,True,"{'x': 23, 'y': 26}",3,+3 Points,547.0
401873203583,583,"{'id': '132', 'text': 'Step Back Jump Shot'}",Victor Wembanyama makes 26-foot three point step back jumpshot,95,86,4,8:43,True,3,{'id': '24'},[{'athlete': {'id': '5104157'}}],2026-05-31T02:23:01Z,True,"{'x': 11, 'y': 22}",3,+3 Points,523.0
401873203584,584,"{'id': '131', 'text': 'Pullup Jump Shot'}",Shai Gilgeous-Alexander misses 26-foot three point pullup jump shot,95,86,4,8:31,False,0,{'id': '25'},[{'athlete': {'id': '4278073'}}],2026-05-31T02:23:13Z,True,"{'x': 4, 'y': 15}",3,Missed 3PT,511.0
401873203585,585,"{'id': '155', 'text': 'Defensive Rebound'}",Julian Champagnie defensive rebound,95,86,4,8:27,False,0,{'id': '24'},[{'athlete': {'id': '4592479'}}],2026-05-31T02:23:17Z,False,"{'x': 4, 'y': 15}",0,Rebound,507.0
401873203586,586,"{'id': '92', 'text': 'Jump Shot'}",Dylan Harper misses 23-foot three point jumper,95,86,4,8:16,False,0,{'id': '24'},[{'athlete': {'id': '5037871'}}],2026-05-31T02:23:28Z,True,"{'x': 49, 'y': 1}",3,Missed 3PT,496.0
401873203587,587,"{'id': '155', 'text': 'Defensive Rebound'}",Cason Wallace defensive rebound,95,86,4,8:12,False,0,{'id': '25'},[{'athlete': {'id': '4683692'}}],2026-05-31T02:23:32Z,False,"{'x': 49, 'y': 1}",0,Rebound,492.0
401873203588,588,"{'id': '109', 'text': 'Running Layup Shot'}",Alex Caruso misses running layup,95,86,4,8:08,False,0,{'id': '25'},[{'athlete': {'id': '2991350'}}],2026-05-31T02:23:36Z,True,"{'x': 22, 'y': 1}",2,Missed FG,488.0
401873203589,589,"{'id': '155', 'text': 'Defensive Rebound'}",Dylan Harper defensive rebound,95,86,4,8:04,False,0,{'id': '24'},[{'athlete': {'id': '5037871'}}],2026-05-31T02:23:40Z,False,"{'x': 22, 'y': 1}",0,Rebound,484.0
401873203590,590,"{'id': '109', 'text': 'Running Layup Shot'}",Keldon Johnson makes running layup (Julian Champagnie assists),97,86,4,8:00,True,2,{'id': '24'},"[{'athlete': {'id': '4395723'}}, {'athlete': {'id': '4592479'}}]",2026-05-31T02:23:45Z,True,"{'x': 24, 'y': -1}",2,+2 Points,480.0
401873203592,592,"{'id': '16', 'text': 'Full Timeout'}",Thunder Full timeout,97,86,4,8:00,False,0,{'id': '25'},,2026-05-31T02:23:52Z,False,"{'x': -214748340, 'y': -214748365}",0,Timeout,480.0
401873203593,593,"{'id': '584', 'text': 'Substitution'}",Jared McCain enters the game for Jaylin Williams,97,86,4,8:00,False,0,{'id': '25'},"[{'athlete': {'id': '4683778'}}, {'athlete': {'id': '4432823'}}]",2026-05-31T02:27:03Z,False,"{'x': -214748340, 'y': -214748365}",0,Substitution,480.0
401873203594,594,"{'id': '584', 'text': 'Substitution'}",Isaiah Hartenstein enters the game for Chet Holmgren,97,86,4,8:00,False,0,{'id': '25'},"[{'athlete': {'id': '4222252'}}, {'athlete': {'id': '4433255'}}]",2026-05-31T02:27:03Z,False,"{'x': -214748340, 'y': -214748365}",0,Substitution,480.0
401873203595,595,"{'id': '584', 'text': 'Substitution'}",Devin Vassell enters the game for Dylan Harper,97,86,4,8:00,False,0,{'id': '24'},"[{'athlete': {'id': '4395630'}}, {'athlete': {'id': '5037871'}}]",2026-05-31T02:27:03Z,False,"{'x': -214748340, 'y': -214748365}",0,Substitution,480.0
401873203596,596,"{'id': '584', 'text': 'Substitution'}",Stephon Castle enters the game for Julian Champagnie,97,86,4,8:00,False,0,{'id': '24'},"[{'athlete': {'id': '4845367'}}, {'athlete': {'id': '4592479'}}]",2026-05-31T02:27:03Z,False,"{'x': -214748340, 'y': -214748365}",0,Substitution,480.0
401873203601,601,"{'id': '151', 'text': 'Cutting Dunk Shot'}",Isaiah Hartenstein makes 1-foot dunk (Shai Gilgeous-Alexander assists),97,88,4,7:50,True,2,{'id': '25'},"[{'athlete': {'id': '4222252'}}, {'athlete': {'id': '4278073'}}]",2026-05-31T02:27:50Z,True,"{'x': 25, 'y': 2}",2,+2 Points,470.0
401873203603,603,"{'id': '44', 'text': 'Shooting Foul'}",Victor Wembanyama shooting foul,97,88,4,7:50,False,0,{'id': '24'},[{'athlete': {'id': '5104157'}}],2026-05-31T02:27:52Z,False,"{'x': 25, 'y': 2}",0,Foul,470.0
401873203605,605,"{'id': '97', 'text': 'Free Throw - 1 of 1'}",Isaiah Hartenstein makes free throw 1 of 1,97,89,4,7:50,True,1,{'id': '25'},[{'athlete': {'id': '4222252'}}],2026-05-31T02:28:17Z,True,"{'x': -214748340, 'y': -214748365}",1,+1 Point,470.0
401873203606,606,"{'id': '132', 'text': 'Step Back Jump Shot'}",De'Aaron Fox misses 24-foot three point step back jumpshot,97,89,4,7:35,False,0,{'id': '24'},[{'athlete': {'id': '4066259'}}],2026-05-31T02:28:33Z,True,"{'x': 4, 'y': 14}",3,Missed 3PT,455.0
401873203607,607,"{'id': '155', 'text': 'Defensive Rebound'}",Alex Caruso defensive rebound,97,89,4,7:33,False,0,{'id': '25'},[{'athlete': {'id': '2991350'}}],2026-05-31T02:28:35Z,False,"{'x': 4, 'y': 14}",0,Rebound,453.0
401873203608,608,"{'id': '92', 'text': 'Jump Shot'}",Jared McCain misses 23-foot three point jumper,97,89,4,7:23,False,0,{'id': '25'},[{'athlete': {'id': '4683778'}}],2026-05-31T02:28:45Z,True,"{'x': 2, 'y': -1}",3,Missed 3PT,443.0
401873203609,609,"{'id': '155', 'text': 'Defensive Rebound'}",Keldon Johnson defensive rebound,97,89,4,7:21,False,0,{'id': '24'},[{'athlete': {'id': '4395723'}}],2026-05-31T02:28:47Z,False,"{'x': 2, 'y': -1}",0,Rebound,441.0
401873203610,610,"{'id': '132', 'text': 'Step Back Jump Shot'}",Devin Vassell misses 13-foot step back jumpshot,97,89,4,7:02,False,0,{'id': '24'},[{'athlete': {'id': '4395630'}}],2026-05-31T02:29:07Z,True,"{'x': 38, 'y': 1}",2,Missed FG,422.0
401873203611,611,"{'id': '155', 'text': 'Defensive Rebound'}",Alex Caruso defensive rebound,97,89,4,6:59,False,0,{'id': '25'},[{'athlete': {'id': '2991350'}}],2026-05-31T02:29:10Z,False,"{'x': 38, 'y': 1}",0,Rebound,419.0
401873203612,612,"{'id': '137', 'text': 'Turnaround Fade Away Jump Shot'}",Shai Gilgeous-Alexander makes 13-foot two point shot,97,91,4,6:49,True,2,{'id': '25'},[{'athlete': {'id': '4278073'}}],2026-05-31T02:29:20Z,True,"{'x': 30, 'y': 13}",2,+2 Points,409.0
401873203613,613,"{'id': '16', 'text': 'Full Timeout'}",Spurs Full timeout,97,91,4,6:48,False,0,{'id': '24'},,2026-05-31T02:29:27Z,False,"{'x': -214748340, 'y': -214748365}",0,Timeout,408.0
401873203614,614,"{'id': '584', 'text': 'Substitution'}",Dylan Harper enters the game for Victor Wembanyama,97,91,4,6:48,False,0,{'id': '24'},"[{'athlete': {'id': '5037871'}}, {'athlete': {'id': '5104157'}}]",2026-05-31T02:31:16Z,False,"{'x': -214748340, 'y': -214748365}",0,Substitution,408.0
401873203615,615,"{'id': '584', 'text': 'Substitution'}",Luke Kornet enters the game for Keldon Johnson,97,91,4,6:48,False,0,{'id': '24'},"[{'athlete': {'id': '3064560'}}, {'athlete': {'id': '4395723'}}]",2026-05-31T02:31:16Z,False,"{'x': -214748340, 'y': -214748365}",0,Substitution,408.0
401873203616,616,"{'id': '584', 'text': 'Substitution'}",Julian Champagnie enters the game for De'Aaron Fox,97,91,4,6:48,False,0,{'id': '24'},"[{'athlete': {'id': '4592479'}}, {'athlete': {'id': '4066259'}}]",2026-05-31T02:31:16Z,False,"{'x': -214748340, 'y': -214748365}",0,Substitution,408.0
401873203620,620,"{'id': '62', 'text': 'Bad Pass\nTurnover'}","Dylan Harper bad pass
turnover (Isaiah Hartenstein steals)",97,91,4,6:34,False,0,{'id': '24'},"[{'athlete': {'id': '5037871'}}, {'athlete': {'id': '4222252'}}]",2026-05-31T02:33:23Z,False,"{'x': 29, 'y': 40}",0,Turnover,394.0
401873203622,622,"{'id': '116', 'text': 'Running Dunk Shot'}",Luke Kornet blocks Isaiah Hartenstein 's 2-foot running dunk,97,91,4,6:31,False,0,{'id': '25'},"[{'athlete': {'id': '4222252'}}, {'athlete': {'id': '3064560'}}]",2026-05-31T02:33:26Z,True,"{'x': 27, 'y': 2}",2,Missed FG,391.0
401873203624,624,"{'id': '155', 'text': 'Defensive Rebound'}",Dylan Harper defensive rebound,97,91,4,6:28,False,0,{'id': '24'},[{'athlete': {'id': '5037871'}}],2026-05-31T02:33:29Z,False,"{'x': 27, 'y': 2}",0,Rebound,388.0
401873203625,625,"{'id': '131', 'text': 'Pullup Jump Shot'}",Stephon Castle makes 15-foot pullup jump shot,99,91,4,6:13,True,2,{'id': '24'},[{'athlete': {'id': '4845367'}}],2026-05-31T02:33:45Z,True,"{'x': 23, 'y': 15}",2,+2 Points,373.0
401873203626,626,"{'id': '90', 'text': 'Out of Bounds - Bad Pass Turnover'}",Cason Wallace out of bounds bad pass turnover,99,91,4,5:49,False,0,{'id': '25'},[{'athlete': {'id': '4683692'}}],2026-05-31T02:34:10Z,False,"{'x': 25, 'y': 6}",0,Turnover,349.0
401873203627,627,"{'id': '584', 'text': 'Substitution'}",Victor Wembanyama enters the game for Luke Kornet,99,91,4,5:49,False,0,{'id': '24'},"[{'athlete': {'id': '5104157'}}, {'athlete': {'id': '3064560'}}]",2026-05-31T02:34:12Z,False,"{'x': -214748340, 'y': -214748365}",0,Substitution,349.0
401873203629,629,"{'id': '132', 'text': 'Step Back Jump Shot'}",Julian Champagnie makes 25-foot three point step back jumpshot (Devin Vassell assists),102,91,4,5:33,True,3,{'id': '24'},"[{'athlete': {'id': '4592479'}}, {'athlete': {'id': '4395630'}}]",2026-05-31T02:34:40Z,True,"{'x': 46, 'y': 14}",3,+3 Points,333.0
401873203631,631,"{'id': '134', 'text': 'Driving Jump Shot Bank'}",Alex Caruso makes 6-foot two point shot (Shai Gilgeous-Alexander assists),102,93,4,5:16,True,2,{'id': '25'},"[{'athlete': {'id': '2991350'}}, {'athlete': {'id': '4278073'}}]",2026-05-31T02:34:57Z,True,"{'x': 31, 'y': 3}",2,+2 Points,316.0
401873203633,633,"{'id': '63', 'text': 'Lost Ball Turnover'}",Dylan Harper lost ball turnover (Shai Gilgeous-Alexander steals),102,93,4,4:49,False,0,{'id': '24'},"[{'athlete': {'id': '5037871'}}, {'athlete': {'id': '4278073'}}]",2026-05-31T02:35:23Z,False,"{'x': 25, 'y': 14}",0,Turnover,289.0
401873203635,635,"{'id': '113', 'text': 'Running Jump Shot'}",Jared McCain misses 23-foot running jump shot,102,93,4,4:44,False,0,{'id': '25'},[{'athlete': {'id': '4683778'}}],2026-05-31T02:35:28Z,True,"{'x': 2, 'y': -1}",3,Missed 3PT,284.0
401873203636,636,"{'id': '155', 'text': 'Defensive Rebound'}",Julian Champagnie defensive rebound,102,93,4,4:42,False,0,{'id': '24'},[{'athlete': {'id': '4592479'}}],2026-05-31T02:35:30Z,False,"{'x': 2, 'y': -1}",0,Rebound,282.0
401873203637,637,"{'id': '92', 'text': 'Jump Shot'}",Julian Champagnie misses 25-foot three point jumper,102,93,4,4:29,False,0,{'id': '24'},[{'athlete': {'id': '4592479'}}],2026-05-31T02:35:44Z,True,"{'x': 34, 'y': 24}",3,Missed 3PT,269.0
401873203638,638,"{'id': '156', 'text': 'Offensive Rebound'}",Dylan Harper offensive rebound,102,93,4,4:26,False,0,{'id': '24'},[{'athlete': {'id': '5037871'}}],2026-05-31T02:35:47Z,False,"{'x': 34, 'y': 24}",0,Rebound,266.0
401873203639,639,"{'id': '94', 'text': 'Tip Shot'}",Dylan Harper makes tip shot,104,93,4,4:26,True,2,{'id': '24'},[{'athlete': {'id': '5037871'}}],2026-05-31T02:35:50Z,True,"{'x': 25, 'y': 0}",2,+2 Points,266.0
401873203640,640,"{'id': '16', 'text': 'Full Timeout'}",Thunder Full timeout,104,93,4,4:26,False,0,{'id': '25'},,2026-05-31T02:35:53Z,False,"{'x': -214748340, 'y': -214748365}",0,Timeout,266.0
401873203641,641,"{'id': '584', 'text': 'Substitution'}",Jaylin Williams enters the game for Jared McCain,104,93,4,4:26,False,0,{'id': '25'},"[{'athlete': {'id': '4432823'}}, {'athlete': {'id': '4683778'}}]",2026-05-31T02:37:10Z,False,"{'x': -214748340, 'y': -214748365}",0,Substitution,266.0
401873203642,642,"{'id': '584', 'text': 'Substitution'}",Chet Holmgren enters the game for Isaiah Hartenstein,104,93,4,4:26,False,0,{'id': '25'},"[{'athlete': {'id': '4433255'}}, {'athlete': {'id': '4222252'}}]",2026-05-31T02:37:10Z,False,"{'x': -214748340, 'y': -214748365}",0,Substitution,266.0
401873203643,643,"{'id': '584', 'text': 'Substitution'}",De'Aaron Fox enters the game for Stephon Castle,104,93,4,4:26,False,0,{'id': '24'},"[{'athlete': {'id': '4066259'}}, {'athlete': {'id': '4845367'}}]",2026-05-31T02:37:10Z,False,"{'x': -214748340, 'y': -214748365}",0,Substitution,266.0
401873203647,647,"{'id': '132', 'text': 'Step Back Jump Shot'}",Shai Gilgeous-Alexander makes 20-foot step back jumpshot,104,95,4,4:09,True,2,{'id': '25'},[{'athlete': {'id': '4278073'}}],2026-05-31T02:37:49Z,True,"{'x': 10, 'y': 15}",2,+2 Points,249.0
401873203648,648,"{'id': '16', 'text': 'Full Timeout'}",Spurs Full timeout,104,95,4,4:06,False,0,{'id': '24'},,2026-05-31T02:37:59Z,False,"{'x': -214748340, 'y': -214748365}",0,Timeout,246.0
401873203649,649,"{'id': '584', 'text': 'Substitution'}",Stephon Castle enters the game for Devin Vassell,104,95,4,4:06,False,0,{'id': '24'},"[{'athlete': {'id': '4845367'}}, {'athlete': {'id': '4395630'}}]",2026-05-31T02:39:10Z,False,"{'x': -214748340, 'y': -214748365}",0,Substitution,246.0
401873203651,651,"{'id': '132', 'text': 'Step Back Jump Shot'}",Dylan Harper makes 26-foot three point step back jumpshot,107,95,4,3:46,True,3,{'id': '24'},[{'athlete': {'id': '5037871'}}],2026-05-31T02:40:02Z,True,"{'x': 35, 'y': 25}",3,+3 Points,226.0
401873203652,652,"{'id': '92', 'text': 'Jump Shot'}",Cason Wallace makes 22-foot three point jumper (Jaylin Williams assists),107,98,4,3:26,True,3,{'id': '25'},"[{'athlete': {'id': '4683692'}}, {'athlete': {'id': '4432823'}}]",2026-05-31T02:40:21Z,True,"{'x': 48, 'y': -1}",3,+3 Points,206.0
401873203674,674,"{'id': '63', 'text': 'Lost Ball Turnover'}",Stephon Castle lost ball turnover (Cason Wallace steals),107,98,4,2:57,False,0,{'id': '24'},"[{'athlete': {'id': '4845367'}}, {'athlete': {'id': '4683692'}}]",2026-05-31T02:40:35Z,False,"{'x': 24, 'y': 3}",0,Turnover,177.0
401873203657,657,"{'id': '131', 'text': 'Pullup Jump Shot'}",Jaylin Williams misses 19-foot pullup jump shot,107,98,4,2:34,False,0,{'id': '25'},[{'athlete': {'id': '4432823'}}],2026-05-31T02:41:14Z,True,"{'x': 8, 'y': 10}",2,Missed FG,154.0
401873203658,658,"{'id': '155', 'text': 'Defensive Rebound'}",Spurs defensive team rebound,107,98,4,2:31,False,0,{'id': '24'},,2026-05-31T02:41:17Z,False,"{'x': 8, 'y': 10}",0,Rebound,151.0
401873203660,660,"{'id': '115', 'text': 'Driving Dunk Shot'}",Chet Holmgren blocks Dylan Harper 's 2-foot driving dunk,107,98,4,2:16,False,0,{'id': '24'},"[{'athlete': {'id': '5037871'}}, {'athlete': {'id': '4433255'}}]",2026-05-31T02:41:48Z,True,"{'x': 27, 'y': 0}",2,Missed FG,136.0
401873203662,662,"{'id': '155', 'text': 'Defensive Rebound'}",Jaylin Williams defensive rebound,107,98,4,2:13,False,0,{'id': '25'},[{'athlete': {'id': '4432823'}}],2026-05-31T02:41:51Z,False,"{'x': 27, 'y': 0}",0,Rebound,133.0
401873203663,663,"{'id': '92', 'text': 'Jump Shot'}",Cason Wallace makes 25-foot three point jumper (Shai Gilgeous-Alexander assists),107,101,4,2:02,True,3,{'id': '25'},"[{'athlete': {'id': '4683692'}}, {'athlete': {'id': '4278073'}}]",2026-05-31T02:42:02Z,True,"{'x': 42, 'y': 20}",3,+3 Points,122.0
401873203665,665,"{'id': '63', 'text': 'Lost Ball Turnover'}",Stephon Castle lost ball turnover (Chet Holmgren steals),107,101,4,1:36,False,0,{'id': '24'},"[{'athlete': {'id': '4845367'}}, {'athlete': {'id': '4433255'}}]",2026-05-31T02:42:34Z,False,"{'x': 13, 'y': 16}",0,Turnover,96.0
401873203667,667,"{'id': '132', 'text': 'Step Back Jump Shot'}",Shai Gilgeous-Alexander misses 27-foot three point step back jumpshot,107,101,4,1:25,False,0,{'id': '25'},[{'athlete': {'id': '4278073'}}],2026-05-31T02:42:45Z,True,"{'x': 11, 'y': 24}",3,Missed 3PT,85.0
401873203669,669,"{'id': '155', 'text': 'Defensive Rebound'}",Spurs defensive team rebound,107,101,4,1:23,False,0,{'id': '24'},,2026-05-31T02:42:47Z,False,"{'x': 11, 'y': 24}",0,Rebound,83.0
401873203670,670,"{'id': '584', 'text': 'Substitution'}",Devin Vassell enters the game for Dylan Harper,107,101,4,1:23,False,0,{'id': '24'},"[{'athlete': {'id': '4395630'}}, {'athlete': {'id': '5037871'}}]",2026-05-31T02:42:55Z,False,"{'x': -214748340, 'y': -214748365}",0,Substitution,83.0
401873203672,672,"{'id': '584', 'text': 'Substitution'}",Jared McCain enters the game for Chet Holmgren,107,101,4,1:23,False,0,{'id': '25'},"[{'athlete': {'id': '4683778'}}, {'athlete': {'id': '4433255'}}]",2026-05-31T02:43:14Z,False,"{'x': -214748340, 'y': -214748365}",0,Substitution,83.0
401873203676,676,"{'id': '131', 'text': 'Pullup Jump Shot'}",Julian Champagnie misses 19-foot pullup jump shot,107,101,4,1:01,False,0,{'id': '24'},[{'athlete': {'id': '4592479'}}],2026-05-31T02:43:47Z,True,"{'x': 12, 'y': 15}",2,Missed FG,61.0
401873203677,677,"{'id': '156', 'text': 'Offensive Rebound'}",Stephon Castle offensive rebound,107,101,4,59.1,False,0,{'id': '24'},[{'athlete': {'id': '4845367'}}],2026-05-31T02:43:49Z,False,"{'x': 12, 'y': 15}",0,Rebound,59.1
401873203678,678,"{'id': '125', 'text': 'Layup Shot Putback'}",Stephon Castle makes two point shot,109,101,4,59.1,True,2,{'id': '24'},[{'athlete': {'id': '4845367'}}],2026-05-31T02:43:51Z,True,"{'x': 26, 'y': -1}",2,+2 Points,59.1
401873203679,679,"{'id': '110', 'text': 'Driving Layup Shot'}",Cason Wallace makes driving layup,109,103,4,52.9,True,2,{'id': '25'},[{'athlete': {'id': '4683692'}}],2026-05-31T02:44:00Z,True,"{'x': 21, 'y': 2}",2,+2 Points,52.9
401873203680,680,"{'id': '16', 'text': 'Full Timeout'}",Spurs Full timeout,109,103,4,42.9,False,0,{'id': '24'},,2026-05-31T02:44:17Z,False,"{'x': -214748340, 'y': -214748365}",0,Timeout,42.9
401873203681,681,"{'id': '584', 'text': 'Substitution'}",Luguentz Dort enters the game for Jaylin Williams,109,103,4,42.9,False,0,{'id': '25'},"[{'athlete': {'id': '4397020'}}, {'athlete': {'id': '4432823'}}]",2026-05-31T02:45:40Z,False,"{'x': -214748340, 'y': -214748365}",0,Substitution,42.9
401873203682,682,"{'id': '584', 'text': 'Substitution'}",Kenrich Williams enters the game for Jared McCain,109,103,4,42.9,False,0,{'id': '25'},"[{'athlete': {'id': '3133626'}}, {'athlete': {'id': '4683778'}}]",2026-05-31T02:45:40Z,False,"{'x': -214748340, 'y': -214748365}",0,Substitution,42.9
401873203683,683,"{'id': '584', 'text': 'Substitution'}",Dylan Harper enters the game for Julian Champagnie,109,103,4,42.9,False,0,{'id': '24'},"[{'athlete': {'id': '5037871'}}, {'athlete': {'id': '4592479'}}]",2026-05-31T02:45:40Z,False,"{'x': -214748340, 'y': -214748365}",0,Substitution,42.9
401873203687,687,"{'id': '62', 'text': 'Bad Pass\nTurnover'}","Stephon Castle bad pass
turnover (Cason Wallace steals)",109,103,4,40.1,False,0,{'id': '24'},"[{'athlete': {'id': '4845367'}}, {'athlete': {'id': '4683692'}}]",2026-05-31T02:46:05Z,False,"{'x': 49, 'y': 24}",0,Turnover,40.1
401873203689,689,"{'id': '92', 'text': 'Jump Shot'}",Kenrich Williams misses 22-foot three point jumper,109,103,4,28.4,False,0,{'id': '25'},[{'athlete': {'id': '3133626'}}],2026-05-31T02:46:17Z,True,"{'x': 48, 'y': -1}",3,Missed 3PT,28.4
401873203690,690,"{'id': '155', 'text': 'Defensive Rebound'}",Stephon Castle defensive rebound,109,103,4,22.3,False,0,{'id': '24'},[{'athlete': {'id': '4845367'}}],2026-05-31T02:46:23Z,False,"{'x': 48, 'y': -1}",0,Rebound,22.3
401873203691,691,"{'id': '63', 'text': 'Lost Ball Turnover'}",Stephon Castle lost ball turnover (Shai Gilgeous-Alexander steals),109,103,4,22.3,False,0,{'id': '24'},"[{'athlete': {'id': '4845367'}}, {'athlete': {'id': '4278073'}}]",2026-05-31T02:46:24Z,False,"{'x': 24, 'y': 21}",0,Turnover,22.3
401873203693,693,"{'id': '45', 'text': 'Personal Foul'}",De'Aaron Fox personal foul,109,103,4,22.3,False,0,{'id': '24'},[{'athlete': {'id': '4066259'}}],2026-05-31T02:46:28Z,False,"{'x': 7, 'y': 19}",0,Foul,22.3
401873203695,695,"{'id': '584', 'text': 'Substitution'}",Jaylin Williams enters the game for Luguentz Dort,109,103,4,22.3,False,0,{'id': '25'},"[{'athlete': {'id': '4432823'}}, {'athlete': {'id': '4397020'}}]",2026-05-31T02:46:39Z,False,"{'x': -214748340, 'y': -214748365}",0,Substitution,22.3
401873203696,696,"{'id': '584', 'text': 'Substitution'}",Jared McCain enters the game for Kenrich Williams,109,103,4,22.3,False,0,{'id': '25'},"[{'athlete': {'id': '4683778'}}, {'athlete': {'id': '3133626'}}]",2026-05-31T02:46:39Z,False,"{'x': -214748340, 'y': -214748365}",0,Substitution,22.3
401873203697,697,"{'id': '584', 'text': 'Substitution'}",Julian Champagnie enters the game for Dylan Harper,109,103,4,22.3,False,0,{'id': '24'},"[{'athlete': {'id': '4592479'}}, {'athlete': {'id': '5037871'}}]",2026-05-31T02:46:39Z,False,"{'x': -214748340, 'y': -214748365}",0,Substitution,22.3
401873203701,701,"{'id': '131', 'text': 'Pullup Jump Shot'}",Alex Caruso misses 26-foot three point pullup jump shot,109,103,4,18.2,False,0,{'id': '25'},[{'athlete': {'id': '2991350'}}],2026-05-31T02:47:17Z,True,"{'x': 35, 'y': 25}",3,Missed 3PT,18.2
401873203702,702,"{'id': '156', 'text': 'Offensive Rebound'}",Thunder offensive team rebound,109,103,4,17.1,False,0,{'id': '25'},,2026-05-31T02:47:23Z,False,"{'x': 35, 'y': 25}",0,Rebound,17.1
401873203704,704,"{'id': '92', 'text': 'Jump Shot'}",Cason Wallace misses 29-foot three point jumper,109,103,4,12.5,False,0,{'id': '25'},[{'athlete': {'id': '4683692'}}],2026-05-31T02:47:53Z,True,"{'x': 35, 'y': 28}",3,Missed 3PT,12.5
401873203705,705,"{'id': '155', 'text': 'Defensive Rebound'}",Julian Champagnie defensive rebound,109,103,4,8.4,False,0,{'id': '24'},[{'athlete': {'id': '4592479'}}],2026-05-31T02:47:57Z,False,"{'x': 35, 'y': 28}",0,Rebound,8.4
401873203706,706,"{'id': '116', 'text': 'Running Dunk Shot'}",Devin Vassell makes running dunk (De'Aaron Fox assists),111,103,4,4.1,True,2,{'id': '24'},"[{'athlete': {'id': '4395630'}}, {'athlete': {'id': '4066259'}}]",2026-05-31T02:48:02Z,True,"{'x': 26, 'y': 0}",2,+2 Points,4.1
401873203708,708,"{'id': '412', 'text': 'End Period'}",End of the 4th Quarter,111,103,4,0.0,False,0,,,2026-05-31T02:48:19Z,False,"{'x': -214748340, 'y': -214748365}",0,End of 4th,0.0
401873203709,709,"{'id': '402', 'text': 'End Game'}",End of Game,111,103,4,0.0,False,0,,,2026-05-31T02:48:21Z,False,"{'x': -214748340, 'y': -214748365}",0,End of Game,0.0
