id,sequenceNumber,type,text,awayScore,homeScore,period,clock,scoringPlay,scoreValue,team,participants,wallclock,shootingPlay,coordinate,pointsAttempted,shortDescription,clockSec
4018733424,4,"{'id': '615', 'text': 'Jumpball'}",Jarrett Allen vs. Karl-Anthony Towns (Josh Hart gains possession),0,0,1,12:00,False,0,{'id': '18'},"[{'athlete': {'id': '3136195'}}, {'athlete': {'id': '4066328'}}, {'athlete': {'id': '3062679'}}]",2026-05-22T00:13:54Z,False,"{'x': -214748340, 'y': -214748365}",0,Jump Ball,720.0
4018733427,7,"{'id': '144', 'text': 'Driving Floating Jump Shot'}",Jalen Brunson makes 2-foot driving floating jump shot,0,2,1,11:43,True,2,{'id': '18'},[{'athlete': {'id': '3934672'}}],2026-05-22T00:14:09Z,True,"{'x': 26, 'y': 3}",2,+2 Points,703.0
4018733428,8,"{'id': '62', 'text': 'Bad Pass\nTurnover'}","Dean Wade bad pass
turnover (Mikal Bridges steals)",0,2,1,11:39,False,0,{'id': '5'},"[{'athlete': {'id': '3912848'}}, {'athlete': {'id': '3147657'}}]",2026-05-22T00:14:12Z,False,"{'x': 24, 'y': -2}",0,Turnover,699.0
40187334210,10,"{'id': '92', 'text': 'Jump Shot'}",Karl-Anthony Towns makes 26-foot three point jumper (OG Anunoby assists),0,5,1,11:25,True,3,{'id': '18'},"[{'athlete': {'id': '3136195'}}, {'athlete': {'id': '3934719'}}]",2026-05-22T00:14:26Z,True,"{'x': 16, 'y': 26}",3,+3 Points,685.0
40187334212,12,"{'id': '92', 'text': 'Jump Shot'}",Evan Mobley makes 24-foot three point jumper (Dean Wade assists),3,5,1,11:04,True,3,{'id': '5'},"[{'athlete': {'id': '4432158'}}, {'athlete': {'id': '3912848'}}]",2026-05-22T00:14:47Z,True,"{'x': 36, 'y': 23}",3,+3 Points,664.0
40187334214,14,"{'id': '45', 'text': 'Personal Foul'}",Dean Wade personal foul,3,5,1,10:47,False,0,{'id': '5'},[{'athlete': {'id': '3912848'}}],2026-05-22T00:15:07Z,False,"{'x': 36, 'y': 12}",0,Foul,647.0
40187334216,16,"{'id': '92', 'text': 'Jump Shot'}",Josh Hart misses 22-foot three point jumper,3,5,1,10:36,False,0,{'id': '18'},[{'athlete': {'id': '3062679'}}],2026-05-22T00:15:41Z,True,"{'x': 2, 'y': 0}",3,Missed 3PT,636.0
40187334217,17,"{'id': '155', 'text': 'Defensive Rebound'}",Evan Mobley defensive rebound,3,5,1,10:33,False,0,{'id': '5'},[{'athlete': {'id': '4432158'}}],2026-05-22T00:15:44Z,False,"{'x': 2, 'y': 0}",0,Rebound,633.0
40187334218,18,"{'id': '119', 'text': 'Driving Hook Shot'}",Evan Mobley misses 6-foot two point shot,3,5,1,10:26,False,0,{'id': '5'},[{'athlete': {'id': '4432158'}}],2026-05-22T00:15:53Z,True,"{'x': 22, 'y': 6}",2,Missed FG,626.0
40187334219,19,"{'id': '156', 'text': 'Offensive Rebound'}",Jarrett Allen offensive rebound,3,5,1,10:25,False,0,{'id': '5'},[{'athlete': {'id': '4066328'}}],2026-05-22T00:15:54Z,False,"{'x': 22, 'y': 6}",0,Rebound,625.0
40187334220,20,"{'id': '94', 'text': 'Tip Shot'}",Jarrett Allen makes tip shot,5,5,1,10:24,True,2,{'id': '5'},[{'athlete': {'id': '4066328'}}],2026-05-22T00:16:02Z,True,"{'x': 25, 'y': 0}",2,+2 Points,624.0
40187334221,21,"{'id': '92', 'text': 'Jump Shot'}",OG Anunoby misses 23-foot three point jumper,5,5,1,9:58,False,0,{'id': '18'},[{'athlete': {'id': '3934719'}}],2026-05-22T00:16:22Z,True,"{'x': 48, 'y': 1}",3,Missed 3PT,598.0
40187334222,22,"{'id': '156', 'text': 'Offensive Rebound'}",Knicks offensive team rebound,5,5,1,9:57,False,0,{'id': '18'},,2026-05-22T00:16:23Z,False,"{'x': 48, 'y': 1}",0,Rebound,597.0
40187334223,23,"{'id': '70', 'text': 'Shot Clock Turnover'}",shot clock turnover ,5,5,1,9:57,False,0,{'id': '18'},,2026-05-22T00:16:31Z,False,"{'x': 46, 'y': 1}",0,Turnover,597.0
40187334224,24,"{'id': '92', 'text': 'Jump Shot'}",Evan Mobley makes 25-foot three point jumper (James Harden assists),8,5,1,9:44,True,3,{'id': '5'},"[{'athlete': {'id': '4432158'}}, {'athlete': {'id': '3992'}}]",2026-05-22T00:16:52Z,True,"{'x': 29, 'y': 25}",3,+3 Points,584.0
40187334226,26,"{'id': '126', 'text': 'Layup Driving Reverse'}",Josh Hart makes two point shot (Karl-Anthony Towns assists),8,7,1,9:22,True,2,{'id': '18'},"[{'athlete': {'id': '3062679'}}, {'athlete': {'id': '3136195'}}]",2026-05-22T00:17:13Z,True,"{'x': 26, 'y': 0}",2,+2 Points,562.0
40187334228,28,"{'id': '95', 'text': 'Layup Shot'}",Jarrett Allen makes layup (Donovan Mitchell assists),10,7,1,9:11,True,2,{'id': '5'},"[{'athlete': {'id': '4066328'}}, {'athlete': {'id': '3908809'}}]",2026-05-22T00:17:25Z,True,"{'x': 26, 'y': 2}",2,+2 Points,551.0
40187334230,30,"{'id': '92', 'text': 'Jump Shot'}",Jalen Brunson misses 25-foot three point jumper,10,7,1,8:56,False,0,{'id': '18'},[{'athlete': {'id': '3934672'}}],2026-05-22T00:17:41Z,True,"{'x': 13, 'y': 22}",3,Missed 3PT,536.0
40187334231,31,"{'id': '155', 'text': 'Defensive Rebound'}",Jarrett Allen defensive rebound,10,7,1,8:54,False,0,{'id': '5'},[{'athlete': {'id': '4066328'}}],2026-05-22T00:17:43Z,False,"{'x': 13, 'y': 22}",0,Rebound,534.0
40187334232,32,"{'id': '132', 'text': 'Step Back Jump Shot'}",James Harden makes 25-foot three point step back jumpshot,13,7,1,8:40,True,3,{'id': '5'},[{'athlete': {'id': '3992'}}],2026-05-22T00:17:56Z,True,"{'x': 8, 'y': 19}",3,+3 Points,520.0
40187334233,33,"{'id': '92', 'text': 'Jump Shot'}",Josh Hart misses 23-foot three point jumper,13,7,1,8:26,False,0,{'id': '18'},[{'athlete': {'id': '3062679'}}],2026-05-22T00:18:09Z,True,"{'x': 48, 'y': 1}",3,Missed 3PT,506.0
40187334234,34,"{'id': '156', 'text': 'Offensive Rebound'}",Knicks offensive team rebound,13,7,1,8:25,False,0,{'id': '18'},,2026-05-22T00:18:10Z,False,"{'x': 48, 'y': 1}",0,Rebound,505.0
40187334236,36,"{'id': '131', 'text': 'Pullup Jump Shot'}",Mikal Bridges makes 12-foot pullup jump shot (Josh Hart assists),13,9,1,8:12,True,2,{'id': '18'},"[{'athlete': {'id': '3147657'}}, {'athlete': {'id': '3062679'}}]",2026-05-22T00:18:43Z,True,"{'x': 32, 'y': 11}",2,+2 Points,492.0
40187334238,38,"{'id': '132', 'text': 'Step Back Jump Shot'}",OG Anunoby blocks James Harden 's 25-foot three point step back jumpshot,13,9,1,7:54,False,0,{'id': '5'},"[{'athlete': {'id': '3992'}}, {'athlete': {'id': '3934719'}}]",2026-05-22T00:19:00Z,True,"{'x': 33, 'y': 24}",3,Missed 3PT,474.0
40187334240,40,"{'id': '155', 'text': 'Defensive Rebound'}",Karl-Anthony Towns defensive rebound,13,9,1,7:51,False,0,{'id': '18'},[{'athlete': {'id': '3136195'}}],2026-05-22T00:19:03Z,False,"{'x': 33, 'y': 24}",0,Rebound,471.0
40187334241,41,"{'id': '109', 'text': 'Running Layup Shot'}",OG Anunoby makes running layup (Jalen Brunson assists),13,11,1,7:48,True,2,{'id': '18'},"[{'athlete': {'id': '3934719'}}, {'athlete': {'id': '3934672'}}]",2026-05-22T00:19:08Z,True,"{'x': 25, 'y': 0}",2,+2 Points,468.0
40187334243,43,"{'id': '128', 'text': 'Driving Finger Roll Layup'}",Donovan Mitchell misses two point shot,13,11,1,7:37,False,0,{'id': '5'},[{'athlete': {'id': '3908809'}}],2026-05-22T00:19:18Z,True,"{'x': 25, 'y': 1}",2,Missed FG,457.0
40187334244,44,"{'id': '156', 'text': 'Offensive Rebound'}",Jarrett Allen offensive rebound,13,11,1,7:36,False,0,{'id': '5'},[{'athlete': {'id': '4066328'}}],2026-05-22T00:19:19Z,False,"{'x': 25, 'y': 1}",0,Rebound,456.0
40187334245,45,"{'id': '125', 'text': 'Layup Shot Putback'}",OG Anunoby blocks Jarrett Allen 's 3-foot two point shot,13,11,1,7:35,False,0,{'id': '5'},"[{'athlete': {'id': '4066328'}}, {'athlete': {'id': '3934719'}}]",2026-05-22T00:19:21Z,True,"{'x': 24, 'y': 3}",2,Missed FG,455.0
40187334247,47,"{'id': '155', 'text': 'Defensive Rebound'}",Josh Hart defensive rebound,13,11,1,7:34,False,0,{'id': '18'},[{'athlete': {'id': '3062679'}}],2026-05-22T00:19:22Z,False,"{'x': 24, 'y': 3}",0,Rebound,454.0
40187334248,48,"{'id': '86', 'text': 'Out of Bounds - Step Turnover'}",Josh Hart steps out of bounds turnover,13,11,1,7:34,False,0,{'id': '18'},[{'athlete': {'id': '3062679'}}],2026-05-22T00:19:28Z,False,"{'x': 25, 'y': -3}",0,Turnover,454.0
40187334249,49,"{'id': '144', 'text': 'Driving Floating Jump Shot'}",Donovan Mitchell misses driving floating jump shot,13,11,1,7:18,False,0,{'id': '5'},[{'athlete': {'id': '3908809'}}],2026-05-22T00:20:03Z,True,"{'x': 28, 'y': 4}",2,Missed FG,438.0
40187334250,50,"{'id': '156', 'text': 'Offensive Rebound'}",Jarrett Allen offensive rebound,13,11,1,7:17,False,0,{'id': '5'},[{'athlete': {'id': '4066328'}}],2026-05-22T00:20:04Z,False,"{'x': 28, 'y': 4}",0,Rebound,437.0
40187334251,51,"{'id': '44', 'text': 'Shooting Foul'}",OG Anunoby shooting foul,13,11,1,7:16,False,0,{'id': '18'},[{'athlete': {'id': '3934719'}}],2026-05-22T00:20:06Z,False,"{'x': 28, 'y': 2}",0,Foul,436.0
40187334253,53,"{'id': '98', 'text': 'Free Throw - 1 of 2'}",Jarrett Allen makes free throw 1 of 2,14,11,1,7:16,True,1,{'id': '5'},[{'athlete': {'id': '4066328'}}],2026-05-22T00:20:27Z,True,"{'x': -214748340, 'y': -214748365}",1,+1 Point,436.0
40187334254,54,"{'id': '99', 'text': 'Free Throw - 2 of 2'}",Jarrett Allen makes free throw 2 of 2,15,11,1,7:16,True,1,{'id': '5'},[{'athlete': {'id': '4066328'}}],2026-05-22T00:20:48Z,True,"{'x': -214748340, 'y': -214748365}",1,+1 Point,436.0
40187334255,55,"{'id': '137', 'text': 'Turnaround Fade Away Jump Shot'}",Josh Hart misses 4-foot two point shot,15,11,1,7:01,False,0,{'id': '18'},[{'athlete': {'id': '3062679'}}],2026-05-22T00:21:06Z,True,"{'x': 22, 'y': 3}",2,Missed FG,421.0
40187334256,56,"{'id': '155', 'text': 'Defensive Rebound'}",James Harden defensive rebound,15,11,1,7:00,False,0,{'id': '5'},[{'athlete': {'id': '3992'}}],2026-05-22T00:21:07Z,False,"{'x': 22, 'y': 3}",0,Rebound,420.0
40187334257,57,"{'id': '126', 'text': 'Layup Driving Reverse'}",Evan Mobley makes two point shot,17,11,1,6:42,True,2,{'id': '5'},[{'athlete': {'id': '4432158'}}],2026-05-22T00:21:25Z,True,"{'x': 25, 'y': 0}",2,+2 Points,402.0
40187334258,58,"{'id': '92', 'text': 'Jump Shot'}",Josh Hart misses 24-foot three point jumper,17,11,1,6:17,False,0,{'id': '18'},[{'athlete': {'id': '3062679'}}],2026-05-22T00:21:50Z,True,"{'x': 14, 'y': 23}",3,Missed 3PT,377.0
40187334259,59,"{'id': '155', 'text': 'Defensive Rebound'}",Jarrett Allen defensive rebound,17,11,1,6:16,False,0,{'id': '5'},[{'athlete': {'id': '4066328'}}],2026-05-22T00:21:51Z,False,"{'x': 14, 'y': 23}",0,Rebound,376.0
40187334261,61,"{'id': '16', 'text': 'Full Timeout'}",Knicks Full timeout,17,11,1,6:12,False,0,{'id': '18'},,2026-05-22T00:22:01Z,False,"{'x': -214748340, 'y': -214748365}",0,Timeout,372.0
40187334262,62,"{'id': '584', 'text': 'Substitution'}",Max Strus enters the game for Donovan Mitchell,17,11,1,6:12,False,0,{'id': '5'},"[{'athlete': {'id': '4065778'}}, {'athlete': {'id': '3908809'}}]",2026-05-22T00:22:02Z,False,"{'x': -214748340, 'y': -214748365}",0,Substitution,372.0
40187334263,63,"{'id': '584', 'text': 'Substitution'}",Sam Merrill enters the game for Evan Mobley,17,11,1,6:12,False,0,{'id': '5'},"[{'athlete': {'id': '4066757'}}, {'athlete': {'id': '4432158'}}]",2026-05-22T00:22:02Z,False,"{'x': -214748340, 'y': -214748365}",0,Substitution,372.0
40187334266,66,"{'id': '110', 'text': 'Driving Layup Shot'}",OG Anunoby blocks Jarrett Allen 's 4-foot driving layup,17,11,1,5:59,False,0,{'id': '5'},"[{'athlete': {'id': '4066328'}}, {'athlete': {'id': '3934719'}}]",2026-05-22T00:26:01Z,True,"{'x': 26, 'y': 4}",2,Missed FG,359.0
40187334268,68,"{'id': '156', 'text': 'Offensive Rebound'}",Dean Wade offensive rebound,17,11,1,5:56,False,0,{'id': '5'},[{'athlete': {'id': '3912848'}}],2026-05-22T00:26:04Z,False,"{'x': 26, 'y': 4}",0,Rebound,356.0
40187334269,69,"{'id': '92', 'text': 'Jump Shot'}",Sam Merrill misses 23-foot three point jumper,17,11,1,5:51,False,0,{'id': '5'},[{'athlete': {'id': '4066757'}}],2026-05-22T00:26:09Z,True,"{'x': 2, 'y': 4}",3,Missed 3PT,351.0
40187334270,70,"{'id': '155', 'text': 'Defensive Rebound'}",Karl-Anthony Towns defensive rebound,17,11,1,5:48,False,0,{'id': '18'},[{'athlete': {'id': '3136195'}}],2026-05-22T00:26:11Z,False,"{'x': 2, 'y': 4}",0,Rebound,348.0
40187334272,72,"{'id': '121', 'text': 'Fade Away Jump Shot'}",Josh Hart makes 8-foot fade away jump shot (Jalen Brunson assists),17,13,1,5:26,True,2,{'id': '18'},"[{'athlete': {'id': '3062679'}}, {'athlete': {'id': '3934672'}}]",2026-05-22T00:26:53Z,True,"{'x': 26, 'y': 9}",2,+2 Points,326.0
40187334274,74,"{'id': '63', 'text': 'Lost Ball Turnover'}",Dean Wade lost ball turnover (OG Anunoby steals),17,13,1,5:06,False,0,{'id': '5'},"[{'athlete': {'id': '3912848'}}, {'athlete': {'id': '3934719'}}]",2026-05-22T00:27:14Z,False,"{'x': 10, 'y': 6}",0,Turnover,306.0
40187334276,76,"{'id': '109', 'text': 'Running Layup Shot'}",Mikal Bridges makes running layup (OG Anunoby assists),17,15,1,5:00,True,2,{'id': '18'},"[{'athlete': {'id': '3147657'}}, {'athlete': {'id': '3934719'}}]",2026-05-22T00:27:20Z,True,"{'x': 24, 'y': 2}",2,+2 Points,300.0
40187334278,78,"{'id': '92', 'text': 'Jump Shot'}",Sam Merrill misses 24-foot three point jumper,17,15,1,4:47,False,0,{'id': '5'},[{'athlete': {'id': '4066757'}}],2026-05-22T00:27:33Z,True,"{'x': 47, 'y': 12}",3,Missed 3PT,287.0
40187334279,79,"{'id': '155', 'text': 'Defensive Rebound'}",Karl-Anthony Towns defensive rebound,17,15,1,4:44,False,0,{'id': '18'},[{'athlete': {'id': '3136195'}}],2026-05-22T00:27:36Z,False,"{'x': 47, 'y': 12}",0,Rebound,284.0
40187334280,80,"{'id': '128', 'text': 'Driving Finger Roll Layup'}",Mikal Bridges misses two point shot,17,15,1,4:33,False,0,{'id': '18'},[{'athlete': {'id': '3147657'}}],2026-05-22T00:27:46Z,True,"{'x': 25, 'y': 3}",2,Missed FG,273.0
40187334281,81,"{'id': '155', 'text': 'Defensive Rebound'}",Jarrett Allen defensive rebound,17,15,1,4:32,False,0,{'id': '5'},[{'athlete': {'id': '4066328'}}],2026-05-22T00:27:47Z,False,"{'x': 25, 'y': 3}",0,Rebound,272.0
40187334282,82,"{'id': '113', 'text': 'Running Jump Shot'}",Dean Wade makes 24-foot running jump shot (Max Strus assists),20,15,1,4:26,True,3,{'id': '5'},"[{'athlete': {'id': '3912848'}}, {'athlete': {'id': '4065778'}}]",2026-05-22T00:27:54Z,True,"{'x': 1, 'y': 4}",3,+3 Points,266.0
40187334284,84,"{'id': '110', 'text': 'Driving Layup Shot'}",Karl-Anthony Towns makes driving layup (Mikal Bridges assists),20,17,1,4:06,True,2,{'id': '18'},"[{'athlete': {'id': '3136195'}}, {'athlete': {'id': '3147657'}}]",2026-05-22T00:28:14Z,True,"{'x': 25, 'y': 2}",2,+2 Points,246.0
40187334286,86,"{'id': '119', 'text': 'Driving Hook Shot'}",Jarrett Allen misses 2-foot two point shot,20,17,1,3:53,False,0,{'id': '5'},[{'athlete': {'id': '4066328'}}],2026-05-22T00:28:36Z,True,"{'x': 22, 'y': 0}",2,Missed FG,233.0
40187334287,87,"{'id': '155', 'text': 'Defensive Rebound'}",Karl-Anthony Towns defensive rebound,20,17,1,3:51,False,0,{'id': '18'},[{'athlete': {'id': '3136195'}}],2026-05-22T00:28:38Z,False,"{'x': 22, 'y': 0}",0,Rebound,231.0
40187334288,88,"{'id': '110', 'text': 'Driving Layup Shot'}",Karl-Anthony Towns makes driving layup,20,19,1,3:40,True,2,{'id': '18'},[{'athlete': {'id': '3136195'}}],2026-05-22T00:28:48Z,True,"{'x': 27, 'y': 2}",2,+2 Points,220.0
40187334289,89,"{'id': '16', 'text': 'Full Timeout'}",Cavaliers Full timeout,20,19,1,3:39,False,0,{'id': '5'},,2026-05-22T00:28:55Z,False,"{'x': -214748340, 'y': -214748365}",0,Timeout,219.0
40187334290,90,"{'id': '584', 'text': 'Substitution'}",Mitchell Robinson enters the game for OG Anunoby,20,19,1,3:39,False,0,{'id': '18'},"[{'athlete': {'id': '4351852'}}, {'athlete': {'id': '3934719'}}]",2026-05-22T00:28:55Z,False,"{'x': -214748340, 'y': -214748365}",0,Substitution,219.0
40187334291,91,"{'id': '584', 'text': 'Substitution'}",Landry Shamet enters the game for Josh Hart,20,19,1,3:39,False,0,{'id': '18'},"[{'athlete': {'id': '3914044'}}, {'athlete': {'id': '3062679'}}]",2026-05-22T00:28:55Z,False,"{'x': -214748340, 'y': -214748365}",0,Substitution,219.0
40187334292,92,"{'id': '584', 'text': 'Substitution'}",Miles McBride enters the game for Karl-Anthony Towns,20,19,1,3:39,False,0,{'id': '18'},"[{'athlete': {'id': '4431823'}}, {'athlete': {'id': '3136195'}}]",2026-05-22T00:28:55Z,False,"{'x': -214748340, 'y': -214748365}",0,Substitution,219.0
40187334293,93,"{'id': '584', 'text': 'Substitution'}",Dennis Schroder enters the game for Jarrett Allen,20,19,1,3:39,False,0,{'id': '5'},"[{'athlete': {'id': '3032979'}}, {'athlete': {'id': '4066328'}}]",2026-05-22T00:28:55Z,False,"{'x': -214748340, 'y': -214748365}",0,Substitution,219.0
40187334294,94,"{'id': '584', 'text': 'Substitution'}",Evan Mobley enters the game for James Harden,20,19,1,3:39,False,0,{'id': '5'},"[{'athlete': {'id': '4432158'}}, {'athlete': {'id': '3992'}}]",2026-05-22T00:28:55Z,False,"{'x': -214748340, 'y': -214748365}",0,Substitution,219.0
40187334295,95,"{'id': '584', 'text': 'Substitution'}",Donovan Mitchell enters the game for Dean Wade,20,19,1,3:39,False,0,{'id': '5'},"[{'athlete': {'id': '3908809'}}, {'athlete': {'id': '3912848'}}]",2026-05-22T00:28:55Z,False,"{'x': -214748340, 'y': -214748365}",0,Substitution,219.0
401873342102,102,"{'id': '62', 'text': 'Bad Pass\nTurnover'}","Sam Merrill bad pass
turnover (Landry Shamet steals)",20,19,1,3:25,False,0,{'id': '5'},"[{'athlete': {'id': '4066757'}}, {'athlete': {'id': '3914044'}}]",2026-05-22T00:32:51Z,False,"{'x': 33, 'y': 29}",0,Turnover,205.0
401873342104,104,"{'id': '45', 'text': 'Personal Foul'}",Sam Merrill personal foul,20,19,1,3:24,False,0,{'id': '5'},[{'athlete': {'id': '4066757'}}],2026-05-22T00:32:59Z,False,"{'x': 18, 'y': 33}",0,Foul,204.0
401873342106,106,"{'id': '145', 'text': 'Driving Floating Bank Jump Shot'}",Mikal Bridges makes 2-foot two point shot (Miles McBride assists),20,21,1,3:08,True,2,{'id': '18'},"[{'athlete': {'id': '3147657'}}, {'athlete': {'id': '4431823'}}]",2026-05-22T00:33:32Z,True,"{'x': 24, 'y': 2}",2,+2 Points,188.0
401873342108,108,"{'id': '152', 'text': 'Driving Reverse Dunk Shot'}",Evan Mobley makes dunk (Dennis Schroder assists),22,21,1,2:45,True,2,{'id': '5'},"[{'athlete': {'id': '4432158'}}, {'athlete': {'id': '3032979'}}]",2026-05-22T00:33:55Z,True,"{'x': 25, 'y': 0}",2,+2 Points,165.0
401873342109,109,"{'id': '44', 'text': 'Shooting Foul'}",Sam Merrill shooting foul,22,21,1,2:36,False,0,{'id': '5'},[{'athlete': {'id': '4066757'}}],2026-05-22T00:34:07Z,False,"{'x': 26, 'y': 2}",0,Foul,156.0
401873342111,111,"{'id': '98', 'text': 'Free Throw - 1 of 2'}",Mitchell Robinson misses free throw 1 of 2,22,21,1,2:36,False,0,{'id': '18'},[{'athlete': {'id': '4351852'}}],2026-05-22T00:34:42Z,True,"{'x': -214748340, 'y': -214748365}",1,Missed FT,156.0
401873342112,112,"{'id': '156', 'text': 'Offensive Rebound'}",Knicks offensive team rebound,22,21,1,2:36,False,0,{'id': '18'},,2026-05-22T00:34:42Z,False,"{'x': -214748340, 'y': -214748365}",0,Rebound,156.0
401873342113,113,"{'id': '99', 'text': 'Free Throw - 2 of 2'}",Mitchell Robinson misses free throw 2 of 2,22,21,1,2:36,False,0,{'id': '18'},[{'athlete': {'id': '4351852'}}],2026-05-22T00:34:42Z,True,"{'x': -214748340, 'y': -214748365}",1,Missed FT,156.0
401873342114,114,"{'id': '155', 'text': 'Defensive Rebound'}",Donovan Mitchell defensive rebound,22,21,1,2:33,False,0,{'id': '5'},[{'athlete': {'id': '3908809'}}],2026-05-22T00:34:45Z,False,"{'x': -214748340, 'y': -214748365}",0,Rebound,153.0
401873342116,116,"{'id': '145', 'text': 'Driving Floating Bank Jump Shot'}",Dennis Schroder misses two point shot,22,21,1,2:21,False,0,{'id': '5'},[{'athlete': {'id': '3032979'}}],2026-05-22T00:35:18Z,True,"{'x': 33, 'y': 6}",2,Missed FG,141.0
401873342117,117,"{'id': '155', 'text': 'Defensive Rebound'}",Mikal Bridges defensive rebound,22,21,1,2:18,False,0,{'id': '18'},[{'athlete': {'id': '3147657'}}],2026-05-22T00:35:21Z,False,"{'x': 33, 'y': 6}",0,Rebound,138.0
401873342118,118,"{'id': '92', 'text': 'Jump Shot'}",Miles McBride makes 24-foot three point jumper (Mikal Bridges assists),22,24,1,2:09,True,3,{'id': '18'},"[{'athlete': {'id': '4431823'}}, {'athlete': {'id': '3147657'}}]",2026-05-22T00:35:28Z,True,"{'x': 48, 'y': 7}",3,+3 Points,129.0
401873342120,120,"{'id': '131', 'text': 'Pullup Jump Shot'}",Donovan Mitchell misses 25-foot three point pullup jump shot,22,24,1,1:59,False,0,{'id': '5'},[{'athlete': {'id': '3908809'}}],2026-05-22T00:35:38Z,True,"{'x': 38, 'y': 22}",3,Missed 3PT,119.0
401873342121,121,"{'id': '155', 'text': 'Defensive Rebound'}",Landry Shamet defensive rebound,22,24,1,1:56,False,0,{'id': '18'},[{'athlete': {'id': '3914044'}}],2026-05-22T00:35:41Z,False,"{'x': 38, 'y': 22}",0,Rebound,116.0
401873342122,122,"{'id': '131', 'text': 'Pullup Jump Shot'}",Jalen Brunson misses 25-foot three point pullup jump shot,22,24,1,1:43,False,0,{'id': '18'},[{'athlete': {'id': '3934672'}}],2026-05-22T00:35:56Z,True,"{'x': 37, 'y': 23}",3,Missed 3PT,103.0
401873342123,123,"{'id': '155', 'text': 'Defensive Rebound'}",Cavaliers defensive team rebound,22,24,1,1:42,False,0,{'id': '5'},,2026-05-22T00:35:57Z,False,"{'x': 37, 'y': 23}",0,Rebound,102.0
401873342125,125,"{'id': '131', 'text': 'Pullup Jump Shot'}",Evan Mobley misses 17-foot pullup jump shot,22,24,1,1:26,False,0,{'id': '5'},[{'athlete': {'id': '4432158'}}],2026-05-22T00:36:26Z,True,"{'x': 23, 'y': 17}",2,Missed FG,86.0
401873342126,126,"{'id': '155', 'text': 'Defensive Rebound'}",Landry Shamet defensive rebound,22,24,1,1:23,False,0,{'id': '18'},[{'athlete': {'id': '3914044'}}],2026-05-22T00:36:29Z,False,"{'x': 23, 'y': 17}",0,Rebound,83.0
401873342147,147,"{'id': '62', 'text': 'Bad Pass\nTurnover'}","Jalen Brunson bad pass
turnover (Max Strus steals)",22,24,1,1:17,False,0,{'id': '18'},"[{'athlete': {'id': '3934672'}}, {'athlete': {'id': '4065778'}}]",2026-05-22T00:36:34Z,False,"{'x': 25, 'y': 2}",0,Turnover,77.0
401873342129,129,"{'id': '127', 'text': 'Layup Running Reverse'}",Sam Merrill makes two point shot (Dennis Schroder assists),24,24,1,1:10,True,2,{'id': '5'},"[{'athlete': {'id': '4066757'}}, {'athlete': {'id': '3032979'}}]",2026-05-22T00:36:42Z,True,"{'x': 27, 'y': 0}",2,+2 Points,70.0
401873342131,131,"{'id': '45', 'text': 'Personal Foul'}",Donovan Mitchell personal foul,24,24,1,48.9,False,0,{'id': '5'},[{'athlete': {'id': '3908809'}}],2026-05-22T00:37:07Z,False,"{'x': 20, 'y': 6}",0,Foul,48.9
401873342133,133,"{'id': '130', 'text': 'Floating Jump Shot'}",Landry Shamet misses 6-foot floating jump shot,24,24,1,34.0,False,0,{'id': '18'},[{'athlete': {'id': '3914044'}}],2026-05-22T00:37:47Z,True,"{'x': 31, 'y': 2}",2,Missed FG,34.0
401873342134,134,"{'id': '156', 'text': 'Offensive Rebound'}",Knicks offensive team rebound,24,24,1,33.0,False,0,{'id': '18'},,2026-05-22T00:37:48Z,False,"{'x': 31, 'y': 2}",0,Rebound,33.0
401873342135,135,"{'id': '43', 'text': 'Loose Ball Foul'}",Max Strus loose ball foul,24,24,1,33.0,False,0,{'id': '5'},[{'athlete': {'id': '4065778'}}],2026-05-22T00:37:52Z,False,"{'x': 22, 'y': 3}",0,Foul,33.0
401873342137,137,"{'id': '98', 'text': 'Free Throw - 1 of 2'}",Mitchell Robinson misses free throw 1 of 2,24,24,1,33.0,False,0,{'id': '18'},[{'athlete': {'id': '4351852'}}],2026-05-22T00:38:21Z,True,"{'x': -214748340, 'y': -214748365}",1,Missed FT,33.0
401873342138,138,"{'id': '156', 'text': 'Offensive Rebound'}",Knicks offensive team rebound,24,24,1,33.0,False,0,{'id': '18'},,2026-05-22T00:38:21Z,False,"{'x': -214748340, 'y': -214748365}",0,Rebound,33.0
401873342139,139,"{'id': '99', 'text': 'Free Throw - 2 of 2'}",Mitchell Robinson misses free throw 2 of 2,24,24,1,33.0,False,0,{'id': '18'},[{'athlete': {'id': '4351852'}}],2026-05-22T00:38:21Z,True,"{'x': -214748340, 'y': -214748365}",1,Missed FT,33.0
401873342140,140,"{'id': '155', 'text': 'Defensive Rebound'}",Max Strus defensive rebound,24,24,1,31.3,False,0,{'id': '5'},[{'athlete': {'id': '4065778'}}],2026-05-22T00:38:22Z,False,"{'x': -214748340, 'y': -214748365}",0,Rebound,31.3
401873342141,141,"{'id': '92', 'text': 'Jump Shot'}",Sam Merrill misses 25-foot three point jumper,24,24,1,14.5,False,0,{'id': '5'},[{'athlete': {'id': '4066757'}}],2026-05-22T00:39:02Z,True,"{'x': 40, 'y': 21}",3,Missed 3PT,14.5
401873342142,142,"{'id': '156', 'text': 'Offensive Rebound'}",Evan Mobley offensive rebound,24,24,1,11.8,False,0,{'id': '5'},[{'athlete': {'id': '4432158'}}],2026-05-22T00:39:04Z,False,"{'x': 40, 'y': 21}",0,Rebound,11.8
401873342143,143,"{'id': '132', 'text': 'Step Back Jump Shot'}",Donovan Mitchell makes 26-foot three point step back jumpshot,27,24,1,0.7,True,3,{'id': '5'},[{'athlete': {'id': '3908809'}}],2026-05-22T00:39:15Z,True,"{'x': 10, 'y': 22}",3,+3 Points,0.7
401873342144,144,"{'id': '282', 'text': 'Heave Jump Shot'}",Mikal Bridges misses heave jump shot,27,24,1,0.3,False,0,{'id': '18'},[{'athlete': {'id': '3147657'}}],2026-05-22T00:39:23Z,True,"{'x': 12, 'y': 79}",3,Missed 3PT,0.3
401873342145,145,"{'id': '156', 'text': 'Offensive Rebound'}",Knicks offensive team rebound,27,24,1,0.1,False,0,{'id': '18'},,2026-05-22T00:39:24Z,False,"{'x': 33, 'y': 7}",0,Rebound,0.1
401873342146,146,"{'id': '412', 'text': 'End Period'}",End of the 1st Quarter,27,24,1,0.0,False,0,,,2026-05-22T00:39:28Z,False,"{'x': -214748340, 'y': -214748365}",0,End of 1st,0.0
401873342149,149,"{'id': '584', 'text': 'Substitution'}",Jose Alvarado enters the game for Mikal Bridges,27,24,2,12:00,False,0,{'id': '18'},"[{'athlete': {'id': '4277869'}}, {'athlete': {'id': '3147657'}}]",2026-05-22T00:42:23Z,False,"{'x': -214748340, 'y': -214748365}",0,Substitution,720.0
401873342150,150,"{'id': '584', 'text': 'Substitution'}",Karl-Anthony Towns enters the game for Jalen Brunson,27,24,2,12:00,False,0,{'id': '18'},"[{'athlete': {'id': '3136195'}}, {'athlete': {'id': '3934672'}}]",2026-05-22T00:42:23Z,False,"{'x': -214748340, 'y': -214748365}",0,Substitution,720.0
401873342151,151,"{'id': '584', 'text': 'Substitution'}",Josh Hart enters the game for Mitchell Robinson,27,24,2,12:00,False,0,{'id': '18'},"[{'athlete': {'id': '3062679'}}, {'athlete': {'id': '4351852'}}]",2026-05-22T00:42:23Z,False,"{'x': -214748340, 'y': -214748365}",0,Substitution,720.0
401873342156,156,"{'id': '92', 'text': 'Jump Shot'}",Max Strus misses 26-foot three point jumper,27,24,2,11:41,False,0,{'id': '5'},[{'athlete': {'id': '4065778'}}],2026-05-22T00:43:23Z,True,"{'x': 5, 'y': 17}",3,Missed 3PT,701.0
401873342157,157,"{'id': '155', 'text': 'Defensive Rebound'}",Jose Alvarado defensive rebound,27,24,2,11:39,False,0,{'id': '18'},[{'athlete': {'id': '4277869'}}],2026-05-22T00:43:25Z,False,"{'x': 5, 'y': 17}",0,Rebound,699.0
401873342158,158,"{'id': '121', 'text': 'Fade Away Jump Shot'}",Miles McBride makes 10-foot fade away jump shot,27,26,2,11:21,True,2,{'id': '18'},[{'athlete': {'id': '4431823'}}],2026-05-22T00:43:43Z,True,"{'x': 35, 'y': 3}",2,+2 Points,681.0
401873342159,159,"{'id': '128', 'text': 'Driving Finger Roll Layup'}",Donovan Mitchell makes 1-foot two point shot,29,26,2,11:09,True,2,{'id': '5'},[{'athlete': {'id': '3908809'}}],2026-05-22T00:43:55Z,True,"{'x': 26, 'y': 2}",2,+2 Points,669.0
401873342160,160,"{'id': '92', 'text': 'Jump Shot'}",Karl-Anthony Towns makes 25-foot three point jumper (Jose Alvarado assists),29,29,2,10:54,True,3,{'id': '18'},"[{'athlete': {'id': '3136195'}}, {'athlete': {'id': '4277869'}}]",2026-05-22T00:44:09Z,True,"{'x': 22, 'y': 26}",3,+3 Points,654.0
401873342162,162,"{'id': '95', 'text': 'Layup Shot'}",Max Strus misses layup,29,29,2,10:43,False,0,{'id': '5'},[{'athlete': {'id': '4065778'}}],2026-05-22T00:44:23Z,True,"{'x': 25, 'y': 2}",2,Missed FG,643.0
401873342163,163,"{'id': '156', 'text': 'Offensive Rebound'}",Max Strus offensive rebound,29,29,2,10:42,False,0,{'id': '5'},[{'athlete': {'id': '4065778'}}],2026-05-22T00:44:24Z,False,"{'x': 25, 'y': 2}",0,Rebound,642.0
401873342164,164,"{'id': '94', 'text': 'Tip Shot'}",Max Strus misses tip shot,29,29,2,10:42,False,0,{'id': '5'},[{'athlete': {'id': '4065778'}}],2026-05-22T00:44:28Z,True,"{'x': 25, 'y': 0}",2,Missed FG,642.0
401873342165,165,"{'id': '156', 'text': 'Offensive Rebound'}",Max Strus offensive rebound,29,29,2,10:42,False,0,{'id': '5'},[{'athlete': {'id': '4065778'}}],2026-05-22T00:44:28Z,False,"{'x': 25, 'y': 0}",0,Rebound,642.0
401873342184,184,"{'id': '94', 'text': 'Tip Shot'}",Max Strus misses 1-foot tip shot,29,29,2,10:41,False,0,{'id': '5'},[{'athlete': {'id': '4065778'}}],2026-05-22T00:44:28Z,True,"{'x': 24, 'y': 1}",2,Missed FG,641.0
401873342185,185,"{'id': '156', 'text': 'Offensive Rebound'}",Evan Mobley offensive rebound,29,29,2,10:41,False,0,{'id': '5'},[{'athlete': {'id': '4432158'}}],2026-05-22T00:44:28Z,False,"{'x': 24, 'y': 1}",0,Rebound,641.0
401873342166,166,"{'id': '94', 'text': 'Tip Shot'}",Evan Mobley makes tip shot,31,29,2,10:40,True,2,{'id': '5'},[{'athlete': {'id': '4432158'}}],2026-05-22T00:44:29Z,True,"{'x': 25, 'y': 0}",2,+2 Points,640.0
401873342167,167,"{'id': '119', 'text': 'Driving Hook Shot'}",Karl-Anthony Towns makes 1-foot two point shot (Miles McBride assists),31,31,2,10:20,True,2,{'id': '18'},"[{'athlete': {'id': '3136195'}}, {'athlete': {'id': '4431823'}}]",2026-05-22T00:44:45Z,True,"{'x': 26, 'y': 2}",2,+2 Points,620.0
401873342168,168,"{'id': '92', 'text': 'Jump Shot'}",Dennis Schroder misses 25-foot three point jumper,31,31,2,10:02,False,0,{'id': '5'},[{'athlete': {'id': '3032979'}}],2026-05-22T00:45:02Z,True,"{'x': 2, 'y': 13}",3,Missed 3PT,602.0
401873342169,169,"{'id': '155', 'text': 'Defensive Rebound'}",Karl-Anthony Towns defensive rebound,31,31,2,10:00,False,0,{'id': '18'},[{'athlete': {'id': '3136195'}}],2026-05-22T00:45:04Z,False,"{'x': 2, 'y': 13}",0,Rebound,600.0
401873342170,170,"{'id': '92', 'text': 'Jump Shot'}",Miles McBride misses 23-foot three point jumper,31,31,2,9:47,False,0,{'id': '18'},[{'athlete': {'id': '4431823'}}],2026-05-22T00:45:17Z,True,"{'x': 2, 'y': 2}",3,Missed 3PT,587.0
401873342171,171,"{'id': '155', 'text': 'Defensive Rebound'}",Dennis Schroder defensive rebound,31,31,2,9:45,False,0,{'id': '5'},[{'athlete': {'id': '3032979'}}],2026-05-22T00:45:19Z,False,"{'x': 2, 'y': 2}",0,Rebound,585.0
401873342172,172,"{'id': '109', 'text': 'Running Layup Shot'}",Jose Alvarado blocks Dennis Schroder 's 5-foot running layup,31,31,2,9:40,False,0,{'id': '5'},"[{'athlete': {'id': '3032979'}}, {'athlete': {'id': '4277869'}}]",2026-05-22T00:45:26Z,True,"{'x': 20, 'y': 2}",2,Missed FG,580.0
401873342174,174,"{'id': '155', 'text': 'Defensive Rebound'}",Knicks defensive team rebound,31,31,2,9:39,False,0,{'id': '18'},,2026-05-22T00:45:27Z,False,"{'x': 20, 'y': 2}",0,Rebound,579.0
401873342176,176,"{'id': '584', 'text': 'Substitution'}",Jaylon Tyson enters the game for Max Strus,31,31,2,9:39,False,0,{'id': '5'},"[{'athlete': {'id': '4683747'}}, {'athlete': {'id': '4065778'}}]",2026-05-22T00:45:30Z,False,"{'x': -214748340, 'y': -214748365}",0,Substitution,579.0
401873342177,177,"{'id': '584', 'text': 'Substitution'}",Dean Wade enters the game for Sam Merrill,31,31,2,9:39,False,0,{'id': '5'},"[{'athlete': {'id': '3912848'}}, {'athlete': {'id': '4066757'}}]",2026-05-22T00:45:30Z,False,"{'x': -214748340, 'y': -214748365}",0,Substitution,579.0
401873342186,186,"{'id': '92', 'text': 'Jump Shot'}",Donovan Mitchell blocks Miles McBride 's 27-foot three point jumper,31,31,2,9:22,False,0,{'id': '18'},"[{'athlete': {'id': '4431823'}}, {'athlete': {'id': '3908809'}}]",2026-05-22T00:45:49Z,True,"{'x': 43, 'y': 19}",3,Missed 3PT,562.0
401873342182,182,"{'id': '16', 'text': 'Full Timeout'}",Cavaliers Full timeout,31,31,2,9:21,False,0,{'id': '5'},,2026-05-22T00:46:23Z,False,"{'x': -214748340, 'y': -214748365}",0,Timeout,561.0
401873342183,183,"{'id': '215', 'text': ""Coach's Challenge (Overturned)""}",(09:21) [Cavaliers] COACH'S CHALLENGE (CALL OVERTURNED) [Cavaliers] retain their timeout,31,31,2,9:21,False,0,{'id': '5'},,2026-05-22T00:46:25Z,False,"{'x': -214748340, 'y': -214748365}",0,Challenge,561.0
401873342188,188,"{'id': '155', 'text': 'Defensive Rebound'}",Cavaliers defensive team rebound,31,31,2,9:21,False,0,{'id': '5'},,2026-05-22T00:45:50Z,False,"{'x': 43, 'y': 19}",0,Rebound,561.0
401873342190,190,"{'id': '584', 'text': 'Substitution'}",Mikal Bridges enters the game for Miles McBride,31,31,2,9:21,False,0,{'id': '18'},"[{'athlete': {'id': '3147657'}}, {'athlete': {'id': '4431823'}}]",2026-05-22T00:46:24Z,False,"{'x': -214748340, 'y': -214748365}",0,Substitution,561.0
401873342191,191,"{'id': '584', 'text': 'Substitution'}",Jordan Clarkson enters the game for Landry Shamet,31,31,2,9:21,False,0,{'id': '18'},"[{'athlete': {'id': '2528426'}}, {'athlete': {'id': '3914044'}}]",2026-05-22T00:46:24Z,False,"{'x': -214748340, 'y': -214748365}",0,Substitution,561.0
401873342192,192,"{'id': '584', 'text': 'Substitution'}",Mitchell Robinson enters the game for Josh Hart,31,31,2,9:21,False,0,{'id': '18'},"[{'athlete': {'id': '4351852'}}, {'athlete': {'id': '3062679'}}]",2026-05-22T00:46:24Z,False,"{'x': -214748340, 'y': -214748365}",0,Substitution,561.0
401873342196,196,"{'id': '110', 'text': 'Driving Layup Shot'}",Dennis Schroder makes driving layup (Dean Wade assists),33,31,2,9:04,True,2,{'id': '5'},"[{'athlete': {'id': '3032979'}}, {'athlete': {'id': '3912848'}}]",2026-05-22T00:50:13Z,True,"{'x': 27, 'y': 1}",2,+2 Points,544.0
401873342198,198,"{'id': '144', 'text': 'Driving Floating Jump Shot'}",Evan Mobley blocks Karl-Anthony Towns 's 5-foot driving floating jump shot,33,31,2,8:43,False,0,{'id': '18'},"[{'athlete': {'id': '3136195'}}, {'athlete': {'id': '4432158'}}]",2026-05-22T00:50:33Z,True,"{'x': 26, 'y': 5}",2,Missed FG,523.0
401873342200,200,"{'id': '155', 'text': 'Defensive Rebound'}",Donovan Mitchell defensive rebound,33,31,2,8:40,False,0,{'id': '5'},[{'athlete': {'id': '3908809'}}],2026-05-22T00:50:36Z,False,"{'x': 26, 'y': 5}",0,Rebound,520.0
401873342201,201,"{'id': '92', 'text': 'Jump Shot'}",Dean Wade misses 25-foot three point jumper,33,31,2,8:34,False,0,{'id': '5'},[{'athlete': {'id': '3912848'}}],2026-05-22T00:50:43Z,True,"{'x': 35, 'y': 24}",3,Missed 3PT,514.0
401873342202,202,"{'id': '155', 'text': 'Defensive Rebound'}",Mitchell Robinson defensive rebound,33,31,2,8:31,False,0,{'id': '18'},[{'athlete': {'id': '4351852'}}],2026-05-22T00:50:46Z,False,"{'x': 35, 'y': 24}",0,Rebound,511.0
401873342203,203,"{'id': '113', 'text': 'Running Jump Shot'}",Karl-Anthony Towns misses 25-foot running jump shot,33,31,2,8:25,False,0,{'id': '18'},[{'athlete': {'id': '3136195'}}],2026-05-22T00:50:51Z,True,"{'x': 11, 'y': 21}",3,Missed 3PT,505.0
401873342204,204,"{'id': '155', 'text': 'Defensive Rebound'}",Dennis Schroder defensive rebound,33,31,2,8:23,False,0,{'id': '5'},[{'athlete': {'id': '3032979'}}],2026-05-22T00:50:53Z,False,"{'x': 11, 'y': 21}",0,Rebound,503.0
401873342205,205,"{'id': '92', 'text': 'Jump Shot'}",Jaylon Tyson misses 23-foot three point jumper,33,31,2,8:10,False,0,{'id': '5'},[{'athlete': {'id': '4683747'}}],2026-05-22T00:51:07Z,True,"{'x': 2, 'y': 1}",3,Missed 3PT,490.0
401873342206,206,"{'id': '155', 'text': 'Defensive Rebound'}",Knicks defensive team rebound,33,31,2,8:07,False,0,{'id': '18'},,2026-05-22T00:51:10Z,False,"{'x': 2, 'y': 1}",0,Rebound,487.0
401873342208,208,"{'id': '44', 'text': 'Shooting Foul'}",Dean Wade shooting foul,33,31,2,7:52,False,0,{'id': '5'},[{'athlete': {'id': '3912848'}}],2026-05-22T00:51:44Z,False,"{'x': 21, 'y': 0}",0,Foul,472.0
401873342210,210,"{'id': '98', 'text': 'Free Throw - 1 of 2'}",Karl-Anthony Towns makes free throw 1 of 2,33,32,2,7:52,True,1,{'id': '18'},[{'athlete': {'id': '3136195'}}],2026-05-22T00:52:21Z,True,"{'x': -214748340, 'y': -214748365}",1,+1 Point,472.0
401873342211,211,"{'id': '584', 'text': 'Substitution'}",OG Anunoby enters the game for Mitchell Robinson,33,32,2,7:52,False,0,{'id': '18'},"[{'athlete': {'id': '3934719'}}, {'athlete': {'id': '4351852'}}]",2026-05-22T00:52:21Z,False,"{'x': -214748340, 'y': -214748365}",0,Substitution,472.0
401873342212,212,"{'id': '584', 'text': 'Substitution'}",James Harden enters the game for Evan Mobley,33,32,2,7:52,False,0,{'id': '5'},"[{'athlete': {'id': '3992'}}, {'athlete': {'id': '4432158'}}]",2026-05-22T00:52:21Z,False,"{'x': -214748340, 'y': -214748365}",0,Substitution,472.0
401873342213,213,"{'id': '584', 'text': 'Substitution'}",Sam Merrill enters the game for Dennis Schroder,33,32,2,7:52,False,0,{'id': '5'},"[{'athlete': {'id': '4066757'}}, {'athlete': {'id': '3032979'}}]",2026-05-22T00:52:21Z,False,"{'x': -214748340, 'y': -214748365}",0,Substitution,472.0
401873342214,214,"{'id': '584', 'text': 'Substitution'}",Jarrett Allen enters the game for Donovan Mitchell,33,32,2,7:52,False,0,{'id': '5'},"[{'athlete': {'id': '4066328'}}, {'athlete': {'id': '3908809'}}]",2026-05-22T00:52:21Z,False,"{'x': -214748340, 'y': -214748365}",0,Substitution,472.0
401873342219,219,"{'id': '99', 'text': 'Free Throw - 2 of 2'}",Karl-Anthony Towns misses free throw 2 of 2,33,32,2,7:52,False,0,{'id': '18'},[{'athlete': {'id': '3136195'}}],2026-05-22T00:52:21Z,True,"{'x': -214748340, 'y': -214748365}",1,Missed FT,472.0
401873342220,220,"{'id': '155', 'text': 'Defensive Rebound'}",Dean Wade defensive rebound,33,32,2,7:49,False,0,{'id': '5'},[{'athlete': {'id': '3912848'}}],2026-05-22T00:52:24Z,False,"{'x': -214748340, 'y': -214748365}",0,Rebound,469.0
401873342221,221,"{'id': '92', 'text': 'Jump Shot'}",Sam Merrill misses 25-foot three point jumper,33,32,2,7:36,False,0,{'id': '5'},[{'athlete': {'id': '4066757'}}],2026-05-22T00:53:14Z,True,"{'x': 28, 'y': 26}",3,Missed 3PT,456.0
401873342222,222,"{'id': '155', 'text': 'Defensive Rebound'}",Karl-Anthony Towns defensive rebound,33,32,2,7:33,False,0,{'id': '18'},[{'athlete': {'id': '3136195'}}],2026-05-22T00:53:17Z,False,"{'x': 28, 'y': 26}",0,Rebound,453.0
401873342223,223,"{'id': '146', 'text': 'Running Pullup Jump Shot'}",Mikal Bridges makes 1-foot running pullup jump shot,33,34,2,7:27,True,2,{'id': '18'},[{'athlete': {'id': '3147657'}}],2026-05-22T00:53:23Z,True,"{'x': 24, 'y': 2}",2,+2 Points,447.0
401873342224,224,"{'id': '45', 'text': 'Personal Foul'}",Mikal Bridges personal foul,33,34,2,7:20,False,0,{'id': '18'},[{'athlete': {'id': '3147657'}}],2026-05-22T00:53:33Z,False,"{'x': 17, 'y': 37}",0,Foul,440.0
401873342226,226,"{'id': '584', 'text': 'Substitution'}",Jalen Brunson enters the game for Jose Alvarado,33,34,2,7:20,False,0,{'id': '18'},"[{'athlete': {'id': '3934672'}}, {'athlete': {'id': '4277869'}}]",2026-05-22T00:53:33Z,False,"{'x': -214748340, 'y': -214748365}",0,Substitution,440.0
401873342228,228,"{'id': '584', 'text': 'Substitution'}",Mitchell Robinson enters the game for Karl-Anthony Towns,33,34,2,7:20,False,0,{'id': '18'},"[{'athlete': {'id': '4351852'}}, {'athlete': {'id': '3136195'}}]",2026-05-22T00:53:33Z,False,"{'x': -214748340, 'y': -214748365}",0,Substitution,440.0
401873342230,230,"{'id': '110', 'text': 'Driving Layup Shot'}",Mitchell Robinson blocks James Harden 's 3-foot driving layup,33,34,2,7:02,False,0,{'id': '5'},"[{'athlete': {'id': '3992'}}, {'athlete': {'id': '4351852'}}]",2026-05-22T00:54:16Z,True,"{'x': 22, 'y': 1}",2,Missed FG,422.0
401873342232,232,"{'id': '156', 'text': 'Offensive Rebound'}",Jaylon Tyson offensive rebound,33,34,2,7:00,False,0,{'id': '5'},[{'athlete': {'id': '4683747'}}],2026-05-22T00:54:18Z,False,"{'x': 22, 'y': 1}",0,Rebound,420.0
401873342233,233,"{'id': '92', 'text': 'Jump Shot'}",Sam Merrill misses 25-foot three point jumper,33,34,2,6:59,False,0,{'id': '5'},[{'athlete': {'id': '4066757'}}],2026-05-22T00:54:22Z,True,"{'x': 12, 'y': 22}",3,Missed 3PT,419.0
401873342234,234,"{'id': '156', 'text': 'Offensive Rebound'}",Cavaliers offensive team rebound,33,34,2,6:58,False,0,{'id': '5'},,2026-05-22T00:54:23Z,False,"{'x': 12, 'y': 22}",0,Rebound,418.0
401873342236,236,"{'id': '144', 'text': 'Driving Floating Jump Shot'}",James Harden misses driving floating jump shot,33,34,2,6:45,False,0,{'id': '5'},[{'athlete': {'id': '3992'}}],2026-05-22T00:54:53Z,True,"{'x': 23, 'y': 8}",2,Missed FG,405.0
401873342237,237,"{'id': '155', 'text': 'Defensive Rebound'}",Mitchell Robinson defensive rebound,33,34,2,6:42,False,0,{'id': '18'},[{'athlete': {'id': '4351852'}}],2026-05-22T00:54:56Z,False,"{'x': 23, 'y': 8}",0,Rebound,402.0
401873342264,264,"{'id': '63', 'text': 'Lost Ball Turnover'}",Mitchell Robinson lost ball turnover (James Harden steals),33,34,2,6:42,False,0,{'id': '18'},"[{'athlete': {'id': '4351852'}}, {'athlete': {'id': '3992'}}]",2026-05-22T00:55:02Z,False,"{'x': 20, 'y': 1}",0,Turnover,402.0
401873342238,238,"{'id': '44', 'text': 'Shooting Foul'}",OG Anunoby shooting foul,33,34,2,6:30,False,0,{'id': '18'},[{'athlete': {'id': '3934719'}}],2026-05-22T00:55:11Z,False,"{'x': 27, 'y': 10}",0,Foul,390.0
401873342240,240,"{'id': '98', 'text': 'Free Throw - 1 of 2'}",Jarrett Allen misses free throw 1 of 2,33,34,2,6:30,False,0,{'id': '5'},[{'athlete': {'id': '4066328'}}],2026-05-22T00:55:37Z,True,"{'x': -214748340, 'y': -214748365}",1,Missed FT,390.0
401873342241,241,"{'id': '156', 'text': 'Offensive Rebound'}",Cavaliers offensive team rebound,33,34,2,6:30,False,0,{'id': '5'},,2026-05-22T00:55:37Z,False,"{'x': -214748340, 'y': -214748365}",0,Rebound,390.0
401873342242,242,"{'id': '99', 'text': 'Free Throw - 2 of 2'}",Jarrett Allen makes free throw 2 of 2,34,34,2,6:30,True,1,{'id': '5'},[{'athlete': {'id': '4066328'}}],2026-05-22T00:55:56Z,True,"{'x': -214748340, 'y': -214748365}",1,+1 Point,390.0
401873342243,243,"{'id': '144', 'text': 'Driving Floating Jump Shot'}",Mikal Bridges makes 6-foot driving floating jump shot (Jalen Brunson assists),34,36,2,6:16,True,2,{'id': '18'},"[{'athlete': {'id': '3147657'}}, {'athlete': {'id': '3934672'}}]",2026-05-22T00:56:15Z,True,"{'x': 28, 'y': 6}",2,+2 Points,376.0
401873342245,245,"{'id': '144', 'text': 'Driving Floating Jump Shot'}",James Harden makes 9-foot driving floating jump shot,36,36,2,5:59,True,2,{'id': '5'},[{'athlete': {'id': '3992'}}],2026-05-22T00:56:31Z,True,"{'x': 24, 'y': 10}",2,+2 Points,359.0
401873342246,246,"{'id': '131', 'text': 'Pullup Jump Shot'}",Jalen Brunson misses 20-foot pullup jump shot,36,36,2,5:39,False,0,{'id': '18'},[{'athlete': {'id': '3934672'}}],2026-05-22T00:56:52Z,True,"{'x': 38, 'y': 16}",2,Missed FG,339.0
401873342247,247,"{'id': '156', 'text': 'Offensive Rebound'}",Mitchell Robinson offensive rebound,36,36,2,5:36,False,0,{'id': '18'},[{'athlete': {'id': '4351852'}}],2026-05-22T00:56:55Z,False,"{'x': 38, 'y': 16}",0,Rebound,336.0
401873342248,248,"{'id': '94', 'text': 'Tip Shot'}",Mitchell Robinson makes tip shot,36,38,2,5:36,True,2,{'id': '18'},[{'athlete': {'id': '4351852'}}],2026-05-22T00:56:57Z,True,"{'x': 25, 'y': 0}",2,+2 Points,336.0
401873342249,249,"{'id': '131', 'text': 'Pullup Jump Shot'}",Sam Merrill misses 25-foot three point pullup jump shot,36,38,2,5:20,False,0,{'id': '5'},[{'athlete': {'id': '4066757'}}],2026-05-22T00:57:10Z,True,"{'x': 24, 'y': 26}",3,Missed 3PT,320.0
401873342250,250,"{'id': '155', 'text': 'Defensive Rebound'}",OG Anunoby defensive rebound,36,38,2,5:20,False,0,{'id': '18'},[{'athlete': {'id': '3934719'}}],2026-05-22T00:57:10Z,False,"{'x': 24, 'y': 26}",0,Rebound,320.0
401873342251,251,"{'id': '128', 'text': 'Driving Finger Roll Layup'}",OG Anunoby makes 1-foot two point shot (Jalen Brunson assists),36,40,2,5:10,True,2,{'id': '18'},"[{'athlete': {'id': '3934719'}}, {'athlete': {'id': '3934672'}}]",2026-05-22T00:57:21Z,True,"{'x': 24, 'y': 1}",2,+2 Points,310.0
401873342253,253,"{'id': '44', 'text': 'Shooting Foul'}",Jordan Clarkson shooting foul,36,40,2,4:59,False,0,{'id': '18'},[{'athlete': {'id': '2528426'}}],2026-05-22T00:57:34Z,False,"{'x': 21, 'y': 10}",0,Foul,299.0
401873342255,255,"{'id': '98', 'text': 'Free Throw - 1 of 2'}",James Harden makes free throw 1 of 2,37,40,2,4:59,True,1,{'id': '5'},[{'athlete': {'id': '3992'}}],2026-05-22T00:58:02Z,True,"{'x': -214748340, 'y': -214748365}",1,+1 Point,299.0
401873342256,256,"{'id': '584', 'text': 'Substitution'}",Josh Hart enters the game for Jordan Clarkson,37,40,2,4:59,False,0,{'id': '18'},"[{'athlete': {'id': '3062679'}}, {'athlete': {'id': '2528426'}}]",2026-05-22T00:58:02Z,False,"{'x': -214748340, 'y': -214748365}",0,Substitution,299.0
401873342257,257,"{'id': '584', 'text': 'Substitution'}",Evan Mobley enters the game for Jaylon Tyson,37,40,2,4:59,False,0,{'id': '5'},"[{'athlete': {'id': '4432158'}}, {'athlete': {'id': '4683747'}}]",2026-05-22T00:58:02Z,False,"{'x': -214748340, 'y': -214748365}",0,Substitution,299.0
401873342258,258,"{'id': '584', 'text': 'Substitution'}",Max Strus enters the game for Dean Wade,37,40,2,4:59,False,0,{'id': '5'},"[{'athlete': {'id': '4065778'}}, {'athlete': {'id': '3912848'}}]",2026-05-22T00:58:02Z,False,"{'x': -214748340, 'y': -214748365}",0,Substitution,299.0
401873342259,259,"{'id': '584', 'text': 'Substitution'}",Donovan Mitchell enters the game for Sam Merrill,37,40,2,4:59,False,0,{'id': '5'},"[{'athlete': {'id': '3908809'}}, {'athlete': {'id': '4066757'}}]",2026-05-22T00:58:02Z,False,"{'x': -214748340, 'y': -214748365}",0,Substitution,299.0
401873342266,266,"{'id': '99', 'text': 'Free Throw - 2 of 2'}",James Harden makes free throw 2 of 2,38,40,2,4:59,True,1,{'id': '5'},[{'athlete': {'id': '3992'}}],2026-05-22T00:58:36Z,True,"{'x': -214748340, 'y': -214748365}",1,+1 Point,299.0
401873342267,267,"{'id': '137', 'text': 'Turnaround Fade Away Jump Shot'}",Josh Hart misses 16-foot two point shot,38,40,2,4:34,False,0,{'id': '18'},[{'athlete': {'id': '3062679'}}],2026-05-22T00:59:02Z,True,"{'x': 19, 'y': 16}",2,Missed FG,274.0
401873342268,268,"{'id': '155', 'text': 'Defensive Rebound'}",James Harden defensive rebound,38,40,2,4:31,False,0,{'id': '5'},[{'athlete': {'id': '3992'}}],2026-05-22T00:59:05Z,False,"{'x': 19, 'y': 16}",0,Rebound,271.0
401873342269,269,"{'id': '44', 'text': 'Shooting Foul'}",Mitchell Robinson shooting foul,38,40,2,4:18,False,0,{'id': '18'},[{'athlete': {'id': '4351852'}}],2026-05-22T00:59:21Z,False,"{'x': 27, 'y': 2}",0,Foul,258.0
401873342271,271,"{'id': '98', 'text': 'Free Throw - 1 of 2'}",Evan Mobley makes free throw 1 of 2,39,40,2,4:18,True,1,{'id': '5'},[{'athlete': {'id': '4432158'}}],2026-05-22T00:59:48Z,True,"{'x': -214748340, 'y': -214748365}",1,+1 Point,258.0
401873342272,272,"{'id': '99', 'text': 'Free Throw - 2 of 2'}",Evan Mobley makes free throw 2 of 2,40,40,2,4:18,True,1,{'id': '5'},[{'athlete': {'id': '4432158'}}],2026-05-22T01:00:09Z,True,"{'x': -214748340, 'y': -214748365}",1,+1 Point,258.0
401873342273,273,"{'id': '44', 'text': 'Shooting Foul'}",James Harden shooting foul,40,40,2,4:00,False,0,{'id': '5'},[{'athlete': {'id': '3992'}}],2026-05-22T01:00:31Z,False,"{'x': 14, 'y': 4}",0,Foul,240.0
401873342275,275,"{'id': '98', 'text': 'Free Throw - 1 of 2'}",OG Anunoby makes free throw 1 of 2,40,41,2,4:00,True,1,{'id': '18'},[{'athlete': {'id': '3934719'}}],2026-05-22T01:00:53Z,True,"{'x': -214748340, 'y': -214748365}",1,+1 Point,240.0
401873342276,276,"{'id': '99', 'text': 'Free Throw - 2 of 2'}",OG Anunoby makes free throw 2 of 2,40,42,2,4:00,True,1,{'id': '18'},[{'athlete': {'id': '3934719'}}],2026-05-22T01:01:15Z,True,"{'x': -214748340, 'y': -214748365}",1,+1 Point,240.0
401873342277,277,"{'id': '132', 'text': 'Step Back Jump Shot'}",Donovan Mitchell misses 25-foot three point step back jumpshot,40,42,2,3:47,False,0,{'id': '5'},[{'athlete': {'id': '3908809'}}],2026-05-22T01:01:29Z,True,"{'x': 27, 'y': 26}",3,Missed 3PT,227.0
401873342278,278,"{'id': '155', 'text': 'Defensive Rebound'}",Mitchell Robinson defensive rebound,40,42,2,3:43,False,0,{'id': '18'},[{'athlete': {'id': '4351852'}}],2026-05-22T01:01:33Z,False,"{'x': 27, 'y': 26}",0,Rebound,223.0
401873342279,279,"{'id': '92', 'text': 'Jump Shot'}",Josh Hart makes 23-foot three point jumper (Mikal Bridges assists),40,45,2,3:27,True,3,{'id': '18'},"[{'athlete': {'id': '3062679'}}, {'athlete': {'id': '3147657'}}]",2026-05-22T01:01:49Z,True,"{'x': 49, 'y': 1}",3,+3 Points,207.0
401873342281,281,"{'id': '42', 'text': 'Offensive Foul'}",Max Strus offensive foul,40,45,2,3:14,False,0,{'id': '5'},[{'athlete': {'id': '4065778'}}],2026-05-22T01:02:05Z,False,"{'x': 23, 'y': 7}",0,Foul,194.0
401873342283,283,"{'id': '84', 'text': 'Offensive Foul Turnover'}",Max Strus offensive foul turnover,40,45,2,3:14,False,0,{'id': '5'},[{'athlete': {'id': '4065778'}}],2026-05-22T01:02:05Z,False,"{'x': 23, 'y': 7}",0,Turnover,194.0
401873342284,284,"{'id': '584', 'text': 'Substitution'}",Karl-Anthony Towns enters the game for Mitchell Robinson,40,45,2,3:14,False,0,{'id': '18'},"[{'athlete': {'id': '3136195'}}, {'athlete': {'id': '4351852'}}]",2026-05-22T01:02:05Z,False,"{'x': -214748340, 'y': -214748365}",0,Substitution,194.0
401873342286,286,"{'id': '131', 'text': 'Pullup Jump Shot'}",Jalen Brunson misses 26-foot three point pullup jump shot,40,45,2,3:04,False,0,{'id': '18'},[{'athlete': {'id': '3934672'}}],2026-05-22T01:02:59Z,True,"{'x': 17, 'y': 25}",3,Missed 3PT,184.0
401873342287,287,"{'id': '155', 'text': 'Defensive Rebound'}",Donovan Mitchell defensive rebound,40,45,2,3:02,False,0,{'id': '5'},[{'athlete': {'id': '3908809'}}],2026-05-22T01:03:01Z,False,"{'x': 17, 'y': 25}",0,Rebound,182.0
401873342288,288,"{'id': '45', 'text': 'Personal Foul'}",Josh Hart personal foul,40,45,2,2:56,False,0,{'id': '18'},[{'athlete': {'id': '3062679'}}],2026-05-22T01:03:08Z,False,"{'x': 14, 'y': 40}",0,Foul,176.0
401873342290,290,"{'id': '16', 'text': 'Full Timeout'}",Knicks Full timeout,40,45,2,2:56,False,0,{'id': '18'},,2026-05-22T01:03:17Z,False,"{'x': -214748340, 'y': -214748365}",0,Timeout,176.0
401873342291,291,"{'id': '98', 'text': 'Free Throw - 1 of 2'}",Donovan Mitchell makes free throw 1 of 2,41,45,2,2:56,True,1,{'id': '5'},[{'athlete': {'id': '3908809'}}],2026-05-22T01:07:08Z,True,"{'x': -214748340, 'y': -214748365}",1,+1 Point,176.0
401873342292,292,"{'id': '99', 'text': 'Free Throw - 2 of 2'}",Donovan Mitchell makes free throw 2 of 2,42,45,2,2:56,True,1,{'id': '5'},[{'athlete': {'id': '3908809'}}],2026-05-22T01:07:26Z,True,"{'x': -214748340, 'y': -214748365}",1,+1 Point,176.0
401873342293,293,"{'id': '92', 'text': 'Jump Shot'}",Josh Hart misses 23-foot three point jumper,42,45,2,2:35,False,0,{'id': '18'},[{'athlete': {'id': '3062679'}}],2026-05-22T01:07:49Z,True,"{'x': 48, 'y': 2}",3,Missed 3PT,155.0
401873342294,294,"{'id': '155', 'text': 'Defensive Rebound'}",Evan Mobley defensive rebound,42,45,2,2:34,False,0,{'id': '5'},[{'athlete': {'id': '4432158'}}],2026-05-22T01:07:50Z,False,"{'x': 48, 'y': 2}",0,Rebound,154.0
401873342295,295,"{'id': '92', 'text': 'Jump Shot'}",James Harden makes 26-foot three point jumper (Max Strus assists),45,45,2,2:22,True,3,{'id': '5'},"[{'athlete': {'id': '3992'}}, {'athlete': {'id': '4065778'}}]",2026-05-22T01:08:02Z,True,"{'x': 2, 'y': 12}",3,+3 Points,142.0
401873342297,297,"{'id': '110', 'text': 'Driving Layup Shot'}",Josh Hart makes driving layup (OG Anunoby assists),45,47,2,1:59,True,2,{'id': '18'},"[{'athlete': {'id': '3062679'}}, {'athlete': {'id': '3934719'}}]",2026-05-22T01:08:26Z,True,"{'x': 26, 'y': 1}",2,+2 Points,119.0
401873342299,299,"{'id': '92', 'text': 'Jump Shot'}",Evan Mobley misses 24-foot three point jumper,45,47,2,1:44,False,0,{'id': '5'},[{'athlete': {'id': '4432158'}}],2026-05-22T01:08:39Z,True,"{'x': 46, 'y': 13}",3,Missed 3PT,104.0
401873342300,300,"{'id': '155', 'text': 'Defensive Rebound'}",OG Anunoby defensive rebound,45,47,2,1:41,False,0,{'id': '18'},[{'athlete': {'id': '3934719'}}],2026-05-22T01:08:42Z,False,"{'x': 46, 'y': 13}",0,Rebound,101.0
401873342301,301,"{'id': '132', 'text': 'Step Back Jump Shot'}",OG Anunoby makes 25-foot three point step back jumpshot (Josh Hart assists),45,50,2,1:31,True,3,{'id': '18'},"[{'athlete': {'id': '3934719'}}, {'athlete': {'id': '3062679'}}]",2026-05-22T01:08:52Z,True,"{'x': 28, 'y': 26}",3,+3 Points,91.0
401873342303,303,"{'id': '144', 'text': 'Driving Floating Jump Shot'}",James Harden makes 6-foot driving floating jump shot,47,50,2,1:07,True,2,{'id': '5'},[{'athlete': {'id': '3992'}}],2026-05-22T01:09:17Z,True,"{'x': 26, 'y': 7}",2,+2 Points,67.0
401873342304,304,"{'id': '121', 'text': 'Fade Away Jump Shot'}",OG Anunoby misses 5-foot fade away jump shot,47,50,2,57.6,False,0,{'id': '18'},[{'athlete': {'id': '3934719'}}],2026-05-22T01:09:26Z,True,"{'x': 23, 'y': 6}",2,Missed FG,57.6
401873342305,305,"{'id': '155', 'text': 'Defensive Rebound'}",James Harden defensive rebound,47,50,2,56.3,False,0,{'id': '5'},[{'athlete': {'id': '3992'}}],2026-05-22T01:09:27Z,False,"{'x': 23, 'y': 6}",0,Rebound,56.3
401873342306,306,"{'id': '132', 'text': 'Step Back Jump Shot'}",James Harden misses 24-foot three point step back jumpshot,47,50,2,48.8,False,0,{'id': '5'},[{'athlete': {'id': '3992'}}],2026-05-22T01:09:36Z,True,"{'x': 38, 'y': 21}",3,Missed 3PT,48.8
401873342307,307,"{'id': '155', 'text': 'Defensive Rebound'}",Mikal Bridges defensive rebound,47,50,2,48.8,False,0,{'id': '18'},[{'athlete': {'id': '3147657'}}],2026-05-22T01:09:36Z,False,"{'x': 38, 'y': 21}",0,Rebound,48.8
401873342308,308,"{'id': '92', 'text': 'Jump Shot'}",Josh Hart makes 25-foot three point jumper (Jalen Brunson assists),47,53,2,30.9,True,3,{'id': '18'},"[{'athlete': {'id': '3062679'}}, {'athlete': {'id': '3934672'}}]",2026-05-22T01:09:54Z,True,"{'x': 19, 'y': 24}",3,+3 Points,30.9
401873342310,310,"{'id': '95', 'text': 'Layup Shot'}",Jarrett Allen makes layup (Evan Mobley assists),49,53,2,11.8,True,2,{'id': '5'},"[{'athlete': {'id': '4066328'}}, {'athlete': {'id': '4432158'}}]",2026-05-22T01:10:17Z,True,"{'x': 25, 'y': 2}",2,+2 Points,11.8
401873342312,312,"{'id': '131', 'text': 'Pullup Jump Shot'}",Josh Hart misses 25-foot three point pullup jump shot,49,53,2,3.1,False,0,{'id': '18'},[{'athlete': {'id': '3062679'}}],2026-05-22T01:10:28Z,True,"{'x': 36, 'y': 24}",3,Missed 3PT,3.1
401873342313,313,"{'id': '156', 'text': 'Offensive Rebound'}",Knicks offensive team rebound,49,53,2,1.0,False,0,{'id': '18'},,2026-05-22T01:10:31Z,False,"{'x': 36, 'y': 24}",0,Rebound,1.0
401873342314,314,"{'id': '43', 'text': 'Loose Ball Foul'}",Max Strus loose ball foul,49,53,2,1.0,False,0,{'id': '5'},[{'athlete': {'id': '4065778'}}],2026-05-22T01:10:42Z,False,"{'x': 30, 'y': 2}",0,Foul,1.0
401873342316,316,"{'id': '584', 'text': 'Substitution'}",Dean Wade enters the game for James Harden,49,53,2,1.0,False,0,{'id': '5'},"[{'athlete': {'id': '3912848'}}, {'athlete': {'id': '3992'}}]",2026-05-22T01:10:42Z,False,"{'x': -214748340, 'y': -214748365}",0,Substitution,1.0
401873342318,318,"{'id': '137', 'text': 'Turnaround Fade Away Jump Shot'}",Jalen Brunson misses 24-foot three point shot,49,53,2,0.4,False,0,{'id': '18'},[{'athlete': {'id': '3934672'}}],2026-05-22T01:11:30Z,True,"{'x': 49, 'y': -1}",3,Missed 3PT,0.4
401873342319,319,"{'id': '156', 'text': 'Offensive Rebound'}",Knicks offensive team rebound,49,53,2,0.1,False,0,{'id': '18'},,2026-05-22T01:11:30Z,False,"{'x': 49, 'y': -1}",0,Rebound,0.1
401873342320,320,"{'id': '412', 'text': 'End Period'}",End of the 2nd Quarter,49,53,2,0.0,False,0,,,2026-05-22T01:11:35Z,False,"{'x': -214748340, 'y': -214748365}",0,Halftime,0.0
401873342323,323,"{'id': '584', 'text': 'Substitution'}",James Harden enters the game for Max Strus,49,53,3,12:00,False,0,{'id': '5'},"[{'athlete': {'id': '3992'}}, {'athlete': {'id': '4065778'}}]",2026-05-22T01:26:46Z,False,"{'x': -214748340, 'y': -214748365}",0,Substitution,720.0
401873342326,326,"{'id': '95', 'text': 'Layup Shot'}",Jarrett Allen makes layup (Evan Mobley assists),51,53,3,11:43,True,2,{'id': '5'},"[{'athlete': {'id': '4066328'}}, {'athlete': {'id': '4432158'}}]",2026-05-22T01:28:37Z,True,"{'x': 27, 'y': 1}",2,+2 Points,703.0
401873342328,328,"{'id': '112', 'text': 'Reverse Layup Shot'}",Jarrett Allen blocks Josh Hart's reverse layup,51,53,3,11:20,False,0,{'id': '18'},"[{'athlete': {'id': '3062679'}}, {'athlete': {'id': '4066328'}}]",2026-05-22T01:29:00Z,True,"{'x': 25, 'y': 0}",2,Missed FG,680.0
401873342330,330,"{'id': '155', 'text': 'Defensive Rebound'}",Jarrett Allen defensive rebound,51,53,3,11:18,False,0,{'id': '5'},[{'athlete': {'id': '4066328'}}],2026-05-22T01:29:02Z,False,"{'x': 25, 'y': 0}",0,Rebound,678.0
401873342331,331,"{'id': '132', 'text': 'Step Back Jump Shot'}",James Harden misses 24-foot three point step back jumpshot,51,53,3,10:57,False,0,{'id': '5'},[{'athlete': {'id': '3992'}}],2026-05-22T01:29:23Z,True,"{'x': 17, 'y': 24}",3,Missed 3PT,657.0
401873342332,332,"{'id': '155', 'text': 'Defensive Rebound'}",Karl-Anthony Towns defensive rebound,51,53,3,10:55,False,0,{'id': '18'},[{'athlete': {'id': '3136195'}}],2026-05-22T01:29:25Z,False,"{'x': 17, 'y': 24}",0,Rebound,655.0
401873342333,333,"{'id': '113', 'text': 'Running Jump Shot'}",OG Anunoby misses 25-foot running jump shot,51,53,3,10:54,False,0,{'id': '18'},[{'athlete': {'id': '3934719'}}],2026-05-22T01:29:32Z,True,"{'x': 2, 'y': 11}",3,Missed 3PT,654.0
401873342334,334,"{'id': '155', 'text': 'Defensive Rebound'}",James Harden defensive rebound,51,53,3,10:52,False,0,{'id': '5'},[{'athlete': {'id': '3992'}}],2026-05-22T01:29:34Z,False,"{'x': 2, 'y': 11}",0,Rebound,652.0
401873342335,335,"{'id': '146', 'text': 'Running Pullup Jump Shot'}",Donovan Mitchell misses running pullup jump shot,51,53,3,10:46,False,0,{'id': '5'},[{'athlete': {'id': '3908809'}}],2026-05-22T01:29:42Z,True,"{'x': 26, 'y': 10}",2,Missed FG,646.0
401873342337,337,"{'id': '156', 'text': 'Offensive Rebound'}",Cavaliers offensive team rebound,51,53,3,10:45,False,0,{'id': '5'},,2026-05-22T01:29:43Z,False,"{'x': 26, 'y': 10}",0,Rebound,645.0
401873342339,339,"{'id': '144', 'text': 'Driving Floating Jump Shot'}",Donovan Mitchell makes 8-foot driving floating jump shot (Evan Mobley assists),53,53,3,10:37,True,2,{'id': '5'},"[{'athlete': {'id': '3908809'}}, {'athlete': {'id': '4432158'}}]",2026-05-22T01:30:20Z,True,"{'x': 26, 'y': 8}",2,+2 Points,637.0
401873342340,340,"{'id': '45', 'text': 'Personal Foul'}",Donovan Mitchell personal foul,53,53,3,10:21,False,0,{'id': '5'},[{'athlete': {'id': '3908809'}}],2026-05-22T01:30:39Z,False,"{'x': 37, 'y': 24}",0,Foul,621.0
401873342342,342,"{'id': '131', 'text': 'Pullup Jump Shot'}",Jalen Brunson makes 27-foot three pointer (Josh Hart assists),53,56,3,10:09,True,3,{'id': '18'},"[{'athlete': {'id': '3934672'}}, {'athlete': {'id': '3062679'}}]",2026-05-22T01:31:16Z,True,"{'x': 30, 'y': 28}",3,+3 Points,609.0
401873342344,344,"{'id': '92', 'text': 'Jump Shot'}",Donovan Mitchell misses 24-foot three point jumper,53,56,3,9:55,False,0,{'id': '5'},[{'athlete': {'id': '3908809'}}],2026-05-22T01:31:29Z,True,"{'x': 48, 'y': 9}",3,Missed 3PT,595.0
401873342345,345,"{'id': '155', 'text': 'Defensive Rebound'}",Karl-Anthony Towns defensive rebound,53,56,3,9:52,False,0,{'id': '18'},[{'athlete': {'id': '3136195'}}],2026-05-22T01:31:32Z,False,"{'x': 48, 'y': 9}",0,Rebound,592.0
401873342346,346,"{'id': '116', 'text': 'Running Dunk Shot'}",Josh Hart makes 1-foot running dunk (Jalen Brunson assists),53,58,3,9:49,True,2,{'id': '18'},"[{'athlete': {'id': '3062679'}}, {'athlete': {'id': '3934672'}}]",2026-05-22T01:31:36Z,True,"{'x': 26, 'y': 1}",2,+2 Points,589.0
401873342348,348,"{'id': '114', 'text': 'Turnaround Jump Shot'}",Donovan Mitchell misses 10-foot turnaround jump shot,53,58,3,9:41,False,0,{'id': '5'},[{'athlete': {'id': '3908809'}}],2026-05-22T01:31:43Z,True,"{'x': 25, 'y': 11}",2,Missed FG,581.0
401873342349,349,"{'id': '155', 'text': 'Defensive Rebound'}",Karl-Anthony Towns defensive rebound,53,58,3,9:38,False,0,{'id': '18'},[{'athlete': {'id': '3136195'}}],2026-05-22T01:31:46Z,False,"{'x': 25, 'y': 11}",0,Rebound,578.0
401873342350,350,"{'id': '131', 'text': 'Pullup Jump Shot'}",Jalen Brunson misses 28-foot three point pullup jump shot,53,58,3,9:18,False,0,{'id': '18'},[{'athlete': {'id': '3934672'}}],2026-05-22T01:32:07Z,True,"{'x': 30, 'y': 28}",3,Missed 3PT,558.0
401873342351,351,"{'id': '155', 'text': 'Defensive Rebound'}",James Harden defensive rebound,53,58,3,9:15,False,0,{'id': '5'},[{'athlete': {'id': '3992'}}],2026-05-22T01:32:10Z,False,"{'x': 30, 'y': 28}",0,Rebound,555.0
401873342352,352,"{'id': '63', 'text': 'Lost Ball Turnover'}",Donovan Mitchell lost ball turnover,53,58,3,9:10,False,0,{'id': '5'},[{'athlete': {'id': '3908809'}}],2026-05-22T01:32:17Z,False,"{'x': 26, 'y': 19}",0,Turnover,550.0
401873342353,353,"{'id': '43', 'text': 'Loose Ball Foul'}",Donovan Mitchell loose ball foul,53,58,3,9:09,False,0,{'id': '5'},[{'athlete': {'id': '3908809'}}],2026-05-22T01:32:26Z,False,"{'x': 26, 'y': 20}",0,Foul,549.0
401873342355,355,"{'id': '114', 'text': 'Turnaround Jump Shot'}",Jalen Brunson makes 10-foot turnaround jump shot,53,60,3,8:53,True,2,{'id': '18'},[{'athlete': {'id': '3934672'}}],2026-05-22T01:33:00Z,True,"{'x': 24, 'y': 10}",2,+2 Points,533.0
401873342357,357,"{'id': '62', 'text': 'Bad Pass\nTurnover'}","Evan Mobley bad pass
turnover (Josh Hart steals)",53,60,3,8:32,False,0,{'id': '5'},"[{'athlete': {'id': '4432158'}}, {'athlete': {'id': '3062679'}}]",2026-05-22T01:33:20Z,False,"{'x': 30, 'y': 8}",0,Turnover,512.0
401873342359,359,"{'id': '109', 'text': 'Running Layup Shot'}",Mikal Bridges makes running layup (Josh Hart assists),53,62,3,8:28,True,2,{'id': '18'},"[{'athlete': {'id': '3147657'}}, {'athlete': {'id': '3062679'}}]",2026-05-22T01:33:25Z,True,"{'x': 24, 'y': 2}",2,+2 Points,508.0
401873342361,361,"{'id': '16', 'text': 'Full Timeout'}",Cavaliers Full timeout,53,62,3,8:28,False,0,{'id': '5'},,2026-05-22T01:33:29Z,False,"{'x': -214748340, 'y': -214748365}",0,Timeout,508.0
401873342362,362,"{'id': '144', 'text': 'Driving Floating Jump Shot'}",James Harden misses driving floating jump shot,53,62,3,8:05,False,0,{'id': '5'},[{'athlete': {'id': '3992'}}],2026-05-22T01:37:42Z,True,"{'x': 26, 'y': 6}",2,Missed FG,485.0
401873342363,363,"{'id': '155', 'text': 'Defensive Rebound'}",OG Anunoby defensive rebound,53,62,3,8:02,False,0,{'id': '18'},[{'athlete': {'id': '3934719'}}],2026-05-22T01:37:45Z,False,"{'x': 26, 'y': 6}",0,Rebound,482.0
401873342364,364,"{'id': '121', 'text': 'Fade Away Jump Shot'}",Mikal Bridges misses 11-foot fade away jump shot,53,62,3,7:52,False,0,{'id': '18'},[{'athlete': {'id': '3147657'}}],2026-05-22T01:37:54Z,True,"{'x': 13, 'y': 2}",2,Missed FG,472.0
401873342365,365,"{'id': '155', 'text': 'Defensive Rebound'}",Dean Wade defensive rebound,53,62,3,7:49,False,0,{'id': '5'},[{'athlete': {'id': '3912848'}}],2026-05-22T01:37:57Z,False,"{'x': 13, 'y': 2}",0,Rebound,469.0
401873342366,366,"{'id': '92', 'text': 'Jump Shot'}",Dean Wade misses 22-foot three point jumper,53,62,3,7:39,False,0,{'id': '5'},[{'athlete': {'id': '3912848'}}],2026-05-22T01:38:08Z,True,"{'x': 2, 'y': 1}",3,Missed 3PT,459.0
401873342367,367,"{'id': '155', 'text': 'Defensive Rebound'}",Mikal Bridges defensive rebound,53,62,3,7:36,False,0,{'id': '18'},[{'athlete': {'id': '3147657'}}],2026-05-22T01:38:11Z,False,"{'x': 2, 'y': 1}",0,Rebound,456.0
401873342368,368,"{'id': '128', 'text': 'Driving Finger Roll Layup'}",Jalen Brunson makes 2-foot two point shot,53,64,3,7:23,True,2,{'id': '18'},[{'athlete': {'id': '3934672'}}],2026-05-22T01:38:24Z,True,"{'x': 27, 'y': 2}",2,+2 Points,443.0
401873342369,369,"{'id': '144', 'text': 'Driving Floating Jump Shot'}",Jarrett Allen misses driving floating jump shot,53,64,3,7:05,False,0,{'id': '5'},[{'athlete': {'id': '4066328'}}],2026-05-22T01:38:42Z,True,"{'x': 29, 'y': 7}",2,Missed FG,425.0
401873342370,370,"{'id': '156', 'text': 'Offensive Rebound'}",Jarrett Allen offensive rebound,53,64,3,7:03,False,0,{'id': '5'},[{'athlete': {'id': '4066328'}}],2026-05-22T01:38:44Z,False,"{'x': 29, 'y': 7}",0,Rebound,423.0
401873342371,371,"{'id': '44', 'text': 'Shooting Foul'}",Karl-Anthony Towns shooting foul,53,64,3,7:02,False,0,{'id': '18'},[{'athlete': {'id': '3136195'}}],2026-05-22T01:38:46Z,False,"{'x': 26, 'y': 5}",0,Foul,422.0
401873342373,373,"{'id': '98', 'text': 'Free Throw - 1 of 2'}",Jarrett Allen misses free throw 1 of 2,53,64,3,7:02,False,0,{'id': '5'},[{'athlete': {'id': '4066328'}}],2026-05-22T01:39:18Z,True,"{'x': -214748340, 'y': -214748365}",1,Missed FT,422.0
401873342374,374,"{'id': '156', 'text': 'Offensive Rebound'}",Cavaliers offensive team rebound,53,64,3,7:02,False,0,{'id': '5'},,2026-05-22T01:39:18Z,False,"{'x': -214748340, 'y': -214748365}",0,Rebound,422.0
401873342375,375,"{'id': '584', 'text': 'Substitution'}",Max Strus enters the game for Evan Mobley,53,64,3,7:02,False,0,{'id': '5'},"[{'athlete': {'id': '4065778'}}, {'athlete': {'id': '4432158'}}]",2026-05-22T01:39:18Z,False,"{'x': -214748340, 'y': -214748365}",0,Substitution,422.0
401873342376,376,"{'id': '584', 'text': 'Substitution'}",Sam Merrill enters the game for Donovan Mitchell,53,64,3,7:02,False,0,{'id': '5'},"[{'athlete': {'id': '4066757'}}, {'athlete': {'id': '3908809'}}]",2026-05-22T01:39:18Z,False,"{'x': -214748340, 'y': -214748365}",0,Substitution,422.0
401873342379,379,"{'id': '99', 'text': 'Free Throw - 2 of 2'}",Jarrett Allen misses free throw 2 of 2,53,64,3,7:02,False,0,{'id': '5'},[{'athlete': {'id': '4066328'}}],2026-05-22T01:39:18Z,True,"{'x': -214748340, 'y': -214748365}",1,Missed FT,422.0
401873342380,380,"{'id': '155', 'text': 'Defensive Rebound'}",Karl-Anthony Towns defensive rebound,53,64,3,7:00,False,0,{'id': '18'},[{'athlete': {'id': '3136195'}}],2026-05-22T01:39:20Z,False,"{'x': -214748340, 'y': -214748365}",0,Rebound,420.0
401873342381,381,"{'id': '92', 'text': 'Jump Shot'}",Josh Hart makes 25-foot three point jumper (Jalen Brunson assists),53,67,3,6:46,True,3,{'id': '18'},"[{'athlete': {'id': '3062679'}}, {'athlete': {'id': '3934672'}}]",2026-05-22T01:39:53Z,True,"{'x': 37, 'y': 23}",3,+3 Points,406.0
401873342383,383,"{'id': '131', 'text': 'Pullup Jump Shot'}",Max Strus misses 25-foot three point pullup jump shot,53,67,3,6:33,False,0,{'id': '5'},[{'athlete': {'id': '4065778'}}],2026-05-22T01:40:16Z,True,"{'x': 26, 'y': 26}",3,Missed 3PT,393.0
401873342384,384,"{'id': '155', 'text': 'Defensive Rebound'}",Karl-Anthony Towns defensive rebound,53,67,3,6:32,False,0,{'id': '18'},[{'athlete': {'id': '3136195'}}],2026-05-22T01:40:17Z,False,"{'x': 26, 'y': 26}",0,Rebound,392.0
401873342386,386,"{'id': '45', 'text': 'Personal Foul'}",Max Strus personal foul,53,67,3,6:32,False,0,{'id': '5'},[{'athlete': {'id': '4065778'}}],2026-05-22T01:40:26Z,False,"{'x': 29, 'y': 3}",0,Foul,392.0
401873342388,388,"{'id': '132', 'text': 'Step Back Jump Shot'}",Jalen Brunson misses 27-foot three point step back jumpshot,53,67,3,6:15,False,0,{'id': '18'},[{'athlete': {'id': '3934672'}}],2026-05-22T01:40:50Z,True,"{'x': 35, 'y': 26}",3,Missed 3PT,375.0
401873342389,389,"{'id': '155', 'text': 'Defensive Rebound'}",Cavaliers defensive team rebound,53,67,3,6:13,False,0,{'id': '5'},,2026-05-22T01:40:52Z,False,"{'x': 35, 'y': 26}",0,Rebound,373.0
401873342390,390,"{'id': '43', 'text': 'Loose Ball Foul'}",Josh Hart loose ball foul,53,67,3,6:13,False,0,{'id': '18'},[{'athlete': {'id': '3062679'}}],2026-05-22T01:40:55Z,False,"{'x': 26, 'y': 4}",0,Foul,373.0
401873342392,392,"{'id': '92', 'text': 'Jump Shot'}",Sam Merrill misses 25-foot three point jumper,53,67,3,5:52,False,0,{'id': '5'},[{'athlete': {'id': '4066757'}}],2026-05-22T01:41:32Z,True,"{'x': 9, 'y': 20}",3,Missed 3PT,352.0
401873342393,393,"{'id': '155', 'text': 'Defensive Rebound'}",Jalen Brunson defensive rebound,53,67,3,5:49,False,0,{'id': '18'},[{'athlete': {'id': '3934672'}}],2026-05-22T01:41:35Z,False,"{'x': 9, 'y': 20}",0,Rebound,349.0
401873342396,396,"{'id': '44', 'text': 'Shooting Foul'}",James Harden shooting foul,53,67,3,5:46,False,0,{'id': '5'},[{'athlete': {'id': '3992'}}],2026-05-22T01:41:47Z,False,"{'x': 24, 'y': 2}",0,Foul,346.0
401873342398,398,"{'id': '98', 'text': 'Free Throw - 1 of 2'}",Josh Hart makes free throw 1 of 2,53,68,3,5:46,True,1,{'id': '18'},[{'athlete': {'id': '3062679'}}],2026-05-22T01:42:25Z,True,"{'x': -214748340, 'y': -214748365}",1,+1 Point,346.0
401873342399,399,"{'id': '99', 'text': 'Free Throw - 2 of 2'}",Josh Hart misses free throw 2 of 2,53,68,3,5:46,False,0,{'id': '18'},[{'athlete': {'id': '3062679'}}],2026-05-22T01:42:25Z,True,"{'x': -214748340, 'y': -214748365}",1,Missed FT,346.0
401873342400,400,"{'id': '156', 'text': 'Offensive Rebound'}",Knicks offensive team rebound,53,68,3,5:44,False,0,{'id': '18'},,2026-05-22T01:42:27Z,False,"{'x': -214748340, 'y': -214748365}",0,Rebound,344.0
401873342403,403,"{'id': '92', 'text': 'Jump Shot'}",Josh Hart makes 26-foot three point jumper (Jalen Brunson assists),53,71,3,5:35,True,3,{'id': '18'},"[{'athlete': {'id': '3062679'}}, {'athlete': {'id': '3934672'}}]",2026-05-22T01:43:29Z,True,"{'x': 27, 'y': 26}",3,+3 Points,335.0
401873342405,405,"{'id': '92', 'text': 'Jump Shot'}",Max Strus makes 23-foot three point jumper (Dean Wade assists),56,71,3,5:05,True,3,{'id': '5'},"[{'athlete': {'id': '4065778'}}, {'athlete': {'id': '3912848'}}]",2026-05-22T01:44:01Z,True,"{'x': 49, 'y': 0}",3,+3 Points,305.0
401873342407,407,"{'id': '110', 'text': 'Driving Layup Shot'}",Jarrett Allen blocks Karl-Anthony Towns 's 2-foot driving layup,56,71,3,4:39,False,0,{'id': '18'},"[{'athlete': {'id': '3136195'}}, {'athlete': {'id': '4066328'}}]",2026-05-22T01:44:25Z,True,"{'x': 22, 'y': 0}",2,Missed FG,279.0
401873342409,409,"{'id': '155', 'text': 'Defensive Rebound'}",Max Strus defensive rebound,56,71,3,4:38,False,0,{'id': '5'},[{'athlete': {'id': '4065778'}}],2026-05-22T01:44:26Z,False,"{'x': 22, 'y': 0}",0,Rebound,278.0
401873342410,410,"{'id': '109', 'text': 'Running Layup Shot'}",James Harden misses running layup,56,71,3,4:34,False,0,{'id': '5'},[{'athlete': {'id': '3992'}}],2026-05-22T01:44:33Z,True,"{'x': 27, 'y': 2}",2,Missed FG,274.0
401873342411,411,"{'id': '156', 'text': 'Offensive Rebound'}",Jarrett Allen offensive rebound,56,71,3,4:33,False,0,{'id': '5'},[{'athlete': {'id': '4066328'}}],2026-05-22T01:44:34Z,False,"{'x': 27, 'y': 2}",0,Rebound,273.0
401873342412,412,"{'id': '94', 'text': 'Tip Shot'}",Jarrett Allen makes tip shot,58,71,3,4:33,True,2,{'id': '5'},[{'athlete': {'id': '4066328'}}],2026-05-22T01:44:36Z,True,"{'x': 25, 'y': 0}",2,+2 Points,273.0
401873342413,413,"{'id': '16', 'text': 'Full Timeout'}",Knicks Full timeout,58,71,3,4:22,False,0,{'id': '18'},,2026-05-22T01:44:47Z,False,"{'x': -214748340, 'y': -214748365}",0,Timeout,262.0
401873342414,414,"{'id': '584', 'text': 'Substitution'}",Miles McBride enters the game for OG Anunoby,58,71,3,4:22,False,0,{'id': '18'},"[{'athlete': {'id': '4431823'}}, {'athlete': {'id': '3934719'}}]",2026-05-22T01:44:47Z,False,"{'x': -214748340, 'y': -214748365}",0,Substitution,262.0
401873342415,415,"{'id': '584', 'text': 'Substitution'}",Evan Mobley enters the game for Jarrett Allen,58,71,3,4:22,False,0,{'id': '5'},"[{'athlete': {'id': '4432158'}}, {'athlete': {'id': '4066328'}}]",2026-05-22T01:44:47Z,False,"{'x': -214748340, 'y': -214748365}",0,Substitution,262.0
401873342416,416,"{'id': '584', 'text': 'Substitution'}",Dennis Schroder enters the game for Dean Wade,58,71,3,4:22,False,0,{'id': '5'},"[{'athlete': {'id': '3032979'}}, {'athlete': {'id': '3912848'}}]",2026-05-22T01:44:47Z,False,"{'x': -214748340, 'y': -214748365}",0,Substitution,262.0
401873342417,417,"{'id': '584', 'text': 'Substitution'}",Donovan Mitchell enters the game for James Harden,58,71,3,4:22,False,0,{'id': '5'},"[{'athlete': {'id': '3908809'}}, {'athlete': {'id': '3992'}}]",2026-05-22T01:44:47Z,False,"{'x': -214748340, 'y': -214748365}",0,Substitution,262.0
401873342422,422,"{'id': '92', 'text': 'Jump Shot'}",Miles McBride misses 26-foot three point jumper,58,71,3,4:12,False,0,{'id': '18'},[{'athlete': {'id': '4431823'}}],2026-05-22T01:48:52Z,True,"{'x': 12, 'y': 23}",3,Missed 3PT,252.0
401873342423,423,"{'id': '156', 'text': 'Offensive Rebound'}",Knicks offensive team rebound,58,71,3,4:09,False,0,{'id': '18'},,2026-05-22T01:48:55Z,False,"{'x': 12, 'y': 23}",0,Rebound,249.0
401873342425,425,"{'id': '92', 'text': 'Jump Shot'}",Josh Hart makes 23-foot three point jumper (Jalen Brunson assists),58,74,3,3:57,True,3,{'id': '18'},"[{'athlete': {'id': '3062679'}}, {'athlete': {'id': '3934672'}}]",2026-05-22T01:49:23Z,True,"{'x': 2, 'y': 3}",3,+3 Points,237.0
401873342427,427,"{'id': '62', 'text': 'Bad Pass\nTurnover'}","Max Strus bad pass
turnover (Josh Hart steals)",58,74,3,3:41,False,0,{'id': '5'},"[{'athlete': {'id': '4065778'}}, {'athlete': {'id': '3062679'}}]",2026-05-22T01:49:38Z,False,"{'x': 35, 'y': 11}",0,Turnover,221.0
401873342429,429,"{'id': '145', 'text': 'Driving Floating Bank Jump Shot'}",Jalen Brunson misses two point shot,58,74,3,3:29,False,0,{'id': '18'},[{'athlete': {'id': '3934672'}}],2026-05-22T01:49:50Z,True,"{'x': 23, 'y': 3}",2,Missed FG,209.0
401873342430,430,"{'id': '156', 'text': 'Offensive Rebound'}",Josh Hart offensive rebound,58,74,3,3:27,False,0,{'id': '18'},[{'athlete': {'id': '3062679'}}],2026-05-22T01:49:52Z,False,"{'x': 23, 'y': 3}",0,Rebound,207.0
401873342431,431,"{'id': '92', 'text': 'Jump Shot'}",Karl-Anthony Towns misses 27-foot three point jumper,58,74,3,3:26,False,0,{'id': '18'},[{'athlete': {'id': '3136195'}}],2026-05-22T01:49:53Z,True,"{'x': 24, 'y': 27}",3,Missed 3PT,206.0
401873342432,432,"{'id': '156', 'text': 'Offensive Rebound'}",Miles McBride offensive rebound,58,74,3,3:23,False,0,{'id': '18'},[{'athlete': {'id': '4431823'}}],2026-05-22T01:49:56Z,False,"{'x': 24, 'y': 27}",0,Rebound,203.0
401873342433,433,"{'id': '615', 'text': 'Jumpball'}",Max Strus vs. Miles McBride,58,74,3,3:23,False,0,{'id': '18'},"[{'athlete': {'id': '4431823'}}, {'athlete': {'id': '4065778'}}]",2026-05-22T01:50:39Z,False,"{'x': -214748340, 'y': -214748365}",0,Jump Ball,203.0
401873342436,436,"{'id': '110', 'text': 'Driving Layup Shot'}",Karl-Anthony Towns makes driving layup (Josh Hart assists),58,76,3,3:08,True,2,{'id': '18'},"[{'athlete': {'id': '3136195'}}, {'athlete': {'id': '3062679'}}]",2026-05-22T01:51:04Z,True,"{'x': 25, 'y': 3}",2,+2 Points,188.0
401873342438,438,"{'id': '45', 'text': 'Personal Foul'}",Miles McBride personal foul,58,76,3,3:02,False,0,{'id': '18'},[{'athlete': {'id': '4431823'}}],2026-05-22T01:51:15Z,False,"{'x': 45, 'y': 19}",0,Foul,182.0
401873342440,440,"{'id': '144', 'text': 'Driving Floating Jump Shot'}",Donovan Mitchell makes 6-foot driving floating jump shot,60,76,3,2:53,True,2,{'id': '5'},[{'athlete': {'id': '3908809'}}],2026-05-22T01:51:44Z,True,"{'x': 26, 'y': 7}",2,+2 Points,173.0
401873342441,441,"{'id': '110', 'text': 'Driving Layup Shot'}",Evan Mobley blocks Josh Hart 's 1-foot driving layup,60,76,3,2:29,False,0,{'id': '18'},"[{'athlete': {'id': '3062679'}}, {'athlete': {'id': '4432158'}}]",2026-05-22T01:52:08Z,True,"{'x': 27, 'y': 1}",2,Missed FG,149.0
401873342443,443,"{'id': '155', 'text': 'Defensive Rebound'}",Evan Mobley defensive rebound,60,76,3,2:27,False,0,{'id': '5'},[{'athlete': {'id': '4432158'}}],2026-05-22T01:52:10Z,False,"{'x': 27, 'y': 1}",0,Rebound,147.0
401873342444,444,"{'id': '45', 'text': 'Personal Foul'}",Josh Hart personal foul,60,76,3,2:25,False,0,{'id': '18'},[{'athlete': {'id': '3062679'}}],2026-05-22T01:52:17Z,False,"{'x': 10, 'y': 31}",0,Foul,145.0
401873342446,446,"{'id': '584', 'text': 'Substitution'}",Landry Shamet enters the game for Mikal Bridges,60,76,3,2:25,False,0,{'id': '18'},"[{'athlete': {'id': '3914044'}}, {'athlete': {'id': '3147657'}}]",2026-05-22T01:52:17Z,False,"{'x': -214748340, 'y': -214748365}",0,Substitution,145.0
401873342448,448,"{'id': '584', 'text': 'Substitution'}",Jordan Clarkson enters the game for Josh Hart,60,76,3,2:25,False,0,{'id': '18'},"[{'athlete': {'id': '2528426'}}, {'athlete': {'id': '3062679'}}]",2026-05-22T01:52:17Z,False,"{'x': -214748340, 'y': -214748365}",0,Substitution,145.0
401873342450,450,"{'id': '131', 'text': 'Pullup Jump Shot'}",Donovan Mitchell makes 27-foot three pointer,63,76,3,2:17,True,3,{'id': '5'},[{'athlete': {'id': '3908809'}}],2026-05-22T01:53:11Z,True,"{'x': 40, 'y': 23}",3,+3 Points,137.0
401873342451,451,"{'id': '92', 'text': 'Jump Shot'}",Karl-Anthony Towns makes 23-foot three point jumper (Miles McBride assists),63,79,3,1:47,True,3,{'id': '18'},"[{'athlete': {'id': '3136195'}}, {'athlete': {'id': '4431823'}}]",2026-05-22T01:53:40Z,True,"{'x': 2, 'y': 1}",3,+3 Points,107.0
401873342453,453,"{'id': '110', 'text': 'Driving Layup Shot'}",Donovan Mitchell makes driving layup,65,79,3,1:40,True,2,{'id': '5'},[{'athlete': {'id': '3908809'}}],2026-05-22T01:53:49Z,True,"{'x': 23, 'y': 3}",2,+2 Points,100.0
401873342454,454,"{'id': '9', 'text': 'Defensive Goaltending'}",Karl-Anthony Towns defensive goaltending violation,65,79,3,1:40,False,0,{'id': '18'},[{'athlete': {'id': '3136195'}}],2026-05-22T01:53:55Z,False,"{'x': -214748340, 'y': -214748365}",0,Goaltending,100.0
401873342455,455,"{'id': '128', 'text': 'Driving Finger Roll Layup'}",Jordan Clarkson makes two point shot,65,81,3,1:28,True,2,{'id': '18'},[{'athlete': {'id': '2528426'}}],2026-05-22T01:54:06Z,True,"{'x': 24, 'y': 1}",2,+2 Points,88.0
401873342456,456,"{'id': '45', 'text': 'Personal Foul'}",Landry Shamet personal foul,65,81,3,1:22,False,0,{'id': '18'},[{'athlete': {'id': '3914044'}}],2026-05-22T01:54:22Z,False,"{'x': 7, 'y': 12}",0,Foul,82.0
401873342458,458,"{'id': '98', 'text': 'Free Throw - 1 of 2'}",Max Strus makes free throw 1 of 2,66,81,3,1:22,True,1,{'id': '5'},[{'athlete': {'id': '4065778'}}],2026-05-22T01:54:47Z,True,"{'x': -214748340, 'y': -214748365}",1,+1 Point,82.0
401873342459,459,"{'id': '584', 'text': 'Substitution'}",Mitchell Robinson enters the game for Karl-Anthony Towns,66,81,3,1:22,False,0,{'id': '18'},"[{'athlete': {'id': '4351852'}}, {'athlete': {'id': '3136195'}}]",2026-05-22T01:54:47Z,False,"{'x': -214748340, 'y': -214748365}",0,Substitution,82.0
401873342461,461,"{'id': '99', 'text': 'Free Throw - 2 of 2'}",Max Strus makes free throw 2 of 2,67,81,3,1:22,True,1,{'id': '5'},[{'athlete': {'id': '4065778'}}],2026-05-22T01:55:14Z,True,"{'x': -214748340, 'y': -214748365}",1,+1 Point,82.0
401873342462,462,"{'id': '118', 'text': 'Alley Oop Dunk Shot'}",Mitchell Robinson makes 1-foot alley oop dunk (Jalen Brunson assists),67,83,3,59.4,True,2,{'id': '18'},"[{'athlete': {'id': '4351852'}}, {'athlete': {'id': '3934672'}}]",2026-05-22T01:55:40Z,True,"{'x': 24, 'y': 1}",2,+2 Points,59.4
401873342464,464,"{'id': '44', 'text': 'Shooting Foul'}",Landry Shamet shooting foul,67,83,3,47.8,False,0,{'id': '18'},[{'athlete': {'id': '3914044'}}],2026-05-22T01:55:55Z,False,"{'x': 41, 'y': 4}",0,Foul,47.8
401873342466,466,"{'id': '98', 'text': 'Free Throw - 1 of 2'}",Sam Merrill misses free throw 1 of 2,67,83,3,47.8,False,0,{'id': '5'},[{'athlete': {'id': '4066757'}}],2026-05-22T01:56:19Z,True,"{'x': -214748340, 'y': -214748365}",1,Missed FT,47.8
401873342467,467,"{'id': '156', 'text': 'Offensive Rebound'}",Cavaliers offensive team rebound,67,83,3,47.8,False,0,{'id': '5'},,2026-05-22T01:56:19Z,False,"{'x': -214748340, 'y': -214748365}",0,Rebound,47.8
401873342468,468,"{'id': '99', 'text': 'Free Throw - 2 of 2'}",Sam Merrill makes free throw 2 of 2,68,83,3,47.8,True,1,{'id': '5'},[{'athlete': {'id': '4066757'}}],2026-05-22T01:56:34Z,True,"{'x': -214748340, 'y': -214748365}",1,+1 Point,47.8
401873342469,469,"{'id': '130', 'text': 'Floating Jump Shot'}",Jordan Clarkson makes 10-foot floating jump shot (Jalen Brunson assists),68,85,3,33.5,True,2,{'id': '18'},"[{'athlete': {'id': '2528426'}}, {'athlete': {'id': '3934672'}}]",2026-05-22T01:56:50Z,True,"{'x': 24, 'y': 11}",2,+2 Points,33.5
401873342471,471,"{'id': '128', 'text': 'Driving Finger Roll Layup'}",Donovan Mitchell makes 1-foot two point shot,70,85,3,16.2,True,2,{'id': '5'},[{'athlete': {'id': '3908809'}}],2026-05-22T01:57:11Z,True,"{'x': 26, 'y': 1}",2,+2 Points,16.2
401873342472,472,"{'id': '64', 'text': 'Traveling'}",Jordan Clarkson traveling turnover,70,85,3,1.3,False,0,{'id': '18'},[{'athlete': {'id': '2528426'}}],2026-05-22T01:57:33Z,False,"{'x': 23, 'y': 9}",0,Turnover,1.3
401873342474,474,"{'id': '584', 'text': 'Substitution'}",Mikal Bridges enters the game for Jordan Clarkson,70,85,3,1.3,False,0,{'id': '18'},"[{'athlete': {'id': '3147657'}}, {'athlete': {'id': '2528426'}}]",2026-05-22T01:57:33Z,False,"{'x': -214748340, 'y': -214748365}",0,Substitution,1.3
401873342477,477,"{'id': '584', 'text': 'Substitution'}",OG Anunoby enters the game for Jalen Brunson,70,85,3,1.3,False,0,{'id': '18'},"[{'athlete': {'id': '3934719'}}, {'athlete': {'id': '3934672'}}]",2026-05-22T01:57:33Z,False,"{'x': -214748340, 'y': -214748365}",0,Substitution,1.3
401873342480,480,"{'id': '412', 'text': 'End Period'}",End of the 3rd Quarter,70,85,3,0.0,False,0,,,2026-05-22T01:58:09Z,False,"{'x': -214748340, 'y': -214748365}",0,End of 3rd,0.0
401873342481,481,"{'id': '584', 'text': 'Substitution'}",Josh Hart enters the game for Mitchell Robinson,70,85,4,12:00,False,0,{'id': '18'},"[{'athlete': {'id': '3062679'}}, {'athlete': {'id': '4351852'}}]",2026-05-22T02:01:18Z,False,"{'x': -214748340, 'y': -214748365}",0,Substitution,720.0
401873342482,482,"{'id': '584', 'text': 'Substitution'}",Jose Alvarado enters the game for Mikal Bridges,70,85,4,12:00,False,0,{'id': '18'},"[{'athlete': {'id': '4277869'}}, {'athlete': {'id': '3147657'}}]",2026-05-22T02:01:18Z,False,"{'x': -214748340, 'y': -214748365}",0,Substitution,720.0
401873342483,483,"{'id': '584', 'text': 'Substitution'}",Karl-Anthony Towns enters the game for OG Anunoby,70,85,4,12:00,False,0,{'id': '18'},"[{'athlete': {'id': '3136195'}}, {'athlete': {'id': '3934719'}}]",2026-05-22T02:01:18Z,False,"{'x': -214748340, 'y': -214748365}",0,Substitution,720.0
401873342484,484,"{'id': '584', 'text': 'Substitution'}",Jaylon Tyson enters the game for Max Strus,70,85,4,12:00,False,0,{'id': '5'},"[{'athlete': {'id': '4683747'}}, {'athlete': {'id': '4065778'}}]",2026-05-22T02:01:18Z,False,"{'x': -214748340, 'y': -214748365}",0,Substitution,720.0
401873342490,490,"{'id': '144', 'text': 'Driving Floating Jump Shot'}",Karl-Anthony Towns misses driving floating jump shot,70,85,4,11:35,False,0,{'id': '18'},[{'athlete': {'id': '3136195'}}],2026-05-22T02:02:11Z,True,"{'x': 24, 'y': 2}",2,Missed FG,695.0
401873342491,491,"{'id': '155', 'text': 'Defensive Rebound'}",Jaylon Tyson defensive rebound,70,85,4,11:33,False,0,{'id': '5'},[{'athlete': {'id': '4683747'}}],2026-05-22T02:02:13Z,False,"{'x': 24, 'y': 2}",0,Rebound,693.0
401873342492,492,"{'id': '45', 'text': 'Personal Foul'}",Karl-Anthony Towns personal foul,70,85,4,11:26,False,0,{'id': '18'},[{'athlete': {'id': '3136195'}}],2026-05-22T02:02:24Z,False,"{'x': 12, 'y': 3}",0,Foul,686.0
401873342494,494,"{'id': '44', 'text': 'Shooting Foul'}",Landry Shamet shooting foul,70,85,4,11:23,False,0,{'id': '18'},[{'athlete': {'id': '3914044'}}],2026-05-22T02:02:50Z,False,"{'x': 14, 'y': 24}",0,Foul,683.0
401873342496,496,"{'id': '100', 'text': 'Free Throw - 1 of 3'}",Donovan Mitchell makes free throw 1 of 3,71,85,4,11:23,True,1,{'id': '5'},[{'athlete': {'id': '3908809'}}],2026-05-22T02:03:24Z,True,"{'x': -214748340, 'y': -214748365}",1,+1 Point,683.0
401873342497,497,"{'id': '101', 'text': 'Free Throw - 2 of 3'}",Donovan Mitchell makes free throw 2 of 3,72,85,4,11:23,True,1,{'id': '5'},[{'athlete': {'id': '3908809'}}],2026-05-22T02:03:46Z,True,"{'x': -214748340, 'y': -214748365}",1,+1 Point,683.0
401873342498,498,"{'id': '102', 'text': 'Free Throw - 3 of 3'}",Donovan Mitchell makes free throw 3 of 3,73,85,4,11:23,True,1,{'id': '5'},[{'athlete': {'id': '3908809'}}],2026-05-22T02:04:08Z,True,"{'x': -214748340, 'y': -214748365}",1,+1 Point,683.0
401873342499,499,"{'id': '92', 'text': 'Jump Shot'}",Jose Alvarado misses 24-foot three point jumper,73,85,4,11:04,False,0,{'id': '18'},[{'athlete': {'id': '4277869'}}],2026-05-22T02:04:29Z,True,"{'x': 47, 'y': 12}",3,Missed 3PT,664.0
401873342500,500,"{'id': '155', 'text': 'Defensive Rebound'}",Jaylon Tyson defensive rebound,73,85,4,11:01,False,0,{'id': '5'},[{'athlete': {'id': '4683747'}}],2026-05-22T02:04:32Z,False,"{'x': 47, 'y': 12}",0,Rebound,661.0
401873342501,501,"{'id': '92', 'text': 'Jump Shot'}",Jaylon Tyson misses 24-foot three point jumper,73,85,4,10:50,False,0,{'id': '5'},[{'athlete': {'id': '4683747'}}],2026-05-22T02:04:41Z,True,"{'x': 12, 'y': 21}",3,Missed 3PT,650.0
401873342502,502,"{'id': '155', 'text': 'Defensive Rebound'}",Landry Shamet defensive rebound,73,85,4,10:48,False,0,{'id': '18'},[{'athlete': {'id': '3914044'}}],2026-05-22T02:04:43Z,False,"{'x': 12, 'y': 21}",0,Rebound,648.0
401873342503,503,"{'id': '92', 'text': 'Jump Shot'}",Miles McBride misses 26-foot three point jumper,73,85,4,10:26,False,0,{'id': '18'},[{'athlete': {'id': '4431823'}}],2026-05-22T02:05:07Z,True,"{'x': 4, 'y': 16}",3,Missed 3PT,626.0
401873342504,504,"{'id': '156', 'text': 'Offensive Rebound'}",Knicks offensive team rebound,73,85,4,10:25,False,0,{'id': '18'},,2026-05-22T02:05:08Z,False,"{'x': 4, 'y': 16}",0,Rebound,625.0
401873342505,505,"{'id': '43', 'text': 'Loose Ball Foul'}",Jaylon Tyson loose ball foul,73,85,4,10:25,False,0,{'id': '5'},[{'athlete': {'id': '4683747'}}],2026-05-22T02:05:12Z,False,"{'x': 35, 'y': 5}",0,Foul,625.0
401873342507,507,"{'id': '131', 'text': 'Pullup Jump Shot'}",Josh Hart misses 24-foot three point pullup jump shot,73,85,4,10:17,False,0,{'id': '18'},[{'athlete': {'id': '3062679'}}],2026-05-22T02:05:40Z,True,"{'x': 45, 'y': 15}",3,Missed 3PT,617.0
401873342508,508,"{'id': '156', 'text': 'Offensive Rebound'}",Miles McBride offensive rebound,73,85,4,10:15,False,0,{'id': '18'},[{'athlete': {'id': '4431823'}}],2026-05-22T02:05:42Z,False,"{'x': 45, 'y': 15}",0,Rebound,615.0
401873342509,509,"{'id': '125', 'text': 'Layup Shot Putback'}",Miles McBride misses two point shot,73,85,4,10:13,False,0,{'id': '18'},[{'athlete': {'id': '4431823'}}],2026-05-22T02:05:44Z,True,"{'x': 25, 'y': 1}",2,Missed FG,613.0
401873342510,510,"{'id': '155', 'text': 'Defensive Rebound'}",Evan Mobley defensive rebound,73,85,4,10:11,False,0,{'id': '5'},[{'athlete': {'id': '4432158'}}],2026-05-22T02:05:46Z,False,"{'x': 25, 'y': 1}",0,Rebound,611.0
401873342511,511,"{'id': '44', 'text': 'Shooting Foul'}",Miles McBride shooting foul,73,85,4,10:03,False,0,{'id': '18'},[{'athlete': {'id': '4431823'}}],2026-05-22T02:05:57Z,False,"{'x': 42, 'y': 6}",0,Foul,603.0
401873342513,513,"{'id': '98', 'text': 'Free Throw - 1 of 2'}",Sam Merrill makes free throw 1 of 2,74,85,4,10:03,True,1,{'id': '5'},[{'athlete': {'id': '4066757'}}],2026-05-22T02:06:22Z,True,"{'x': -214748340, 'y': -214748365}",1,+1 Point,603.0
401873342514,514,"{'id': '584', 'text': 'Substitution'}",Mikal Bridges enters the game for Josh Hart,74,85,4,10:03,False,0,{'id': '18'},"[{'athlete': {'id': '3147657'}}, {'athlete': {'id': '3062679'}}]",2026-05-22T02:06:22Z,False,"{'x': -214748340, 'y': -214748365}",0,Substitution,603.0
401873342515,515,"{'id': '584', 'text': 'Substitution'}",Jalen Brunson enters the game for Jose Alvarado,74,85,4,10:03,False,0,{'id': '18'},"[{'athlete': {'id': '3934672'}}, {'athlete': {'id': '4277869'}}]",2026-05-22T02:06:22Z,False,"{'x': -214748340, 'y': -214748365}",0,Substitution,603.0
401873342518,518,"{'id': '99', 'text': 'Free Throw - 2 of 2'}",Sam Merrill misses free throw 2 of 2,74,85,4,10:03,False,0,{'id': '5'},[{'athlete': {'id': '4066757'}}],2026-05-22T02:06:22Z,True,"{'x': -214748340, 'y': -214748365}",1,Missed FT,603.0
401873342519,519,"{'id': '155', 'text': 'Defensive Rebound'}",Miles McBride defensive rebound,74,85,4,10:01,False,0,{'id': '18'},[{'athlete': {'id': '4431823'}}],2026-05-22T02:06:24Z,False,"{'x': -214748340, 'y': -214748365}",0,Rebound,601.0
401873342520,520,"{'id': '144', 'text': 'Driving Floating Jump Shot'}",Miles McBride misses driving floating jump shot,74,85,4,9:52,False,0,{'id': '18'},[{'athlete': {'id': '4431823'}}],2026-05-22T02:07:19Z,True,"{'x': 22, 'y': 4}",2,Missed FG,592.0
401873342521,521,"{'id': '156', 'text': 'Offensive Rebound'}",Miles McBride offensive rebound,74,85,4,9:50,False,0,{'id': '18'},[{'athlete': {'id': '4431823'}}],2026-05-22T02:07:20Z,False,"{'x': 22, 'y': 4}",0,Rebound,590.0
401873342522,522,"{'id': '131', 'text': 'Pullup Jump Shot'}",Miles McBride misses 26-foot three point pullup jump shot,74,85,4,9:43,False,0,{'id': '18'},[{'athlete': {'id': '4431823'}}],2026-05-22T02:07:27Z,True,"{'x': 26, 'y': 27}",3,Missed 3PT,583.0
401873342523,523,"{'id': '155', 'text': 'Defensive Rebound'}",Donovan Mitchell defensive rebound,74,85,4,9:39,False,0,{'id': '5'},[{'athlete': {'id': '3908809'}}],2026-05-22T02:07:31Z,False,"{'x': 26, 'y': 27}",0,Rebound,579.0
401873342524,524,"{'id': '45', 'text': 'Personal Foul'}",Landry Shamet personal foul,74,85,4,9:36,False,0,{'id': '18'},[{'athlete': {'id': '3914044'}}],2026-05-22T02:07:40Z,False,"{'x': 2, 'y': 18}",0,Foul,576.0
401873342526,526,"{'id': '584', 'text': 'Substitution'}",Mitchell Robinson enters the game for Karl-Anthony Towns,74,85,4,9:36,False,0,{'id': '18'},"[{'athlete': {'id': '4351852'}}, {'athlete': {'id': '3136195'}}]",2026-05-22T02:07:40Z,False,"{'x': -214748340, 'y': -214748365}",0,Substitution,576.0
401873342528,528,"{'id': '584', 'text': 'Substitution'}",Jordan Clarkson enters the game for Miles McBride,74,85,4,9:36,False,0,{'id': '18'},"[{'athlete': {'id': '2528426'}}, {'athlete': {'id': '4431823'}}]",2026-05-22T02:07:40Z,False,"{'x': -214748340, 'y': -214748365}",0,Substitution,576.0
401873342530,530,"{'id': '131', 'text': 'Pullup Jump Shot'}",Donovan Mitchell misses 20-foot pullup jump shot,74,85,4,9:20,False,0,{'id': '5'},[{'athlete': {'id': '3908809'}}],2026-05-22T02:08:31Z,True,"{'x': 45, 'y': 7}",2,Missed FG,560.0
401873342531,531,"{'id': '156', 'text': 'Offensive Rebound'}",Cavaliers offensive team rebound,74,85,4,9:19,False,0,{'id': '5'},,2026-05-22T02:08:32Z,False,"{'x': 45, 'y': 7}",0,Rebound,559.0
401873342532,532,"{'id': '43', 'text': 'Loose Ball Foul'}",Jordan Clarkson loose ball foul,74,85,4,9:19,False,0,{'id': '18'},[{'athlete': {'id': '2528426'}}],2026-05-22T02:08:36Z,False,"{'x': 21, 'y': 2}",0,Foul,559.0
401873342534,534,"{'id': '98', 'text': 'Free Throw - 1 of 2'}",Jaylon Tyson makes free throw 1 of 2,75,85,4,9:19,True,1,{'id': '5'},[{'athlete': {'id': '4683747'}}],2026-05-22T02:09:10Z,True,"{'x': -214748340, 'y': -214748365}",1,+1 Point,559.0
401873342535,535,"{'id': '584', 'text': 'Substitution'}",OG Anunoby enters the game for Jordan Clarkson,75,85,4,9:19,False,0,{'id': '18'},"[{'athlete': {'id': '3934719'}}, {'athlete': {'id': '2528426'}}]",2026-05-22T02:09:10Z,False,"{'x': -214748340, 'y': -214748365}",0,Substitution,559.0
401873342536,536,"{'id': '584', 'text': 'Substitution'}",James Harden enters the game for Sam Merrill,75,85,4,9:19,False,0,{'id': '5'},"[{'athlete': {'id': '3992'}}, {'athlete': {'id': '4066757'}}]",2026-05-22T02:09:10Z,False,"{'x': -214748340, 'y': -214748365}",0,Substitution,559.0
401873342539,539,"{'id': '99', 'text': 'Free Throw - 2 of 2'}",Jaylon Tyson makes free throw 2 of 2,76,85,4,9:19,True,1,{'id': '5'},[{'athlete': {'id': '4683747'}}],2026-05-22T02:09:54Z,True,"{'x': -214748340, 'y': -214748365}",1,+1 Point,559.0
401873342540,540,"{'id': '45', 'text': 'Personal Foul'}",Donovan Mitchell personal foul,76,85,4,9:08,False,0,{'id': '5'},[{'athlete': {'id': '3908809'}}],2026-05-22T02:10:14Z,False,"{'x': 24, 'y': 27}",0,Foul,548.0
401873342542,542,"{'id': '62', 'text': 'Bad Pass\nTurnover'}","Jalen Brunson bad pass
turnover (James Harden steals)",76,85,4,9:06,False,0,{'id': '18'},"[{'athlete': {'id': '3934672'}}, {'athlete': {'id': '3992'}}]",2026-05-22T02:10:34Z,False,"{'x': 43, 'y': 25}",0,Turnover,546.0
401873342544,544,"{'id': '142', 'text': 'Cutting Finger Roll Layup Shot'}",Jaylon Tyson makes layup (Dennis Schroder assists),78,85,4,8:59,True,2,{'id': '5'},"[{'athlete': {'id': '4683747'}}, {'athlete': {'id': '3032979'}}]",2026-05-22T02:10:41Z,True,"{'x': 25, 'y': 2}",2,+2 Points,539.0
401873342546,546,"{'id': '92', 'text': 'Jump Shot'}",OG Anunoby makes 25-foot three point jumper (Jalen Brunson assists),78,88,4,8:39,True,3,{'id': '18'},"[{'athlete': {'id': '3934719'}}, {'athlete': {'id': '3934672'}}]",2026-05-22T02:11:00Z,True,"{'x': 10, 'y': 21}",3,+3 Points,519.0
401873342548,548,"{'id': '92', 'text': 'Jump Shot'}",Jaylon Tyson misses 23-foot three point jumper,78,88,4,8:21,False,0,{'id': '5'},[{'athlete': {'id': '4683747'}}],2026-05-22T02:11:18Z,True,"{'x': 2, 'y': -2}",3,Missed 3PT,501.0
401873342549,549,"{'id': '155', 'text': 'Defensive Rebound'}",Knicks defensive team rebound,78,88,4,8:20,False,0,{'id': '18'},,2026-05-22T02:11:19Z,False,"{'x': 2, 'y': -2}",0,Rebound,500.0
401873342550,550,"{'id': '43', 'text': 'Loose Ball Foul'}",Dennis Schroder loose ball foul,78,88,4,8:20,False,0,{'id': '5'},[{'athlete': {'id': '3032979'}}],2026-05-22T02:11:23Z,False,"{'x': 22, 'y': 4}",0,Foul,500.0
401873342552,552,"{'id': '584', 'text': 'Substitution'}",Jarrett Allen enters the game for Evan Mobley,78,88,4,8:20,False,0,{'id': '5'},"[{'athlete': {'id': '4066328'}}, {'athlete': {'id': '4432158'}}]",2026-05-22T02:11:24Z,False,"{'x': -214748340, 'y': -214748365}",0,Substitution,500.0
401873342554,554,"{'id': '121', 'text': 'Fade Away Jump Shot'}",Jalen Brunson misses 11-foot fade away jump shot,78,88,4,8:07,False,0,{'id': '18'},[{'athlete': {'id': '3934672'}}],2026-05-22T02:11:55Z,True,"{'x': 30, 'y': 10}",2,Missed FG,487.0
401873342555,555,"{'id': '155', 'text': 'Defensive Rebound'}",Dennis Schroder defensive rebound,78,88,4,8:04,False,0,{'id': '5'},[{'athlete': {'id': '3032979'}}],2026-05-22T02:11:58Z,False,"{'x': 30, 'y': 10}",0,Rebound,484.0
401873342556,556,"{'id': '144', 'text': 'Driving Floating Jump Shot'}",Donovan Mitchell makes 12-foot driving floating jump shot (James Harden assists),80,88,4,7:51,True,2,{'id': '5'},"[{'athlete': {'id': '3908809'}}, {'athlete': {'id': '3992'}}]",2026-05-22T02:12:10Z,True,"{'x': 36, 'y': 7}",2,+2 Points,471.0
401873342558,558,"{'id': '16', 'text': 'Full Timeout'}",Knicks Full timeout,80,88,4,7:46,False,0,{'id': '18'},,2026-05-22T02:12:22Z,False,"{'x': -214748340, 'y': -214748365}",0,Timeout,466.0
401873342559,559,"{'id': '584', 'text': 'Substitution'}",Josh Hart enters the game for Landry Shamet,80,88,4,7:46,False,0,{'id': '18'},"[{'athlete': {'id': '3062679'}}, {'athlete': {'id': '3914044'}}]",2026-05-22T02:12:22Z,False,"{'x': -214748340, 'y': -214748365}",0,Substitution,466.0
401873342561,561,"{'id': '22', 'text': 'Personal Take Foul'}",Jarrett Allen personal take foul,80,88,4,7:46,False,0,{'id': '5'},[{'athlete': {'id': '4066328'}}],2026-05-22T02:16:20Z,False,"{'x': 34, 'y': -2}",0,Foul,466.0
401873342563,563,"{'id': '584', 'text': 'Substitution'}",Karl-Anthony Towns enters the game for Mitchell Robinson,80,88,4,7:46,False,0,{'id': '18'},"[{'athlete': {'id': '3136195'}}, {'athlete': {'id': '4351852'}}]",2026-05-22T02:16:20Z,False,"{'x': -214748340, 'y': -214748365}",0,Substitution,466.0
401873342565,565,"{'id': '130', 'text': 'Floating Jump Shot'}",Mikal Bridges makes 7-foot floating jump shot (Jalen Brunson assists),80,90,4,7:27,True,2,{'id': '18'},"[{'athlete': {'id': '3147657'}}, {'athlete': {'id': '3934672'}}]",2026-05-22T02:17:03Z,True,"{'x': 24, 'y': 8}",2,+2 Points,447.0
401873342567,567,"{'id': '110', 'text': 'Driving Layup Shot'}",James Harden misses driving layup,80,90,4,7:16,False,0,{'id': '5'},[{'athlete': {'id': '3992'}}],2026-05-22T02:17:14Z,True,"{'x': 23, 'y': 2}",2,Missed FG,436.0
401873342568,568,"{'id': '156', 'text': 'Offensive Rebound'}",Dennis Schroder offensive rebound,80,90,4,7:16,False,0,{'id': '5'},[{'athlete': {'id': '3032979'}}],2026-05-22T02:17:14Z,False,"{'x': 23, 'y': 2}",0,Rebound,436.0
401873342569,569,"{'id': '45', 'text': 'Personal Foul'}",Jalen Brunson personal foul,80,90,4,7:15,False,0,{'id': '18'},[{'athlete': {'id': '3934672'}}],2026-05-22T02:17:27Z,False,"{'x': 10, 'y': -1}",0,Foul,435.0
401873342571,571,"{'id': '98', 'text': 'Free Throw - 1 of 2'}",Dennis Schroder misses free throw 1 of 2,80,90,4,7:15,False,0,{'id': '5'},[{'athlete': {'id': '3032979'}}],2026-05-22T02:17:57Z,True,"{'x': -214748340, 'y': -214748365}",1,Missed FT,435.0
401873342572,572,"{'id': '156', 'text': 'Offensive Rebound'}",Cavaliers offensive team rebound,80,90,4,7:15,False,0,{'id': '5'},,2026-05-22T02:17:57Z,False,"{'x': -214748340, 'y': -214748365}",0,Rebound,435.0
401873342573,573,"{'id': '99', 'text': 'Free Throw - 2 of 2'}",Dennis Schroder misses free throw 2 of 2,80,90,4,7:15,False,0,{'id': '5'},[{'athlete': {'id': '3032979'}}],2026-05-22T02:17:57Z,True,"{'x': -214748340, 'y': -214748365}",1,Missed FT,435.0
401873342574,574,"{'id': '155', 'text': 'Defensive Rebound'}",Josh Hart defensive rebound,80,90,4,7:12,False,0,{'id': '18'},[{'athlete': {'id': '3062679'}}],2026-05-22T02:18:00Z,False,"{'x': -214748340, 'y': -214748365}",0,Rebound,432.0
401873342575,575,"{'id': '110', 'text': 'Driving Layup Shot'}",OG Anunoby makes driving layup (Josh Hart assists),80,92,4,6:52,True,2,{'id': '18'},"[{'athlete': {'id': '3934719'}}, {'athlete': {'id': '3062679'}}]",2026-05-22T02:18:39Z,True,"{'x': 24, 'y': 1}",2,+2 Points,412.0
401873342577,577,"{'id': '131', 'text': 'Pullup Jump Shot'}",Dennis Schroder makes 11-foot pullup jump shot,82,92,4,6:34,True,2,{'id': '5'},[{'athlete': {'id': '3032979'}}],2026-05-22T02:18:56Z,True,"{'x': 15, 'y': 5}",2,+2 Points,394.0
401873342578,578,"{'id': '92', 'text': 'Jump Shot'}",Mikal Bridges makes 23-foot three point jumper (Josh Hart assists),82,95,4,6:12,True,3,{'id': '18'},"[{'athlete': {'id': '3147657'}}, {'athlete': {'id': '3062679'}}]",2026-05-22T02:19:19Z,True,"{'x': 2, 'y': 2}",3,+3 Points,372.0
401873342580,580,"{'id': '16', 'text': 'Full Timeout'}",Cavaliers Full timeout,82,95,4,6:11,False,0,{'id': '5'},,2026-05-22T02:19:33Z,False,"{'x': -214748340, 'y': -214748365}",0,Timeout,371.0
401873342581,581,"{'id': '584', 'text': 'Substitution'}",Max Strus enters the game for Dennis Schroder,82,95,4,6:11,False,0,{'id': '5'},"[{'athlete': {'id': '4065778'}}, {'athlete': {'id': '3032979'}}]",2026-05-22T02:19:33Z,False,"{'x': -214748340, 'y': -214748365}",0,Substitution,371.0
401873342582,582,"{'id': '584', 'text': 'Substitution'}",Evan Mobley enters the game for Jaylon Tyson,82,95,4,6:11,False,0,{'id': '5'},"[{'athlete': {'id': '4432158'}}, {'athlete': {'id': '4683747'}}]",2026-05-22T02:19:33Z,False,"{'x': -214748340, 'y': -214748365}",0,Substitution,371.0
401873342585,585,"{'id': '92', 'text': 'Jump Shot'}",James Harden makes 23-foot three point jumper (Max Strus assists),85,95,4,5:52,True,3,{'id': '5'},"[{'athlete': {'id': '3992'}}, {'athlete': {'id': '4065778'}}]",2026-05-22T02:23:33Z,True,"{'x': 48, 'y': 0}",3,+3 Points,352.0
401873342587,587,"{'id': '131', 'text': 'Pullup Jump Shot'}",Jalen Brunson makes 14-foot pullup jump shot,85,97,4,5:25,True,2,{'id': '18'},[{'athlete': {'id': '3934672'}}],2026-05-22T02:23:59Z,True,"{'x': 16, 'y': 12}",2,+2 Points,325.0
401873342588,588,"{'id': '44', 'text': 'Shooting Foul'}",OG Anunoby shooting foul,85,97,4,5:12,False,0,{'id': '18'},[{'athlete': {'id': '3934719'}}],2026-05-22T02:24:15Z,False,"{'x': 26, 'y': 3}",0,Foul,312.0
401873342590,590,"{'id': '98', 'text': 'Free Throw - 1 of 2'}",Evan Mobley misses free throw 1 of 2,85,97,4,5:12,False,0,{'id': '5'},[{'athlete': {'id': '4432158'}}],2026-05-22T02:24:50Z,True,"{'x': -214748340, 'y': -214748365}",1,Missed FT,312.0
401873342591,591,"{'id': '156', 'text': 'Offensive Rebound'}",Cavaliers offensive team rebound,85,97,4,5:12,False,0,{'id': '5'},,2026-05-22T02:24:50Z,False,"{'x': -214748340, 'y': -214748365}",0,Rebound,312.0
401873342592,592,"{'id': '99', 'text': 'Free Throw - 2 of 2'}",Evan Mobley misses free throw 2 of 2,85,97,4,5:12,False,0,{'id': '5'},[{'athlete': {'id': '4432158'}}],2026-05-22T02:24:50Z,True,"{'x': -214748340, 'y': -214748365}",1,Missed FT,312.0
401873342593,593,"{'id': '155', 'text': 'Defensive Rebound'}",Karl-Anthony Towns defensive rebound,85,97,4,5:10,False,0,{'id': '18'},[{'athlete': {'id': '3136195'}}],2026-05-22T02:24:52Z,False,"{'x': -214748340, 'y': -214748365}",0,Rebound,310.0
401873342594,594,"{'id': '137', 'text': 'Turnaround Fade Away Jump Shot'}",Josh Hart makes 9-foot two point shot,85,99,4,4:47,True,2,{'id': '18'},[{'athlete': {'id': '3062679'}}],2026-05-22T02:25:36Z,True,"{'x': 22, 'y': 9}",2,+2 Points,287.0
401873342595,595,"{'id': '92', 'text': 'Jump Shot'}",Donovan Mitchell misses 25-foot three point jumper,85,99,4,4:30,False,0,{'id': '5'},[{'athlete': {'id': '3908809'}}],2026-05-22T02:25:53Z,True,"{'x': 12, 'y': 22}",3,Missed 3PT,270.0
401873342596,596,"{'id': '155', 'text': 'Defensive Rebound'}",OG Anunoby defensive rebound,85,99,4,4:27,False,0,{'id': '18'},[{'athlete': {'id': '3934719'}}],2026-05-22T02:25:56Z,False,"{'x': 12, 'y': 22}",0,Rebound,267.0
401873342597,597,"{'id': '62', 'text': 'Bad Pass\nTurnover'}","Jalen Brunson bad pass
turnover (Jarrett Allen steals)",85,99,4,4:19,False,0,{'id': '18'},"[{'athlete': {'id': '3934672'}}, {'athlete': {'id': '4066328'}}]",2026-05-22T02:26:04Z,False,"{'x': 24, 'y': 11}",0,Turnover,259.0
401873342599,599,"{'id': '45', 'text': 'Personal Foul'}",Josh Hart personal foul,85,99,4,4:16,False,0,{'id': '18'},[{'athlete': {'id': '3062679'}}],2026-05-22T02:26:12Z,False,"{'x': 21, 'y': 13}",0,Foul,256.0
401873342601,601,"{'id': '98', 'text': 'Free Throw - 1 of 2'}",Donovan Mitchell makes free throw 1 of 2,86,99,4,4:16,True,1,{'id': '5'},[{'athlete': {'id': '3908809'}}],2026-05-22T02:26:45Z,True,"{'x': -214748340, 'y': -214748365}",1,+1 Point,256.0
401873342602,602,"{'id': '99', 'text': 'Free Throw - 2 of 2'}",Donovan Mitchell misses free throw 2 of 2,86,99,4,4:16,False,0,{'id': '5'},[{'athlete': {'id': '3908809'}}],2026-05-22T02:26:45Z,True,"{'x': -214748340, 'y': -214748365}",1,Missed FT,256.0
401873342603,603,"{'id': '155', 'text': 'Defensive Rebound'}",Karl-Anthony Towns defensive rebound,86,99,4,4:14,False,0,{'id': '18'},[{'athlete': {'id': '3136195'}}],2026-05-22T02:26:47Z,False,"{'x': -214748340, 'y': -214748365}",0,Rebound,254.0
401873342604,604,"{'id': '43', 'text': 'Loose Ball Foul'}",Donovan Mitchell loose ball foul,86,99,4,4:02,False,0,{'id': '5'},[{'athlete': {'id': '3908809'}}],2026-05-22T02:27:31Z,False,"{'x': 10, 'y': 36}",0,Foul,242.0
401873342606,606,"{'id': '98', 'text': 'Free Throw - 1 of 2'}",Jalen Brunson makes free throw 1 of 2,86,100,4,4:02,True,1,{'id': '18'},[{'athlete': {'id': '3934672'}}],2026-05-22T02:28:05Z,True,"{'x': -214748340, 'y': -214748365}",1,+1 Point,242.0
401873342607,607,"{'id': '99', 'text': 'Free Throw - 2 of 2'}",Jalen Brunson makes free throw 2 of 2,86,101,4,4:02,True,1,{'id': '18'},[{'athlete': {'id': '3934672'}}],2026-05-22T02:28:26Z,True,"{'x': -214748340, 'y': -214748365}",1,+1 Point,242.0
401873342608,608,"{'id': '131', 'text': 'Pullup Jump Shot'}",James Harden misses 26-foot three point pullup jump shot,86,101,4,3:52,False,0,{'id': '5'},[{'athlete': {'id': '3992'}}],2026-05-22T02:28:38Z,True,"{'x': 33, 'y': 26}",3,Missed 3PT,232.0
401873342609,609,"{'id': '155', 'text': 'Defensive Rebound'}",Jalen Brunson defensive rebound,86,101,4,3:49,False,0,{'id': '18'},[{'athlete': {'id': '3934672'}}],2026-05-22T02:28:41Z,False,"{'x': 33, 'y': 26}",0,Rebound,229.0
401873342610,610,"{'id': '121', 'text': 'Fade Away Jump Shot'}",Mikal Bridges misses 12-foot fade away jump shot,86,101,4,3:36,False,0,{'id': '18'},[{'athlete': {'id': '3147657'}}],2026-05-22T02:28:53Z,True,"{'x': 31, 'y': 12}",2,Missed FG,216.0
401873342611,611,"{'id': '155', 'text': 'Defensive Rebound'}",Jarrett Allen defensive rebound,86,101,4,3:34,False,0,{'id': '5'},[{'athlete': {'id': '4066328'}}],2026-05-22T02:28:55Z,False,"{'x': 31, 'y': 12}",0,Rebound,214.0
401873342612,612,"{'id': '130', 'text': 'Floating Jump Shot'}",Jarrett Allen misses 12-foot floating jump shot,86,101,4,3:24,False,0,{'id': '5'},[{'athlete': {'id': '4066328'}}],2026-05-22T02:29:05Z,True,"{'x': 26, 'y': 12}",2,Missed FG,204.0
401873342613,613,"{'id': '155', 'text': 'Defensive Rebound'}",Jalen Brunson defensive rebound,86,101,4,3:21,False,0,{'id': '18'},[{'athlete': {'id': '3934672'}}],2026-05-22T02:29:08Z,False,"{'x': 26, 'y': 12}",0,Rebound,201.0
401873342614,614,"{'id': '109', 'text': 'Running Layup Shot'}",Jalen Brunson makes running layup,86,103,4,3:18,True,2,{'id': '18'},[{'athlete': {'id': '3934672'}}],2026-05-22T02:29:12Z,True,"{'x': 25, 'y': 1}",2,+2 Points,198.0
401873342615,615,"{'id': '16', 'text': 'Full Timeout'}",Cavaliers Full timeout,86,103,4,3:18,False,0,{'id': '5'},,2026-05-22T02:29:16Z,False,"{'x': -214748340, 'y': -214748365}",0,Timeout,198.0
401873342616,616,"{'id': '16', 'text': 'Full Timeout'}",Knicks Full timeout,86,103,4,3:18,False,0,{'id': '18'},,2026-05-22T02:30:53Z,False,"{'x': -214748340, 'y': -214748365}",0,Timeout,198.0
401873342617,617,"{'id': '584', 'text': 'Substitution'}",Sam Merrill enters the game for Jarrett Allen,86,103,4,3:18,False,0,{'id': '5'},"[{'athlete': {'id': '4066757'}}, {'athlete': {'id': '4066328'}}]",2026-05-22T02:30:53Z,False,"{'x': -214748340, 'y': -214748365}",0,Substitution,198.0
401873342619,619,"{'id': '92', 'text': 'Jump Shot'}",Max Strus misses 25-foot three point jumper,86,103,4,3:06,False,0,{'id': '5'},[{'athlete': {'id': '4065778'}}],2026-05-22T02:32:28Z,True,"{'x': 41, 'y': 20}",3,Missed 3PT,186.0
401873342620,620,"{'id': '155', 'text': 'Defensive Rebound'}",Josh Hart defensive rebound,86,103,4,3:03,False,0,{'id': '18'},[{'athlete': {'id': '3062679'}}],2026-05-22T02:32:31Z,False,"{'x': 41, 'y': 20}",0,Rebound,183.0
401873342621,621,"{'id': '45', 'text': 'Personal Foul'}",Max Strus personal foul,86,103,4,2:55,False,0,{'id': '5'},[{'athlete': {'id': '4065778'}}],2026-05-22T02:32:42Z,False,"{'x': 36, 'y': 34}",0,Foul,175.0
401873342623,623,"{'id': '98', 'text': 'Free Throw - 1 of 2'}",Jalen Brunson makes free throw 1 of 2,86,104,4,2:55,True,1,{'id': '18'},[{'athlete': {'id': '3934672'}}],2026-05-22T02:33:11Z,True,"{'x': -214748340, 'y': -214748365}",1,+1 Point,175.0
401873342624,624,"{'id': '99', 'text': 'Free Throw - 2 of 2'}",Jalen Brunson makes free throw 2 of 2,86,105,4,2:55,True,1,{'id': '18'},[{'athlete': {'id': '3934672'}}],2026-05-22T02:33:36Z,True,"{'x': -214748340, 'y': -214748365}",1,+1 Point,175.0
401873342625,625,"{'id': '45', 'text': 'Personal Foul'}",Josh Hart personal foul,86,105,4,2:46,False,0,{'id': '18'},[{'athlete': {'id': '3062679'}}],2026-05-22T02:33:51Z,False,"{'x': 17, 'y': 24}",0,Foul,166.0
401873342627,627,"{'id': '98', 'text': 'Free Throw - 1 of 2'}",Donovan Mitchell makes free throw 1 of 2,87,105,4,2:46,True,1,{'id': '5'},[{'athlete': {'id': '3908809'}}],2026-05-22T02:34:18Z,True,"{'x': -214748340, 'y': -214748365}",1,+1 Point,166.0
401873342628,628,"{'id': '99', 'text': 'Free Throw - 2 of 2'}",Donovan Mitchell makes free throw 2 of 2,88,105,4,2:46,True,1,{'id': '5'},[{'athlete': {'id': '3908809'}}],2026-05-22T02:34:45Z,True,"{'x': -214748340, 'y': -214748365}",1,+1 Point,166.0
401873342629,629,"{'id': '114', 'text': 'Turnaround Jump Shot'}",Josh Hart misses 14-foot turnaround jump shot,88,105,4,2:22,False,0,{'id': '18'},[{'athlete': {'id': '3062679'}}],2026-05-22T02:35:12Z,True,"{'x': 20, 'y': 14}",2,Missed FG,142.0
401873342630,630,"{'id': '155', 'text': 'Defensive Rebound'}",James Harden defensive rebound,88,105,4,2:19,False,0,{'id': '5'},[{'athlete': {'id': '3992'}}],2026-05-22T02:35:15Z,False,"{'x': 20, 'y': 14}",0,Rebound,139.0
401873342631,631,"{'id': '146', 'text': 'Running Pullup Jump Shot'}",James Harden makes 3-foot running pullup jump shot,90,105,4,2:15,True,2,{'id': '5'},[{'athlete': {'id': '3992'}}],2026-05-22T02:35:21Z,True,"{'x': 27, 'y': 3}",2,+2 Points,135.0
401873342632,632,"{'id': '44', 'text': 'Shooting Foul'}",Karl-Anthony Towns shooting foul,90,105,4,2:15,False,0,{'id': '18'},[{'athlete': {'id': '3136195'}}],2026-05-22T02:35:24Z,False,"{'x': 27, 'y': 3}",0,Foul,135.0
401873342634,634,"{'id': '97', 'text': 'Free Throw - 1 of 1'}",James Harden makes free throw 1 of 1,91,105,4,2:15,True,1,{'id': '5'},[{'athlete': {'id': '3992'}}],2026-05-22T02:35:47Z,True,"{'x': -214748340, 'y': -214748365}",1,+1 Point,135.0
401873342635,635,"{'id': '12', 'text': 'Kicked Ball'}",Donovan Mitchell kicked ball violation,91,105,4,1:57,False,0,{'id': '5'},[{'athlete': {'id': '3908809'}}],2026-05-22T02:36:11Z,False,"{'x': -214748340, 'y': -214748365}",0,Violation,117.0
401873342636,636,"{'id': '584', 'text': 'Substitution'}",Landry Shamet enters the game for Josh Hart,91,105,4,1:57,False,0,{'id': '18'},"[{'athlete': {'id': '3914044'}}, {'athlete': {'id': '3062679'}}]",2026-05-22T02:36:48Z,False,"{'x': -214748340, 'y': -214748365}",0,Substitution,117.0
401873342638,638,"{'id': '114', 'text': 'Turnaround Jump Shot'}",Mikal Bridges makes 11-foot turnaround jump shot (Jalen Brunson assists),91,107,4,1:43,True,2,{'id': '18'},"[{'athlete': {'id': '3147657'}}, {'athlete': {'id': '3934672'}}]",2026-05-22T02:36:52Z,True,"{'x': 26, 'y': 11}",2,+2 Points,103.0
401873342640,640,"{'id': '132', 'text': 'Step Back Jump Shot'}",Donovan Mitchell misses 25-foot three point step back jumpshot,91,107,4,1:37,False,0,{'id': '5'},[{'athlete': {'id': '3908809'}}],2026-05-22T02:37:01Z,True,"{'x': 7, 'y': 19}",3,Missed 3PT,97.0
401873342641,641,"{'id': '155', 'text': 'Defensive Rebound'}",Landry Shamet defensive rebound,91,107,4,1:36,False,0,{'id': '18'},[{'athlete': {'id': '3914044'}}],2026-05-22T02:37:02Z,False,"{'x': 7, 'y': 19}",0,Rebound,96.0
401873342642,642,"{'id': '144', 'text': 'Driving Floating Jump Shot'}",Jalen Brunson makes 6-foot driving floating jump shot,91,109,4,1:21,True,2,{'id': '18'},[{'athlete': {'id': '3934672'}}],2026-05-22T02:37:19Z,True,"{'x': 24, 'y': 6}",2,+2 Points,81.0
401873342643,643,"{'id': '42', 'text': 'Offensive Foul'}",Max Strus offensive foul,91,109,4,1:15,False,0,{'id': '5'},[{'athlete': {'id': '4065778'}}],2026-05-22T02:37:33Z,False,"{'x': 19, 'y': 37}",0,Foul,75.0
401873342645,645,"{'id': '84', 'text': 'Offensive Foul Turnover'}",Max Strus offensive foul turnover,91,109,4,1:15,False,0,{'id': '5'},[{'athlete': {'id': '4065778'}}],2026-05-22T02:37:33Z,False,"{'x': 19, 'y': 37}",0,Turnover,75.0
401873342646,646,"{'id': '584', 'text': 'Substitution'}",Craig Porter Jr. enters the game for Donovan Mitchell,91,109,4,1:15,False,0,{'id': '5'},"[{'athlete': {'id': '4701233'}}, {'athlete': {'id': '3908809'}}]",2026-05-22T02:37:33Z,False,"{'x': -214748340, 'y': -214748365}",0,Substitution,75.0
401873342647,647,"{'id': '584', 'text': 'Substitution'}",Tyrese Proctor enters the game for James Harden,91,109,4,1:15,False,0,{'id': '5'},"[{'athlete': {'id': '5023693'}}, {'athlete': {'id': '3992'}}]",2026-05-22T02:37:33Z,False,"{'x': -214748340, 'y': -214748365}",0,Substitution,75.0
401873342648,648,"{'id': '584', 'text': 'Substitution'}",Keon Ellis enters the game for Max Strus,91,109,4,1:15,False,0,{'id': '5'},"[{'athlete': {'id': '4702177'}}, {'athlete': {'id': '4065778'}}]",2026-05-22T02:37:33Z,False,"{'x': -214748340, 'y': -214748365}",0,Substitution,75.0
401873342649,649,"{'id': '584', 'text': 'Substitution'}",Thomas Bryant enters the game for Evan Mobley,91,109,4,1:15,False,0,{'id': '5'},"[{'athlete': {'id': '3934723'}}, {'athlete': {'id': '4432158'}}]",2026-05-22T02:37:33Z,False,"{'x': -214748340, 'y': -214748365}",0,Substitution,75.0
401873342650,650,"{'id': '584', 'text': 'Substitution'}",Nae'Qwan Tomlin enters the game for Sam Merrill,91,109,4,1:15,False,0,{'id': '5'},"[{'athlete': {'id': '5106268'}}, {'athlete': {'id': '4066757'}}]",2026-05-22T02:37:33Z,False,"{'x': -214748340, 'y': -214748365}",0,Substitution,75.0
401873342656,656,"{'id': '584', 'text': 'Substitution'}",Jose Alvarado enters the game for Mikal Bridges,91,109,4,1:15,False,0,{'id': '18'},"[{'athlete': {'id': '4277869'}}, {'athlete': {'id': '3147657'}}]",2026-05-22T02:37:33Z,False,"{'x': -214748340, 'y': -214748365}",0,Substitution,75.0
401873342657,657,"{'id': '584', 'text': 'Substitution'}",Miles McBride enters the game for Jalen Brunson,91,109,4,1:15,False,0,{'id': '18'},"[{'athlete': {'id': '4431823'}}, {'athlete': {'id': '3934672'}}]",2026-05-22T02:37:33Z,False,"{'x': -214748340, 'y': -214748365}",0,Substitution,75.0
401873342658,658,"{'id': '584', 'text': 'Substitution'}",Tyler Kolek enters the game for OG Anunoby,91,109,4,1:15,False,0,{'id': '18'},"[{'athlete': {'id': '4433225'}}, {'athlete': {'id': '3934719'}}]",2026-05-22T02:37:33Z,False,"{'x': -214748340, 'y': -214748365}",0,Substitution,75.0
401873342664,664,"{'id': '584', 'text': 'Substitution'}",Pacome Dadiet enters the game for Karl-Anthony Towns,91,109,4,1:15,False,0,{'id': '18'},"[{'athlete': {'id': '5211983'}}, {'athlete': {'id': '3136195'}}]",2026-05-22T02:37:33Z,False,"{'x': -214748340, 'y': -214748365}",0,Substitution,75.0
401873342665,665,"{'id': '92', 'text': 'Jump Shot'}",Pacome Dadiet misses 26-foot three point jumper,91,109,4,58.0,False,0,{'id': '18'},[{'athlete': {'id': '5211983'}}],2026-05-22T02:39:30Z,True,"{'x': 24, 'y': 27}",3,Missed 3PT,58.0
401873342666,666,"{'id': '155', 'text': 'Defensive Rebound'}",Thomas Bryant defensive rebound,91,109,4,56.2,False,0,{'id': '5'},[{'athlete': {'id': '3934723'}}],2026-05-22T02:39:32Z,False,"{'x': 24, 'y': 27}",0,Rebound,56.2
401873342667,667,"{'id': '92', 'text': 'Jump Shot'}",Thomas Bryant misses 13-foot jumper,91,109,4,45.1,False,0,{'id': '5'},[{'athlete': {'id': '3934723'}}],2026-05-22T02:39:43Z,True,"{'x': 38, 'y': 3}",2,Missed FG,45.1
401873342668,668,"{'id': '156', 'text': 'Offensive Rebound'}",Nae'Qwan Tomlin offensive rebound,91,109,4,42.6,False,0,{'id': '5'},[{'athlete': {'id': '5106268'}}],2026-05-22T02:39:46Z,False,"{'x': 38, 'y': 3}",0,Rebound,42.6
401873342669,669,"{'id': '94', 'text': 'Tip Shot'}",Nae'Qwan Tomlin makes tip shot,93,109,4,42.6,True,2,{'id': '5'},[{'athlete': {'id': '5106268'}}],2026-05-22T02:39:48Z,True,"{'x': 25, 'y': 0}",2,+2 Points,42.6
401873342670,670,"{'id': '70', 'text': 'Shot Clock Turnover'}",shot clock turnover ,93,109,4,20.1,False,0,{'id': '18'},,2026-05-22T02:40:14Z,False,"{'x': 10, 'y': 36}",0,Turnover,20.1
401873342671,671,"{'id': '412', 'text': 'End Period'}",End of the 4th Quarter,93,109,4,0.0,False,0,,,2026-05-22T02:40:46Z,False,"{'x': -214748340, 'y': -214748365}",0,End of 4th,0.0
401873342672,672,"{'id': '402', 'text': 'End Game'}",End of Game,93,109,4,0.0,False,0,,,2026-05-22T02:40:48Z,False,"{'x': -214748340, 'y': -214748365}",0,End of Game,0.0
