id,sequenceNumber,type,text,awayScore,homeScore,period,clock,scoringPlay,scoreValue,team,participants,wallclock,shootingPlay,coordinate,pointsAttempted,shortDescription,clockSec
4018599674,4,"{'id': '615', 'text': 'Jumpball'}",Karl-Anthony Towns vs. Victor Wembanyama (OG Anunoby gains possession),0,0,1,12:00,False,0,{'id': '18'},"[{'athlete': {'id': '3136195'}}, {'athlete': {'id': '5104157'}}, {'athlete': {'id': '3934719'}}]",2026-06-14T00:43:27Z,False,"{'x': -214748340, 'y': -214748365}",0,Jump Ball,720.0
4018599677,7,"{'id': '144', 'text': 'Driving Floating Jump Shot'}",Jalen Brunson misses driving floating jump shot,0,0,1,11:35,False,0,{'id': '18'},[{'athlete': {'id': '3934672'}}],2026-06-14T00:43:47Z,True,"{'x': 29, 'y': 7}",2,Missed FG,695.0
4018599678,8,"{'id': '155', 'text': 'Defensive Rebound'}",Julian Champagnie defensive rebound,0,0,1,11:32,False,0,{'id': '24'},[{'athlete': {'id': '4592479'}}],2026-06-14T00:43:50Z,False,"{'x': 29, 'y': 7}",0,Rebound,692.0
4018599679,9,"{'id': '92', 'text': 'Jump Shot'}",Stephon Castle misses 26-foot three point jumper,0,0,1,11:12,False,0,{'id': '24'},[{'athlete': {'id': '4845367'}}],2026-06-14T00:44:11Z,True,"{'x': 7, 'y': 20}",3,Missed 3PT,672.0
40185996710,10,"{'id': '155', 'text': 'Defensive Rebound'}",OG Anunoby defensive rebound,0,0,1,11:08,False,0,{'id': '18'},[{'athlete': {'id': '3934719'}}],2026-06-14T00:44:15Z,False,"{'x': 7, 'y': 20}",0,Rebound,668.0
40185996711,11,"{'id': '136', 'text': 'Turnaround Bank Jump Shot'}",Josh Hart misses 19-foot two point shot,0,0,1,10:45,False,0,{'id': '18'},[{'athlete': {'id': '3062679'}}],2026-06-14T00:44:38Z,True,"{'x': 21, 'y': 19}",2,Missed FG,645.0
40185996712,12,"{'id': '155', 'text': 'Defensive Rebound'}",Victor Wembanyama defensive rebound,0,0,1,10:43,False,0,{'id': '24'},[{'athlete': {'id': '5104157'}}],2026-06-14T00:44:40Z,False,"{'x': 21, 'y': 19}",0,Rebound,643.0
40185996713,13,"{'id': '63', 'text': 'Lost Ball Turnover'}",Stephon Castle lost ball turnover (Karl-Anthony Towns steals),0,0,1,10:26,False,0,{'id': '24'},"[{'athlete': {'id': '4845367'}}, {'athlete': {'id': '3136195'}}]",2026-06-14T00:44:57Z,False,"{'x': 28, 'y': 7}",0,Turnover,626.0
40185996715,15,"{'id': '131', 'text': 'Pullup Jump Shot'}",Mikal Bridges misses 13-foot pullup jump shot,0,0,1,10:16,False,0,{'id': '18'},[{'athlete': {'id': '3147657'}}],2026-06-14T00:45:07Z,True,"{'x': 39, 'y': 1}",2,Missed FG,616.0
40185996716,16,"{'id': '156', 'text': 'Offensive Rebound'}",Knicks offensive team rebound,0,0,1,10:16,False,0,{'id': '18'},,2026-06-14T00:45:07Z,False,"{'x': 39, 'y': 1}",0,Rebound,616.0
40185996717,17,"{'id': '43', 'text': 'Loose Ball Foul'}",Stephon Castle loose ball foul,0,0,1,10:16,False,0,{'id': '24'},[{'athlete': {'id': '4845367'}}],2026-06-14T00:45:15Z,False,"{'x': 20, 'y': 1}",0,Foul,616.0
40185996719,19,"{'id': '128', 'text': 'Driving Finger Roll Layup'}",Josh Hart misses two point shot,0,0,1,10:06,False,0,{'id': '18'},[{'athlete': {'id': '3062679'}}],2026-06-14T00:45:42Z,True,"{'x': 27, 'y': 1}",2,Missed FG,606.0
40185996720,20,"{'id': '156', 'text': 'Offensive Rebound'}",Knicks offensive team rebound,0,0,1,10:06,False,0,{'id': '18'},,2026-06-14T00:45:42Z,False,"{'x': 27, 'y': 1}",0,Rebound,606.0
40185996721,21,"{'id': '43', 'text': 'Loose Ball Foul'}",Victor Wembanyama loose ball foul,0,0,1,10:06,False,0,{'id': '24'},[{'athlete': {'id': '5104157'}}],2026-06-14T00:45:48Z,False,"{'x': 27, 'y': 6}",0,Foul,606.0
40185996725,25,"{'id': '110', 'text': 'Driving Layup Shot'}",Victor Wembanyama blocks Karl-Anthony Towns 's 5-foot driving layup,0,0,1,9:57,False,0,{'id': '18'},"[{'athlete': {'id': '3136195'}}, {'athlete': {'id': '5104157'}}]",2026-06-14T00:47:05Z,True,"{'x': 29, 'y': 3}",2,Missed FG,597.0
40185996727,27,"{'id': '156', 'text': 'Offensive Rebound'}",Karl-Anthony Towns offensive rebound,0,0,1,9:55,False,0,{'id': '18'},[{'athlete': {'id': '3136195'}}],2026-06-14T00:47:07Z,False,"{'x': 29, 'y': 3}",0,Rebound,595.0
40185996728,28,"{'id': '62', 'text': 'Bad Pass\nTurnover'}","Karl-Anthony Towns bad pass
turnover (De'Aaron Fox steals)",0,0,1,9:55,False,0,{'id': '18'},"[{'athlete': {'id': '3136195'}}, {'athlete': {'id': '4066259'}}]",2026-06-14T00:47:12Z,False,"{'x': 35, 'y': 3}",0,Turnover,595.0
40185996730,30,"{'id': '116', 'text': 'Running Dunk Shot'}",Victor Wembanyama makes 1-foot running dunk (Stephon Castle assists),0,2,1,9:44,True,2,{'id': '24'},"[{'athlete': {'id': '5104157'}}, {'athlete': {'id': '4845367'}}]",2026-06-14T00:47:15Z,True,"{'x': 23, 'y': 1}",2,+2 Points,584.0
40185996732,32,"{'id': '131', 'text': 'Pullup Jump Shot'}",Jalen Brunson makes 25-foot three pointer (Mikal Bridges assists),3,2,1,9:30,True,3,{'id': '18'},"[{'athlete': {'id': '3934672'}}, {'athlete': {'id': '3147657'}}]",2026-06-14T00:47:29Z,True,"{'x': 42, 'y': 19}",3,+3 Points,570.0
40185996734,34,"{'id': '92', 'text': 'Jump Shot'}",De'Aaron Fox misses 26-foot three point jumper,3,2,1,9:15,False,0,{'id': '24'},[{'athlete': {'id': '4066259'}}],2026-06-14T00:47:44Z,True,"{'x': 3, 'y': 15}",3,Missed 3PT,555.0
40185996735,35,"{'id': '155', 'text': 'Defensive Rebound'}",Knicks defensive team rebound,3,2,1,9:15,False,0,{'id': '18'},,2026-06-14T00:47:44Z,False,"{'x': 3, 'y': 15}",0,Rebound,555.0
40185996737,37,"{'id': '144', 'text': 'Driving Floating Jump Shot'}",Victor Wembanyama blocks Karl-Anthony Towns 's 1-foot driving floating jump shot,3,2,1,8:58,False,0,{'id': '18'},"[{'athlete': {'id': '3136195'}}, {'athlete': {'id': '5104157'}}]",2026-06-14T00:48:14Z,True,"{'x': 25, 'y': 2}",2,Missed FG,538.0
40185996739,39,"{'id': '155', 'text': 'Defensive Rebound'}",Victor Wembanyama defensive rebound,3,2,1,8:55,False,0,{'id': '24'},[{'athlete': {'id': '5104157'}}],2026-06-14T00:48:17Z,False,"{'x': 25, 'y': 2}",0,Rebound,535.0
40185996740,40,"{'id': '139', 'text': 'Hook Driving Bank'}",Victor Wembanyama misses 2-foot two point shot,3,2,1,8:47,False,0,{'id': '24'},[{'athlete': {'id': '5104157'}}],2026-06-14T00:48:25Z,True,"{'x': 27, 'y': 2}",2,Missed FG,527.0
40185996741,41,"{'id': '156', 'text': 'Offensive Rebound'}",Julian Champagnie offensive rebound,3,2,1,8:47,False,0,{'id': '24'},[{'athlete': {'id': '4592479'}}],2026-06-14T00:48:25Z,False,"{'x': 27, 'y': 2}",0,Rebound,527.0
40185996742,42,"{'id': '125', 'text': 'Layup Shot Putback'}",Julian Champagnie makes two point shot,3,4,1,8:43,True,2,{'id': '24'},[{'athlete': {'id': '4592479'}}],2026-06-14T00:48:29Z,True,"{'x': 25, 'y': 0}",2,+2 Points,523.0
40185996743,43,"{'id': '115', 'text': 'Driving Dunk Shot'}",Victor Wembanyama blocks OG Anunoby's driving dunk,3,4,1,8:21,False,0,{'id': '18'},"[{'athlete': {'id': '3934719'}}, {'athlete': {'id': '5104157'}}]",2026-06-14T00:48:51Z,True,"{'x': 25, 'y': 1}",2,Missed FG,501.0
40185996745,45,"{'id': '155', 'text': 'Defensive Rebound'}",Devin Vassell defensive rebound,3,4,1,8:18,False,0,{'id': '24'},[{'athlete': {'id': '4395630'}}],2026-06-14T00:48:54Z,False,"{'x': 25, 'y': 1}",0,Rebound,498.0
40185996746,46,"{'id': '109', 'text': 'Running Layup Shot'}",De'Aaron Fox misses running layup,3,4,1,8:13,False,0,{'id': '24'},[{'athlete': {'id': '4066259'}}],2026-06-14T00:48:59Z,True,"{'x': 23, 'y': 1}",2,Missed FG,493.0
40185996747,47,"{'id': '155', 'text': 'Defensive Rebound'}",Karl-Anthony Towns defensive rebound,3,4,1,8:10,False,0,{'id': '18'},[{'athlete': {'id': '3136195'}}],2026-06-14T00:49:02Z,False,"{'x': 23, 'y': 1}",0,Rebound,490.0
40185996749,49,"{'id': '44', 'text': 'Shooting Foul'}",Julian Champagnie shooting foul,3,4,1,8:08,False,0,{'id': '24'},[{'athlete': {'id': '4592479'}}],2026-06-14T00:49:06Z,False,"{'x': 24, 'y': 2}",0,Foul,488.0
40185996751,51,"{'id': '98', 'text': 'Free Throw - 1 of 2'}",OG Anunoby makes free throw 1 of 2,4,4,1,8:08,True,1,{'id': '18'},[{'athlete': {'id': '3934719'}}],2026-06-14T00:49:38Z,True,"{'x': -214748340, 'y': -214748365}",1,+1 Point,488.0
40185996752,52,"{'id': '99', 'text': 'Free Throw - 2 of 2'}",OG Anunoby makes free throw 2 of 2,5,4,1,8:08,True,1,{'id': '18'},[{'athlete': {'id': '3934719'}}],2026-06-14T00:49:38Z,True,"{'x': -214748340, 'y': -214748365}",1,+1 Point,488.0
40185996753,53,"{'id': '44', 'text': 'Shooting Foul'}",Karl-Anthony Towns shooting foul,5,4,1,7:49,False,0,{'id': '18'},[{'athlete': {'id': '3136195'}}],2026-06-14T00:50:23Z,False,"{'x': 16, 'y': 15}",0,Foul,469.0
40185996755,55,"{'id': '98', 'text': 'Free Throw - 1 of 2'}",Victor Wembanyama makes free throw 1 of 2,5,5,1,7:49,True,1,{'id': '24'},[{'athlete': {'id': '5104157'}}],2026-06-14T00:50:55Z,True,"{'x': -214748340, 'y': -214748365}",1,+1 Point,469.0
40185996756,56,"{'id': '584', 'text': 'Substitution'}",Dylan Harper enters the game for De'Aaron Fox,5,5,1,7:49,False,0,{'id': '24'},"[{'athlete': {'id': '5037871'}}, {'athlete': {'id': '4066259'}}]",2026-06-14T00:50:56Z,False,"{'x': -214748340, 'y': -214748365}",0,Substitution,469.0
40185996757,57,"{'id': '584', 'text': 'Substitution'}",Keldon Johnson enters the game for Julian Champagnie,5,5,1,7:49,False,0,{'id': '24'},"[{'athlete': {'id': '4395723'}}, {'athlete': {'id': '4592479'}}]",2026-06-14T00:50:56Z,False,"{'x': -214748340, 'y': -214748365}",0,Substitution,469.0
40185996760,60,"{'id': '99', 'text': 'Free Throw - 2 of 2'}",Victor Wembanyama makes free throw 2 of 2,5,6,1,7:49,True,1,{'id': '24'},[{'athlete': {'id': '5104157'}}],2026-06-14T00:51:23Z,True,"{'x': -214748340, 'y': -214748365}",1,+1 Point,469.0
40185996761,61,"{'id': '92', 'text': 'Jump Shot'}",Karl-Anthony Towns misses 26-foot three point jumper,5,6,1,7:29,False,0,{'id': '18'},[{'athlete': {'id': '3136195'}}],2026-06-14T00:51:44Z,True,"{'x': 14, 'y': 24}",3,Missed 3PT,449.0
40185996762,62,"{'id': '155', 'text': 'Defensive Rebound'}",Keldon Johnson defensive rebound,5,6,1,7:27,False,0,{'id': '24'},[{'athlete': {'id': '4395723'}}],2026-06-14T00:51:46Z,False,"{'x': 14, 'y': 24}",0,Rebound,447.0
40185996763,63,"{'id': '144', 'text': 'Driving Floating Jump Shot'}",Keldon Johnson misses driving floating jump shot,5,6,1,7:17,False,0,{'id': '24'},[{'athlete': {'id': '4395723'}}],2026-06-14T00:51:57Z,True,"{'x': 21, 'y': 7}",2,Missed FG,437.0
40185996764,64,"{'id': '156', 'text': 'Offensive Rebound'}",Victor Wembanyama offensive rebound,5,6,1,7:16,False,0,{'id': '24'},[{'athlete': {'id': '5104157'}}],2026-06-14T00:51:58Z,False,"{'x': 21, 'y': 7}",0,Rebound,436.0
40185996765,65,"{'id': '150', 'text': 'Tip Dunk Shot'}",Victor Wembanyama makes tip in dunk,5,8,1,7:16,True,2,{'id': '24'},[{'athlete': {'id': '5104157'}}],2026-06-14T00:52:01Z,True,"{'x': 25, 'y': 0}",2,+2 Points,436.0
40185996766,66,"{'id': '132', 'text': 'Step Back Jump Shot'}",OG Anunoby misses 12-foot step back jumpshot,5,8,1,6:59,False,0,{'id': '18'},[{'athlete': {'id': '3934719'}}],2026-06-14T00:52:14Z,True,"{'x': 12, 'y': 0}",2,Missed FG,419.0
40185996767,67,"{'id': '155', 'text': 'Defensive Rebound'}",Stephon Castle defensive rebound,5,8,1,6:55,False,0,{'id': '24'},[{'athlete': {'id': '4845367'}}],2026-06-14T00:52:18Z,False,"{'x': 12, 'y': 0}",0,Rebound,415.0
40185996768,68,"{'id': '92', 'text': 'Jump Shot'}",Dylan Harper makes 25-foot three point jumper (Victor Wembanyama assists),5,11,1,6:40,True,3,{'id': '24'},"[{'athlete': {'id': '5037871'}}, {'athlete': {'id': '5104157'}}]",2026-06-14T00:52:33Z,True,"{'x': 26, 'y': 26}",3,+3 Points,400.0
40185996770,70,"{'id': '92', 'text': 'Jump Shot'}",OG Anunoby makes 22-foot three point jumper (Karl-Anthony Towns assists),8,11,1,6:20,True,3,{'id': '18'},"[{'athlete': {'id': '3934719'}}, {'athlete': {'id': '3136195'}}]",2026-06-14T00:52:52Z,True,"{'x': 2, 'y': -1}",3,+3 Points,380.0
40185996772,72,"{'id': '92', 'text': 'Jump Shot'}",Devin Vassell misses 23-foot three point jumper,8,11,1,6:08,False,0,{'id': '24'},[{'athlete': {'id': '4395630'}}],2026-06-14T00:53:05Z,True,"{'x': 2, 'y': 4}",3,Missed 3PT,368.0
40185996773,73,"{'id': '155', 'text': 'Defensive Rebound'}",Karl-Anthony Towns defensive rebound,8,11,1,6:05,False,0,{'id': '18'},[{'athlete': {'id': '3136195'}}],2026-06-14T00:53:08Z,False,"{'x': 2, 'y': 4}",0,Rebound,365.0
40185996774,74,"{'id': '132', 'text': 'Step Back Jump Shot'}",Jalen Brunson misses 14-foot step back jumpshot,8,11,1,5:53,False,0,{'id': '18'},[{'athlete': {'id': '3934672'}}],2026-06-14T00:53:20Z,True,"{'x': 11, 'y': 0}",2,Missed FG,353.0
40185996775,75,"{'id': '156', 'text': 'Offensive Rebound'}",Knicks offensive team rebound,8,11,1,5:51,False,0,{'id': '18'},,2026-06-14T00:53:22Z,False,"{'x': 11, 'y': 0}",0,Rebound,351.0
40185996777,77,"{'id': '16', 'text': 'Full Timeout'}",Spurs Full timeout,8,11,1,5:51,False,0,{'id': '24'},,2026-06-14T00:53:30Z,False,"{'x': -214748340, 'y': -214748365}",0,Timeout,351.0
40185996778,78,"{'id': '584', 'text': 'Substitution'}",Luke Kornet enters the game for Victor Wembanyama,8,11,1,5:51,False,0,{'id': '24'},"[{'athlete': {'id': '3064560'}}, {'athlete': {'id': '5104157'}}]",2026-06-14T00:56:52Z,False,"{'x': -214748340, 'y': -214748365}",0,Substitution,351.0
40185996779,79,"{'id': '584', 'text': 'Substitution'}",De'Aaron Fox enters the game for Stephon Castle,8,11,1,5:51,False,0,{'id': '24'},"[{'athlete': {'id': '4066259'}}, {'athlete': {'id': '4845367'}}]",2026-06-14T00:56:52Z,False,"{'x': -214748340, 'y': -214748365}",0,Substitution,351.0
40185996780,80,"{'id': '584', 'text': 'Substitution'}",Landry Shamet enters the game for OG Anunoby,8,11,1,5:51,False,0,{'id': '18'},"[{'athlete': {'id': '3914044'}}, {'athlete': {'id': '3934719'}}]",2026-06-14T00:56:52Z,False,"{'x': -214748340, 'y': -214748365}",0,Substitution,351.0
40185996784,84,"{'id': '92', 'text': 'Jump Shot'}",Josh Hart misses 23-foot three point jumper,8,11,1,5:44,False,0,{'id': '18'},[{'athlete': {'id': '3062679'}}],2026-06-14T00:57:31Z,True,"{'x': 2, 'y': 0}",3,Missed 3PT,344.0
40185996785,85,"{'id': '155', 'text': 'Defensive Rebound'}",Devin Vassell defensive rebound,8,11,1,5:40,False,0,{'id': '24'},[{'athlete': {'id': '4395630'}}],2026-06-14T00:57:35Z,False,"{'x': 2, 'y': 0}",0,Rebound,340.0
40185996786,86,"{'id': '146', 'text': 'Running Pullup Jump Shot'}",Dylan Harper makes 7-foot running pullup jump shot,8,13,1,5:35,True,2,{'id': '24'},[{'athlete': {'id': '5037871'}}],2026-06-14T00:57:41Z,True,"{'x': 25, 'y': 8}",2,+2 Points,335.0
40185996787,87,"{'id': '12', 'text': 'Kicked Ball'}",Luke Kornet kicked ball violation,8,13,1,5:27,False,0,{'id': '24'},[{'athlete': {'id': '3064560'}}],2026-06-14T00:57:52Z,False,"{'x': -214748340, 'y': -214748365}",0,Violation,327.0
40185996788,88,"{'id': '92', 'text': 'Jump Shot'}",Mikal Bridges misses 26-foot three point jumper,8,13,1,5:10,False,0,{'id': '18'},[{'athlete': {'id': '3147657'}}],2026-06-14T00:58:32Z,True,"{'x': 46, 'y': 17}",3,Missed 3PT,310.0
40185996789,89,"{'id': '156', 'text': 'Offensive Rebound'}",Josh Hart offensive rebound,8,13,1,5:08,False,0,{'id': '18'},[{'athlete': {'id': '3062679'}}],2026-06-14T00:58:34Z,False,"{'x': 46, 'y': 17}",0,Rebound,308.0
401859967136,136,"{'id': '63', 'text': 'Lost Ball Turnover'}",Josh Hart lost ball turnover (De'Aaron Fox steals),8,13,1,5:08,False,0,{'id': '18'},"[{'athlete': {'id': '3062679'}}, {'athlete': {'id': '4066259'}}]",2026-06-14T00:58:37Z,False,"{'x': 27, 'y': 3}",0,Turnover,308.0
40185996790,90,"{'id': '146', 'text': 'Running Pullup Jump Shot'}",Keldon Johnson misses running pullup jump shot,8,13,1,4:58,False,0,{'id': '24'},[{'athlete': {'id': '4395723'}}],2026-06-14T00:58:42Z,True,"{'x': 28, 'y': 4}",2,Missed FG,298.0
40185996791,91,"{'id': '155', 'text': 'Defensive Rebound'}",Karl-Anthony Towns defensive rebound,8,13,1,4:56,False,0,{'id': '18'},[{'athlete': {'id': '3136195'}}],2026-06-14T00:58:44Z,False,"{'x': 28, 'y': 4}",0,Rebound,296.0
40185996792,92,"{'id': '62', 'text': 'Bad Pass\nTurnover'}","Karl-Anthony Towns bad pass
turnover (Devin Vassell steals)",8,13,1,4:54,False,0,{'id': '18'},"[{'athlete': {'id': '3136195'}}, {'athlete': {'id': '4395630'}}]",2026-06-14T00:58:47Z,False,"{'x': 15, 'y': 30}",0,Turnover,294.0
40185996794,94,"{'id': '92', 'text': 'Jump Shot'}",Keldon Johnson misses 25-foot three point jumper,8,13,1,4:51,False,0,{'id': '24'},[{'athlete': {'id': '4395723'}}],2026-06-14T00:58:50Z,True,"{'x': 48, 'y': 9}",3,Missed 3PT,291.0
40185996795,95,"{'id': '156', 'text': 'Offensive Rebound'}",Spurs offensive team rebound,8,13,1,4:51,False,0,{'id': '24'},,2026-06-14T00:58:53Z,False,"{'x': 48, 'y': 9}",0,Rebound,291.0
40185996796,96,"{'id': '43', 'text': 'Loose Ball Foul'}",Mikal Bridges loose ball foul,8,13,1,4:51,False,0,{'id': '18'},[{'athlete': {'id': '3147657'}}],2026-06-14T00:58:57Z,False,"{'x': 19, 'y': 4}",0,Foul,291.0
40185996798,98,"{'id': '584', 'text': 'Substitution'}",Jose Alvarado enters the game for Mikal Bridges,8,13,1,4:51,False,0,{'id': '18'},"[{'athlete': {'id': '4277869'}}, {'athlete': {'id': '3147657'}}]",2026-06-14T00:59:16Z,False,"{'x': -214748340, 'y': -214748365}",0,Substitution,291.0
401859967100,100,"{'id': '126', 'text': 'Layup Driving Reverse'}",Dylan Harper makes two point shot,8,15,1,4:43,True,2,{'id': '24'},[{'athlete': {'id': '5037871'}}],2026-06-14T00:59:38Z,True,"{'x': 22, 'y': 1}",2,+2 Points,283.0
401859967101,101,"{'id': '132', 'text': 'Step Back Jump Shot'}",Landry Shamet misses 25-foot three point step back jumpshot,8,15,1,4:19,False,0,{'id': '18'},[{'athlete': {'id': '3914044'}}],2026-06-14T01:00:04Z,True,"{'x': 1, 'y': 9}",3,Missed 3PT,259.0
401859967102,102,"{'id': '156', 'text': 'Offensive Rebound'}",Knicks offensive team rebound,8,15,1,4:18,False,0,{'id': '18'},,2026-06-14T01:00:05Z,False,"{'x': 1, 'y': 9}",0,Rebound,258.0
401859967103,103,"{'id': '70', 'text': 'Shot Clock Turnover'}",shot clock turnover ,8,15,1,4:18,False,0,{'id': '18'},,2026-06-14T01:00:09Z,False,"{'x': 31, 'y': 4}",0,Turnover,258.0
401859967104,104,"{'id': '584', 'text': 'Substitution'}",Julian Champagnie enters the game for Devin Vassell,8,15,1,4:18,False,0,{'id': '24'},"[{'athlete': {'id': '4592479'}}, {'athlete': {'id': '4395630'}}]",2026-06-14T01:00:14Z,False,"{'x': -214748340, 'y': -214748365}",0,Substitution,258.0
401859967106,106,"{'id': '92', 'text': 'Jump Shot'}",De'Aaron Fox misses 25-foot three point jumper,8,15,1,4:04,False,0,{'id': '24'},[{'athlete': {'id': '4066259'}}],2026-06-14T01:00:44Z,True,"{'x': 7, 'y': 19}",3,Missed 3PT,244.0
401859967107,107,"{'id': '156', 'text': 'Offensive Rebound'}",Keldon Johnson offensive rebound,8,15,1,4:01,False,0,{'id': '24'},[{'athlete': {'id': '4395723'}}],2026-06-14T01:00:47Z,False,"{'x': 7, 'y': 19}",0,Rebound,241.0
401859967108,108,"{'id': '12', 'text': 'Kicked Ball'}",Landry Shamet kicked ball violation,8,15,1,4:01,False,0,{'id': '18'},[{'athlete': {'id': '3914044'}}],2026-06-14T01:00:54Z,False,"{'x': -214748340, 'y': -214748365}",0,Violation,241.0
401859967109,109,"{'id': '584', 'text': 'Substitution'}",OG Anunoby enters the game for Josh Hart,8,15,1,4:01,False,0,{'id': '18'},"[{'athlete': {'id': '3934719'}}, {'athlete': {'id': '3062679'}}]",2026-06-14T01:01:00Z,False,"{'x': -214748340, 'y': -214748365}",0,Substitution,241.0
401859967110,110,"{'id': '584', 'text': 'Substitution'}",Mitchell Robinson enters the game for Karl-Anthony Towns,8,15,1,4:01,False,0,{'id': '18'},"[{'athlete': {'id': '4351852'}}, {'athlete': {'id': '3136195'}}]",2026-06-14T01:01:00Z,False,"{'x': -214748340, 'y': -214748365}",0,Substitution,241.0
401859967113,113,"{'id': '63', 'text': 'Lost Ball Turnover'}",Julian Champagnie lost ball turnover (OG Anunoby steals),8,15,1,3:52,False,0,{'id': '24'},"[{'athlete': {'id': '4592479'}}, {'athlete': {'id': '3934719'}}]",2026-06-14T01:01:17Z,False,"{'x': 29, 'y': 16}",0,Turnover,232.0
401859967115,115,"{'id': '109', 'text': 'Running Layup Shot'}",OG Anunoby misses running layup,8,15,1,3:47,False,0,{'id': '18'},[{'athlete': {'id': '3934719'}}],2026-06-14T01:01:23Z,True,"{'x': 24, 'y': 0}",2,Missed FG,227.0
401859967116,116,"{'id': '155', 'text': 'Defensive Rebound'}",Luke Kornet defensive rebound,8,15,1,3:45,False,0,{'id': '24'},[{'athlete': {'id': '3064560'}}],2026-06-14T01:01:25Z,False,"{'x': 24, 'y': 0}",0,Rebound,225.0
401859967117,117,"{'id': '90', 'text': 'Out of Bounds - Bad Pass Turnover'}",De'Aaron Fox out of bounds bad pass turnover,8,15,1,3:40,False,0,{'id': '24'},[{'athlete': {'id': '4066259'}}],2026-06-14T01:01:30Z,False,"{'x': 20, 'y': 0}",0,Turnover,220.0
401859967118,118,"{'id': '144', 'text': 'Driving Floating Jump Shot'}",Jalen Brunson misses driving floating jump shot,8,15,1,3:20,False,0,{'id': '18'},[{'athlete': {'id': '3934672'}}],2026-06-14T01:01:58Z,True,"{'x': 29, 'y': 7}",2,Missed FG,200.0
401859967119,119,"{'id': '155', 'text': 'Defensive Rebound'}",Julian Champagnie defensive rebound,8,15,1,3:16,False,0,{'id': '24'},[{'athlete': {'id': '4592479'}}],2026-06-14T01:02:02Z,False,"{'x': 29, 'y': 7}",0,Rebound,196.0
401859967120,120,"{'id': '92', 'text': 'Jump Shot'}",Keldon Johnson makes 22-foot three point jumper (Dylan Harper assists),8,18,1,3:06,True,3,{'id': '24'},"[{'athlete': {'id': '4395723'}}, {'athlete': {'id': '5037871'}}]",2026-06-14T01:02:12Z,True,"{'x': 48, 'y': 0}",3,+3 Points,186.0
401859967122,122,"{'id': '132', 'text': 'Step Back Jump Shot'}",OG Anunoby misses 25-foot three point step back jumpshot,8,18,1,2:43,False,0,{'id': '18'},[{'athlete': {'id': '3934719'}}],2026-06-14T01:02:35Z,True,"{'x': 9, 'y': 21}",3,Missed 3PT,163.0
401859967123,123,"{'id': '156', 'text': 'Offensive Rebound'}",Mitchell Robinson offensive rebound,8,18,1,2:40,False,0,{'id': '18'},[{'athlete': {'id': '4351852'}}],2026-06-14T01:02:38Z,False,"{'x': 9, 'y': 21}",0,Rebound,160.0
401859967124,124,"{'id': '63', 'text': 'Lost Ball Turnover'}",Jalen Brunson lost ball turnover (Julian Champagnie steals),8,18,1,2:30,False,0,{'id': '18'},"[{'athlete': {'id': '3934672'}}, {'athlete': {'id': '4592479'}}]",2026-06-14T01:02:49Z,False,"{'x': 19, 'y': 8}",0,Turnover,150.0
401859967126,126,"{'id': '113', 'text': 'Running Jump Shot'}",Julian Champagnie misses 23-foot running jump shot,8,18,1,2:24,False,0,{'id': '24'},[{'athlete': {'id': '4592479'}}],2026-06-14T01:02:54Z,True,"{'x': 48, 'y': 1}",3,Missed 3PT,144.0
401859967127,127,"{'id': '155', 'text': 'Defensive Rebound'}",Landry Shamet defensive rebound,8,18,1,2:22,False,0,{'id': '18'},[{'athlete': {'id': '3914044'}}],2026-06-14T01:02:56Z,False,"{'x': 48, 'y': 1}",0,Rebound,142.0
401859967128,128,"{'id': '132', 'text': 'Step Back Jump Shot'}",Jalen Brunson makes 11-foot step back jumpshot,10,18,1,2:14,True,2,{'id': '18'},[{'athlete': {'id': '3934672'}}],2026-06-14T01:03:04Z,True,"{'x': 36, 'y': 4}",2,+2 Points,134.0
401859967129,129,"{'id': '92', 'text': 'Jump Shot'}",Julian Champagnie misses 23-foot three point jumper,10,18,1,1:52,False,0,{'id': '24'},[{'athlete': {'id': '4592479'}}],2026-06-14T01:03:25Z,True,"{'x': 1, 'y': 2}",3,Missed 3PT,112.0
401859967130,130,"{'id': '155', 'text': 'Defensive Rebound'}",Jose Alvarado defensive rebound,10,18,1,1:49,False,0,{'id': '18'},[{'athlete': {'id': '4277869'}}],2026-06-14T01:03:28Z,False,"{'x': 1, 'y': 2}",0,Rebound,109.0
401859967131,131,"{'id': '144', 'text': 'Driving Floating Jump Shot'}",Jose Alvarado misses driving floating jump shot,10,18,1,1:41,False,0,{'id': '18'},[{'athlete': {'id': '4277869'}}],2026-06-14T01:03:37Z,True,"{'x': 19, 'y': 6}",2,Missed FG,101.0
401859967132,132,"{'id': '156', 'text': 'Offensive Rebound'}",Mitchell Robinson offensive rebound,10,18,1,1:40,False,0,{'id': '18'},[{'athlete': {'id': '4351852'}}],2026-06-14T01:03:41Z,False,"{'x': 19, 'y': 6}",0,Rebound,100.0
401859967133,133,"{'id': '44', 'text': 'Shooting Foul'}",Luke Kornet shooting foul,10,18,1,1:40,False,0,{'id': '24'},[{'athlete': {'id': '3064560'}}],2026-06-14T01:03:42Z,False,"{'x': 28, 'y': 2}",0,Foul,100.0
401859967135,135,"{'id': '16', 'text': 'Full Timeout'}",Knicks Full timeout,10,18,1,1:40,False,0,{'id': '18'},,2026-06-14T01:03:56Z,False,"{'x': -214748340, 'y': -214748365}",0,Timeout,100.0
401859967138,138,"{'id': '584', 'text': 'Substitution'}",Victor Wembanyama enters the game for Dylan Harper,10,18,1,1:40,False,0,{'id': '24'},"[{'athlete': {'id': '5104157'}}, {'athlete': {'id': '5037871'}}]",2026-06-14T01:07:17Z,False,"{'x': -214748340, 'y': -214748365}",0,Substitution,100.0
401859967139,139,"{'id': '584', 'text': 'Substitution'}",Stephon Castle enters the game for Keldon Johnson,10,18,1,1:40,False,0,{'id': '24'},"[{'athlete': {'id': '4845367'}}, {'athlete': {'id': '4395723'}}]",2026-06-14T01:07:17Z,False,"{'x': -214748340, 'y': -214748365}",0,Substitution,100.0
401859967140,140,"{'id': '584', 'text': 'Substitution'}",Devin Vassell enters the game for Luke Kornet,10,18,1,1:40,False,0,{'id': '24'},"[{'athlete': {'id': '4395630'}}, {'athlete': {'id': '3064560'}}]",2026-06-14T01:07:17Z,False,"{'x': -214748340, 'y': -214748365}",0,Substitution,100.0
401859967144,144,"{'id': '98', 'text': 'Free Throw - 1 of 2'}",Mitchell Robinson misses free throw 1 of 2,10,18,1,1:40,False,0,{'id': '18'},[{'athlete': {'id': '4351852'}}],2026-06-14T01:07:46Z,True,"{'x': -214748340, 'y': -214748365}",1,Missed FT,100.0
401859967145,145,"{'id': '156', 'text': 'Offensive Rebound'}",Knicks offensive team rebound,10,18,1,1:40,False,0,{'id': '18'},,2026-06-14T01:07:46Z,False,"{'x': -214748340, 'y': -214748365}",0,Rebound,100.0
401859967146,146,"{'id': '99', 'text': 'Free Throw - 2 of 2'}",Mitchell Robinson misses free throw 2 of 2,10,18,1,1:40,False,0,{'id': '18'},[{'athlete': {'id': '4351852'}}],2026-06-14T01:07:46Z,True,"{'x': -214748340, 'y': -214748365}",1,Missed FT,100.0
401859967147,147,"{'id': '155', 'text': 'Defensive Rebound'}",Victor Wembanyama defensive rebound,10,18,1,1:37,False,0,{'id': '24'},[{'athlete': {'id': '5104157'}}],2026-06-14T01:07:49Z,False,"{'x': -214748340, 'y': -214748365}",0,Rebound,97.0
401859967148,148,"{'id': '131', 'text': 'Pullup Jump Shot'}",De'Aaron Fox makes 9-foot pullup jump shot,10,20,1,1:24,True,2,{'id': '24'},[{'athlete': {'id': '4066259'}}],2026-06-14T01:08:24Z,True,"{'x': 25, 'y': 10}",2,+2 Points,84.0
401859967149,149,"{'id': '131', 'text': 'Pullup Jump Shot'}",Jalen Brunson makes 27-foot three pointer,13,20,1,1:00,True,3,{'id': '18'},[{'athlete': {'id': '3934672'}}],2026-06-14T01:08:48Z,True,"{'x': 39, 'y': 24}",3,+3 Points,60.0
401859967150,150,"{'id': '92', 'text': 'Jump Shot'}",Victor Wembanyama misses 26-foot three point jumper,13,20,1,51.7,False,0,{'id': '24'},[{'athlete': {'id': '5104157'}}],2026-06-14T01:09:00Z,True,"{'x': 9, 'y': 22}",3,Missed 3PT,51.7
401859967151,151,"{'id': '155', 'text': 'Defensive Rebound'}",OG Anunoby defensive rebound,13,20,1,48.4,False,0,{'id': '18'},[{'athlete': {'id': '3934719'}}],2026-06-14T01:09:03Z,False,"{'x': 9, 'y': 22}",0,Rebound,48.4
401859967152,152,"{'id': '615', 'text': 'Jumpball'}",Jalen Brunson vs. Stephon Castle (Stephon Castle gains possession),13,20,1,42.0,False,0,{'id': '24'},"[{'athlete': {'id': '4845367'}}, {'athlete': {'id': '3934672'}}, {'athlete': {'id': '4845367'}}]",2026-06-14T01:10:04Z,False,"{'x': -214748340, 'y': -214748365}",0,Jump Ball,42.0
401859967155,155,"{'id': '63', 'text': 'Lost Ball Turnover'}",Jalen Brunson lost ball turnover (Stephon Castle steals),13,20,1,42.0,False,0,{'id': '18'},"[{'athlete': {'id': '3934672'}}, {'athlete': {'id': '4845367'}}]",2026-06-14T01:10:04Z,False,"{'x': 24, 'y': 12}",0,Turnover,42.0
401859967157,157,"{'id': '45', 'text': 'Personal Foul'}",OG Anunoby personal foul,13,20,1,28.6,False,0,{'id': '18'},[{'athlete': {'id': '3934719'}}],2026-06-14T01:10:17Z,False,"{'x': 40, 'y': 13}",0,Foul,28.6
401859967159,159,"{'id': '92', 'text': 'Jump Shot'}",Julian Champagnie makes 25-foot three point jumper (De'Aaron Fox assists),13,23,1,22.5,True,3,{'id': '24'},"[{'athlete': {'id': '4592479'}}, {'athlete': {'id': '4066259'}}]",2026-06-14T01:10:38Z,True,"{'x': 35, 'y': 24}",3,+3 Points,22.5
401859967161,161,"{'id': '92', 'text': 'Jump Shot'}",Jose Alvarado misses 29-foot three point jumper,13,23,1,1.6,False,0,{'id': '18'},[{'athlete': {'id': '4277869'}}],2026-06-14T01:11:03Z,True,"{'x': 16, 'y': 28}",3,Missed 3PT,1.6
401859967162,162,"{'id': '156', 'text': 'Offensive Rebound'}",Knicks offensive team rebound,13,23,1,0.1,False,0,{'id': '18'},,2026-06-14T01:11:05Z,False,"{'x': 16, 'y': 28}",0,Rebound,0.1
401859967163,163,"{'id': '412', 'text': 'End Period'}",End of the 1st Quarter,13,23,1,0.0,False,0,,,2026-06-14T01:11:11Z,False,"{'x': -214748340, 'y': -214748365}",0,End of 1st,0.0
401859967164,164,"{'id': '584', 'text': 'Substitution'}",Carter Bryant enters the game for Devin Vassell,13,23,2,12:00,False,0,{'id': '24'},"[{'athlete': {'id': '5061568'}}, {'athlete': {'id': '4395630'}}]",2026-06-14T01:14:09Z,False,"{'x': -214748340, 'y': -214748365}",0,Substitution,720.0
401859967165,165,"{'id': '584', 'text': 'Substitution'}",Miles McBride enters the game for Jalen Brunson,13,23,2,12:00,False,0,{'id': '18'},"[{'athlete': {'id': '4431823'}}, {'athlete': {'id': '3934672'}}]",2026-06-14T01:14:09Z,False,"{'x': -214748340, 'y': -214748365}",0,Substitution,720.0
401859967166,166,"{'id': '584', 'text': 'Substitution'}",Karl-Anthony Towns enters the game for Mitchell Robinson,13,23,2,12:00,False,0,{'id': '18'},"[{'athlete': {'id': '3136195'}}, {'athlete': {'id': '4351852'}}]",2026-06-14T01:14:09Z,False,"{'x': -214748340, 'y': -214748365}",0,Substitution,720.0
401859967171,171,"{'id': '133', 'text': 'Pullup Bank Jump Shot'}",De'Aaron Fox misses 27-foot three point shot,13,23,2,11:36,False,0,{'id': '24'},[{'athlete': {'id': '4066259'}}],2026-06-14T01:15:16Z,True,"{'x': 25, 'y': 28}",3,Missed 3PT,696.0
401859967172,172,"{'id': '155', 'text': 'Defensive Rebound'}",Karl-Anthony Towns defensive rebound,13,23,2,11:32,False,0,{'id': '18'},[{'athlete': {'id': '3136195'}}],2026-06-14T01:15:20Z,False,"{'x': 25, 'y': 28}",0,Rebound,692.0
401859967173,173,"{'id': '92', 'text': 'Jump Shot'}",Victor Wembanyama blocks Jose Alvarado 's 22-foot three point jumper,13,23,2,11:17,False,0,{'id': '18'},"[{'athlete': {'id': '4277869'}}, {'athlete': {'id': '5104157'}}]",2026-06-14T01:15:35Z,True,"{'x': 48, 'y': 1}",3,Missed 3PT,677.0
401859967175,175,"{'id': '155', 'text': 'Defensive Rebound'}",Victor Wembanyama defensive rebound,13,23,2,11:14,False,0,{'id': '24'},[{'athlete': {'id': '5104157'}}],2026-06-14T01:15:38Z,False,"{'x': 48, 'y': 1}",0,Rebound,674.0
401859967176,176,"{'id': '92', 'text': 'Jump Shot'}",Julian Champagnie makes 24-foot three point jumper,13,26,2,10:59,True,3,{'id': '24'},[{'athlete': {'id': '4592479'}}],2026-06-14T01:15:54Z,True,"{'x': 1, 'y': 1}",3,+3 Points,659.0
401859967179,179,"{'id': '584', 'text': 'Substitution'}",Dylan Harper enters the game for De'Aaron Fox,13,26,2,10:42,False,0,{'id': '24'},"[{'athlete': {'id': '5037871'}}, {'athlete': {'id': '4066259'}}]",2026-06-14T01:16:17Z,False,"{'x': -214748340, 'y': -214748365}",0,Substitution,642.0
401859967181,181,"{'id': '141', 'text': 'Cutting Layup Shot'}",Victor Wembanyama blocks Landry Shamet 's 2-foot layup,13,26,2,10:34,False,0,{'id': '18'},"[{'athlete': {'id': '3914044'}}, {'athlete': {'id': '5104157'}}]",2026-06-14T01:16:46Z,True,"{'x': 27, 'y': 1}",2,Missed FG,634.0
401859967183,183,"{'id': '155', 'text': 'Defensive Rebound'}",Spurs defensive team rebound,13,26,2,10:33,False,0,{'id': '24'},,2026-06-14T01:16:47Z,False,"{'x': 27, 'y': 1}",0,Rebound,633.0
401859967185,185,"{'id': '45', 'text': 'Personal Foul'}",Jose Alvarado personal foul,13,26,2,10:24,False,0,{'id': '18'},[{'athlete': {'id': '4277869'}}],2026-06-14T01:17:05Z,False,"{'x': 19, 'y': 8}",0,Foul,624.0
401859967187,187,"{'id': '584', 'text': 'Substitution'}",Mikal Bridges enters the game for Landry Shamet,13,26,2,10:24,False,0,{'id': '18'},"[{'athlete': {'id': '3147657'}}, {'athlete': {'id': '3914044'}}]",2026-06-14T01:17:28Z,False,"{'x': -214748340, 'y': -214748365}",0,Substitution,624.0
401859967189,189,"{'id': '110', 'text': 'Driving Layup Shot'}",Karl-Anthony Towns blocks Stephon Castle's driving layup,13,26,2,10:13,False,0,{'id': '24'},"[{'athlete': {'id': '4845367'}}, {'athlete': {'id': '3136195'}}]",2026-06-14T01:17:56Z,True,"{'x': 22, 'y': 0}",2,Missed FG,613.0
401859967191,191,"{'id': '156', 'text': 'Offensive Rebound'}",Victor Wembanyama offensive rebound,13,26,2,10:12,False,0,{'id': '24'},[{'athlete': {'id': '5104157'}}],2026-06-14T01:17:57Z,False,"{'x': 22, 'y': 0}",0,Rebound,612.0
401859967192,192,"{'id': '121', 'text': 'Fade Away Jump Shot'}",OG Anunoby blocks Stephon Castle's fade away jump shot,13,26,2,10:11,False,0,{'id': '24'},"[{'athlete': {'id': '4845367'}}, {'athlete': {'id': '3934719'}}]",2026-06-14T01:18:02Z,True,"{'x': 17, 'y': 0}",2,Missed FG,611.0
401859967194,194,"{'id': '156', 'text': 'Offensive Rebound'}",Victor Wembanyama offensive rebound,13,26,2,10:10,False,0,{'id': '24'},[{'athlete': {'id': '5104157'}}],2026-06-14T01:18:03Z,False,"{'x': 17, 'y': 0}",0,Rebound,610.0
401859967195,195,"{'id': '70', 'text': 'Shot Clock Turnover'}",shot clock turnover ,13,26,2,10:10,False,0,{'id': '24'},,2026-06-14T01:18:09Z,False,"{'x': 17, 'y': 5}",0,Turnover,610.0
401859967225,225,"{'id': '93', 'text': 'Hook Shot'}",Victor Wembanyama misses 3-foot hook shot,13,26,2,10:10,False,0,{'id': '24'},[{'athlete': {'id': '5104157'}}],2026-06-14T01:18:05Z,True,"{'x': 22, 'y': -1}",2,Missed FG,610.0
401859967226,226,"{'id': '156', 'text': 'Offensive Rebound'}",Spurs offensive team rebound,13,26,2,10:10,False,0,{'id': '24'},,2026-06-14T01:18:05Z,False,"{'x': 22, 'y': -1}",0,Rebound,610.0
401859967196,196,"{'id': '69', 'text': '8-Second Turnover'}",8 second turnover,13,26,2,10:02,False,0,{'id': '18'},,2026-06-14T01:18:25Z,False,"{'x': 3, 'y': 41}",0,Turnover,602.0
401859967197,197,"{'id': '63', 'text': 'Lost Ball Turnover'}",Victor Wembanyama lost ball turnover (Karl-Anthony Towns steals),13,26,2,9:52,False,0,{'id': '24'},"[{'athlete': {'id': '5104157'}}, {'athlete': {'id': '3136195'}}]",2026-06-14T01:18:58Z,False,"{'x': 29, 'y': 9}",0,Turnover,592.0
401859967199,199,"{'id': '128', 'text': 'Driving Finger Roll Layup'}",Jose Alvarado misses two point shot,13,26,2,9:33,False,0,{'id': '18'},[{'athlete': {'id': '4277869'}}],2026-06-14T01:19:17Z,True,"{'x': 28, 'y': 2}",2,Missed FG,573.0
401859967200,200,"{'id': '155', 'text': 'Defensive Rebound'}",Carter Bryant defensive rebound,13,26,2,9:32,False,0,{'id': '24'},[{'athlete': {'id': '5061568'}}],2026-06-14T01:19:18Z,False,"{'x': 28, 'y': 2}",0,Rebound,572.0
401859967201,201,"{'id': '44', 'text': 'Shooting Foul'}",OG Anunoby shooting foul,13,26,2,9:29,False,0,{'id': '18'},[{'athlete': {'id': '3934719'}}],2026-06-14T01:19:23Z,False,"{'x': 28, 'y': 2}",0,Foul,569.0
401859967203,203,"{'id': '98', 'text': 'Free Throw - 1 of 2'}",Dylan Harper makes free throw 1 of 2,13,27,2,9:29,True,1,{'id': '24'},[{'athlete': {'id': '5037871'}}],2026-06-14T01:19:55Z,True,"{'x': -214748340, 'y': -214748365}",1,+1 Point,569.0
401859967204,204,"{'id': '584', 'text': 'Substitution'}",Josh Hart enters the game for OG Anunoby,13,27,2,9:29,False,0,{'id': '18'},"[{'athlete': {'id': '3062679'}}, {'athlete': {'id': '3934719'}}]",2026-06-14T01:19:55Z,False,"{'x': -214748340, 'y': -214748365}",0,Substitution,569.0
401859967206,206,"{'id': '99', 'text': 'Free Throw - 2 of 2'}",Dylan Harper makes free throw 2 of 2,13,28,2,9:29,True,1,{'id': '24'},[{'athlete': {'id': '5037871'}}],2026-06-14T01:20:21Z,True,"{'x': -214748340, 'y': -214748365}",1,+1 Point,569.0
401859967207,207,"{'id': '137', 'text': 'Turnaround Fade Away Jump Shot'}",Karl-Anthony Towns makes 18-foot two point shot,15,28,2,9:04,True,2,{'id': '18'},[{'athlete': {'id': '3136195'}}],2026-06-14T01:20:49Z,True,"{'x': 36, 'y': 15}",2,+2 Points,544.0
401859967208,208,"{'id': '92', 'text': 'Jump Shot'}",Dylan Harper misses 25-foot three point jumper,15,28,2,8:39,False,0,{'id': '24'},[{'athlete': {'id': '5037871'}}],2026-06-14T01:21:13Z,True,"{'x': 37, 'y': 23}",3,Missed 3PT,519.0
401859967209,209,"{'id': '156', 'text': 'Offensive Rebound'}",Victor Wembanyama offensive rebound,15,28,2,8:37,False,0,{'id': '24'},[{'athlete': {'id': '5104157'}}],2026-06-14T01:21:15Z,False,"{'x': 37, 'y': 23}",0,Rebound,517.0
401859967300,300,"{'id': '94', 'text': 'Tip Shot'}",Victor Wembanyama misses 1-foot tip shot,15,28,2,8:37,False,0,{'id': '24'},[{'athlete': {'id': '5104157'}}],2026-06-14T01:21:18Z,True,"{'x': 24, 'y': 0}",2,Missed FG,517.0
401859967301,301,"{'id': '155', 'text': 'Defensive Rebound'}",Karl-Anthony Towns defensive rebound,15,28,2,8:36,False,0,{'id': '18'},[{'athlete': {'id': '3136195'}}],2026-06-14T01:21:19Z,False,"{'x': 24, 'y': 0}",0,Rebound,516.0
401859967210,210,"{'id': '87', 'text': 'Out of Bounds - Lost Ball Turnover'}",Karl-Anthony Towns out of bounds lost ball turnover,15,28,2,8:35,False,0,{'id': '18'},[{'athlete': {'id': '3136195'}}],2026-06-14T01:21:24Z,False,"{'x': 21, 'y': 0}",0,Turnover,515.0
401859967211,211,"{'id': '584', 'text': 'Substitution'}",Jalen Brunson enters the game for Jose Alvarado,15,28,2,8:35,False,0,{'id': '18'},"[{'athlete': {'id': '3934672'}}, {'athlete': {'id': '4277869'}}]",2026-06-14T01:21:29Z,False,"{'x': -214748340, 'y': -214748365}",0,Substitution,515.0
401859967213,213,"{'id': '92', 'text': 'Jump Shot'}",Victor Wembanyama makes 25-foot three point jumper,15,31,2,8:29,True,3,{'id': '24'},[{'athlete': {'id': '5104157'}}],2026-06-14T01:22:03Z,True,"{'x': 38, 'y': 22}",3,+3 Points,509.0
401859967216,216,"{'id': '16', 'text': 'Full Timeout'}",Spurs Full timeout,15,31,2,8:19,False,0,{'id': '24'},,2026-06-14T01:22:35Z,False,"{'x': -214748340, 'y': -214748365}",0,Timeout,499.0
401859967217,217,"{'id': '215', 'text': ""Coach's Challenge (Overturned)""}",(08:19) [Spurs] COACH'S CHALLENGE (CALL OVERTURNED) [Spurs] retain their timeout,15,31,2,8:19,False,0,{'id': '24'},,2026-06-14T01:24:57Z,False,"{'x': -214748340, 'y': -214748365}",0,Challenge,499.0
401859967218,218,"{'id': '42', 'text': 'Offensive Foul'}",Karl-Anthony Towns offensive foul,15,31,2,8:19,False,0,{'id': '18'},[{'athlete': {'id': '3136195'}}],2026-06-14T01:25:11Z,False,"{'x': 2, 'y': 15}",0,Foul,499.0
401859967220,220,"{'id': '84', 'text': 'Offensive Foul Turnover'}",Karl-Anthony Towns offensive foul turnover,15,31,2,8:19,False,0,{'id': '18'},[{'athlete': {'id': '3136195'}}],2026-06-14T01:25:11Z,False,"{'x': 2, 'y': 15}",0,Turnover,499.0
401859967221,221,"{'id': '584', 'text': 'Substitution'}",Devin Vassell enters the game for Victor Wembanyama,15,31,2,8:19,False,0,{'id': '24'},"[{'athlete': {'id': '4395630'}}, {'athlete': {'id': '5104157'}}]",2026-06-14T01:25:50Z,False,"{'x': -214748340, 'y': -214748365}",0,Substitution,499.0
401859967222,222,"{'id': '584', 'text': 'Substitution'}",Luke Kornet enters the game for Julian Champagnie,15,31,2,8:19,False,0,{'id': '24'},"[{'athlete': {'id': '3064560'}}, {'athlete': {'id': '4592479'}}]",2026-06-14T01:25:50Z,False,"{'x': -214748340, 'y': -214748365}",0,Substitution,499.0
401859967227,227,"{'id': '63', 'text': 'Lost Ball Turnover'}",Carter Bryant lost ball turnover (Jalen Brunson steals),15,31,2,8:04,False,0,{'id': '24'},"[{'athlete': {'id': '5061568'}}, {'athlete': {'id': '3934672'}}]",2026-06-14T01:26:38Z,False,"{'x': 25, 'y': 13}",0,Turnover,484.0
401859967229,229,"{'id': '92', 'text': 'Jump Shot'}",Mikal Bridges makes 23-foot three point jumper (Miles McBride assists),18,31,2,7:44,True,3,{'id': '18'},"[{'athlete': {'id': '3147657'}}, {'athlete': {'id': '4431823'}}]",2026-06-14T01:26:58Z,True,"{'x': 2, 'y': -1}",3,+3 Points,464.0
401859967231,231,"{'id': '145', 'text': 'Driving Floating Bank Jump Shot'}",Stephon Castle misses two point shot,18,31,2,7:30,False,0,{'id': '24'},[{'athlete': {'id': '4845367'}}],2026-06-14T01:27:12Z,True,"{'x': 28, 'y': 2}",2,Missed FG,450.0
401859967232,232,"{'id': '156', 'text': 'Offensive Rebound'}",Luke Kornet offensive rebound,18,31,2,7:28,False,0,{'id': '24'},[{'athlete': {'id': '3064560'}}],2026-06-14T01:27:14Z,False,"{'x': 28, 'y': 2}",0,Rebound,448.0
401859967233,233,"{'id': '92', 'text': 'Jump Shot'}",Devin Vassell misses 23-foot three point jumper,18,31,2,7:26,False,0,{'id': '24'},[{'athlete': {'id': '4395630'}}],2026-06-14T01:27:15Z,True,"{'x': 1, 'y': 2}",3,Missed 3PT,446.0
401859967234,234,"{'id': '155', 'text': 'Defensive Rebound'}",Karl-Anthony Towns defensive rebound,18,31,2,7:24,False,0,{'id': '18'},[{'athlete': {'id': '3136195'}}],2026-06-14T01:27:17Z,False,"{'x': 1, 'y': 2}",0,Rebound,444.0
401859967235,235,"{'id': '110', 'text': 'Driving Layup Shot'}",Karl-Anthony Towns misses driving layup,18,31,2,7:16,False,0,{'id': '18'},[{'athlete': {'id': '3136195'}}],2026-06-14T01:27:26Z,True,"{'x': 27, 'y': 1}",2,Missed FG,436.0
401859967236,236,"{'id': '155', 'text': 'Defensive Rebound'}",Spurs defensive team rebound,18,31,2,7:14,False,0,{'id': '24'},,2026-06-14T01:27:28Z,False,"{'x': 27, 'y': 1}",0,Rebound,434.0
401859967238,238,"{'id': '92', 'text': 'Jump Shot'}",Stephon Castle misses 27-foot three point jumper,18,31,2,7:06,False,0,{'id': '24'},[{'athlete': {'id': '4845367'}}],2026-06-14T01:27:49Z,True,"{'x': 26, 'y': 27}",3,Missed 3PT,426.0
401859967239,239,"{'id': '155', 'text': 'Defensive Rebound'}",Karl-Anthony Towns defensive rebound,18,31,2,7:02,False,0,{'id': '18'},[{'athlete': {'id': '3136195'}}],2026-06-14T01:27:53Z,False,"{'x': 26, 'y': 27}",0,Rebound,422.0
401859967240,240,"{'id': '110', 'text': 'Driving Layup Shot'}",Jalen Brunson misses driving layup,18,31,2,6:51,False,0,{'id': '18'},[{'athlete': {'id': '3934672'}}],2026-06-14T01:28:04Z,True,"{'x': 23, 'y': 1}",2,Missed FG,411.0
401859967241,241,"{'id': '155', 'text': 'Defensive Rebound'}",Carter Bryant defensive rebound,18,31,2,6:49,False,0,{'id': '24'},[{'athlete': {'id': '5061568'}}],2026-06-14T01:28:05Z,False,"{'x': 23, 'y': 1}",0,Rebound,409.0
401859967242,242,"{'id': '131', 'text': 'Pullup Jump Shot'}",Dylan Harper makes 14-foot pullup jump shot,18,33,2,6:41,True,2,{'id': '24'},[{'athlete': {'id': '5037871'}}],2026-06-14T01:28:13Z,True,"{'x': 21, 'y': 14}",2,+2 Points,401.0
401859967243,243,"{'id': '92', 'text': 'Jump Shot'}",Josh Hart makes 25-foot three point jumper (Mikal Bridges assists),21,33,2,6:21,True,3,{'id': '18'},"[{'athlete': {'id': '3062679'}}, {'athlete': {'id': '3147657'}}]",2026-06-14T01:28:33Z,True,"{'x': 25, 'y': 26}",3,+3 Points,381.0
401859967245,245,"{'id': '90', 'text': 'Out of Bounds - Bad Pass Turnover'}",Luke Kornet out of bounds bad pass turnover,21,33,2,6:04,False,0,{'id': '24'},[{'athlete': {'id': '3064560'}}],2026-06-14T01:28:53Z,False,"{'x': 4, 'y': 15}",0,Turnover,364.0
401859967246,246,"{'id': '584', 'text': 'Substitution'}",Keldon Johnson enters the game for Stephon Castle,21,33,2,6:04,False,0,{'id': '24'},"[{'athlete': {'id': '4395723'}}, {'athlete': {'id': '4845367'}}]",2026-06-14T01:28:59Z,False,"{'x': -214748340, 'y': -214748365}",0,Substitution,364.0
401859967247,247,"{'id': '584', 'text': 'Substitution'}",De'Aaron Fox enters the game for Carter Bryant,21,33,2,6:04,False,0,{'id': '24'},"[{'athlete': {'id': '4066259'}}, {'athlete': {'id': '5061568'}}]",2026-06-14T01:28:59Z,False,"{'x': -214748340, 'y': -214748365}",0,Substitution,364.0
401859967248,248,"{'id': '584', 'text': 'Substitution'}",Mitchell Robinson enters the game for Karl-Anthony Towns,21,33,2,6:04,False,0,{'id': '18'},"[{'athlete': {'id': '4351852'}}, {'athlete': {'id': '3136195'}}]",2026-06-14T01:28:59Z,False,"{'x': -214748340, 'y': -214748365}",0,Substitution,364.0
401859967252,252,"{'id': '144', 'text': 'Driving Floating Jump Shot'}",Jalen Brunson misses driving floating jump shot,21,33,2,5:47,False,0,{'id': '18'},[{'athlete': {'id': '3934672'}}],2026-06-14T01:29:32Z,True,"{'x': 17, 'y': 1}",2,Missed FG,347.0
401859967253,253,"{'id': '156', 'text': 'Offensive Rebound'}",Mitchell Robinson offensive rebound,21,33,2,5:46,False,0,{'id': '18'},[{'athlete': {'id': '4351852'}}],2026-06-14T01:29:33Z,False,"{'x': 17, 'y': 1}",0,Rebound,346.0
401859967254,254,"{'id': '94', 'text': 'Tip Shot'}",Mitchell Robinson misses tip shot,21,33,2,5:46,False,0,{'id': '18'},[{'athlete': {'id': '4351852'}}],2026-06-14T01:29:36Z,True,"{'x': 25, 'y': 0}",2,Missed FG,346.0
401859967255,255,"{'id': '156', 'text': 'Offensive Rebound'}",Knicks offensive team rebound,21,33,2,5:46,False,0,{'id': '18'},,2026-06-14T01:29:38Z,False,"{'x': 25, 'y': 0}",0,Rebound,346.0
401859967257,257,"{'id': '584', 'text': 'Substitution'}",Victor Wembanyama enters the game for Luke Kornet,21,33,2,5:46,False,0,{'id': '24'},"[{'athlete': {'id': '5104157'}}, {'athlete': {'id': '3064560'}}]",2026-06-14T01:29:40Z,False,"{'x': -214748340, 'y': -214748365}",0,Substitution,346.0
401859967259,259,"{'id': '132', 'text': 'Step Back Jump Shot'}",Josh Hart misses 25-foot three point step back jumpshot,21,33,2,5:32,False,0,{'id': '18'},[{'athlete': {'id': '3062679'}}],2026-06-14T01:30:08Z,True,"{'x': 43, 'y': 19}",3,Missed 3PT,332.0
401859967260,260,"{'id': '156', 'text': 'Offensive Rebound'}",Jalen Brunson offensive rebound,21,33,2,5:29,False,0,{'id': '18'},[{'athlete': {'id': '3934672'}}],2026-06-14T01:30:11Z,False,"{'x': 43, 'y': 19}",0,Rebound,329.0
401859967261,261,"{'id': '92', 'text': 'Jump Shot'}",Jalen Brunson makes 26-foot three point jumper,24,33,2,5:28,True,3,{'id': '18'},[{'athlete': {'id': '3934672'}}],2026-06-14T01:30:12Z,True,"{'x': 9, 'y': 21}",3,+3 Points,328.0
401859967262,262,"{'id': '92', 'text': 'Jump Shot'}",Victor Wembanyama misses 15-foot jumper,24,33,2,5:17,False,0,{'id': '24'},[{'athlete': {'id': '5104157'}}],2026-06-14T01:30:23Z,True,"{'x': 25, 'y': 16}",2,Missed FG,317.0
401859967263,263,"{'id': '155', 'text': 'Defensive Rebound'}",Josh Hart defensive rebound,24,33,2,5:15,False,0,{'id': '18'},[{'athlete': {'id': '3062679'}}],2026-06-14T01:30:25Z,False,"{'x': 25, 'y': 16}",0,Rebound,315.0
401859967264,264,"{'id': '122', 'text': 'Jump Shot Bank'}",Miles McBride misses 27-foot jump bank shot,24,33,2,5:06,False,0,{'id': '18'},[{'athlete': {'id': '4431823'}}],2026-06-14T01:30:35Z,True,"{'x': 34, 'y': 26}",3,Missed 3PT,306.0
401859967265,265,"{'id': '155', 'text': 'Defensive Rebound'}",Keldon Johnson defensive rebound,24,33,2,5:02,False,0,{'id': '24'},[{'athlete': {'id': '4395723'}}],2026-06-14T01:30:39Z,False,"{'x': 34, 'y': 26}",0,Rebound,302.0
401859967268,268,"{'id': '129', 'text': 'Running Finger Roll Layup'}",Devin Vassell makes two point shot,24,35,2,4:57,True,2,{'id': '24'},[{'athlete': {'id': '4395630'}}],2026-06-14T01:30:53Z,True,"{'x': 25, 'y': 0}",2,+2 Points,297.0
401859967269,269,"{'id': '9', 'text': 'Defensive Goaltending'}",Mitchell Robinson defensive goaltending violation,24,35,2,4:57,False,0,{'id': '18'},[{'athlete': {'id': '4351852'}}],2026-06-14T01:30:56Z,False,"{'x': -214748340, 'y': -214748365}",0,Goaltending,297.0
401859967270,270,"{'id': '131', 'text': 'Pullup Jump Shot'}",Jalen Brunson makes 10-foot pullup jump shot,26,35,2,4:44,True,2,{'id': '18'},[{'athlete': {'id': '3934672'}}],2026-06-14T01:31:26Z,True,"{'x': 20, 'y': 10}",2,+2 Points,284.0
401859967271,271,"{'id': '92', 'text': 'Jump Shot'}",Victor Wembanyama misses 26-foot three point jumper,26,35,2,4:30,False,0,{'id': '24'},[{'athlete': {'id': '5104157'}}],2026-06-14T01:31:41Z,True,"{'x': 26, 'y': 27}",3,Missed 3PT,270.0
401859967272,272,"{'id': '155', 'text': 'Defensive Rebound'}",Mitchell Robinson defensive rebound,26,35,2,4:30,False,0,{'id': '18'},[{'athlete': {'id': '4351852'}}],2026-06-14T01:31:41Z,False,"{'x': 26, 'y': 27}",0,Rebound,270.0
401859967273,273,"{'id': '92', 'text': 'Jump Shot'}",Jalen Brunson makes 20-foot jumper,28,35,2,4:06,True,2,{'id': '18'},[{'athlete': {'id': '3934672'}}],2026-06-14T01:32:04Z,True,"{'x': 6, 'y': 8}",2,+2 Points,246.0
401859967274,274,"{'id': '144', 'text': 'Driving Floating Jump Shot'}",Victor Wembanyama misses driving floating jump shot,28,35,2,3:50,False,0,{'id': '24'},[{'athlete': {'id': '5104157'}}],2026-06-14T01:32:21Z,True,"{'x': 20, 'y': 8}",2,Missed FG,230.0
401859967275,275,"{'id': '156', 'text': 'Offensive Rebound'}",Victor Wembanyama offensive rebound,28,35,2,3:50,False,0,{'id': '24'},[{'athlete': {'id': '5104157'}}],2026-06-14T01:32:21Z,False,"{'x': 20, 'y': 8}",0,Rebound,230.0
401859967276,276,"{'id': '92', 'text': 'Jump Shot'}",De'Aaron Fox makes 24-foot three point jumper (Victor Wembanyama assists),28,38,2,3:32,True,3,{'id': '24'},"[{'athlete': {'id': '4066259'}}, {'athlete': {'id': '5104157'}}]",2026-06-14T01:32:38Z,True,"{'x': 1, 'y': 8}",3,+3 Points,212.0
401859967278,278,"{'id': '44', 'text': 'Shooting Foul'}",Victor Wembanyama shooting foul,28,38,2,3:15,False,0,{'id': '24'},[{'athlete': {'id': '5104157'}}],2026-06-14T01:32:57Z,False,"{'x': 22, 'y': 8}",0,Foul,195.0
401859967282,282,"{'id': '98', 'text': 'Free Throw - 1 of 2'}",Jalen Brunson misses free throw 1 of 2,28,38,2,3:15,False,0,{'id': '18'},[{'athlete': {'id': '3934672'}}],2026-06-14T01:33:30Z,True,"{'x': -214748340, 'y': -214748365}",1,Missed FT,195.0
401859967283,283,"{'id': '156', 'text': 'Offensive Rebound'}",Knicks offensive team rebound,28,38,2,3:15,False,0,{'id': '18'},,2026-06-14T01:33:30Z,False,"{'x': -214748340, 'y': -214748365}",0,Rebound,195.0
401859967284,284,"{'id': '584', 'text': 'Substitution'}",Julian Champagnie enters the game for Dylan Harper,28,38,2,3:15,False,0,{'id': '24'},"[{'athlete': {'id': '4592479'}}, {'athlete': {'id': '5037871'}}]",2026-06-14T01:33:32Z,False,"{'x': -214748340, 'y': -214748365}",0,Substitution,195.0
401859967285,285,"{'id': '584', 'text': 'Substitution'}",Stephon Castle enters the game for Keldon Johnson,28,38,2,3:15,False,0,{'id': '24'},"[{'athlete': {'id': '4845367'}}, {'athlete': {'id': '4395723'}}]",2026-06-14T01:33:32Z,False,"{'x': -214748340, 'y': -214748365}",0,Substitution,195.0
401859967286,286,"{'id': '584', 'text': 'Substitution'}",OG Anunoby enters the game for Miles McBride,28,38,2,3:15,False,0,{'id': '18'},"[{'athlete': {'id': '3934719'}}, {'athlete': {'id': '4431823'}}]",2026-06-14T01:33:32Z,False,"{'x': -214748340, 'y': -214748365}",0,Substitution,195.0
401859967292,292,"{'id': '99', 'text': 'Free Throw - 2 of 2'}",Jalen Brunson makes free throw 2 of 2,29,38,2,3:15,True,1,{'id': '18'},[{'athlete': {'id': '3934672'}}],2026-06-14T01:33:30Z,True,"{'x': -214748340, 'y': -214748365}",1,+1 Point,195.0
401859967305,305,"{'id': '584', 'text': 'Substitution'}",Karl-Anthony Towns enters the game for Mitchell Robinson,29,38,2,3:15,False,0,{'id': '18'},"[{'athlete': {'id': '3136195'}}, {'athlete': {'id': '4351852'}}]",2026-06-14T01:33:32Z,False,"{'x': -214748340, 'y': -214748365}",0,Substitution,195.0
401859967293,293,"{'id': '92', 'text': 'Jump Shot'}",Stephon Castle misses 22-foot three point jumper,29,38,2,3:05,False,0,{'id': '24'},[{'athlete': {'id': '4845367'}}],2026-06-14T01:34:08Z,True,"{'x': 48, 'y': 3}",3,Missed 3PT,185.0
401859967294,294,"{'id': '155', 'text': 'Defensive Rebound'}",OG Anunoby defensive rebound,29,38,2,3:00,False,0,{'id': '18'},[{'athlete': {'id': '3934719'}}],2026-06-14T01:34:13Z,False,"{'x': 48, 'y': 3}",0,Rebound,180.0
401859967295,295,"{'id': '92', 'text': 'Jump Shot'}",Mikal Bridges makes 26-foot three point jumper (Jalen Brunson assists),32,38,2,2:45,True,3,{'id': '18'},"[{'athlete': {'id': '3147657'}}, {'athlete': {'id': '3934672'}}]",2026-06-14T01:34:28Z,True,"{'x': 31, 'y': 26}",3,+3 Points,165.0
401859967297,297,"{'id': '44', 'text': 'Shooting Foul'}",Karl-Anthony Towns shooting foul,32,38,2,2:34,False,0,{'id': '18'},[{'athlete': {'id': '3136195'}}],2026-06-14T01:34:41Z,False,"{'x': 27, 'y': 1}",0,Foul,154.0
401859967299,299,"{'id': '16', 'text': 'Full Timeout'}",Knicks Full timeout,32,38,2,2:34,False,0,{'id': '18'},,2026-06-14T01:35:01Z,False,"{'x': -214748340, 'y': -214748365}",0,Timeout,154.0
401859967304,304,"{'id': '98', 'text': 'Free Throw - 1 of 2'}",Stephon Castle makes free throw 1 of 2,32,39,2,2:34,True,1,{'id': '24'},[{'athlete': {'id': '4845367'}}],2026-06-14T01:38:50Z,True,"{'x': -214748340, 'y': -214748365}",1,+1 Point,154.0
401859967307,307,"{'id': '99', 'text': 'Free Throw - 2 of 2'}",Stephon Castle makes free throw 2 of 2,32,40,2,2:34,True,1,{'id': '24'},[{'athlete': {'id': '4845367'}}],2026-06-14T01:39:09Z,True,"{'x': -214748340, 'y': -214748365}",1,+1 Point,154.0
401859967340,340,"{'id': '584', 'text': 'Substitution'}",Mitchell Robinson enters the game for Karl-Anthony Towns,32,40,2,2:34,False,0,{'id': '18'},"[{'athlete': {'id': '4351852'}}, {'athlete': {'id': '3136195'}}]",2026-06-14T01:36:56Z,False,"{'x': -214748340, 'y': -214748365}",0,Substitution,154.0
401859967308,308,"{'id': '131', 'text': 'Pullup Jump Shot'}",Mikal Bridges misses 25-foot three point pullup jump shot,32,40,2,2:23,False,0,{'id': '18'},[{'athlete': {'id': '3147657'}}],2026-06-14T01:39:22Z,True,"{'x': 2, 'y': 12}",3,Missed 3PT,143.0
401859967309,309,"{'id': '155', 'text': 'Defensive Rebound'}",Julian Champagnie defensive rebound,32,40,2,2:21,False,0,{'id': '24'},[{'athlete': {'id': '4592479'}}],2026-06-14T01:39:24Z,False,"{'x': 2, 'y': 12}",0,Rebound,141.0
401859967310,310,"{'id': '144', 'text': 'Driving Floating Jump Shot'}",Stephon Castle misses driving floating jump shot,32,40,2,2:10,False,0,{'id': '24'},[{'athlete': {'id': '4845367'}}],2026-06-14T01:39:35Z,True,"{'x': 31, 'y': 1}",2,Missed FG,130.0
401859967311,311,"{'id': '155', 'text': 'Defensive Rebound'}",Jalen Brunson defensive rebound,32,40,2,2:08,False,0,{'id': '18'},[{'athlete': {'id': '3934672'}}],2026-06-14T01:39:37Z,False,"{'x': 31, 'y': 1}",0,Rebound,128.0
401859967312,312,"{'id': '92', 'text': 'Jump Shot'}",Mikal Bridges misses 26-foot three point jumper,32,40,2,1:57,False,0,{'id': '18'},[{'athlete': {'id': '3147657'}}],2026-06-14T01:39:48Z,True,"{'x': 46, 'y': 16}",3,Missed 3PT,117.0
401859967313,313,"{'id': '155', 'text': 'Defensive Rebound'}",Julian Champagnie defensive rebound,32,40,2,1:54,False,0,{'id': '24'},[{'athlete': {'id': '4592479'}}],2026-06-14T01:39:51Z,False,"{'x': 46, 'y': 16}",0,Rebound,114.0
401859967314,314,"{'id': '132', 'text': 'Step Back Jump Shot'}",De'Aaron Fox misses 10-foot step back jumpshot,32,40,2,1:43,False,0,{'id': '24'},[{'athlete': {'id': '4066259'}}],2026-06-14T01:40:02Z,True,"{'x': 25, 'y': 11}",2,Missed FG,103.0
401859967315,315,"{'id': '155', 'text': 'Defensive Rebound'}",Josh Hart defensive rebound,32,40,2,1:40,False,0,{'id': '18'},[{'athlete': {'id': '3062679'}}],2026-06-14T01:40:05Z,False,"{'x': 25, 'y': 11}",0,Rebound,100.0
401859967316,316,"{'id': '146', 'text': 'Running Pullup Jump Shot'}",Jalen Brunson misses running pullup jump shot,32,40,2,1:37,False,0,{'id': '18'},[{'athlete': {'id': '3934672'}}],2026-06-14T01:40:08Z,True,"{'x': 8, 'y': 20}",3,Missed 3PT,97.0
401859967317,317,"{'id': '155', 'text': 'Defensive Rebound'}",Devin Vassell defensive rebound,32,40,2,1:34,False,0,{'id': '24'},[{'athlete': {'id': '4395630'}}],2026-06-14T01:40:11Z,False,"{'x': 8, 'y': 20}",0,Rebound,94.0
401859967318,318,"{'id': '62', 'text': 'Bad Pass\nTurnover'}","Stephon Castle bad pass
turnover (OG Anunoby steals)",32,40,2,1:21,False,0,{'id': '24'},"[{'athlete': {'id': '4845367'}}, {'athlete': {'id': '3934719'}}]",2026-06-14T01:40:24Z,False,"{'x': 27, 'y': 10}",0,Turnover,81.0
401859967320,320,"{'id': '129', 'text': 'Running Finger Roll Layup'}",Josh Hart makes two point shot,34,40,2,1:18,True,2,{'id': '18'},[{'athlete': {'id': '3062679'}}],2026-06-14T01:40:31Z,True,"{'x': 22, 'y': 1}",2,+2 Points,78.0
401859967321,321,"{'id': '32', 'text': 'Flagrant Foul Type 1'}",De'Aaron Fox flagrant foul type 1,34,40,2,1:18,False,0,{'id': '24'},[{'athlete': {'id': '4066259'}}],2026-06-14T01:40:38Z,False,"{'x': 23, 'y': 1}",0,Foul,78.0
401859967323,323,"{'id': '279', 'text': 'Ref-Initiated Review (Overturned)'}",(01:18) [Knicks] REF-INITIATED REVIEW (CALL OVERTURNED),34,40,2,1:18,False,0,,,2026-06-14T01:40:56Z,False,"{'x': -214748340, 'y': -214748365}",0,Challenge,78.0
401859967325,325,"{'id': '106', 'text': 'Free Throw - Flagrant 1 of 1'}",Josh Hart makes free throw flagrant 1 of 1,35,40,2,1:18,True,1,{'id': '18'},[{'athlete': {'id': '3062679'}}],2026-06-14T01:43:07Z,True,"{'x': -214748340, 'y': -214748365}",1,+1 Point,78.0
401859967326,326,"{'id': '584', 'text': 'Substitution'}",Dylan Harper enters the game for Stephon Castle,35,40,2,1:18,False,0,{'id': '24'},"[{'athlete': {'id': '5037871'}}, {'athlete': {'id': '4845367'}}]",2026-06-14T01:43:09Z,False,"{'x': -214748340, 'y': -214748365}",0,Substitution,78.0
401859967328,328,"{'id': '144', 'text': 'Driving Floating Jump Shot'}",Mikal Bridges makes 4-foot driving floating jump shot (Mitchell Robinson assists),37,40,2,1:07,True,2,{'id': '18'},"[{'athlete': {'id': '3147657'}}, {'athlete': {'id': '4351852'}}]",2026-06-14T01:43:37Z,True,"{'x': 27, 'y': 4}",2,+2 Points,67.0
401859967329,329,"{'id': '114', 'text': 'Turnaround Jump Shot'}",Dylan Harper misses 9-foot turnaround jump shot,37,40,2,50.7,False,0,{'id': '24'},[{'athlete': {'id': '5037871'}}],2026-06-14T01:43:54Z,True,"{'x': 31, 'y': 7}",2,Missed FG,50.7
401859967330,330,"{'id': '156', 'text': 'Offensive Rebound'}",Spurs offensive team rebound,37,40,2,47.2,False,0,{'id': '24'},,2026-06-14T01:43:58Z,False,"{'x': 31, 'y': 7}",0,Rebound,47.2
401859967331,331,"{'id': '43', 'text': 'Loose Ball Foul'}",Josh Hart loose ball foul,37,40,2,47.2,False,0,{'id': '18'},[{'athlete': {'id': '3062679'}}],2026-06-14T01:44:03Z,False,"{'x': 48, 'y': 5}",0,Foul,47.2
401859967334,334,"{'id': '131', 'text': 'Pullup Jump Shot'}",De'Aaron Fox misses 26-foot three point pullup jump shot,37,40,2,36.3,False,0,{'id': '24'},[{'athlete': {'id': '4066259'}}],2026-06-14T01:44:40Z,True,"{'x': 31, 'y': 26}",3,Missed 3PT,36.3
401859967335,335,"{'id': '155', 'text': 'Defensive Rebound'}",Josh Hart defensive rebound,37,40,2,32.9,False,0,{'id': '18'},[{'athlete': {'id': '3062679'}}],2026-06-14T01:44:43Z,False,"{'x': 31, 'y': 26}",0,Rebound,32.9
401859967336,336,"{'id': '114', 'text': 'Turnaround Jump Shot'}",Josh Hart misses 9-foot turnaround jump shot,37,40,2,18.0,False,0,{'id': '18'},[{'athlete': {'id': '3062679'}}],2026-06-14T01:44:58Z,True,"{'x': 28, 'y': 9}",2,Missed FG,18.0
401859967337,337,"{'id': '155', 'text': 'Defensive Rebound'}",Devin Vassell defensive rebound,37,40,2,14.0,False,0,{'id': '24'},[{'athlete': {'id': '4395630'}}],2026-06-14T01:45:02Z,False,"{'x': 28, 'y': 9}",0,Rebound,14.0
401859967338,338,"{'id': '131', 'text': 'Pullup Jump Shot'}",Devin Vassell makes 12-foot pullup jump shot (De'Aaron Fox assists),37,42,2,0.1,True,2,{'id': '24'},"[{'athlete': {'id': '4395630'}}, {'athlete': {'id': '4066259'}}]",2026-06-14T01:45:17Z,True,"{'x': 18, 'y': 11}",2,+2 Points,0.1
401859967339,339,"{'id': '278', 'text': 'Ref-Initiated Review (Supported)'}",(00:00) [Knicks] REF-INITIATED REVIEW (REPLAY SUPPORTS CALL),37,42,2,0.0,False,0,,,2026-06-14T01:45:23Z,False,"{'x': -214748340, 'y': -214748365}",0,Challenge,0.0
401859967342,342,"{'id': '412', 'text': 'End Period'}",End of the 2nd Quarter,37,42,2,0.0,False,0,,,2026-06-14T01:45:55Z,False,"{'x': -214748340, 'y': -214748365}",0,Halftime,0.0
401859967344,344,"{'id': '584', 'text': 'Substitution'}",Stephon Castle enters the game for Dylan Harper,37,42,3,12:00,False,0,{'id': '24'},"[{'athlete': {'id': '4845367'}}, {'athlete': {'id': '5037871'}}]",2026-06-14T02:01:24Z,False,"{'x': -214748340, 'y': -214748365}",0,Substitution,720.0
401859967345,345,"{'id': '584', 'text': 'Substitution'}",Karl-Anthony Towns enters the game for Mitchell Robinson,37,42,3,12:00,False,0,{'id': '18'},"[{'athlete': {'id': '3136195'}}, {'athlete': {'id': '4351852'}}]",2026-06-14T02:01:24Z,False,"{'x': -214748340, 'y': -214748365}",0,Substitution,720.0
401859967349,349,"{'id': '45', 'text': 'Personal Foul'}",Karl-Anthony Towns personal foul,37,42,3,11:45,False,0,{'id': '18'},[{'athlete': {'id': '3136195'}}],2026-06-14T02:03:01Z,False,"{'x': 21, 'y': 3}",0,Foul,705.0
401859967351,351,"{'id': '584', 'text': 'Substitution'}",Mitchell Robinson enters the game for Karl-Anthony Towns,37,42,3,11:45,False,0,{'id': '18'},"[{'athlete': {'id': '4351852'}}, {'athlete': {'id': '3136195'}}]",2026-06-14T02:03:15Z,False,"{'x': -214748340, 'y': -214748365}",0,Substitution,705.0
401859967353,353,"{'id': '92', 'text': 'Jump Shot'}",De'Aaron Fox misses 23-foot three point jumper,37,42,3,11:36,False,0,{'id': '24'},[{'athlete': {'id': '4066259'}}],2026-06-14T02:03:37Z,True,"{'x': 48, 'y': 3}",3,Missed 3PT,696.0
401859967354,354,"{'id': '155', 'text': 'Defensive Rebound'}",Josh Hart defensive rebound,37,42,3,11:32,False,0,{'id': '18'},[{'athlete': {'id': '3062679'}}],2026-06-14T02:03:41Z,False,"{'x': 48, 'y': 3}",0,Rebound,692.0
401859967355,355,"{'id': '92', 'text': 'Jump Shot'}",OG Anunoby misses 24-foot three point jumper,37,42,3,11:26,False,0,{'id': '18'},[{'athlete': {'id': '3934719'}}],2026-06-14T02:03:46Z,True,"{'x': 1, 'y': 6}",3,Missed 3PT,686.0
401859967356,356,"{'id': '155', 'text': 'Defensive Rebound'}",Victor Wembanyama defensive rebound,37,42,3,11:24,False,0,{'id': '24'},[{'athlete': {'id': '5104157'}}],2026-06-14T02:03:48Z,False,"{'x': 1, 'y': 6}",0,Rebound,684.0
401859967357,357,"{'id': '42', 'text': 'Offensive Foul'}",Stephon Castle offensive foul,37,42,3,11:16,False,0,{'id': '24'},[{'athlete': {'id': '4845367'}}],2026-06-14T02:04:03Z,False,"{'x': 33, 'y': 5}",0,Foul,676.0
401859967359,359,"{'id': '84', 'text': 'Offensive Foul Turnover'}",Stephon Castle offensive foul turnover,37,42,3,11:16,False,0,{'id': '24'},[{'athlete': {'id': '4845367'}}],2026-06-14T02:04:03Z,False,"{'x': 33, 'y': 5}",0,Turnover,676.0
401859967360,360,"{'id': '144', 'text': 'Driving Floating Jump Shot'}",Mikal Bridges makes 6-foot driving floating jump shot,39,42,3,10:54,True,2,{'id': '18'},[{'athlete': {'id': '3147657'}}],2026-06-14T02:04:36Z,True,"{'x': 31, 'y': 2}",2,+2 Points,654.0
401859967361,361,"{'id': '92', 'text': 'Jump Shot'}",Julian Champagnie makes 23-foot three point jumper (Stephon Castle assists),39,45,3,10:41,True,3,{'id': '24'},"[{'athlete': {'id': '4592479'}}, {'athlete': {'id': '4845367'}}]",2026-06-14T02:04:49Z,True,"{'x': 1, 'y': 1}",3,+3 Points,641.0
401859967363,363,"{'id': '131', 'text': 'Pullup Jump Shot'}",Jalen Brunson makes 12-foot pullup jump shot (Mitchell Robinson assists),41,45,3,10:22,True,2,{'id': '18'},"[{'athlete': {'id': '3934672'}}, {'athlete': {'id': '4351852'}}]",2026-06-14T02:05:08Z,True,"{'x': 21, 'y': 12}",2,+2 Points,622.0
401859967364,364,"{'id': '42', 'text': 'Offensive Foul'}",Julian Champagnie offensive foul,41,45,3,10:16,False,0,{'id': '24'},[{'athlete': {'id': '4592479'}}],2026-06-14T02:05:18Z,False,"{'x': 35, 'y': 31}",0,Foul,616.0
401859967366,366,"{'id': '84', 'text': 'Offensive Foul Turnover'}",Julian Champagnie offensive foul turnover,41,45,3,10:16,False,0,{'id': '24'},[{'athlete': {'id': '4592479'}}],2026-06-14T02:05:18Z,False,"{'x': 35, 'y': 31}",0,Turnover,616.0
401859967367,367,"{'id': '131', 'text': 'Pullup Jump Shot'}",Jalen Brunson misses 26-foot three point pullup jump shot,41,45,3,9:59,False,0,{'id': '18'},[{'athlete': {'id': '3934672'}}],2026-06-14T02:05:54Z,True,"{'x': 36, 'y': 24}",3,Missed 3PT,599.0
401859967368,368,"{'id': '156', 'text': 'Offensive Rebound'}",Mitchell Robinson offensive rebound,41,45,3,9:56,False,0,{'id': '18'},[{'athlete': {'id': '4351852'}}],2026-06-14T02:05:57Z,False,"{'x': 36, 'y': 24}",0,Rebound,596.0
401859967369,369,"{'id': '62', 'text': 'Bad Pass\nTurnover'}","OG Anunoby bad pass
turnover (Devin Vassell steals)",41,45,3,9:46,False,0,{'id': '18'},"[{'athlete': {'id': '3934719'}}, {'athlete': {'id': '4395630'}}]",2026-06-14T02:06:08Z,False,"{'x': 25, 'y': 7}",0,Turnover,586.0
401859967371,371,"{'id': '116', 'text': 'Running Dunk Shot'}",Victor Wembanyama makes 1-foot running dunk (De'Aaron Fox assists),41,47,3,9:42,True,2,{'id': '24'},"[{'athlete': {'id': '5104157'}}, {'athlete': {'id': '4066259'}}]",2026-06-14T02:06:13Z,True,"{'x': 26, 'y': 2}",2,+2 Points,582.0
401859967373,373,"{'id': '32', 'text': 'Flagrant Foul Type 1'}",Mitchell Robinson flagrant foul type 1,41,47,3,9:42,False,0,{'id': '18'},[{'athlete': {'id': '4351852'}}],2026-06-14T02:06:16Z,False,"{'x': 25, 'y': 1}",0,Foul,582.0
401859967375,375,"{'id': '279', 'text': 'Ref-Initiated Review (Overturned)'}",(09:42) [Knicks] REF-INITIATED REVIEW (CALL OVERTURNED),41,47,3,9:42,False,0,,,2026-06-14T02:06:38Z,False,"{'x': -214748340, 'y': -214748365}",0,Challenge,582.0
401859967377,377,"{'id': '106', 'text': 'Free Throw - Flagrant 1 of 1'}",Victor Wembanyama makes free throw flagrant 1 of 1,41,48,3,9:42,True,1,{'id': '24'},[{'athlete': {'id': '5104157'}}],2026-06-14T02:09:08Z,True,"{'x': -214748340, 'y': -214748365}",1,+1 Point,582.0
401859967378,378,"{'id': '132', 'text': 'Step Back Jump Shot'}",Julian Champagnie makes 25-foot three point step back jumpshot (De'Aaron Fox assists),41,51,3,9:29,True,3,{'id': '24'},"[{'athlete': {'id': '4592479'}}, {'athlete': {'id': '4066259'}}]",2026-06-14T02:09:37Z,True,"{'x': 44, 'y': 18}",3,+3 Points,569.0
401859967380,380,"{'id': '45', 'text': 'Personal Foul'}",Stephon Castle personal foul,41,51,3,9:12,False,0,{'id': '24'},[{'athlete': {'id': '4845367'}}],2026-06-14T02:09:57Z,False,"{'x': 20, 'y': 11}",0,Foul,552.0
401859967382,382,"{'id': '92', 'text': 'Jump Shot'}",Mikal Bridges misses 23-foot three point jumper,41,51,3,9:00,False,0,{'id': '18'},[{'athlete': {'id': '3147657'}}],2026-06-14T02:10:38Z,True,"{'x': 1, 'y': 1}",3,Missed 3PT,540.0
401859967383,383,"{'id': '155', 'text': 'Defensive Rebound'}",Devin Vassell defensive rebound,41,51,3,8:57,False,0,{'id': '24'},[{'athlete': {'id': '4395630'}}],2026-06-14T02:10:41Z,False,"{'x': 1, 'y': 1}",0,Rebound,537.0
401859967384,384,"{'id': '114', 'text': 'Turnaround Jump Shot'}",Victor Wembanyama makes 10-foot turnaround jump shot,41,53,3,8:49,True,2,{'id': '24'},[{'athlete': {'id': '5104157'}}],2026-06-14T02:10:50Z,True,"{'x': 30, 'y': 9}",2,+2 Points,529.0
401859967385,385,"{'id': '92', 'text': 'Jump Shot'}",Mikal Bridges makes 25-foot three point jumper (Jalen Brunson assists),44,53,3,8:36,True,3,{'id': '18'},"[{'athlete': {'id': '3147657'}}, {'athlete': {'id': '3934672'}}]",2026-06-14T02:11:02Z,True,"{'x': 48, 'y': 10}",3,+3 Points,516.0
401859967387,387,"{'id': '92', 'text': 'Jump Shot'}",Victor Wembanyama misses 26-foot three point jumper,44,53,3,8:21,False,0,{'id': '24'},[{'athlete': {'id': '5104157'}}],2026-06-14T02:11:18Z,True,"{'x': 33, 'y': 25}",3,Missed 3PT,501.0
401859967388,388,"{'id': '155', 'text': 'Defensive Rebound'}",Josh Hart defensive rebound,44,53,3,8:18,False,0,{'id': '18'},[{'athlete': {'id': '3062679'}}],2026-06-14T02:11:21Z,False,"{'x': 33, 'y': 25}",0,Rebound,498.0
401859967389,389,"{'id': '131', 'text': 'Pullup Jump Shot'}",Jalen Brunson makes 16-foot pullup jump shot,46,53,3,8:06,True,2,{'id': '18'},[{'athlete': {'id': '3934672'}}],2026-06-14T02:11:33Z,True,"{'x': 30, 'y': 16}",2,+2 Points,486.0
401859967390,390,"{'id': '45', 'text': 'Personal Foul'}",OG Anunoby personal foul,46,53,3,7:48,False,0,{'id': '18'},[{'athlete': {'id': '3934719'}}],2026-06-14T02:11:53Z,False,"{'x': 21, 'y': 0}",0,Foul,468.0
401859967392,392,"{'id': '584', 'text': 'Substitution'}",Dylan Harper enters the game for Victor Wembanyama,46,53,3,7:48,False,0,{'id': '24'},"[{'athlete': {'id': '5037871'}}, {'athlete': {'id': '5104157'}}]",2026-06-14T02:11:59Z,False,"{'x': -214748340, 'y': -214748365}",0,Substitution,468.0
401859967393,393,"{'id': '584', 'text': 'Substitution'}",Luke Kornet enters the game for De'Aaron Fox,46,53,3,7:48,False,0,{'id': '24'},"[{'athlete': {'id': '3064560'}}, {'athlete': {'id': '4066259'}}]",2026-06-14T02:11:59Z,False,"{'x': -214748340, 'y': -214748365}",0,Substitution,468.0
401859967396,396,"{'id': '584', 'text': 'Substitution'}",Ariel Hukporti enters the game for Mitchell Robinson,46,53,3,7:48,False,0,{'id': '18'},"[{'athlete': {'id': '4871141'}}, {'athlete': {'id': '4351852'}}]",2026-06-14T02:12:20Z,False,"{'x': -214748340, 'y': -214748365}",0,Substitution,468.0
401859967398,398,"{'id': '128', 'text': 'Driving Finger Roll Layup'}",Dylan Harper makes 1-foot two point shot,46,55,3,7:41,True,2,{'id': '24'},[{'athlete': {'id': '5037871'}}],2026-06-14T02:12:42Z,True,"{'x': 26, 'y': 2}",2,+2 Points,461.0
401859967399,399,"{'id': '132', 'text': 'Step Back Jump Shot'}",Devin Vassell blocks OG Anunoby 's 23-foot three point step back jumpshot,46,55,3,7:22,False,0,{'id': '18'},"[{'athlete': {'id': '3934719'}}, {'athlete': {'id': '4395630'}}]",2026-06-14T02:13:03Z,True,"{'x': 1, 'y': 3}",3,Missed 3PT,442.0
401859967401,401,"{'id': '156', 'text': 'Offensive Rebound'}",Knicks offensive team rebound,46,55,3,7:22,False,0,{'id': '18'},,2026-06-14T02:13:03Z,False,"{'x': 1, 'y': 3}",0,Rebound,442.0
401859967403,403,"{'id': '584', 'text': 'Substitution'}",Landry Shamet enters the game for Ariel Hukporti,46,55,3,7:22,False,0,{'id': '18'},"[{'athlete': {'id': '3914044'}}, {'athlete': {'id': '4871141'}}]",2026-06-14T02:13:18Z,False,"{'x': -214748340, 'y': -214748365}",0,Substitution,442.0
401859967405,405,"{'id': '128', 'text': 'Driving Finger Roll Layup'}",Jalen Brunson makes 3-foot two point shot (Josh Hart assists),48,55,3,7:12,True,2,{'id': '18'},"[{'athlete': {'id': '3934672'}}, {'athlete': {'id': '3062679'}}]",2026-06-14T02:13:53Z,True,"{'x': 22, 'y': 1}",2,+2 Points,432.0
401859967406,406,"{'id': '92', 'text': 'Jump Shot'}",Julian Champagnie misses 23-foot three point jumper,48,55,3,7:01,False,0,{'id': '24'},[{'athlete': {'id': '4592479'}}],2026-06-14T02:14:04Z,True,"{'x': 48, 'y': 3}",3,Missed 3PT,421.0
401859967407,407,"{'id': '155', 'text': 'Defensive Rebound'}",Josh Hart defensive rebound,48,55,3,6:58,False,0,{'id': '18'},[{'athlete': {'id': '3062679'}}],2026-06-14T02:14:07Z,False,"{'x': 48, 'y': 3}",0,Rebound,418.0
401859967408,408,"{'id': '92', 'text': 'Jump Shot'}",Jalen Brunson misses 26-foot three point jumper,48,55,3,6:49,False,0,{'id': '18'},[{'athlete': {'id': '3934672'}}],2026-06-14T02:14:17Z,True,"{'x': 26, 'y': 27}",3,Missed 3PT,409.0
401859967409,409,"{'id': '155', 'text': 'Defensive Rebound'}",Julian Champagnie defensive rebound,48,55,3,6:44,False,0,{'id': '24'},[{'athlete': {'id': '4592479'}}],2026-06-14T02:14:22Z,False,"{'x': 26, 'y': 27}",0,Rebound,404.0
401859967410,410,"{'id': '128', 'text': 'Driving Finger Roll Layup'}",Dylan Harper misses two point shot,48,55,3,6:40,False,0,{'id': '24'},[{'athlete': {'id': '5037871'}}],2026-06-14T02:14:28Z,True,"{'x': 27, 'y': 2}",2,Missed FG,400.0
401859967411,411,"{'id': '155', 'text': 'Defensive Rebound'}",OG Anunoby defensive rebound,48,55,3,6:39,False,0,{'id': '18'},[{'athlete': {'id': '3934719'}}],2026-06-14T02:14:29Z,False,"{'x': 27, 'y': 2}",0,Rebound,399.0
401859967412,412,"{'id': '109', 'text': 'Running Layup Shot'}",OG Anunoby makes running layup,50,55,3,6:33,True,2,{'id': '18'},[{'athlete': {'id': '3934719'}}],2026-06-14T02:14:35Z,True,"{'x': 26, 'y': 1}",2,+2 Points,393.0
401859967413,413,"{'id': '16', 'text': 'Full Timeout'}",Spurs Full timeout,50,55,3,6:27,False,0,{'id': '24'},,2026-06-14T02:14:45Z,False,"{'x': -214748340, 'y': -214748365}",0,Timeout,387.0
401859967415,415,"{'id': '584', 'text': 'Substitution'}",Victor Wembanyama enters the game for Stephon Castle,50,55,3,6:27,False,0,{'id': '24'},"[{'athlete': {'id': '5104157'}}, {'athlete': {'id': '4845367'}}]",2026-06-14T02:18:00Z,False,"{'x': -214748340, 'y': -214748365}",0,Substitution,387.0
401859967416,416,"{'id': '584', 'text': 'Substitution'}",De'Aaron Fox enters the game for Luke Kornet,50,55,3,6:27,False,0,{'id': '24'},"[{'athlete': {'id': '4066259'}}, {'athlete': {'id': '3064560'}}]",2026-06-14T02:18:00Z,False,"{'x': -214748340, 'y': -214748365}",0,Substitution,387.0
401859967417,417,"{'id': '584', 'text': 'Substitution'}",Keldon Johnson enters the game for Julian Champagnie,50,55,3,6:27,False,0,{'id': '24'},"[{'athlete': {'id': '4395723'}}, {'athlete': {'id': '4592479'}}]",2026-06-14T02:18:00Z,False,"{'x': -214748340, 'y': -214748365}",0,Substitution,387.0
401859967418,418,"{'id': '584', 'text': 'Substitution'}",Miles McBride enters the game for OG Anunoby,50,55,3,6:27,False,0,{'id': '18'},"[{'athlete': {'id': '4431823'}}, {'athlete': {'id': '3934719'}}]",2026-06-14T02:18:00Z,False,"{'x': -214748340, 'y': -214748365}",0,Substitution,387.0
401859967423,423,"{'id': '132', 'text': 'Step Back Jump Shot'}",Dylan Harper makes 16-foot step back jumpshot (Devin Vassell assists),50,57,3,6:17,True,2,{'id': '24'},"[{'athlete': {'id': '5037871'}}, {'athlete': {'id': '4395630'}}]",2026-06-14T02:18:38Z,True,"{'x': 36, 'y': 12}",2,+2 Points,377.0
401859967425,425,"{'id': '92', 'text': 'Jump Shot'}",Landry Shamet misses 27-foot three point jumper,50,57,3,5:51,False,0,{'id': '18'},[{'athlete': {'id': '3914044'}}],2026-06-14T02:19:05Z,True,"{'x': 32, 'y': 26}",3,Missed 3PT,351.0
401859967426,426,"{'id': '155', 'text': 'Defensive Rebound'}",Victor Wembanyama defensive rebound,50,57,3,5:48,False,0,{'id': '24'},[{'athlete': {'id': '5104157'}}],2026-06-14T02:19:08Z,False,"{'x': 32, 'y': 26}",0,Rebound,348.0
401859967427,427,"{'id': '95', 'text': 'Layup Shot'}",Victor Wembanyama makes layup (Dylan Harper assists),50,59,3,5:39,True,2,{'id': '24'},"[{'athlete': {'id': '5104157'}}, {'athlete': {'id': '5037871'}}]",2026-06-14T02:19:16Z,True,"{'x': 24, 'y': 1}",2,+2 Points,339.0
401859967429,429,"{'id': '131', 'text': 'Pullup Jump Shot'}",Jalen Brunson makes 26-foot three pointer,53,59,3,5:29,True,3,{'id': '18'},[{'athlete': {'id': '3934672'}}],2026-06-14T02:19:25Z,True,"{'x': 16, 'y': 26}",3,+3 Points,329.0
401859967430,430,"{'id': '92', 'text': 'Jump Shot'}",Devin Vassell makes 25-foot three point jumper (Dylan Harper assists),53,62,3,5:19,True,3,{'id': '24'},"[{'athlete': {'id': '4395630'}}, {'athlete': {'id': '5037871'}}]",2026-06-14T02:19:36Z,True,"{'x': 48, 'y': 11}",3,+3 Points,319.0
401859967432,432,"{'id': '16', 'text': 'Full Timeout'}",Knicks Full timeout,53,62,3,5:18,False,0,{'id': '18'},,2026-06-14T02:19:42Z,False,"{'x': -214748340, 'y': -214748365}",0,Timeout,318.0
401859967433,433,"{'id': '584', 'text': 'Substitution'}",OG Anunoby enters the game for Josh Hart,53,62,3,5:18,False,0,{'id': '18'},"[{'athlete': {'id': '3934719'}}, {'athlete': {'id': '3062679'}}]",2026-06-14T02:23:12Z,False,"{'x': -214748340, 'y': -214748365}",0,Substitution,318.0
401859967434,434,"{'id': '584', 'text': 'Substitution'}",Mitchell Robinson enters the game for Miles McBride,53,62,3,5:18,False,0,{'id': '18'},"[{'athlete': {'id': '4351852'}}, {'athlete': {'id': '4431823'}}]",2026-06-14T02:23:12Z,False,"{'x': -214748340, 'y': -214748365}",0,Substitution,318.0
401859967437,437,"{'id': '12', 'text': 'Kicked Ball'}",Victor Wembanyama kicked ball violation,53,62,3,5:05,False,0,{'id': '24'},[{'athlete': {'id': '5104157'}}],2026-06-14T02:23:46Z,False,"{'x': -214748340, 'y': -214748365}",0,Violation,305.0
401859967438,438,"{'id': '615', 'text': 'Jumpball'}",Mikal Bridges vs. Dylan Harper (Landry Shamet gains possession),53,62,3,4:53,False,0,{'id': '18'},"[{'athlete': {'id': '3147657'}}, {'athlete': {'id': '5037871'}}, {'athlete': {'id': '3914044'}}]",2026-06-14T02:24:52Z,False,"{'x': -214748340, 'y': -214748365}",0,Jump Ball,293.0
401859967441,441,"{'id': '137', 'text': 'Turnaround Fade Away Jump Shot'}",Landry Shamet misses 20-foot two point shot,53,62,3,4:48,False,0,{'id': '18'},[{'athlete': {'id': '3914044'}}],2026-06-14T02:24:54Z,True,"{'x': 42, 'y': 11}",2,Missed FG,288.0
401859967442,442,"{'id': '155', 'text': 'Defensive Rebound'}",Keldon Johnson defensive rebound,53,62,3,4:44,False,0,{'id': '24'},[{'athlete': {'id': '4395723'}}],2026-06-14T02:24:58Z,False,"{'x': 42, 'y': 11}",0,Rebound,284.0
401859967443,443,"{'id': '92', 'text': 'Jump Shot'}",Dylan Harper makes 26-foot three point jumper (De'Aaron Fox assists),53,65,3,4:31,True,3,{'id': '24'},"[{'athlete': {'id': '5037871'}}, {'athlete': {'id': '4066259'}}]",2026-06-14T02:25:11Z,True,"{'x': 37, 'y': 24}",3,+3 Points,271.0
401859967445,445,"{'id': '584', 'text': 'Substitution'}",Jordan Clarkson enters the game for Landry Shamet,53,65,3,4:15,False,0,{'id': '18'},"[{'athlete': {'id': '2528426'}}, {'athlete': {'id': '3914044'}}]",2026-06-14T02:25:41Z,False,"{'x': -214748340, 'y': -214748365}",0,Substitution,255.0
401859967447,447,"{'id': '615', 'text': 'Jumpball'}",Jalen Brunson vs. Dylan Harper (Mitchell Robinson gains possession),53,65,3,4:15,False,0,{'id': '18'},"[{'athlete': {'id': '3934672'}}, {'athlete': {'id': '5037871'}}, {'athlete': {'id': '4351852'}}]",2026-06-14T02:26:01Z,False,"{'x': -214748340, 'y': -214748365}",0,Jump Ball,255.0
401859967450,450,"{'id': '114', 'text': 'Turnaround Jump Shot'}",Jalen Brunson misses 14-foot turnaround jump shot,53,65,3,4:03,False,0,{'id': '18'},[{'athlete': {'id': '3934672'}}],2026-06-14T02:26:11Z,True,"{'x': 31, 'y': 13}",2,Missed FG,243.0
401859967451,451,"{'id': '156', 'text': 'Offensive Rebound'}",Knicks offensive team rebound,53,65,3,4:00,False,0,{'id': '18'},,2026-06-14T02:26:14Z,False,"{'x': 31, 'y': 13}",0,Rebound,240.0
401859967452,452,"{'id': '43', 'text': 'Loose Ball Foul'}",Keldon Johnson loose ball foul,53,65,3,4:00,False,0,{'id': '24'},[{'athlete': {'id': '4395723'}}],2026-06-14T02:26:18Z,False,"{'x': 23, 'y': 4}",0,Foul,240.0
401859967454,454,"{'id': '584', 'text': 'Substitution'}",Stephon Castle enters the game for De'Aaron Fox,53,65,3,4:00,False,0,{'id': '24'},"[{'athlete': {'id': '4845367'}}, {'athlete': {'id': '4066259'}}]",2026-06-14T02:26:37Z,False,"{'x': -214748340, 'y': -214748365}",0,Substitution,240.0
401859967455,455,"{'id': '584', 'text': 'Substitution'}",Julian Champagnie enters the game for Devin Vassell,53,65,3,4:00,False,0,{'id': '24'},"[{'athlete': {'id': '4592479'}}, {'athlete': {'id': '4395630'}}]",2026-06-14T02:26:37Z,False,"{'x': -214748340, 'y': -214748365}",0,Substitution,240.0
401859967458,458,"{'id': '45', 'text': 'Personal Foul'}",Dylan Harper personal foul,53,65,3,3:57,False,0,{'id': '24'},[{'athlete': {'id': '5037871'}}],2026-06-14T02:27:01Z,False,"{'x': 37, 'y': 33}",0,Foul,237.0
401859967460,460,"{'id': '45', 'text': 'Personal Foul'}",Keldon Johnson personal foul,53,65,3,3:57,False,0,{'id': '24'},[{'athlete': {'id': '4395723'}}],2026-06-14T02:27:42Z,False,"{'x': 41, 'y': 10}",0,Foul,237.0
401859967462,462,"{'id': '584', 'text': 'Substitution'}",Josh Hart enters the game for Mitchell Robinson,53,65,3,3:57,False,0,{'id': '18'},"[{'athlete': {'id': '3062679'}}, {'athlete': {'id': '4351852'}}]",2026-06-14T02:28:01Z,False,"{'x': -214748340, 'y': -214748365}",0,Substitution,237.0
401859967464,464,"{'id': '110', 'text': 'Driving Layup Shot'}",OG Anunoby misses driving layup,53,65,3,3:43,False,0,{'id': '18'},[{'athlete': {'id': '3934719'}}],2026-06-14T02:28:34Z,True,"{'x': 28, 'y': 1}",2,Missed FG,223.0
401859967465,465,"{'id': '156', 'text': 'Offensive Rebound'}",Jordan Clarkson offensive rebound,53,65,3,3:42,False,0,{'id': '18'},[{'athlete': {'id': '2528426'}}],2026-06-14T02:28:35Z,False,"{'x': 28, 'y': 1}",0,Rebound,222.0
401859967507,507,"{'id': '94', 'text': 'Tip Shot'}",Jordan Clarkson misses tip shot,53,65,3,3:42,False,0,{'id': '18'},[{'athlete': {'id': '2528426'}}],2026-06-14T02:28:38Z,True,"{'x': 24, 'y': 0}",2,Missed FG,222.0
401859967508,508,"{'id': '155', 'text': 'Defensive Rebound'}",Stephon Castle defensive rebound,53,65,3,3:41,False,0,{'id': '24'},[{'athlete': {'id': '4845367'}}],2026-06-14T02:28:39Z,False,"{'x': 24, 'y': 0}",0,Rebound,221.0
401859967466,466,"{'id': '44', 'text': 'Shooting Foul'}",Josh Hart shooting foul,53,65,3,3:35,False,0,{'id': '18'},[{'athlete': {'id': '3062679'}}],2026-06-14T02:28:42Z,False,"{'x': 27, 'y': 1}",0,Foul,215.0
401859967468,468,"{'id': '98', 'text': 'Free Throw - 1 of 2'}",Dylan Harper misses free throw 1 of 2,53,65,3,3:35,False,0,{'id': '24'},[{'athlete': {'id': '5037871'}}],2026-06-14T02:29:37Z,True,"{'x': -214748340, 'y': -214748365}",1,Missed FT,215.0
401859967469,469,"{'id': '156', 'text': 'Offensive Rebound'}",Spurs offensive team rebound,53,65,3,3:35,False,0,{'id': '24'},,2026-06-14T02:29:37Z,False,"{'x': -214748340, 'y': -214748365}",0,Rebound,215.0
401859967470,470,"{'id': '584', 'text': 'Substitution'}",Luke Kornet enters the game for Victor Wembanyama,53,65,3,3:35,False,0,{'id': '24'},"[{'athlete': {'id': '3064560'}}, {'athlete': {'id': '5104157'}}]",2026-06-14T02:29:38Z,False,"{'x': -214748340, 'y': -214748365}",0,Substitution,215.0
401859967472,472,"{'id': '99', 'text': 'Free Throw - 2 of 2'}",Dylan Harper makes free throw 2 of 2,53,66,3,3:35,True,1,{'id': '24'},[{'athlete': {'id': '5037871'}}],2026-06-14T02:29:37Z,True,"{'x': -214748340, 'y': -214748365}",1,+1 Point,215.0
401859967473,473,"{'id': '132', 'text': 'Step Back Jump Shot'}",OG Anunoby misses 25-foot three point step back jumpshot,53,66,3,3:22,False,0,{'id': '18'},[{'athlete': {'id': '3934719'}}],2026-06-14T02:30:15Z,True,"{'x': 37, 'y': 23}",3,Missed 3PT,202.0
401859967474,474,"{'id': '155', 'text': 'Defensive Rebound'}",Stephon Castle defensive rebound,53,66,3,3:19,False,0,{'id': '24'},[{'athlete': {'id': '4845367'}}],2026-06-14T02:30:18Z,False,"{'x': 37, 'y': 23}",0,Rebound,199.0
401859967475,475,"{'id': '110', 'text': 'Driving Layup Shot'}",Dylan Harper misses driving layup,53,66,3,3:13,False,0,{'id': '24'},[{'athlete': {'id': '5037871'}}],2026-06-14T02:30:27Z,True,"{'x': 27, 'y': 1}",2,Missed FG,193.0
401859967476,476,"{'id': '156', 'text': 'Offensive Rebound'}",Dylan Harper offensive rebound,53,66,3,3:12,False,0,{'id': '24'},[{'athlete': {'id': '5037871'}}],2026-06-14T02:30:28Z,False,"{'x': 27, 'y': 1}",0,Rebound,192.0
401859967477,477,"{'id': '125', 'text': 'Layup Shot Putback'}",Dylan Harper makes two point shot,53,68,3,3:11,True,2,{'id': '24'},[{'athlete': {'id': '5037871'}}],2026-06-14T02:30:31Z,True,"{'x': 25, 'y': 0}",2,+2 Points,191.0
401859967478,478,"{'id': '45', 'text': 'Personal Foul'}",Dylan Harper personal foul,53,68,3,2:59,False,0,{'id': '24'},[{'athlete': {'id': '5037871'}}],2026-06-14T02:30:42Z,False,"{'x': 21, 'y': 40}",0,Foul,179.0
401859967480,480,"{'id': '98', 'text': 'Free Throw - 1 of 2'}",Jalen Brunson makes free throw 1 of 2,54,68,3,2:59,True,1,{'id': '18'},[{'athlete': {'id': '3934672'}}],2026-06-14T02:31:23Z,True,"{'x': -214748340, 'y': -214748365}",1,+1 Point,179.0
401859967481,481,"{'id': '584', 'text': 'Substitution'}",Miles McBride enters the game for Mikal Bridges,54,68,3,2:59,False,0,{'id': '18'},"[{'athlete': {'id': '4431823'}}, {'athlete': {'id': '3147657'}}]",2026-06-14T02:31:23Z,False,"{'x': -214748340, 'y': -214748365}",0,Substitution,179.0
401859967483,483,"{'id': '99', 'text': 'Free Throw - 2 of 2'}",Jalen Brunson makes free throw 2 of 2,55,68,3,2:59,True,1,{'id': '18'},[{'athlete': {'id': '3934672'}}],2026-06-14T02:31:49Z,True,"{'x': -214748340, 'y': -214748365}",1,+1 Point,179.0
401859967484,484,"{'id': '45', 'text': 'Personal Foul'}",OG Anunoby personal foul,55,68,3,2:51,False,0,{'id': '18'},[{'athlete': {'id': '3934719'}}],2026-06-14T02:32:03Z,False,"{'x': 28, 'y': 5}",0,Foul,171.0
401859967486,486,"{'id': '98', 'text': 'Free Throw - 1 of 2'}",Keldon Johnson makes free throw 1 of 2,55,69,3,2:51,True,1,{'id': '24'},[{'athlete': {'id': '4395723'}}],2026-06-14T02:32:32Z,True,"{'x': -214748340, 'y': -214748365}",1,+1 Point,171.0
401859967487,487,"{'id': '584', 'text': 'Substitution'}",De'Aaron Fox enters the game for Dylan Harper,55,69,3,2:51,False,0,{'id': '24'},"[{'athlete': {'id': '4066259'}}, {'athlete': {'id': '5037871'}}]",2026-06-14T02:32:35Z,False,"{'x': -214748340, 'y': -214748365}",0,Substitution,171.0
401859967488,488,"{'id': '584', 'text': 'Substitution'}",Ariel Hukporti enters the game for OG Anunoby,55,69,3,2:51,False,0,{'id': '18'},"[{'athlete': {'id': '4871141'}}, {'athlete': {'id': '3934719'}}]",2026-06-14T02:32:35Z,False,"{'x': -214748340, 'y': -214748365}",0,Substitution,171.0
401859967491,491,"{'id': '99', 'text': 'Free Throw - 2 of 2'}",Keldon Johnson misses free throw 2 of 2,55,69,3,2:51,False,0,{'id': '24'},[{'athlete': {'id': '4395723'}}],2026-06-14T02:32:32Z,True,"{'x': -214748340, 'y': -214748365}",1,Missed FT,171.0
401859967492,492,"{'id': '156', 'text': 'Offensive Rebound'}",Julian Champagnie offensive rebound,55,69,3,2:48,False,0,{'id': '24'},[{'athlete': {'id': '4592479'}}],2026-06-14T02:32:35Z,False,"{'x': -214748340, 'y': -214748365}",0,Rebound,168.0
401859967563,563,"{'id': '111', 'text': 'Alley Oop Layup Shot'}",Ariel Hukporti blocks Luke Kornet 's 4-foot alley oop layup,55,69,3,2:43,False,0,{'id': '24'},"[{'athlete': {'id': '3064560'}}, {'athlete': {'id': '4871141'}}]",2026-06-14T02:32:33Z,True,"{'x': 22, 'y': 3}",2,Missed FG,163.0
401859967565,565,"{'id': '155', 'text': 'Defensive Rebound'}",Jalen Brunson defensive rebound,55,69,3,2:42,False,0,{'id': '18'},[{'athlete': {'id': '3934672'}}],2026-06-14T02:32:34Z,False,"{'x': 22, 'y': 3}",0,Rebound,162.0
401859967496,496,"{'id': '113', 'text': 'Running Jump Shot'}",Jordan Clarkson misses 23-foot running jump shot,55,69,3,2:34,False,0,{'id': '18'},[{'athlete': {'id': '2528426'}}],2026-06-14T02:33:15Z,True,"{'x': 1, 'y': 1}",3,Missed 3PT,154.0
401859967497,497,"{'id': '155', 'text': 'Defensive Rebound'}",Stephon Castle defensive rebound,55,69,3,2:31,False,0,{'id': '24'},[{'athlete': {'id': '4845367'}}],2026-06-14T02:33:18Z,False,"{'x': 1, 'y': 1}",0,Rebound,151.0
401859967498,498,"{'id': '44', 'text': 'Shooting Foul'}",Miles McBride shooting foul,55,69,3,2:25,False,0,{'id': '18'},[{'athlete': {'id': '4431823'}}],2026-06-14T02:33:26Z,False,"{'x': 20, 'y': 2}",0,Foul,145.0
401859967500,500,"{'id': '98', 'text': 'Free Throw - 1 of 2'}",Stephon Castle misses free throw 1 of 2,55,69,3,2:25,False,0,{'id': '24'},[{'athlete': {'id': '4845367'}}],2026-06-14T02:33:59Z,True,"{'x': -214748340, 'y': -214748365}",1,Missed FT,145.0
401859967501,501,"{'id': '156', 'text': 'Offensive Rebound'}",Spurs offensive team rebound,55,69,3,2:25,False,0,{'id': '24'},,2026-06-14T02:33:59Z,False,"{'x': -214748340, 'y': -214748365}",0,Rebound,145.0
401859967502,502,"{'id': '584', 'text': 'Substitution'}",Victor Wembanyama enters the game for Keldon Johnson,55,69,3,2:25,False,0,{'id': '24'},"[{'athlete': {'id': '5104157'}}, {'athlete': {'id': '4395723'}}]",2026-06-14T02:34:03Z,False,"{'x': -214748340, 'y': -214748365}",0,Substitution,145.0
401859967503,503,"{'id': '584', 'text': 'Substitution'}",Dylan Harper enters the game for Luke Kornet,55,69,3,2:25,False,0,{'id': '24'},"[{'athlete': {'id': '5037871'}}, {'athlete': {'id': '3064560'}}]",2026-06-14T02:34:03Z,False,"{'x': -214748340, 'y': -214748365}",0,Substitution,145.0
401859967506,506,"{'id': '99', 'text': 'Free Throw - 2 of 2'}",Stephon Castle makes free throw 2 of 2,55,70,3,2:25,True,1,{'id': '24'},[{'athlete': {'id': '4845367'}}],2026-06-14T02:33:59Z,True,"{'x': -214748340, 'y': -214748365}",1,+1 Point,145.0
401859967509,509,"{'id': '131', 'text': 'Pullup Jump Shot'}",Josh Hart makes 26-foot three pointer (Ariel Hukporti assists),58,70,3,2:04,True,3,{'id': '18'},"[{'athlete': {'id': '3062679'}}, {'athlete': {'id': '4871141'}}]",2026-06-14T02:34:57Z,True,"{'x': 12, 'y': 24}",3,+3 Points,124.0
401859967511,511,"{'id': '92', 'text': 'Jump Shot'}",Julian Champagnie misses 26-foot three point jumper,58,70,3,1:48,False,0,{'id': '24'},[{'athlete': {'id': '4592479'}}],2026-06-14T02:35:14Z,True,"{'x': 13, 'y': 24}",3,Missed 3PT,108.0
401859967512,512,"{'id': '156', 'text': 'Offensive Rebound'}",Victor Wembanyama offensive rebound,58,70,3,1:44,False,0,{'id': '24'},[{'athlete': {'id': '5104157'}}],2026-06-14T02:35:18Z,False,"{'x': 13, 'y': 24}",0,Rebound,104.0
401859967513,513,"{'id': '62', 'text': 'Bad Pass\nTurnover'}","Victor Wembanyama bad pass
turnover (Jalen Brunson steals)",58,70,3,1:42,False,0,{'id': '24'},"[{'athlete': {'id': '5104157'}}, {'athlete': {'id': '3934672'}}]",2026-06-14T02:35:19Z,False,"{'x': 19, 'y': 25}",0,Turnover,102.0
401859967515,515,"{'id': '129', 'text': 'Running Finger Roll Layup'}",Jalen Brunson misses two point shot,58,70,3,1:36,False,0,{'id': '18'},[{'athlete': {'id': '3934672'}}],2026-06-14T02:35:25Z,True,"{'x': 24, 'y': 2}",2,Missed FG,96.0
401859967516,516,"{'id': '156', 'text': 'Offensive Rebound'}",Ariel Hukporti offensive rebound,58,70,3,1:34,False,0,{'id': '18'},[{'athlete': {'id': '4871141'}}],2026-06-14T02:35:27Z,False,"{'x': 24, 'y': 2}",0,Rebound,94.0
401859967517,517,"{'id': '144', 'text': 'Driving Floating Jump Shot'}",Dylan Harper blocks Jordan Clarkson 's 11-foot driving floating jump shot,58,70,3,1:31,False,0,{'id': '18'},"[{'athlete': {'id': '2528426'}}, {'athlete': {'id': '5037871'}}]",2026-06-14T02:35:31Z,True,"{'x': 18, 'y': 8}",2,Missed FG,91.0
401859967519,519,"{'id': '156', 'text': 'Offensive Rebound'}",Knicks offensive team rebound,58,70,3,1:31,False,0,{'id': '18'},,2026-06-14T02:35:31Z,False,"{'x': 18, 'y': 8}",0,Rebound,91.0
401859967521,521,"{'id': '584', 'text': 'Substitution'}",Devin Vassell enters the game for Stephon Castle,58,70,3,1:31,False,0,{'id': '24'},"[{'athlete': {'id': '4395630'}}, {'athlete': {'id': '4845367'}}]",2026-06-14T02:35:47Z,False,"{'x': -214748340, 'y': -214748365}",0,Substitution,91.0
401859967523,523,"{'id': '44', 'text': 'Shooting Foul'}",Dylan Harper shooting foul,58,70,3,1:26,False,0,{'id': '24'},[{'athlete': {'id': '5037871'}}],2026-06-14T02:36:10Z,False,"{'x': 8, 'y': 20}",0,Foul,86.0
401859967525,525,"{'id': '100', 'text': 'Free Throw - 1 of 3'}",Jalen Brunson makes free throw 1 of 3,59,70,3,1:26,True,1,{'id': '18'},[{'athlete': {'id': '3934672'}}],2026-06-14T02:36:44Z,True,"{'x': -214748340, 'y': -214748365}",1,+1 Point,86.0
401859967526,526,"{'id': '584', 'text': 'Substitution'}",Mitchell Robinson enters the game for Ariel Hukporti,59,70,3,1:26,False,0,{'id': '18'},"[{'athlete': {'id': '4351852'}}, {'athlete': {'id': '4871141'}}]",2026-06-14T02:36:45Z,False,"{'x': -214748340, 'y': -214748365}",0,Substitution,86.0
401859967528,528,"{'id': '101', 'text': 'Free Throw - 2 of 3'}",Jalen Brunson makes free throw 2 of 3,60,70,3,1:26,True,1,{'id': '18'},[{'athlete': {'id': '3934672'}}],2026-06-14T02:37:08Z,True,"{'x': -214748340, 'y': -214748365}",1,+1 Point,86.0
401859967529,529,"{'id': '102', 'text': 'Free Throw - 3 of 3'}",Jalen Brunson makes free throw 3 of 3,61,70,3,1:26,True,1,{'id': '18'},[{'athlete': {'id': '3934672'}}],2026-06-14T02:37:36Z,True,"{'x': -214748340, 'y': -214748365}",1,+1 Point,86.0
401859967530,530,"{'id': '144', 'text': 'Driving Floating Jump Shot'}",De'Aaron Fox makes 7-foot driving floating jump shot,61,72,3,1:16,True,2,{'id': '24'},[{'athlete': {'id': '4066259'}}],2026-06-14T02:37:48Z,True,"{'x': 24, 'y': 8}",2,+2 Points,76.0
401859967531,531,"{'id': '92', 'text': 'Jump Shot'}",Miles McBride misses 23-foot three point jumper,61,72,3,1:03,False,0,{'id': '18'},[{'athlete': {'id': '4431823'}}],2026-06-14T02:38:01Z,True,"{'x': 48, 'y': 3}",3,Missed 3PT,63.0
401859967532,532,"{'id': '155', 'text': 'Defensive Rebound'}",Dylan Harper defensive rebound,61,72,3,1:00,False,0,{'id': '24'},[{'athlete': {'id': '5037871'}}],2026-06-14T02:38:04Z,False,"{'x': 48, 'y': 3}",0,Rebound,60.0
401859967533,533,"{'id': '92', 'text': 'Jump Shot'}",Dylan Harper misses 23-foot three point jumper,61,72,3,51.6,False,0,{'id': '24'},[{'athlete': {'id': '5037871'}}],2026-06-14T02:38:13Z,True,"{'x': 1, 'y': 4}",3,Missed 3PT,51.6
401859967534,534,"{'id': '155', 'text': 'Defensive Rebound'}",Mitchell Robinson defensive rebound,61,72,3,47.9,False,0,{'id': '18'},[{'athlete': {'id': '4351852'}}],2026-06-14T02:38:17Z,False,"{'x': 1, 'y': 4}",0,Rebound,47.9
401859967535,535,"{'id': '144', 'text': 'Driving Floating Jump Shot'}",Jordan Clarkson makes 10-foot driving floating jump shot (Jalen Brunson assists),63,72,3,39.5,True,2,{'id': '18'},"[{'athlete': {'id': '2528426'}}, {'athlete': {'id': '3934672'}}]",2026-06-14T02:38:25Z,True,"{'x': 26, 'y': 11}",2,+2 Points,39.5
401859967537,537,"{'id': '92', 'text': 'Jump Shot'}",De'Aaron Fox misses 23-foot three point jumper,63,72,3,27.5,False,0,{'id': '24'},[{'athlete': {'id': '4066259'}}],2026-06-14T02:38:42Z,True,"{'x': 48, 'y': 6}",3,Missed 3PT,27.5
401859967538,538,"{'id': '155', 'text': 'Defensive Rebound'}",Mitchell Robinson defensive rebound,63,72,3,24.2,False,0,{'id': '18'},[{'athlete': {'id': '4351852'}}],2026-06-14T02:38:46Z,False,"{'x': 48, 'y': 6}",0,Rebound,24.2
401859967539,539,"{'id': '121', 'text': 'Fade Away Jump Shot'}",Jalen Brunson misses 9-foot fade away jump shot,63,72,3,5.1,False,0,{'id': '18'},[{'athlete': {'id': '3934672'}}],2026-06-14T02:39:05Z,True,"{'x': 25, 'y': 10}",2,Missed FG,5.1
401859967540,540,"{'id': '156', 'text': 'Offensive Rebound'}",Mitchell Robinson offensive rebound,63,72,3,3.5,False,0,{'id': '18'},[{'athlete': {'id': '4351852'}}],2026-06-14T02:39:06Z,False,"{'x': 25, 'y': 10}",0,Rebound,3.5
401859967541,541,"{'id': '94', 'text': 'Tip Shot'}",Mitchell Robinson makes tip shot,65,72,3,3.5,True,2,{'id': '18'},[{'athlete': {'id': '4351852'}}],2026-06-14T02:39:10Z,True,"{'x': 25, 'y': 0}",2,+2 Points,3.5
401859967542,542,"{'id': '282', 'text': 'Heave Jump Shot'}",Victor Wembanyama misses heave jump shot,65,72,3,0.1,False,0,{'id': '24'},[{'athlete': {'id': '5104157'}}],2026-06-14T02:39:13Z,True,"{'x': 34, 'y': 48}",3,Missed 3PT,0.1
401859967543,543,"{'id': '156', 'text': 'Offensive Rebound'}",Spurs offensive team rebound,65,72,3,0.1,False,0,{'id': '24'},,2026-06-14T02:39:13Z,False,"{'x': 35, 'y': 36}",0,Rebound,0.1
401859967544,544,"{'id': '412', 'text': 'End Period'}",End of the 3rd Quarter,65,72,3,0.0,False,0,,,2026-06-14T02:39:19Z,False,"{'x': -214748340, 'y': -214748365}",0,End of 3rd,0.0
401859967545,545,"{'id': '584', 'text': 'Substitution'}",Keldon Johnson enters the game for Dylan Harper,65,72,4,12:00,False,0,{'id': '24'},"[{'athlete': {'id': '4395723'}}, {'athlete': {'id': '5037871'}}]",2026-06-14T02:42:20Z,False,"{'x': -214748340, 'y': -214748365}",0,Substitution,720.0
401859967546,546,"{'id': '584', 'text': 'Substitution'}",Stephon Castle enters the game for Julian Champagnie,65,72,4,12:00,False,0,{'id': '24'},"[{'athlete': {'id': '4845367'}}, {'athlete': {'id': '4592479'}}]",2026-06-14T02:42:20Z,False,"{'x': -214748340, 'y': -214748365}",0,Substitution,720.0
401859967547,547,"{'id': '584', 'text': 'Substitution'}",Jose Alvarado enters the game for Miles McBride,65,72,4,12:00,False,0,{'id': '18'},"[{'athlete': {'id': '4277869'}}, {'athlete': {'id': '4431823'}}]",2026-06-14T02:42:20Z,False,"{'x': -214748340, 'y': -214748365}",0,Substitution,720.0
401859967548,548,"{'id': '584', 'text': 'Substitution'}",Mikal Bridges enters the game for Jalen Brunson,65,72,4,12:00,False,0,{'id': '18'},"[{'athlete': {'id': '3147657'}}, {'athlete': {'id': '3934672'}}]",2026-06-14T02:42:20Z,False,"{'x': -214748340, 'y': -214748365}",0,Substitution,720.0
401859967549,549,"{'id': '584', 'text': 'Substitution'}",Karl-Anthony Towns enters the game for Mitchell Robinson,65,72,4,12:00,False,0,{'id': '18'},"[{'athlete': {'id': '3136195'}}, {'athlete': {'id': '4351852'}}]",2026-06-14T02:42:20Z,False,"{'x': -214748340, 'y': -214748365}",0,Substitution,720.0
401859967556,556,"{'id': '92', 'text': 'Jump Shot'}",Jordan Clarkson misses 26-foot three point jumper,65,72,4,11:35,False,0,{'id': '18'},[{'athlete': {'id': '2528426'}}],2026-06-14T02:43:17Z,True,"{'x': 6, 'y': 19}",3,Missed 3PT,695.0
401859967557,557,"{'id': '156', 'text': 'Offensive Rebound'}",Josh Hart offensive rebound,65,72,4,11:31,False,0,{'id': '18'},[{'athlete': {'id': '3062679'}}],2026-06-14T02:43:21Z,False,"{'x': 6, 'y': 19}",0,Rebound,691.0
401859967558,558,"{'id': '90', 'text': 'Out of Bounds - Bad Pass Turnover'}",Karl-Anthony Towns out of bounds bad pass turnover,65,72,4,11:26,False,0,{'id': '18'},[{'athlete': {'id': '3136195'}}],2026-06-14T02:43:28Z,False,"{'x': 2, 'y': 6}",0,Turnover,686.0
401859967560,560,"{'id': '92', 'text': 'Jump Shot'}",Keldon Johnson makes 24-foot three point jumper (Stephon Castle assists),65,75,4,11:13,True,3,{'id': '24'},"[{'athlete': {'id': '4395723'}}, {'athlete': {'id': '4845367'}}]",2026-06-14T02:44:08Z,True,"{'x': 2, 'y': 7}",3,+3 Points,673.0
401859967562,562,"{'id': '92', 'text': 'Jump Shot'}",Josh Hart makes 25-foot three point jumper (Mikal Bridges assists),68,75,4,10:59,True,3,{'id': '18'},"[{'athlete': {'id': '3062679'}}, {'athlete': {'id': '3147657'}}]",2026-06-14T02:44:21Z,True,"{'x': 38, 'y': 22}",3,+3 Points,659.0
401859967566,566,"{'id': '92', 'text': 'Jump Shot'}",Devin Vassell misses 25-foot three point jumper,68,75,4,10:45,False,0,{'id': '24'},[{'athlete': {'id': '4395630'}}],2026-06-14T02:44:41Z,True,"{'x': 7, 'y': 18}",3,Missed 3PT,645.0
401859967567,567,"{'id': '156', 'text': 'Offensive Rebound'}",Keldon Johnson offensive rebound,68,75,4,10:43,False,0,{'id': '24'},[{'athlete': {'id': '4395723'}}],2026-06-14T02:44:43Z,False,"{'x': 7, 'y': 18}",0,Rebound,643.0
401859967568,568,"{'id': '115', 'text': 'Driving Dunk Shot'}",Victor Wembanyama makes 1-foot driving dunk (Devin Vassell assists),68,77,4,10:35,True,2,{'id': '24'},"[{'athlete': {'id': '5104157'}}, {'athlete': {'id': '4395630'}}]",2026-06-14T02:44:46Z,True,"{'x': 24, 'y': 2}",2,+2 Points,635.0
401859967572,572,"{'id': '70', 'text': 'Shot Clock Turnover'}",shot clock turnover ,68,77,4,10:08,False,0,{'id': '18'},,2026-06-14T02:45:28Z,False,"{'x': 28, 'y': 21}",0,Turnover,608.0
401859967575,575,"{'id': '584', 'text': 'Substitution'}",Landry Shamet enters the game for Jordan Clarkson,68,77,4,10:08,False,0,{'id': '18'},"[{'athlete': {'id': '3914044'}}, {'athlete': {'id': '2528426'}}]",2026-06-14T02:45:46Z,False,"{'x': -214748340, 'y': -214748365}",0,Substitution,608.0
401859967573,573,"{'id': '111', 'text': 'Alley Oop Layup Shot'}",Victor Wembanyama misses alley oop layup,68,77,4,9:46,False,0,{'id': '24'},[{'athlete': {'id': '5104157'}}],2026-06-14T02:46:03Z,True,"{'x': 26, 'y': 2}",2,Missed FG,586.0
401859967574,574,"{'id': '155', 'text': 'Defensive Rebound'}",Karl-Anthony Towns defensive rebound,68,77,4,9:43,False,0,{'id': '18'},[{'athlete': {'id': '3136195'}}],2026-06-14T02:46:06Z,False,"{'x': 26, 'y': 2}",0,Rebound,583.0
401859967577,577,"{'id': '92', 'text': 'Jump Shot'}",Landry Shamet makes 25-foot three point jumper (Mikal Bridges assists),71,77,4,9:28,True,3,{'id': '18'},"[{'athlete': {'id': '3914044'}}, {'athlete': {'id': '3147657'}}]",2026-06-14T02:46:21Z,True,"{'x': 43, 'y': 19}",3,+3 Points,568.0
401859967579,579,"{'id': '92', 'text': 'Jump Shot'}",Devin Vassell makes 26-foot three point jumper (Stephon Castle assists),71,80,4,9:10,True,3,{'id': '24'},"[{'athlete': {'id': '4395630'}}, {'athlete': {'id': '4845367'}}]",2026-06-14T02:46:39Z,True,"{'x': 10, 'y': 22}",3,+3 Points,550.0
401859967581,581,"{'id': '145', 'text': 'Driving Floating Bank Jump Shot'}",Jose Alvarado misses two point shot,71,80,4,8:57,False,0,{'id': '18'},[{'athlete': {'id': '4277869'}}],2026-06-14T02:46:53Z,True,"{'x': 27, 'y': 2}",2,Missed FG,537.0
401859967582,582,"{'id': '155', 'text': 'Defensive Rebound'}",Devin Vassell defensive rebound,71,80,4,8:54,False,0,{'id': '24'},[{'athlete': {'id': '4395630'}}],2026-06-14T02:46:56Z,False,"{'x': 27, 'y': 2}",0,Rebound,534.0
401859967583,583,"{'id': '44', 'text': 'Shooting Foul'}",Josh Hart shooting foul,71,80,4,8:51,False,0,{'id': '18'},[{'athlete': {'id': '3062679'}}],2026-06-14T02:47:01Z,False,"{'x': 26, 'y': 2}",0,Foul,531.0
401859967586,586,"{'id': '16', 'text': 'Full Timeout'}",Knicks Full timeout,71,80,4,8:51,False,0,{'id': '18'},,2026-06-14T02:47:34Z,False,"{'x': -214748340, 'y': -214748365}",0,Timeout,531.0
401859967588,588,"{'id': '216', 'text': ""Coach's Challenge (Stands)""}",(08:51) [Knicks] COACH'S CHALLENGE (CALL STANDS) [Knicks] charged with a timeout,71,80,4,8:51,False,0,{'id': '18'},,2026-06-14T02:47:50Z,False,"{'x': -214748340, 'y': -214748365}",0,Challenge,531.0
401859967589,589,"{'id': '584', 'text': 'Substitution'}",Julian Champagnie enters the game for Keldon Johnson,71,80,4,8:51,False,0,{'id': '24'},"[{'athlete': {'id': '4592479'}}, {'athlete': {'id': '4395723'}}]",2026-06-14T02:51:03Z,False,"{'x': -214748340, 'y': -214748365}",0,Substitution,531.0
401859967590,590,"{'id': '584', 'text': 'Substitution'}",OG Anunoby enters the game for Josh Hart,71,80,4,8:51,False,0,{'id': '18'},"[{'athlete': {'id': '3934719'}}, {'athlete': {'id': '3062679'}}]",2026-06-14T02:51:03Z,False,"{'x': -214748340, 'y': -214748365}",0,Substitution,531.0
401859967591,591,"{'id': '584', 'text': 'Substitution'}",Jalen Brunson enters the game for Jose Alvarado,71,80,4,8:51,False,0,{'id': '18'},"[{'athlete': {'id': '3934672'}}, {'athlete': {'id': '4277869'}}]",2026-06-14T02:51:03Z,False,"{'x': -214748340, 'y': -214748365}",0,Substitution,531.0
401859967595,595,"{'id': '98', 'text': 'Free Throw - 1 of 2'}",Stephon Castle misses free throw 1 of 2,71,80,4,8:51,False,0,{'id': '24'},[{'athlete': {'id': '4845367'}}],2026-06-14T02:51:42Z,True,"{'x': -214748340, 'y': -214748365}",1,Missed FT,531.0
401859967596,596,"{'id': '156', 'text': 'Offensive Rebound'}",Spurs offensive team rebound,71,80,4,8:51,False,0,{'id': '24'},,2026-06-14T02:51:42Z,False,"{'x': -214748340, 'y': -214748365}",0,Rebound,531.0
401859967597,597,"{'id': '584', 'text': 'Substitution'}",Dylan Harper enters the game for De'Aaron Fox,71,80,4,8:51,False,0,{'id': '24'},"[{'athlete': {'id': '5037871'}}, {'athlete': {'id': '4066259'}}]",2026-06-14T02:51:44Z,False,"{'x': -214748340, 'y': -214748365}",0,Substitution,531.0
401859967599,599,"{'id': '99', 'text': 'Free Throw - 2 of 2'}",Stephon Castle makes free throw 2 of 2,71,81,4,8:51,True,1,{'id': '24'},[{'athlete': {'id': '4845367'}}],2026-06-14T02:51:42Z,True,"{'x': -214748340, 'y': -214748365}",1,+1 Point,531.0
401859967600,600,"{'id': '110', 'text': 'Driving Layup Shot'}",Landry Shamet makes driving layup,73,81,4,8:31,True,2,{'id': '18'},[{'athlete': {'id': '3914044'}}],2026-06-14T02:52:33Z,True,"{'x': 25, 'y': 1}",2,+2 Points,511.0
401859967601,601,"{'id': '128', 'text': 'Driving Finger Roll Layup'}",Dylan Harper makes 1-foot two point shot (Julian Champagnie assists),73,83,4,8:21,True,2,{'id': '24'},"[{'athlete': {'id': '5037871'}}, {'athlete': {'id': '4592479'}}]",2026-06-14T02:52:43Z,True,"{'x': 24, 'y': 1}",2,+2 Points,501.0
401859967603,603,"{'id': '92', 'text': 'Jump Shot'}",Landry Shamet misses 23-foot three point jumper,73,83,4,8:01,False,0,{'id': '18'},[{'athlete': {'id': '3914044'}}],2026-06-14T02:53:03Z,True,"{'x': 49, 'y': 1}",3,Missed 3PT,481.0
401859967604,604,"{'id': '155', 'text': 'Defensive Rebound'}",Dylan Harper defensive rebound,73,83,4,7:58,False,0,{'id': '24'},[{'athlete': {'id': '5037871'}}],2026-06-14T02:53:06Z,False,"{'x': 49, 'y': 1}",0,Rebound,478.0
401859967605,605,"{'id': '22', 'text': 'Personal Take Foul'}",Landry Shamet personal take foul,73,83,4,7:54,False,0,{'id': '18'},[{'athlete': {'id': '3914044'}}],2026-06-14T02:53:17Z,False,"{'x': 3, 'y': 1}",0,Foul,474.0
401859967607,607,"{'id': '584', 'text': 'Substitution'}",Josh Hart enters the game for Landry Shamet,73,83,4,7:54,False,0,{'id': '18'},"[{'athlete': {'id': '3062679'}}, {'athlete': {'id': '3914044'}}]",2026-06-14T02:53:33Z,False,"{'x': -214748340, 'y': -214748365}",0,Substitution,474.0
401859967609,609,"{'id': '62', 'text': 'Bad Pass\nTurnover'}","Julian Champagnie bad pass
turnover (OG Anunoby steals)",73,83,4,7:47,False,0,{'id': '24'},"[{'athlete': {'id': '4592479'}}, {'athlete': {'id': '3934719'}}]",2026-06-14T02:53:51Z,False,"{'x': 27, 'y': 4}",0,Turnover,467.0
401859967611,611,"{'id': '44', 'text': 'Shooting Foul'}",Stephon Castle shooting foul,73,83,4,7:43,False,0,{'id': '24'},[{'athlete': {'id': '4845367'}}],2026-06-14T02:54:01Z,False,"{'x': 7, 'y': 20}",0,Foul,463.0
401859967613,613,"{'id': '100', 'text': 'Free Throw - 1 of 3'}",Jalen Brunson misses free throw 1 of 3,73,83,4,7:43,False,0,{'id': '18'},[{'athlete': {'id': '3934672'}}],2026-06-14T02:54:32Z,True,"{'x': -214748340, 'y': -214748365}",1,Missed FT,463.0
401859967614,614,"{'id': '156', 'text': 'Offensive Rebound'}",Knicks offensive team rebound,73,83,4,7:43,False,0,{'id': '18'},,2026-06-14T02:54:32Z,False,"{'x': -214748340, 'y': -214748365}",0,Rebound,463.0
401859967615,615,"{'id': '101', 'text': 'Free Throw - 2 of 3'}",Jalen Brunson makes free throw 2 of 3,74,83,4,7:43,True,1,{'id': '18'},[{'athlete': {'id': '3934672'}}],2026-06-14T02:54:32Z,True,"{'x': -214748340, 'y': -214748365}",1,+1 Point,463.0
401859967616,616,"{'id': '102', 'text': 'Free Throw - 3 of 3'}",Jalen Brunson makes free throw 3 of 3,75,83,4,7:43,True,1,{'id': '18'},[{'athlete': {'id': '3934672'}}],2026-06-14T02:54:32Z,True,"{'x': -214748340, 'y': -214748365}",1,+1 Point,463.0
401859967617,617,"{'id': '121', 'text': 'Fade Away Jump Shot'}",Victor Wembanyama misses 16-foot fade away jump shot,75,83,4,7:24,False,0,{'id': '24'},[{'athlete': {'id': '5104157'}}],2026-06-14T02:55:35Z,True,"{'x': 24, 'y': 16}",2,Missed FG,444.0
401859967618,618,"{'id': '155', 'text': 'Defensive Rebound'}",OG Anunoby defensive rebound,75,83,4,7:21,False,0,{'id': '18'},[{'athlete': {'id': '3934719'}}],2026-06-14T02:55:38Z,False,"{'x': 24, 'y': 16}",0,Rebound,441.0
401859967619,619,"{'id': '128', 'text': 'Driving Finger Roll Layup'}",Jalen Brunson makes 1-foot two point shot,77,83,4,7:14,True,2,{'id': '18'},[{'athlete': {'id': '3934672'}}],2026-06-14T02:55:46Z,True,"{'x': 23, 'y': 1}",2,+2 Points,434.0
401859967620,620,"{'id': '16', 'text': 'Full Timeout'}",Spurs Full timeout,77,83,4,7:14,False,0,{'id': '24'},,2026-06-14T02:55:55Z,False,"{'x': -214748340, 'y': -214748365}",0,Timeout,434.0
401859967621,621,"{'id': '131', 'text': 'Pullup Jump Shot'}",Stephon Castle misses 13-foot pullup jump shot,77,83,4,6:50,False,0,{'id': '24'},[{'athlete': {'id': '4845367'}}],2026-06-14T02:59:49Z,True,"{'x': 29, 'y': 14}",2,Missed FG,410.0
401859967622,622,"{'id': '155', 'text': 'Defensive Rebound'}",Knicks defensive team rebound,77,83,4,6:50,False,0,{'id': '18'},,2026-06-14T02:59:49Z,False,"{'x': 29, 'y': 14}",0,Rebound,410.0
401859967623,623,"{'id': '43', 'text': 'Loose Ball Foul'}",Victor Wembanyama loose ball foul,77,83,4,6:50,False,0,{'id': '24'},[{'athlete': {'id': '5104157'}}],2026-06-14T02:59:56Z,False,"{'x': 16, 'y': 0}",0,Foul,410.0
401859967625,625,"{'id': '584', 'text': 'Substitution'}",De'Aaron Fox enters the game for Stephon Castle,77,83,4,6:50,False,0,{'id': '24'},"[{'athlete': {'id': '4066259'}}, {'athlete': {'id': '4845367'}}]",2026-06-14T03:00:08Z,False,"{'x': -214748340, 'y': -214748365}",0,Substitution,410.0
401859967627,627,"{'id': '128', 'text': 'Driving Finger Roll Layup'}",Jalen Brunson makes 1-foot two point shot,79,83,4,6:28,True,2,{'id': '18'},[{'athlete': {'id': '3934672'}}],2026-06-14T03:00:39Z,True,"{'x': 26, 'y': 1}",2,+2 Points,388.0
401859967628,628,"{'id': '63', 'text': 'Lost Ball Turnover'}",Julian Champagnie lost ball turnover (Karl-Anthony Towns steals),79,83,4,6:06,False,0,{'id': '24'},"[{'athlete': {'id': '4592479'}}, {'athlete': {'id': '3136195'}}]",2026-06-14T03:01:01Z,False,"{'x': 18, 'y': 7}",0,Turnover,366.0
401859967630,630,"{'id': '132', 'text': 'Step Back Jump Shot'}",Karl-Anthony Towns misses 25-foot three point step back jumpshot,79,83,4,5:48,False,0,{'id': '18'},[{'athlete': {'id': '3136195'}}],2026-06-14T03:01:18Z,True,"{'x': 41, 'y': 20}",3,Missed 3PT,348.0
401859967631,631,"{'id': '155', 'text': 'Defensive Rebound'}",Victor Wembanyama defensive rebound,79,83,4,5:45,False,0,{'id': '24'},[{'athlete': {'id': '5104157'}}],2026-06-14T03:01:21Z,False,"{'x': 41, 'y': 20}",0,Rebound,345.0
401859967635,635,"{'id': '16', 'text': 'Full Timeout'}",Spurs Full timeout,79,83,4,5:31,False,0,{'id': '24'},,2026-06-14T03:02:09Z,False,"{'x': -214748340, 'y': -214748365}",0,Timeout,331.0
401859967636,636,"{'id': '215', 'text': ""Coach's Challenge (Overturned)""}",(05:31) [Spurs] COACH'S CHALLENGE (CALL OVERTURNED) [Spurs] retain their timeout,79,83,4,5:31,False,0,{'id': '24'},,2026-06-14T03:02:08Z,False,"{'x': -214748340, 'y': -214748365}",0,Challenge,331.0
401859967637,637,"{'id': '45', 'text': 'Personal Foul'}",Karl-Anthony Towns personal foul,79,83,4,5:31,False,0,{'id': '18'},[{'athlete': {'id': '3136195'}}],2026-06-14T03:03:51Z,False,"{'x': 15, 'y': 10}",0,Foul,331.0
401859967639,639,"{'id': '584', 'text': 'Substitution'}",Mitchell Robinson enters the game for Karl-Anthony Towns,79,83,4,5:31,False,0,{'id': '18'},"[{'athlete': {'id': '4351852'}}, {'athlete': {'id': '3136195'}}]",2026-06-14T03:04:13Z,False,"{'x': -214748340, 'y': -214748365}",0,Substitution,331.0
401859967641,641,"{'id': '131', 'text': 'Pullup Jump Shot'}",De'Aaron Fox misses 11-foot pullup jump shot,79,83,4,5:23,False,0,{'id': '24'},[{'athlete': {'id': '4066259'}}],2026-06-14T03:04:37Z,True,"{'x': 18, 'y': 9}",2,Missed FG,323.0
401859967642,642,"{'id': '155', 'text': 'Defensive Rebound'}",Mikal Bridges defensive rebound,79,83,4,5:22,False,0,{'id': '18'},[{'athlete': {'id': '3147657'}}],2026-06-14T03:04:38Z,False,"{'x': 18, 'y': 9}",0,Rebound,322.0
401859967643,643,"{'id': '44', 'text': 'Shooting Foul'}",Julian Champagnie shooting foul,79,83,4,5:18,False,0,{'id': '24'},[{'athlete': {'id': '4592479'}}],2026-06-14T03:04:46Z,False,"{'x': 22, 'y': 1}",0,Foul,318.0
401859967645,645,"{'id': '98', 'text': 'Free Throw - 1 of 2'}",Jalen Brunson makes free throw 1 of 2,80,83,4,5:18,True,1,{'id': '18'},[{'athlete': {'id': '3934672'}}],2026-06-14T03:05:20Z,True,"{'x': -214748340, 'y': -214748365}",1,+1 Point,318.0
401859967646,646,"{'id': '584', 'text': 'Substitution'}",Luke Kornet enters the game for Victor Wembanyama,80,83,4,5:18,False,0,{'id': '24'},"[{'athlete': {'id': '3064560'}}, {'athlete': {'id': '5104157'}}]",2026-06-14T03:05:21Z,False,"{'x': -214748340, 'y': -214748365}",0,Substitution,318.0
401859967648,648,"{'id': '99', 'text': 'Free Throw - 2 of 2'}",Jalen Brunson makes free throw 2 of 2,81,83,4,5:18,True,1,{'id': '18'},[{'athlete': {'id': '3934672'}}],2026-06-14T03:05:20Z,True,"{'x': -214748340, 'y': -214748365}",1,+1 Point,318.0
401859967650,650,"{'id': '131', 'text': 'Pullup Jump Shot'}",De'Aaron Fox misses 16-foot pullup jump shot,81,83,4,4:59,False,0,{'id': '24'},[{'athlete': {'id': '4066259'}}],2026-06-14T03:06:17Z,True,"{'x': 21, 'y': 16}",2,Missed FG,299.0
401859967651,651,"{'id': '155', 'text': 'Defensive Rebound'}",OG Anunoby defensive rebound,81,83,4,4:52,False,0,{'id': '18'},[{'athlete': {'id': '3934719'}}],2026-06-14T03:06:24Z,False,"{'x': 21, 'y': 16}",0,Rebound,292.0
401859967652,652,"{'id': '129', 'text': 'Running Finger Roll Layup'}",Jalen Brunson makes two point shot,83,83,4,4:48,True,2,{'id': '18'},[{'athlete': {'id': '3934672'}}],2026-06-14T03:06:28Z,True,"{'x': 24, 'y': 2}",2,+2 Points,288.0
401859967653,653,"{'id': '131', 'text': 'Pullup Jump Shot'}",Dylan Harper misses 15-foot pullup jump shot,83,83,4,4:26,False,0,{'id': '24'},[{'athlete': {'id': '5037871'}}],2026-06-14T03:06:49Z,True,"{'x': 12, 'y': 9}",2,Missed FG,266.0
401859967654,654,"{'id': '156', 'text': 'Offensive Rebound'}",Spurs offensive team rebound,83,83,4,4:25,False,0,{'id': '24'},,2026-06-14T03:06:50Z,False,"{'x': 12, 'y': 9}",0,Rebound,265.0
401859967655,655,"{'id': '43', 'text': 'Loose Ball Foul'}",OG Anunoby loose ball foul,83,83,4,4:25,False,0,{'id': '18'},[{'athlete': {'id': '3934719'}}],2026-06-14T03:06:55Z,False,"{'x': 12, 'y': 8}",0,Foul,265.0
401859967657,657,"{'id': '584', 'text': 'Substitution'}",Victor Wembanyama enters the game for Luke Kornet,83,83,4,4:25,False,0,{'id': '24'},"[{'athlete': {'id': '5104157'}}, {'athlete': {'id': '3064560'}}]",2026-06-14T03:07:06Z,False,"{'x': -214748340, 'y': -214748365}",0,Substitution,265.0
401859967659,659,"{'id': '131', 'text': 'Pullup Jump Shot'}",Devin Vassell makes 16-foot pullup jump shot (Dylan Harper assists),83,85,4,4:14,True,2,{'id': '24'},"[{'athlete': {'id': '4395630'}}, {'athlete': {'id': '5037871'}}]",2026-06-14T03:07:34Z,True,"{'x': 12, 'y': 11}",2,+2 Points,254.0
401859967661,661,"{'id': '137', 'text': 'Turnaround Fade Away Jump Shot'}",Jalen Brunson misses 13-foot two point shot,83,85,4,3:54,False,0,{'id': '18'},[{'athlete': {'id': '3934672'}}],2026-06-14T03:07:53Z,True,"{'x': 37, 'y': 7}",2,Missed FG,234.0
401859967662,662,"{'id': '156', 'text': 'Offensive Rebound'}",Knicks offensive team rebound,83,85,4,3:53,False,0,{'id': '18'},,2026-06-14T03:07:54Z,False,"{'x': 37, 'y': 7}",0,Rebound,233.0
401859967664,664,"{'id': '44', 'text': 'Shooting Foul'}",Devin Vassell shooting foul,83,85,4,3:40,False,0,{'id': '24'},[{'athlete': {'id': '4395630'}}],2026-06-14T03:08:33Z,False,"{'x': 37, 'y': 24}",0,Foul,220.0
401859967666,666,"{'id': '100', 'text': 'Free Throw - 1 of 3'}",Jalen Brunson makes free throw 1 of 3,84,85,4,3:40,True,1,{'id': '18'},[{'athlete': {'id': '3934672'}}],2026-06-14T03:09:04Z,True,"{'x': -214748340, 'y': -214748365}",1,+1 Point,220.0
401859967667,667,"{'id': '101', 'text': 'Free Throw - 2 of 3'}",Jalen Brunson makes free throw 2 of 3,85,85,4,3:40,True,1,{'id': '18'},[{'athlete': {'id': '3934672'}}],2026-06-14T03:09:26Z,True,"{'x': -214748340, 'y': -214748365}",1,+1 Point,220.0
401859967668,668,"{'id': '102', 'text': 'Free Throw - 3 of 3'}",Jalen Brunson makes free throw 3 of 3,86,85,4,3:40,True,1,{'id': '18'},[{'athlete': {'id': '3934672'}}],2026-06-14T03:09:46Z,True,"{'x': -214748340, 'y': -214748365}",1,+1 Point,220.0
401859967669,669,"{'id': '131', 'text': 'Pullup Jump Shot'}",De'Aaron Fox misses 17-foot pullup jump shot,86,85,4,3:24,False,0,{'id': '24'},[{'athlete': {'id': '4066259'}}],2026-06-14T03:10:07Z,True,"{'x': 20, 'y': 17}",2,Missed FG,204.0
401859967670,670,"{'id': '155', 'text': 'Defensive Rebound'}",Mitchell Robinson defensive rebound,86,85,4,3:20,False,0,{'id': '18'},[{'athlete': {'id': '4351852'}}],2026-06-14T03:10:11Z,False,"{'x': 20, 'y': 17}",0,Rebound,200.0
401859967671,671,"{'id': '16', 'text': 'Full Timeout'}",Knicks Full timeout,86,85,4,3:17,False,0,{'id': '18'},,2026-06-14T03:10:22Z,False,"{'x': -214748340, 'y': -214748365}",0,Timeout,197.0
401859967672,672,"{'id': '584', 'text': 'Substitution'}",Stephon Castle enters the game for Julian Champagnie,86,85,4,3:17,False,0,{'id': '24'},"[{'athlete': {'id': '4845367'}}, {'athlete': {'id': '4592479'}}]",2026-06-14T03:11:50Z,False,"{'x': -214748340, 'y': -214748365}",0,Substitution,197.0
401859967673,673,"{'id': '584', 'text': 'Substitution'}",Karl-Anthony Towns enters the game for Mitchell Robinson,86,85,4,3:17,False,0,{'id': '18'},"[{'athlete': {'id': '3136195'}}, {'athlete': {'id': '4351852'}}]",2026-06-14T03:11:50Z,False,"{'x': -214748340, 'y': -214748365}",0,Substitution,197.0
401859967676,676,"{'id': '42', 'text': 'Offensive Foul'}",Jalen Brunson offensive foul,86,85,4,3:15,False,0,{'id': '18'},[{'athlete': {'id': '3934672'}}],2026-06-14T03:12:03Z,False,"{'x': 31, 'y': 20}",0,Foul,195.0
401859967678,678,"{'id': '84', 'text': 'Offensive Foul Turnover'}",Jalen Brunson offensive foul turnover,86,85,4,3:15,False,0,{'id': '18'},[{'athlete': {'id': '3934672'}}],2026-06-14T03:12:03Z,False,"{'x': 31, 'y': 20}",0,Turnover,195.0
401859967679,679,"{'id': '110', 'text': 'Driving Layup Shot'}",Stephon Castle misses driving layup,86,85,4,2:59,False,0,{'id': '24'},[{'athlete': {'id': '4845367'}}],2026-06-14T03:12:29Z,True,"{'x': 24, 'y': 3}",2,Missed FG,179.0
401859967680,680,"{'id': '155', 'text': 'Defensive Rebound'}",Mikal Bridges defensive rebound,86,85,4,2:56,False,0,{'id': '18'},[{'athlete': {'id': '3147657'}}],2026-06-14T03:12:32Z,False,"{'x': 24, 'y': 3}",0,Rebound,176.0
401859967681,681,"{'id': '144', 'text': 'Driving Floating Jump Shot'}",Karl-Anthony Towns misses driving floating jump shot,86,85,4,2:37,False,0,{'id': '18'},[{'athlete': {'id': '3136195'}}],2026-06-14T03:12:52Z,True,"{'x': 22, 'y': 2}",2,Missed FG,157.0
401859967682,682,"{'id': '156', 'text': 'Offensive Rebound'}",Josh Hart offensive rebound,86,85,4,2:36,False,0,{'id': '18'},[{'athlete': {'id': '3062679'}}],2026-06-14T03:12:53Z,False,"{'x': 22, 'y': 2}",0,Rebound,156.0
401859967699,699,"{'id': '125', 'text': 'Layup Shot Putback'}",Josh Hart misses two point shot,86,85,4,2:36,False,0,{'id': '18'},[{'athlete': {'id': '3062679'}}],2026-06-14T03:12:58Z,True,"{'x': 24, 'y': 1}",2,Missed FG,156.0
401859967700,700,"{'id': '155', 'text': 'Defensive Rebound'}",Victor Wembanyama defensive rebound,86,85,4,2:35,False,0,{'id': '24'},[{'athlete': {'id': '5104157'}}],2026-06-14T03:12:59Z,False,"{'x': 24, 'y': 1}",0,Rebound,155.0
401859967683,683,"{'id': '109', 'text': 'Running Layup Shot'}",Mikal Bridges blocks Dylan Harper 's 6-foot running layup,86,85,4,2:29,False,0,{'id': '24'},"[{'athlete': {'id': '5037871'}}, {'athlete': {'id': '3147657'}}]",2026-06-14T03:13:03Z,True,"{'x': 31, 'y': 2}",2,Missed FG,149.0
401859967685,685,"{'id': '156', 'text': 'Offensive Rebound'}",Dylan Harper offensive rebound,86,85,4,2:28,False,0,{'id': '24'},[{'athlete': {'id': '5037871'}}],2026-06-14T03:13:04Z,False,"{'x': 31, 'y': 2}",0,Rebound,148.0
401859967686,686,"{'id': '128', 'text': 'Driving Finger Roll Layup'}",Dylan Harper misses two point shot,86,85,4,2:19,False,0,{'id': '24'},[{'athlete': {'id': '5037871'}}],2026-06-14T03:13:11Z,True,"{'x': 27, 'y': 1}",2,Missed FG,139.0
401859967687,687,"{'id': '155', 'text': 'Defensive Rebound'}",Karl-Anthony Towns defensive rebound,86,85,4,2:18,False,0,{'id': '18'},[{'athlete': {'id': '3136195'}}],2026-06-14T03:13:12Z,False,"{'x': 27, 'y': 1}",0,Rebound,138.0
401859967688,688,"{'id': '151', 'text': 'Cutting Dunk Shot'}",OG Anunoby makes dunk (Josh Hart assists),88,85,4,2:07,True,2,{'id': '18'},"[{'athlete': {'id': '3934719'}}, {'athlete': {'id': '3062679'}}]",2026-06-14T03:13:22Z,True,"{'x': 25, 'y': 0}",2,+2 Points,127.0
401859967690,690,"{'id': '9', 'text': 'Defensive Goaltending'}",Devin Vassell defensive goaltending violation,88,85,4,2:07,False,0,{'id': '24'},[{'athlete': {'id': '4395630'}}],2026-06-14T03:13:31Z,False,"{'x': -214748340, 'y': -214748365}",0,Goaltending,127.0
401859967691,691,"{'id': '44', 'text': 'Shooting Foul'}",Karl-Anthony Towns shooting foul,88,85,4,1:53,False,0,{'id': '18'},[{'athlete': {'id': '3136195'}}],2026-06-14T03:13:52Z,False,"{'x': 30, 'y': 9}",0,Foul,113.0
401859967694,694,"{'id': '584', 'text': 'Substitution'}",Mitchell Robinson enters the game for Karl-Anthony Towns,88,85,4,1:53,False,0,{'id': '18'},"[{'athlete': {'id': '4351852'}}, {'athlete': {'id': '3136195'}}]",2026-06-14T03:14:36Z,False,"{'x': -214748340, 'y': -214748365}",0,Substitution,113.0
401859967696,696,"{'id': '98', 'text': 'Free Throw - 1 of 2'}",Victor Wembanyama misses free throw 1 of 2,88,85,4,1:53,False,0,{'id': '24'},[{'athlete': {'id': '5104157'}}],2026-06-14T03:14:43Z,True,"{'x': -214748340, 'y': -214748365}",1,Missed FT,113.0
401859967697,697,"{'id': '156', 'text': 'Offensive Rebound'}",Spurs offensive team rebound,88,85,4,1:53,False,0,{'id': '24'},,2026-06-14T03:14:43Z,False,"{'x': -214748340, 'y': -214748365}",0,Rebound,113.0
401859967698,698,"{'id': '99', 'text': 'Free Throw - 2 of 2'}",Victor Wembanyama makes free throw 2 of 2,88,86,4,1:53,True,1,{'id': '24'},[{'athlete': {'id': '5104157'}}],2026-06-14T03:15:11Z,True,"{'x': -214748340, 'y': -214748365}",1,+1 Point,113.0
401859967701,701,"{'id': '132', 'text': 'Step Back Jump Shot'}",Jalen Brunson misses 14-foot step back jumpshot,88,86,4,1:29,False,0,{'id': '18'},[{'athlete': {'id': '3934672'}}],2026-06-14T03:15:37Z,True,"{'x': 39, 'y': 4}",2,Missed FG,89.0
401859967702,702,"{'id': '156', 'text': 'Offensive Rebound'}",Knicks offensive team rebound,88,86,4,1:29,False,0,{'id': '18'},,2026-06-14T03:15:42Z,False,"{'x': 39, 'y': 4}",0,Rebound,89.0
401859967703,703,"{'id': '70', 'text': 'Shot Clock Turnover'}",shot clock turnover ,88,86,4,1:29,False,0,{'id': '18'},,2026-06-14T03:15:45Z,False,"{'x': 35, 'y': 9}",0,Turnover,89.0
401859967704,704,"{'id': '114', 'text': 'Turnaround Jump Shot'}",Dylan Harper makes 8-foot turnaround jump shot,88,88,4,1:16,True,2,{'id': '24'},[{'athlete': {'id': '5037871'}}],2026-06-14T03:16:12Z,True,"{'x': 30, 'y': 7}",2,+2 Points,76.0
401859967705,705,"{'id': '144', 'text': 'Driving Floating Jump Shot'}",Jalen Brunson makes 11-foot driving floating jump shot,90,88,4,1:05,True,2,{'id': '18'},[{'athlete': {'id': '3934672'}}],2026-06-14T03:16:25Z,True,"{'x': 20, 'y': 11}",2,+2 Points,65.0
401859967706,706,"{'id': '92', 'text': 'Jump Shot'}",De'Aaron Fox misses 23-foot three point jumper,90,88,4,54.3,False,0,{'id': '24'},[{'athlete': {'id': '4066259'}}],2026-06-14T03:16:41Z,True,"{'x': 2, 'y': 3}",3,Missed 3PT,54.3
401859967707,707,"{'id': '155', 'text': 'Defensive Rebound'}",Josh Hart defensive rebound,90,88,4,51.3,False,0,{'id': '18'},[{'athlete': {'id': '3062679'}}],2026-06-14T03:16:44Z,False,"{'x': 2, 'y': 3}",0,Rebound,51.3
401859967708,708,"{'id': '92', 'text': 'Jump Shot'}",Josh Hart misses 26-foot three point jumper,90,88,4,36.3,False,0,{'id': '18'},[{'athlete': {'id': '3062679'}}],2026-06-14T03:16:59Z,True,"{'x': 37, 'y': 24}",3,Missed 3PT,36.3
401859967709,709,"{'id': '155', 'text': 'Defensive Rebound'}",Dylan Harper defensive rebound,90,88,4,32.1,False,0,{'id': '24'},[{'athlete': {'id': '5037871'}}],2026-06-14T03:17:03Z,False,"{'x': 37, 'y': 24}",0,Rebound,32.1
401859967710,710,"{'id': '129', 'text': 'Running Finger Roll Layup'}",Dylan Harper misses two point shot,90,88,4,27.3,False,0,{'id': '24'},[{'athlete': {'id': '5037871'}}],2026-06-14T03:17:08Z,True,"{'x': 23, 'y': 1}",2,Missed FG,27.3
401859967711,711,"{'id': '155', 'text': 'Defensive Rebound'}",Josh Hart defensive rebound,90,88,4,27.3,False,0,{'id': '18'},[{'athlete': {'id': '3062679'}}],2026-06-14T03:17:08Z,False,"{'x': 23, 'y': 1}",0,Rebound,27.3
401859967712,712,"{'id': '22', 'text': 'Personal Take Foul'}",De'Aaron Fox personal take foul,90,88,4,26.1,False,0,{'id': '24'},[{'athlete': {'id': '4066259'}}],2026-06-14T03:17:16Z,False,"{'x': 11, 'y': 4}",0,Foul,26.1
401859967714,714,"{'id': '98', 'text': 'Free Throw - 1 of 2'}",Josh Hart makes free throw 1 of 2,91,88,4,26.1,True,1,{'id': '18'},[{'athlete': {'id': '3062679'}}],2026-06-14T03:17:51Z,True,"{'x': -214748340, 'y': -214748365}",1,+1 Point,26.1
401859967715,715,"{'id': '584', 'text': 'Substitution'}",Luke Kornet enters the game for De'Aaron Fox,91,88,4,26.1,False,0,{'id': '24'},"[{'athlete': {'id': '3064560'}}, {'athlete': {'id': '4066259'}}]",2026-06-14T03:17:53Z,False,"{'x': -214748340, 'y': -214748365}",0,Substitution,26.1
401859967716,716,"{'id': '584', 'text': 'Substitution'}",Landry Shamet enters the game for Jalen Brunson,91,88,4,26.1,False,0,{'id': '18'},"[{'athlete': {'id': '3914044'}}, {'athlete': {'id': '3934672'}}]",2026-06-14T03:17:53Z,False,"{'x': -214748340, 'y': -214748365}",0,Substitution,26.1
401859967719,719,"{'id': '99', 'text': 'Free Throw - 2 of 2'}",Josh Hart misses free throw 2 of 2,91,88,4,26.1,False,0,{'id': '18'},[{'athlete': {'id': '3062679'}}],2026-06-14T03:17:51Z,True,"{'x': -214748340, 'y': -214748365}",1,Missed FT,26.1
401859967720,720,"{'id': '156', 'text': 'Offensive Rebound'}",Mitchell Robinson offensive rebound,91,88,4,22.2,False,0,{'id': '18'},[{'athlete': {'id': '4351852'}}],2026-06-14T03:17:55Z,False,"{'x': -214748340, 'y': -214748365}",0,Rebound,22.2
401859967721,721,"{'id': '22', 'text': 'Personal Take Foul'}",Luke Kornet personal take foul,91,88,4,21.6,False,0,{'id': '24'},[{'athlete': {'id': '3064560'}}],2026-06-14T03:18:25Z,False,"{'x': 38, 'y': 33}",0,Foul,21.6
401859967723,723,"{'id': '98', 'text': 'Free Throw - 1 of 2'}",OG Anunoby makes free throw 1 of 2,92,88,4,21.6,True,1,{'id': '18'},[{'athlete': {'id': '3934719'}}],2026-06-14T03:18:48Z,True,"{'x': -214748340, 'y': -214748365}",1,+1 Point,21.6
401859967724,724,"{'id': '99', 'text': 'Free Throw - 2 of 2'}",OG Anunoby misses free throw 2 of 2,92,88,4,21.6,False,0,{'id': '18'},[{'athlete': {'id': '3934719'}}],2026-06-14T03:18:48Z,True,"{'x': -214748340, 'y': -214748365}",1,Missed FT,21.6
401859967725,725,"{'id': '155', 'text': 'Defensive Rebound'}",Devin Vassell defensive rebound,92,88,4,20.0,False,0,{'id': '24'},[{'athlete': {'id': '4395630'}}],2026-06-14T03:18:50Z,False,"{'x': -214748340, 'y': -214748365}",0,Rebound,20.0
401859967726,726,"{'id': '16', 'text': 'Full Timeout'}",Spurs Full timeout,92,88,4,20.0,False,0,{'id': '24'},,2026-06-14T03:19:11Z,False,"{'x': -214748340, 'y': -214748365}",0,Timeout,20.0
401859967727,727,"{'id': '584', 'text': 'Substitution'}",De'Aaron Fox enters the game for Luke Kornet,92,88,4,20.0,False,0,{'id': '24'},"[{'athlete': {'id': '4066259'}}, {'athlete': {'id': '3064560'}}]",2026-06-14T03:20:32Z,False,"{'x': -214748340, 'y': -214748365}",0,Substitution,20.0
401859967729,729,"{'id': '92', 'text': 'Jump Shot'}",Victor Wembanyama misses 26-foot three point jumper,92,88,4,17.9,False,0,{'id': '24'},[{'athlete': {'id': '5104157'}}],2026-06-14T03:21:15Z,True,"{'x': 43, 'y': 20}",3,Missed 3PT,17.9
401859967730,730,"{'id': '156', 'text': 'Offensive Rebound'}",Stephon Castle offensive rebound,92,88,4,16.3,False,0,{'id': '24'},[{'athlete': {'id': '4845367'}}],2026-06-14T03:21:22Z,False,"{'x': 43, 'y': 20}",0,Rebound,16.3
401859967731,731,"{'id': '150', 'text': 'Tip Dunk Shot'}",Stephon Castle makes tip in dunk,92,90,4,16.3,True,2,{'id': '24'},[{'athlete': {'id': '4845367'}}],2026-06-14T03:21:22Z,True,"{'x': 25, 'y': 0}",2,+2 Points,16.3
401859967732,732,"{'id': '16', 'text': 'Full Timeout'}",Knicks Full timeout,92,90,4,16.3,False,0,{'id': '18'},,2026-06-14T03:21:26Z,False,"{'x': -214748340, 'y': -214748365}",0,Timeout,16.3
401859967733,733,"{'id': '584', 'text': 'Substitution'}",Jalen Brunson enters the game for Mitchell Robinson,92,90,4,16.3,False,0,{'id': '18'},"[{'athlete': {'id': '3934672'}}, {'athlete': {'id': '4351852'}}]",2026-06-14T03:22:41Z,False,"{'x': -214748340, 'y': -214748365}",0,Substitution,16.3
401859967735,735,"{'id': '45', 'text': 'Personal Foul'}",Dylan Harper personal foul,92,90,4,8.8,False,0,{'id': '24'},[{'athlete': {'id': '5037871'}}],2026-06-14T03:23:35Z,False,"{'x': 6, 'y': 39}",0,Foul,8.8
401859967737,737,"{'id': '98', 'text': 'Free Throw - 1 of 2'}",Mikal Bridges misses free throw 1 of 2,92,90,4,8.8,False,0,{'id': '18'},[{'athlete': {'id': '3147657'}}],2026-06-14T03:24:10Z,True,"{'x': -214748340, 'y': -214748365}",1,Missed FT,8.8
401859967738,738,"{'id': '156', 'text': 'Offensive Rebound'}",Knicks offensive team rebound,92,90,4,8.8,False,0,{'id': '18'},,2026-06-14T03:24:10Z,False,"{'x': -214748340, 'y': -214748365}",0,Rebound,8.8
401859967739,739,"{'id': '584', 'text': 'Substitution'}",Luke Kornet enters the game for De'Aaron Fox,92,90,4,8.8,False,0,{'id': '24'},"[{'athlete': {'id': '3064560'}}, {'athlete': {'id': '4066259'}}]",2026-06-14T03:24:12Z,False,"{'x': -214748340, 'y': -214748365}",0,Substitution,8.8
401859967740,740,"{'id': '584', 'text': 'Substitution'}",Mitchell Robinson enters the game for Jalen Brunson,92,90,4,8.8,False,0,{'id': '18'},"[{'athlete': {'id': '4351852'}}, {'athlete': {'id': '3934672'}}]",2026-06-14T03:24:12Z,False,"{'x': -214748340, 'y': -214748365}",0,Substitution,8.8
401859967743,743,"{'id': '99', 'text': 'Free Throw - 2 of 2'}",Mikal Bridges makes free throw 2 of 2,93,90,4,8.8,True,1,{'id': '18'},[{'athlete': {'id': '3147657'}}],2026-06-14T03:24:36Z,True,"{'x': -214748340, 'y': -214748365}",1,+1 Point,8.8
401859967744,744,"{'id': '16', 'text': 'Full Timeout'}",Spurs Full timeout,93,90,4,8.8,False,0,{'id': '24'},,2026-06-14T03:24:39Z,False,"{'x': -214748340, 'y': -214748365}",0,Timeout,8.8
401859967745,745,"{'id': '584', 'text': 'Substitution'}",Jeremy Sochan enters the game for Mitchell Robinson,93,90,4,8.8,False,0,{'id': '18'},"[{'athlete': {'id': '4610139'}}, {'athlete': {'id': '4351852'}}]",2026-06-14T03:25:56Z,False,"{'x': -214748340, 'y': -214748365}",0,Substitution,8.8
401859967747,747,"{'id': '584', 'text': 'Substitution'}",De'Aaron Fox enters the game for Luke Kornet,93,90,4,8.8,False,0,{'id': '24'},"[{'athlete': {'id': '4066259'}}, {'athlete': {'id': '3064560'}}]",2026-06-14T03:26:20Z,False,"{'x': -214748340, 'y': -214748365}",0,Substitution,8.8
401859967749,749,"{'id': '22', 'text': 'Personal Take Foul'}",Landry Shamet personal take foul,93,90,4,8.5,False,0,{'id': '18'},[{'athlete': {'id': '3914044'}}],2026-06-14T03:26:51Z,False,"{'x': 46, 'y': 34}",0,Foul,8.5
401859967751,751,"{'id': '98', 'text': 'Free Throw - 1 of 2'}",Dylan Harper misses free throw 1 of 2,93,90,4,8.5,False,0,{'id': '24'},[{'athlete': {'id': '5037871'}}],2026-06-14T03:27:56Z,True,"{'x': -214748340, 'y': -214748365}",1,Missed FT,8.5
401859967753,753,"{'id': '584', 'text': 'Substitution'}",Luke Kornet enters the game for De'Aaron Fox,93,90,4,8.5,False,0,{'id': '24'},"[{'athlete': {'id': '3064560'}}, {'athlete': {'id': '4066259'}}]",2026-06-14T03:27:30Z,False,"{'x': -214748340, 'y': -214748365}",0,Substitution,8.5
401859967754,754,"{'id': '584', 'text': 'Substitution'}",Ariel Hukporti enters the game for Landry Shamet,93,90,4,8.5,False,0,{'id': '18'},"[{'athlete': {'id': '4871141'}}, {'athlete': {'id': '3914044'}}]",2026-06-14T03:27:30Z,False,"{'x': -214748340, 'y': -214748365}",0,Substitution,8.5
401859967757,757,"{'id': '156', 'text': 'Offensive Rebound'}",Spurs offensive team rebound,93,90,4,8.5,False,0,{'id': '24'},,2026-06-14T03:27:56Z,False,"{'x': -214748340, 'y': -214748365}",0,Rebound,8.5
401859967773,773,"{'id': '99', 'text': 'Free Throw - 2 of 2'}",Dylan Harper misses free throw 2 of 2,93,90,4,8.5,False,0,{'id': '24'},[{'athlete': {'id': '5037871'}}],2026-06-14T03:27:56Z,True,"{'x': -214748340, 'y': -214748365}",1,Missed FT,8.5
401859967774,774,"{'id': '155', 'text': 'Defensive Rebound'}",OG Anunoby defensive rebound,93,90,4,8.5,False,0,{'id': '18'},[{'athlete': {'id': '3934719'}}],2026-06-14T03:27:56Z,False,"{'x': -214748340, 'y': -214748365}",0,Rebound,8.5
401859967758,758,"{'id': '22', 'text': 'Personal Take Foul'}",Dylan Harper personal take foul,93,90,4,7.7,False,0,{'id': '24'},[{'athlete': {'id': '5037871'}}],2026-06-14T03:28:02Z,False,"{'x': 29, 'y': 4}",0,Foul,7.7
401859967760,760,"{'id': '98', 'text': 'Free Throw - 1 of 2'}",OG Anunoby misses free throw 1 of 2,93,90,4,7.7,False,0,{'id': '18'},[{'athlete': {'id': '3934719'}}],2026-06-14T03:28:34Z,True,"{'x': -214748340, 'y': -214748365}",1,Missed FT,7.7
401859967761,761,"{'id': '156', 'text': 'Offensive Rebound'}",Knicks offensive team rebound,93,90,4,7.7,False,0,{'id': '18'},,2026-06-14T03:28:34Z,False,"{'x': -214748340, 'y': -214748365}",0,Rebound,7.7
401859967762,762,"{'id': '584', 'text': 'Substitution'}",Julian Champagnie enters the game for Stephon Castle,93,90,4,7.7,False,0,{'id': '24'},"[{'athlete': {'id': '4592479'}}, {'athlete': {'id': '4845367'}}]",2026-06-14T03:28:38Z,False,"{'x': -214748340, 'y': -214748365}",0,Substitution,7.7
401859967763,763,"{'id': '584', 'text': 'Substitution'}",De'Aaron Fox enters the game for Luke Kornet,93,90,4,7.7,False,0,{'id': '24'},"[{'athlete': {'id': '4066259'}}, {'athlete': {'id': '3064560'}}]",2026-06-14T03:28:38Z,False,"{'x': -214748340, 'y': -214748365}",0,Substitution,7.7
401859967764,764,"{'id': '584', 'text': 'Substitution'}",Landry Shamet enters the game for Ariel Hukporti,93,90,4,7.7,False,0,{'id': '18'},"[{'athlete': {'id': '3914044'}}, {'athlete': {'id': '4871141'}}]",2026-06-14T03:28:38Z,False,"{'x': -214748340, 'y': -214748365}",0,Substitution,7.7
401859967768,768,"{'id': '99', 'text': 'Free Throw - 2 of 2'}",OG Anunoby makes free throw 2 of 2,94,90,4,7.7,True,1,{'id': '18'},[{'athlete': {'id': '3934719'}}],2026-06-14T03:29:03Z,True,"{'x': -214748340, 'y': -214748365}",1,+1 Point,7.7
401859967769,769,"{'id': '92', 'text': 'Jump Shot'}",Victor Wembanyama misses 25-foot three point jumper,94,90,4,2.0,False,0,{'id': '24'},[{'athlete': {'id': '5104157'}}],2026-06-14T03:29:10Z,True,"{'x': 6, 'y': 18}",3,Missed 3PT,2.0
401859967770,770,"{'id': '155', 'text': 'Defensive Rebound'}",OG Anunoby defensive rebound,94,90,4,2.0,False,0,{'id': '18'},[{'athlete': {'id': '3934719'}}],2026-06-14T03:29:10Z,False,"{'x': 6, 'y': 18}",0,Rebound,2.0
401859967771,771,"{'id': '412', 'text': 'End Period'}",End of the 4th Quarter,94,90,4,0.0,False,0,,,2026-06-14T03:29:24Z,False,"{'x': -214748340, 'y': -214748365}",0,End of 4th,0.0
401859967772,772,"{'id': '402', 'text': 'End Game'}",End of Game,94,90,4,0.0,False,0,,,2026-06-14T03:29:26Z,False,"{'x': -214748340, 'y': -214748365}",0,End of Game,0.0
