id,sequenceNumber,type,text,awayScore,homeScore,period,clock,scoringPlay,scoreValue,team,participants,wallclock,shootingPlay,coordinate,pointsAttempted,shortDescription,clockSec
4018732004,4,"{'id': '615', 'text': 'Jumpball'}",Chet Holmgren vs. Victor Wembanyama (De'Aaron Fox gains possession),0,0,1,12:00,False,0,{'id': '24'},"[{'athlete': {'id': '5104157'}}, {'athlete': {'id': '4433255'}}, {'athlete': {'id': '4066259'}}]",2026-05-25T00:13:02Z,False,"{'x': -214748340, 'y': -214748365}",0,Jump Ball,720.0
4018732007,7,"{'id': '137', 'text': 'Turnaround Fade Away Jump Shot'}",Victor Wembanyama misses 17-foot two point shot,0,0,1,11:39,False,0,{'id': '24'},[{'athlete': {'id': '5104157'}}],2026-05-25T00:13:20Z,True,"{'x': 38, 'y': 12}",2,Missed FG,699.0
4018732008,8,"{'id': '156', 'text': 'Offensive Rebound'}",De'Aaron Fox offensive rebound,0,0,1,11:37,False,0,{'id': '24'},[{'athlete': {'id': '4066259'}}],2026-05-25T00:13:21Z,False,"{'x': 38, 'y': 12}",0,Rebound,697.0
4018732009,9,"{'id': '92', 'text': 'Jump Shot'}",Victor Wembanyama makes 27-foot three point jumper (De'Aaron Fox assists),0,3,1,11:36,True,3,{'id': '24'},"[{'athlete': {'id': '5104157'}}, {'athlete': {'id': '4066259'}}]",2026-05-25T00:13:23Z,True,"{'x': 40, 'y': 23}",3,+3 Points,696.0
40187320011,11,"{'id': '130', 'text': 'Floating Jump Shot'}",Isaiah Hartenstein makes 10-foot floating jump shot (Shai Gilgeous-Alexander assists),2,3,1,11:20,True,2,{'id': '25'},"[{'athlete': {'id': '4222252'}}, {'athlete': {'id': '4278073'}}]",2026-05-25T00:13:39Z,True,"{'x': 30, 'y': 9}",2,+2 Points,680.0
40187320013,13,"{'id': '92', 'text': 'Jump Shot'}",Julian Champagnie misses 25-foot three point jumper,2,3,1,11:02,False,0,{'id': '24'},[{'athlete': {'id': '4592479'}}],2026-05-25T00:13:56Z,True,"{'x': 27, 'y': 25}",3,Missed 3PT,662.0
40187320014,14,"{'id': '155', 'text': 'Defensive Rebound'}",Isaiah Hartenstein defensive rebound,2,3,1,11:00,False,0,{'id': '25'},[{'athlete': {'id': '4222252'}}],2026-05-25T00:13:59Z,False,"{'x': 27, 'y': 25}",0,Rebound,660.0
40187320015,15,"{'id': '132', 'text': 'Step Back Jump Shot'}",Shai Gilgeous-Alexander misses 15-foot step back jumpshot,2,3,1,10:48,False,0,{'id': '25'},[{'athlete': {'id': '4278073'}}],2026-05-25T00:14:11Z,True,"{'x': 19, 'y': 14}",2,Missed FG,648.0
40187320016,16,"{'id': '156', 'text': 'Offensive Rebound'}",Cason Wallace offensive rebound,2,3,1,10:45,False,0,{'id': '25'},[{'athlete': {'id': '4683692'}}],2026-05-25T00:14:13Z,False,"{'x': 19, 'y': 14}",0,Rebound,645.0
40187320017,17,"{'id': '151', 'text': 'Cutting Dunk Shot'}",Victor Wembanyama blocks Chet Holmgren 's 3-foot dunk,2,3,1,10:36,False,0,{'id': '25'},"[{'athlete': {'id': '4433255'}}, {'athlete': {'id': '5104157'}}]",2026-05-25T00:14:24Z,True,"{'x': 22, 'y': 1}",2,Missed FG,636.0
40187320019,19,"{'id': '156', 'text': 'Offensive Rebound'}",Luguentz Dort offensive rebound,2,3,1,10:34,False,0,{'id': '25'},[{'athlete': {'id': '4397020'}}],2026-05-25T00:14:26Z,False,"{'x': 22, 'y': 1}",0,Rebound,634.0
40187320020,20,"{'id': '70', 'text': 'Shot Clock Turnover'}",shot clock turnover ,2,3,1,10:33,False,0,{'id': '25'},,2026-05-25T00:14:30Z,False,"{'x': 34, 'y': 18}",0,Turnover,633.0
40187320021,21,"{'id': '92', 'text': 'Jump Shot'}",Victor Wembanyama misses 25-foot three point jumper,2,3,1,10:25,False,0,{'id': '24'},[{'athlete': {'id': '5104157'}}],2026-05-25T00:14:44Z,True,"{'x': 22, 'y': 26}",3,Missed 3PT,625.0
40187320022,22,"{'id': '155', 'text': 'Defensive Rebound'}",Cason Wallace defensive rebound,2,3,1,10:22,False,0,{'id': '25'},[{'athlete': {'id': '4683692'}}],2026-05-25T00:14:48Z,False,"{'x': 22, 'y': 26}",0,Rebound,622.0
40187320023,23,"{'id': '130', 'text': 'Floating Jump Shot'}",Isaiah Hartenstein makes 11-foot floating jump shot (Shai Gilgeous-Alexander assists),4,3,1,10:08,True,2,{'id': '25'},"[{'athlete': {'id': '4222252'}}, {'athlete': {'id': '4278073'}}]",2026-05-25T00:15:01Z,True,"{'x': 29, 'y': 12}",2,+2 Points,608.0
40187320025,25,"{'id': '131', 'text': 'Pullup Jump Shot'}",Stephon Castle makes 12-foot pullup jump shot (Victor Wembanyama assists),4,5,1,9:53,True,2,{'id': '24'},"[{'athlete': {'id': '4845367'}}, {'athlete': {'id': '5104157'}}]",2026-05-25T00:15:17Z,True,"{'x': 22, 'y': 12}",2,+2 Points,593.0
40187320026,26,"{'id': '130', 'text': 'Floating Jump Shot'}",Isaiah Hartenstein makes 14-foot floating jump shot (Chet Holmgren assists),6,5,1,9:36,True,2,{'id': '25'},"[{'athlete': {'id': '4222252'}}, {'athlete': {'id': '4433255'}}]",2026-05-25T00:15:33Z,True,"{'x': 22, 'y': 15}",2,+2 Points,576.0
40187320028,28,"{'id': '132', 'text': 'Step Back Jump Shot'}",Devin Vassell misses 9-foot step back jumpshot,6,5,1,9:28,False,0,{'id': '24'},[{'athlete': {'id': '4395630'}}],2026-05-25T00:15:42Z,True,"{'x': 15, 'y': 1}",2,Missed FG,568.0
40187320029,29,"{'id': '155', 'text': 'Defensive Rebound'}",Isaiah Hartenstein defensive rebound,6,5,1,9:26,False,0,{'id': '25'},[{'athlete': {'id': '4222252'}}],2026-05-25T00:15:44Z,False,"{'x': 15, 'y': 1}",0,Rebound,566.0
40187320030,30,"{'id': '45', 'text': 'Personal Foul'}",Julian Champagnie personal foul,6,5,1,9:21,False,0,{'id': '24'},[{'athlete': {'id': '4592479'}}],2026-05-25T00:15:51Z,False,"{'x': 2, 'y': 20}",0,Foul,561.0
40187320032,32,"{'id': '92', 'text': 'Jump Shot'}",Cason Wallace misses 22-foot three point jumper,6,5,1,9:11,False,0,{'id': '25'},[{'athlete': {'id': '4683692'}}],2026-05-25T00:16:19Z,True,"{'x': 2, 'y': 1}",3,Missed 3PT,551.0
40187320033,33,"{'id': '155', 'text': 'Defensive Rebound'}",Spurs defensive team rebound,6,5,1,9:08,False,0,{'id': '24'},,2026-05-25T00:16:22Z,False,"{'x': 2, 'y': 1}",0,Rebound,548.0
40187320034,34,"{'id': '43', 'text': 'Loose Ball Foul'}",Isaiah Hartenstein loose ball foul,6,5,1,9:08,False,0,{'id': '25'},[{'athlete': {'id': '4222252'}}],2026-05-25T00:16:28Z,False,"{'x': 23, 'y': 2}",0,Foul,548.0
40187320036,36,"{'id': '118', 'text': 'Alley Oop Dunk Shot'}",Victor Wembanyama makes 1-foot alley oop dunk (Stephon Castle assists),6,7,1,8:58,True,2,{'id': '24'},"[{'athlete': {'id': '5104157'}}, {'athlete': {'id': '4845367'}}]",2026-05-25T00:16:54Z,True,"{'x': 25, 'y': 1}",2,+2 Points,538.0
40187320039,39,"{'id': '130', 'text': 'Floating Jump Shot'}",Isaiah Hartenstein makes 9-foot floating jump shot (Shai Gilgeous-Alexander assists),8,7,1,8:31,True,2,{'id': '25'},"[{'athlete': {'id': '4222252'}}, {'athlete': {'id': '4278073'}}]",2026-05-25T00:17:32Z,True,"{'x': 23, 'y': 9}",2,+2 Points,511.0
40187320041,41,"{'id': '92', 'text': 'Jump Shot'}",Julian Champagnie misses 25-foot three point jumper,8,7,1,8:20,False,0,{'id': '24'},[{'athlete': {'id': '4592479'}}],2026-05-25T00:17:43Z,True,"{'x': 13, 'y': 22}",3,Missed 3PT,500.0
40187320042,42,"{'id': '155', 'text': 'Defensive Rebound'}",Luguentz Dort defensive rebound,8,7,1,8:16,False,0,{'id': '25'},[{'athlete': {'id': '4397020'}}],2026-05-25T00:17:47Z,False,"{'x': 13, 'y': 22}",0,Rebound,496.0
40187320043,43,"{'id': '130', 'text': 'Floating Jump Shot'}",Isaiah Hartenstein misses 10-foot floating jump shot,8,7,1,8:04,False,0,{'id': '25'},[{'athlete': {'id': '4222252'}}],2026-05-25T00:18:00Z,True,"{'x': 27, 'y': 10}",2,Missed FG,484.0
40187320044,44,"{'id': '155', 'text': 'Defensive Rebound'}",De'Aaron Fox defensive rebound,8,7,1,8:02,False,0,{'id': '24'},[{'athlete': {'id': '4066259'}}],2026-05-25T00:18:02Z,False,"{'x': 27, 'y': 10}",0,Rebound,482.0
40187320045,45,"{'id': '110', 'text': 'Driving Layup Shot'}",Julian Champagnie makes driving layup (Victor Wembanyama assists),8,9,1,7:49,True,2,{'id': '24'},"[{'athlete': {'id': '4592479'}}, {'athlete': {'id': '5104157'}}]",2026-05-25T00:18:15Z,True,"{'x': 25, 'y': 1}",2,+2 Points,469.0
40187320047,47,"{'id': '130', 'text': 'Floating Jump Shot'}",Isaiah Hartenstein misses 10-foot floating jump shot,8,9,1,7:34,False,0,{'id': '25'},[{'athlete': {'id': '4222252'}}],2026-05-25T00:18:29Z,True,"{'x': 27, 'y': 10}",2,Missed FG,454.0
40187320048,48,"{'id': '155', 'text': 'Defensive Rebound'}",De'Aaron Fox defensive rebound,8,9,1,7:32,False,0,{'id': '24'},[{'athlete': {'id': '4066259'}}],2026-05-25T00:18:31Z,False,"{'x': 27, 'y': 10}",0,Rebound,452.0
40187320049,49,"{'id': '44', 'text': 'Shooting Foul'}",Chet Holmgren shooting foul,8,9,1,7:26,False,0,{'id': '25'},[{'athlete': {'id': '4433255'}}],2026-05-25T00:18:41Z,False,"{'x': 27, 'y': 1}",0,Foul,446.0
40187320051,51,"{'id': '98', 'text': 'Free Throw - 1 of 2'}",Victor Wembanyama makes free throw 1 of 2,8,10,1,7:26,True,1,{'id': '24'},[{'athlete': {'id': '5104157'}}],2026-05-25T00:19:18Z,True,"{'x': -214748340, 'y': -214748365}",1,+1 Point,446.0
40187320052,52,"{'id': '584', 'text': 'Substitution'}",Dylan Harper enters the game for Julian Champagnie,8,10,1,7:26,False,0,{'id': '24'},"[{'athlete': {'id': '5037871'}}, {'athlete': {'id': '4592479'}}]",2026-05-25T00:19:19Z,False,"{'x': -214748340, 'y': -214748365}",0,Substitution,446.0
40187320053,53,"{'id': '584', 'text': 'Substitution'}",Keldon Johnson enters the game for De'Aaron Fox,8,10,1,7:26,False,0,{'id': '24'},"[{'athlete': {'id': '4395723'}}, {'athlete': {'id': '4066259'}}]",2026-05-25T00:19:19Z,False,"{'x': -214748340, 'y': -214748365}",0,Substitution,446.0
40187320054,54,"{'id': '584', 'text': 'Substitution'}",Jaylin Williams enters the game for Chet Holmgren,8,10,1,7:26,False,0,{'id': '25'},"[{'athlete': {'id': '4432823'}}, {'athlete': {'id': '4433255'}}]",2026-05-25T00:19:19Z,False,"{'x': -214748340, 'y': -214748365}",0,Substitution,446.0
40187320055,55,"{'id': '584', 'text': 'Substitution'}",Alex Caruso enters the game for Isaiah Hartenstein,8,10,1,7:26,False,0,{'id': '25'},"[{'athlete': {'id': '2991350'}}, {'athlete': {'id': '4222252'}}]",2026-05-25T00:19:19Z,False,"{'x': -214748340, 'y': -214748365}",0,Substitution,446.0
40187320056,56,"{'id': '584', 'text': 'Substitution'}",Jared McCain enters the game for Cason Wallace,8,10,1,7:26,False,0,{'id': '25'},"[{'athlete': {'id': '4683778'}}, {'athlete': {'id': '4683692'}}]",2026-05-25T00:19:19Z,False,"{'x': -214748340, 'y': -214748365}",0,Substitution,446.0
40187320062,62,"{'id': '99', 'text': 'Free Throw - 2 of 2'}",Victor Wembanyama makes free throw 2 of 2,8,11,1,7:26,True,1,{'id': '24'},[{'athlete': {'id': '5104157'}}],2026-05-25T00:19:50Z,True,"{'x': -214748340, 'y': -214748365}",1,+1 Point,446.0
40187320064,64,"{'id': '92', 'text': 'Jump Shot'}",Jared McCain misses 23-foot three point jumper,8,11,1,7:00,False,0,{'id': '25'},[{'athlete': {'id': '4683778'}}],2026-05-25T00:20:36Z,True,"{'x': 48, 'y': -1}",3,Missed 3PT,420.0
40187320065,65,"{'id': '155', 'text': 'Defensive Rebound'}",Victor Wembanyama defensive rebound,8,11,1,6:58,False,0,{'id': '24'},[{'athlete': {'id': '5104157'}}],2026-05-25T00:20:38Z,False,"{'x': 48, 'y': -1}",0,Rebound,418.0
40187320066,66,"{'id': '146', 'text': 'Running Pullup Jump Shot'}",Keldon Johnson makes 5-foot running pullup jump shot (Victor Wembanyama assists),8,13,1,6:52,True,2,{'id': '24'},"[{'athlete': {'id': '4395723'}}, {'athlete': {'id': '5104157'}}]",2026-05-25T00:20:44Z,True,"{'x': 25, 'y': 5}",2,+2 Points,412.0
40187320068,68,"{'id': '144', 'text': 'Driving Floating Jump Shot'}",Shai Gilgeous-Alexander misses driving floating jump shot,8,13,1,6:30,False,0,{'id': '25'},[{'athlete': {'id': '4278073'}}],2026-05-25T00:21:06Z,True,"{'x': 30, 'y': 12}",2,Missed FG,390.0
40187320069,69,"{'id': '155', 'text': 'Defensive Rebound'}",Keldon Johnson defensive rebound,8,13,1,6:29,False,0,{'id': '24'},[{'athlete': {'id': '4395723'}}],2026-05-25T00:21:07Z,False,"{'x': 30, 'y': 12}",0,Rebound,389.0
40187320070,70,"{'id': '92', 'text': 'Jump Shot'}",Keldon Johnson misses 23-foot three point jumper,8,13,1,6:18,False,0,{'id': '24'},[{'athlete': {'id': '4395723'}}],2026-05-25T00:21:22Z,True,"{'x': 48, 'y': 3}",3,Missed 3PT,378.0
40187320071,71,"{'id': '156', 'text': 'Offensive Rebound'}",Keldon Johnson offensive rebound,8,13,1,6:16,False,0,{'id': '24'},[{'athlete': {'id': '4395723'}}],2026-05-25T00:21:24Z,False,"{'x': 48, 'y': 3}",0,Rebound,376.0
40187320073,73,"{'id': '16', 'text': 'Full Timeout'}",Spurs Full timeout,8,13,1,6:13,False,0,{'id': '24'},,2026-05-25T00:21:35Z,False,"{'x': -214748340, 'y': -214748365}",0,Timeout,373.0
40187320075,75,"{'id': '92', 'text': 'Jump Shot'}",Stephon Castle makes 25-foot three point jumper (Dylan Harper assists),8,16,1,6:09,True,3,{'id': '24'},"[{'athlete': {'id': '4845367'}}, {'athlete': {'id': '5037871'}}]",2026-05-25T00:25:20Z,True,"{'x': 4, 'y': 13}",3,+3 Points,369.0
40187320077,77,"{'id': '92', 'text': 'Jump Shot'}",Jaylin Williams misses 24-foot three point jumper,8,16,1,5:45,False,0,{'id': '25'},[{'athlete': {'id': '4432823'}}],2026-05-25T00:25:45Z,True,"{'x': 46, 'y': 13}",3,Missed 3PT,345.0
40187320078,78,"{'id': '155', 'text': 'Defensive Rebound'}",Stephon Castle defensive rebound,8,16,1,5:43,False,0,{'id': '24'},[{'athlete': {'id': '4845367'}}],2026-05-25T00:25:47Z,False,"{'x': 46, 'y': 13}",0,Rebound,343.0
40187320079,79,"{'id': '113', 'text': 'Running Jump Shot'}",Devin Vassell makes 25-foot running jump shot (Stephon Castle assists),8,19,1,5:40,True,3,{'id': '24'},"[{'athlete': {'id': '4395630'}}, {'athlete': {'id': '4845367'}}]",2026-05-25T00:25:49Z,True,"{'x': 46, 'y': 14}",3,+3 Points,340.0
40187320081,81,"{'id': '45', 'text': 'Personal Foul'}",Dylan Harper personal foul,8,19,1,5:27,False,0,{'id': '24'},[{'athlete': {'id': '5037871'}}],2026-05-25T00:26:05Z,False,"{'x': 44, 'y': 12}",0,Foul,327.0
40187320083,83,"{'id': '584', 'text': 'Substitution'}",Kenrich Williams enters the game for Luguentz Dort,8,19,1,5:27,False,0,{'id': '25'},"[{'athlete': {'id': '3133626'}}, {'athlete': {'id': '4397020'}}]",2026-05-25T00:26:19Z,False,"{'x': -214748340, 'y': -214748365}",0,Substitution,327.0
40187320085,85,"{'id': '90', 'text': 'Out of Bounds - Bad Pass Turnover'}",Jaylin Williams out of bounds bad pass turnover,8,19,1,5:15,False,0,{'id': '25'},[{'athlete': {'id': '4432823'}}],2026-05-25T00:26:49Z,False,"{'x': 40, 'y': -3}",0,Turnover,315.0
40187320086,86,"{'id': '45', 'text': 'Personal Foul'}",Alex Caruso personal foul,8,19,1,5:07,False,0,{'id': '25'},[{'athlete': {'id': '2991350'}}],2026-05-25T00:27:08Z,False,"{'x': 35, 'y': 9}",0,Foul,307.0
401873200101,101,"{'id': '63', 'text': 'Lost Ball Turnover'}",Keldon Johnson lost ball turnover (Shai Gilgeous-Alexander steals),8,19,1,4:56,False,0,{'id': '24'},"[{'athlete': {'id': '4395723'}}, {'athlete': {'id': '4278073'}}]",2026-05-25T00:27:33Z,False,"{'x': 25, 'y': 2}",0,Turnover,296.0
40187320091,91,"{'id': '126', 'text': 'Layup Driving Reverse'}",Devin Vassell blocks Jared McCain 's 2-foot two point shot,8,19,1,4:45,False,0,{'id': '25'},"[{'athlete': {'id': '4683778'}}, {'athlete': {'id': '4395630'}}]",2026-05-25T00:27:38Z,True,"{'x': 27, 'y': 0}",2,Missed FG,285.0
40187320093,93,"{'id': '155', 'text': 'Defensive Rebound'}",Devin Vassell defensive rebound,8,19,1,4:43,False,0,{'id': '24'},[{'athlete': {'id': '4395630'}}],2026-05-25T00:27:40Z,False,"{'x': 27, 'y': 0}",0,Rebound,283.0
40187320094,94,"{'id': '149', 'text': 'Running Alley Oop Dunk Shot'}",Victor Wembanyama makes dunk (Devin Vassell assists),8,21,1,4:40,True,2,{'id': '24'},"[{'athlete': {'id': '5104157'}}, {'athlete': {'id': '4395630'}}]",2026-05-25T00:27:44Z,True,"{'x': 25, 'y': 1}",2,+2 Points,280.0
40187320096,96,"{'id': '16', 'text': 'Full Timeout'}",Thunder Full timeout,8,21,1,4:39,False,0,{'id': '25'},,2026-05-25T00:27:49Z,False,"{'x': -214748340, 'y': -214748365}",0,Timeout,279.0
40187320097,97,"{'id': '584', 'text': 'Substitution'}",Isaiah Hartenstein enters the game for Shai Gilgeous-Alexander,8,21,1,4:39,False,0,{'id': '25'},"[{'athlete': {'id': '4222252'}}, {'athlete': {'id': '4278073'}}]",2026-05-25T00:30:52Z,False,"{'x': -214748340, 'y': -214748365}",0,Substitution,279.0
40187320098,98,"{'id': '584', 'text': 'Substitution'}",Chet Holmgren enters the game for Jaylin Williams,8,21,1,4:39,False,0,{'id': '25'},"[{'athlete': {'id': '4433255'}}, {'athlete': {'id': '4432823'}}]",2026-05-25T00:30:52Z,False,"{'x': -214748340, 'y': -214748365}",0,Substitution,279.0
401873200103,103,"{'id': '63', 'text': 'Lost Ball Turnover'}",Chet Holmgren lost ball turnover (Victor Wembanyama steals),8,21,1,4:27,False,0,{'id': '25'},"[{'athlete': {'id': '4433255'}}, {'athlete': {'id': '5104157'}}]",2026-05-25T00:31:42Z,False,"{'x': 24, 'y': 10}",0,Turnover,267.0
401873200105,105,"{'id': '44', 'text': 'Shooting Foul'}",Kenrich Williams shooting foul,8,21,1,4:19,False,0,{'id': '25'},[{'athlete': {'id': '3133626'}}],2026-05-25T00:31:52Z,False,"{'x': 26, 'y': 1}",0,Foul,259.0
401873200107,107,"{'id': '98', 'text': 'Free Throw - 1 of 2'}",Victor Wembanyama makes free throw 1 of 2,8,22,1,4:19,True,1,{'id': '24'},[{'athlete': {'id': '5104157'}}],2026-05-25T00:32:23Z,True,"{'x': -214748340, 'y': -214748365}",1,+1 Point,259.0
401873200108,108,"{'id': '584', 'text': 'Substitution'}",Julian Champagnie enters the game for Devin Vassell,8,22,1,4:19,False,0,{'id': '24'},"[{'athlete': {'id': '4592479'}}, {'athlete': {'id': '4395630'}}]",2026-05-25T00:32:24Z,False,"{'x': -214748340, 'y': -214748365}",0,Substitution,259.0
401873200110,110,"{'id': '99', 'text': 'Free Throw - 2 of 2'}",Victor Wembanyama makes free throw 2 of 2,8,23,1,4:19,True,1,{'id': '24'},[{'athlete': {'id': '5104157'}}],2026-05-25T00:33:00Z,True,"{'x': -214748340, 'y': -214748365}",1,+1 Point,259.0
401873200111,111,"{'id': '72', 'text': 'Back Court Turnover'}",Chet Holmgren back court turnover,8,23,1,4:00,False,0,{'id': '25'},[{'athlete': {'id': '4433255'}}],2026-05-25T00:33:24Z,False,"{'x': 44, 'y': 25}",0,Turnover,240.0
401873200112,112,"{'id': '92', 'text': 'Jump Shot'}",Stephon Castle misses 22-foot three point jumper,8,23,1,3:50,False,0,{'id': '24'},[{'athlete': {'id': '4845367'}}],2026-05-25T00:33:45Z,True,"{'x': 2, 'y': -1}",3,Missed 3PT,230.0
401873200113,113,"{'id': '155', 'text': 'Defensive Rebound'}",Isaiah Hartenstein defensive rebound,8,23,1,3:45,False,0,{'id': '25'},[{'athlete': {'id': '4222252'}}],2026-05-25T00:33:50Z,False,"{'x': 2, 'y': -1}",0,Rebound,225.0
401873200114,114,"{'id': '131', 'text': 'Pullup Jump Shot'}",Jared McCain misses 26-foot three point pullup jump shot,8,23,1,3:38,False,0,{'id': '25'},[{'athlete': {'id': '4683778'}}],2026-05-25T00:33:57Z,True,"{'x': 22, 'y': 26}",3,Missed 3PT,218.0
401873200115,115,"{'id': '155', 'text': 'Defensive Rebound'}",Spurs defensive team rebound,8,23,1,3:37,False,0,{'id': '24'},,2026-05-25T00:33:58Z,False,"{'x': 22, 'y': 26}",0,Rebound,217.0
401873200116,116,"{'id': '43', 'text': 'Loose Ball Foul'}",Isaiah Hartenstein loose ball foul,8,23,1,3:37,False,0,{'id': '25'},[{'athlete': {'id': '4222252'}}],2026-05-25T00:34:06Z,False,"{'x': 33, 'y': 6}",0,Foul,217.0
401873200118,118,"{'id': '98', 'text': 'Free Throw - 1 of 2'}",Keldon Johnson misses free throw 1 of 2,8,23,1,3:37,False,0,{'id': '24'},[{'athlete': {'id': '4395723'}}],2026-05-25T00:34:44Z,True,"{'x': -214748340, 'y': -214748365}",1,Missed FT,217.0
401873200119,119,"{'id': '156', 'text': 'Offensive Rebound'}",Spurs offensive team rebound,8,23,1,3:37,False,0,{'id': '24'},,2026-05-25T00:34:44Z,False,"{'x': -214748340, 'y': -214748365}",0,Rebound,217.0
401873200120,120,"{'id': '584', 'text': 'Substitution'}",De'Aaron Fox enters the game for Stephon Castle,8,23,1,3:37,False,0,{'id': '24'},"[{'athlete': {'id': '4066259'}}, {'athlete': {'id': '4845367'}}]",2026-05-25T00:34:45Z,False,"{'x': -214748340, 'y': -214748365}",0,Substitution,217.0
401873200121,121,"{'id': '584', 'text': 'Substitution'}",Shai Gilgeous-Alexander enters the game for Alex Caruso,8,23,1,3:37,False,0,{'id': '25'},"[{'athlete': {'id': '4278073'}}, {'athlete': {'id': '2991350'}}]",2026-05-25T00:34:45Z,False,"{'x': -214748340, 'y': -214748365}",0,Substitution,217.0
401873200122,122,"{'id': '584', 'text': 'Substitution'}",Aaron Wiggins enters the game for Isaiah Hartenstein,8,23,1,3:37,False,0,{'id': '25'},"[{'athlete': {'id': '4397183'}}, {'athlete': {'id': '4222252'}}]",2026-05-25T00:34:45Z,False,"{'x': -214748340, 'y': -214748365}",0,Substitution,217.0
401873200126,126,"{'id': '99', 'text': 'Free Throw - 2 of 2'}",Keldon Johnson misses free throw 2 of 2,8,23,1,3:37,False,0,{'id': '24'},[{'athlete': {'id': '4395723'}}],2026-05-25T00:34:44Z,True,"{'x': -214748340, 'y': -214748365}",1,Missed FT,217.0
401873200127,127,"{'id': '155', 'text': 'Defensive Rebound'}",Chet Holmgren defensive rebound,8,23,1,3:35,False,0,{'id': '25'},[{'athlete': {'id': '4433255'}}],2026-05-25T00:34:46Z,False,"{'x': -214748340, 'y': -214748365}",0,Rebound,215.0
401873200128,128,"{'id': '131', 'text': 'Pullup Jump Shot'}",Shai Gilgeous-Alexander makes 17-foot pullup jump shot,10,23,1,3:23,True,2,{'id': '25'},[{'athlete': {'id': '4278073'}}],2026-05-25T00:35:21Z,True,"{'x': 13, 'y': 12}",2,+2 Points,203.0
401873200129,129,"{'id': '92', 'text': 'Jump Shot'}",Julian Champagnie misses 22-foot three point jumper,10,23,1,3:09,False,0,{'id': '24'},[{'athlete': {'id': '4592479'}}],2026-05-25T00:35:37Z,True,"{'x': 3, 'y': -1}",3,Missed 3PT,189.0
401873200130,130,"{'id': '155', 'text': 'Defensive Rebound'}",Thunder defensive team rebound,10,23,1,3:08,False,0,{'id': '25'},,2026-05-25T00:35:38Z,False,"{'x': 3, 'y': -1}",0,Rebound,188.0
401873200132,132,"{'id': '45', 'text': 'Personal Foul'}",Dylan Harper personal foul,10,23,1,2:59,False,0,{'id': '24'},[{'athlete': {'id': '5037871'}}],2026-05-25T00:35:57Z,False,"{'x': 6, 'y': 18}",0,Foul,179.0
401873200134,134,"{'id': '584', 'text': 'Substitution'}",Luke Kornet enters the game for Victor Wembanyama,10,23,1,2:59,False,0,{'id': '24'},"[{'athlete': {'id': '3064560'}}, {'athlete': {'id': '5104157'}}]",2026-05-25T00:36:08Z,False,"{'x': -214748340, 'y': -214748365}",0,Substitution,179.0
401873200135,135,"{'id': '584', 'text': 'Substitution'}",Stephon Castle enters the game for Dylan Harper,10,23,1,2:59,False,0,{'id': '24'},"[{'athlete': {'id': '4845367'}}, {'athlete': {'id': '5037871'}}]",2026-05-25T00:36:08Z,False,"{'x': -214748340, 'y': -214748365}",0,Substitution,179.0
401873200136,136,"{'id': '584', 'text': 'Substitution'}",Devin Vassell enters the game for Keldon Johnson,10,23,1,2:59,False,0,{'id': '24'},"[{'athlete': {'id': '4395630'}}, {'athlete': {'id': '4395723'}}]",2026-05-25T00:36:08Z,False,"{'x': -214748340, 'y': -214748365}",0,Substitution,179.0
401873200137,137,"{'id': '584', 'text': 'Substitution'}",Jaylin Williams enters the game for Jared McCain,10,23,1,2:59,False,0,{'id': '25'},"[{'athlete': {'id': '4432823'}}, {'athlete': {'id': '4683778'}}]",2026-05-25T00:36:08Z,False,"{'x': -214748340, 'y': -214748365}",0,Substitution,179.0
401873200143,143,"{'id': '132', 'text': 'Step Back Jump Shot'}",Shai Gilgeous-Alexander misses 19-foot step back jumpshot,10,23,1,2:50,False,0,{'id': '25'},[{'athlete': {'id': '4278073'}}],2026-05-25T00:36:34Z,True,"{'x': 14, 'y': 17}",2,Missed FG,170.0
401873200144,144,"{'id': '155', 'text': 'Defensive Rebound'}",Luke Kornet defensive rebound,10,23,1,2:47,False,0,{'id': '24'},[{'athlete': {'id': '3064560'}}],2026-05-25T00:36:37Z,False,"{'x': 14, 'y': 17}",0,Rebound,167.0
401873200145,145,"{'id': '121', 'text': 'Fade Away Jump Shot'}",Devin Vassell misses 13-foot fade away jump shot,10,23,1,2:41,False,0,{'id': '24'},[{'athlete': {'id': '4395630'}}],2026-05-25T00:36:46Z,True,"{'x': 29, 'y': 13}",2,Missed FG,161.0
401873200146,146,"{'id': '155', 'text': 'Defensive Rebound'}",Thunder defensive team rebound,10,23,1,2:39,False,0,{'id': '25'},,2026-05-25T00:36:48Z,False,"{'x': 29, 'y': 13}",0,Rebound,159.0
401873200148,148,"{'id': '110', 'text': 'Driving Layup Shot'}",Shai Gilgeous-Alexander makes driving layup,12,23,1,2:28,True,2,{'id': '25'},[{'athlete': {'id': '4278073'}}],2026-05-25T00:37:05Z,True,"{'x': 23, 'y': 0}",2,+2 Points,148.0
401873200149,149,"{'id': '96', 'text': 'Dunk Shot'}",Luke Kornet makes dunk (De'Aaron Fox assists),12,25,1,2:17,True,2,{'id': '24'},"[{'athlete': {'id': '3064560'}}, {'athlete': {'id': '4066259'}}]",2026-05-25T00:37:15Z,True,"{'x': 25, 'y': 1}",2,+2 Points,137.0
401873200151,151,"{'id': '44', 'text': 'Shooting Foul'}",De'Aaron Fox shooting foul,12,25,1,1:57,False,0,{'id': '24'},[{'athlete': {'id': '4066259'}}],2026-05-25T00:37:44Z,False,"{'x': 38, 'y': 5}",0,Foul,117.0
401873200153,153,"{'id': '98', 'text': 'Free Throw - 1 of 2'}",Shai Gilgeous-Alexander makes free throw 1 of 2,13,25,1,1:57,True,1,{'id': '25'},[{'athlete': {'id': '4278073'}}],2026-05-25T00:38:06Z,True,"{'x': -214748340, 'y': -214748365}",1,+1 Point,117.0
401873200154,154,"{'id': '99', 'text': 'Free Throw - 2 of 2'}",Shai Gilgeous-Alexander makes free throw 2 of 2,14,25,1,1:57,True,1,{'id': '25'},[{'athlete': {'id': '4278073'}}],2026-05-25T00:38:30Z,True,"{'x': -214748340, 'y': -214748365}",1,+1 Point,117.0
401873200155,155,"{'id': '92', 'text': 'Jump Shot'}",Devin Vassell makes 22-foot three point jumper (Julian Champagnie assists),14,28,1,1:46,True,3,{'id': '24'},"[{'athlete': {'id': '4395630'}}, {'athlete': {'id': '4592479'}}]",2026-05-25T00:38:44Z,True,"{'x': 3, 'y': 3}",3,+3 Points,106.0
401873200157,157,"{'id': '131', 'text': 'Pullup Jump Shot'}",Kenrich Williams misses 17-foot pullup jump shot,14,28,1,1:20,False,0,{'id': '25'},[{'athlete': {'id': '3133626'}}],2026-05-25T00:39:09Z,True,"{'x': 12, 'y': 11}",2,Missed FG,80.0
401873200158,158,"{'id': '155', 'text': 'Defensive Rebound'}",De'Aaron Fox defensive rebound,14,28,1,1:18,False,0,{'id': '24'},[{'athlete': {'id': '4066259'}}],2026-05-25T00:39:11Z,False,"{'x': 12, 'y': 11}",0,Rebound,78.0
401873200159,159,"{'id': '110', 'text': 'Driving Layup Shot'}",Stephon Castle misses driving layup,14,28,1,1:12,False,0,{'id': '24'},[{'athlete': {'id': '4845367'}}],2026-05-25T00:39:18Z,True,"{'x': 28, 'y': 2}",2,Missed FG,72.0
401873200160,160,"{'id': '155', 'text': 'Defensive Rebound'}",Shai Gilgeous-Alexander defensive rebound,14,28,1,1:10,False,0,{'id': '25'},[{'athlete': {'id': '4278073'}}],2026-05-25T00:39:20Z,False,"{'x': 28, 'y': 2}",0,Rebound,70.0
401873200161,161,"{'id': '92', 'text': 'Jump Shot'}",Jaylin Williams makes 24-foot three point jumper (Shai Gilgeous-Alexander assists),17,28,1,1:06,True,3,{'id': '25'},"[{'athlete': {'id': '4432823'}}, {'athlete': {'id': '4278073'}}]",2026-05-25T00:39:24Z,True,"{'x': 36, 'y': 22}",3,+3 Points,66.0
401873200163,163,"{'id': '132', 'text': 'Step Back Jump Shot'}",De'Aaron Fox misses 18-foot step back jumpshot,17,28,1,51.8,False,0,{'id': '24'},[{'athlete': {'id': '4066259'}}],2026-05-25T00:39:39Z,True,"{'x': 34, 'y': 17}",2,Missed FG,51.8
401873200164,164,"{'id': '155', 'text': 'Defensive Rebound'}",Chet Holmgren defensive rebound,17,28,1,50.1,False,0,{'id': '25'},[{'athlete': {'id': '4433255'}}],2026-05-25T00:39:41Z,False,"{'x': 34, 'y': 17}",0,Rebound,50.1
401873200165,165,"{'id': '144', 'text': 'Driving Floating Jump Shot'}",Shai Gilgeous-Alexander misses driving floating jump shot,17,28,1,38.1,False,0,{'id': '25'},[{'athlete': {'id': '4278073'}}],2026-05-25T00:39:52Z,True,"{'x': 32, 'y': 4}",2,Missed FG,38.1
401873200166,166,"{'id': '155', 'text': 'Defensive Rebound'}",Devin Vassell defensive rebound,17,28,1,36.0,False,0,{'id': '24'},[{'athlete': {'id': '4395630'}}],2026-05-25T00:39:55Z,False,"{'x': 32, 'y': 4}",0,Rebound,36.0
401873200168,168,"{'id': '584', 'text': 'Substitution'}",Victor Wembanyama enters the game for Luke Kornet,17,28,1,33.8,False,0,{'id': '24'},"[{'athlete': {'id': '5104157'}}, {'athlete': {'id': '3064560'}}]",2026-05-25T00:40:03Z,False,"{'x': -214748340, 'y': -214748365}",0,Substitution,33.8
401873200169,169,"{'id': '584', 'text': 'Substitution'}",Cason Wallace enters the game for Kenrich Williams,17,28,1,33.8,False,0,{'id': '25'},"[{'athlete': {'id': '4683692'}}, {'athlete': {'id': '3133626'}}]",2026-05-25T00:40:03Z,False,"{'x': -214748340, 'y': -214748365}",0,Substitution,33.8
401873200172,172,"{'id': '132', 'text': 'Step Back Jump Shot'}",Chet Holmgren blocks De'Aaron Fox 's 8-foot step back jumpshot,17,28,1,25.5,False,0,{'id': '24'},"[{'athlete': {'id': '4066259'}}, {'athlete': {'id': '4433255'}}]",2026-05-25T00:40:31Z,True,"{'x': 26, 'y': 9}",2,Missed FG,25.5
401873200174,174,"{'id': '155', 'text': 'Defensive Rebound'}",Chet Holmgren defensive rebound,17,28,1,22.4,False,0,{'id': '25'},[{'athlete': {'id': '4433255'}}],2026-05-25T00:40:34Z,False,"{'x': 26, 'y': 9}",0,Rebound,22.4
401873200175,175,"{'id': '110', 'text': 'Driving Layup Shot'}",Victor Wembanyama blocks Aaron Wiggins's driving layup,17,28,1,4.1,False,0,{'id': '25'},"[{'athlete': {'id': '4397183'}}, {'athlete': {'id': '5104157'}}]",2026-05-25T00:40:53Z,True,"{'x': 27, 'y': 1}",2,Missed FG,4.1
401873200176,176,"{'id': '156', 'text': 'Offensive Rebound'}",Chet Holmgren offensive rebound,17,28,1,2.1,False,0,{'id': '25'},[{'athlete': {'id': '4433255'}}],2026-05-25T00:40:55Z,False,"{'x': 27, 'y': 1}",0,Rebound,2.1
401873200177,177,"{'id': '94', 'text': 'Tip Shot'}",Chet Holmgren makes tip shot,19,28,1,2.1,True,2,{'id': '25'},[{'athlete': {'id': '4433255'}}],2026-05-25T00:40:57Z,True,"{'x': 25, 'y': 0}",2,+2 Points,2.1
401873200178,178,"{'id': '282', 'text': 'Heave Jump Shot'}",De'Aaron Fox misses heave jump shot,19,28,1,0.0,False,0,{'id': '24'},[{'athlete': {'id': '4066259'}}],2026-05-25T00:41:01Z,True,"{'x': 21, 'y': 49}",3,Missed 3PT,0.0
401873200179,179,"{'id': '156', 'text': 'Offensive Rebound'}",Spurs offensive team rebound,19,28,1,0.0,False,0,{'id': '24'},,2026-05-25T00:41:02Z,False,"{'x': 29, 'y': 35}",0,Rebound,0.0
401873200180,180,"{'id': '412', 'text': 'End Period'}",End of the 1st Quarter,19,28,1,0.0,False,0,,,2026-05-25T00:41:06Z,False,"{'x': -214748340, 'y': -214748365}",0,End of 1st,0.0
401873200181,181,"{'id': '584', 'text': 'Substitution'}",Luke Kornet enters the game for Devin Vassell,19,28,2,12:00,False,0,{'id': '24'},"[{'athlete': {'id': '3064560'}}, {'athlete': {'id': '4395630'}}]",2026-05-25T00:43:36Z,False,"{'x': -214748340, 'y': -214748365}",0,Substitution,720.0
401873200182,182,"{'id': '584', 'text': 'Substitution'}",Carter Bryant enters the game for Victor Wembanyama,19,28,2,12:00,False,0,{'id': '24'},"[{'athlete': {'id': '5061568'}}, {'athlete': {'id': '5104157'}}]",2026-05-25T00:43:36Z,False,"{'x': -214748340, 'y': -214748365}",0,Substitution,720.0
401873200183,183,"{'id': '584', 'text': 'Substitution'}",Isaiah Joe enters the game for Shai Gilgeous-Alexander,19,28,2,12:00,False,0,{'id': '25'},"[{'athlete': {'id': '4395702'}}, {'athlete': {'id': '4278073'}}]",2026-05-25T00:43:36Z,False,"{'x': -214748340, 'y': -214748365}",0,Substitution,720.0
401873200184,184,"{'id': '584', 'text': 'Substitution'}",Jared McCain enters the game for Jaylin Williams,19,28,2,12:00,False,0,{'id': '25'},"[{'athlete': {'id': '4683778'}}, {'athlete': {'id': '4432823'}}]",2026-05-25T00:43:36Z,False,"{'x': -214748340, 'y': -214748365}",0,Substitution,720.0
401873200185,185,"{'id': '584', 'text': 'Substitution'}",Alex Caruso enters the game for Aaron Wiggins,19,28,2,12:00,False,0,{'id': '25'},"[{'athlete': {'id': '2991350'}}, {'athlete': {'id': '4397183'}}]",2026-05-25T00:43:36Z,False,"{'x': -214748340, 'y': -214748365}",0,Substitution,720.0
401873200192,192,"{'id': '92', 'text': 'Jump Shot'}",Jared McCain misses 26-foot three point jumper,19,28,2,11:46,False,0,{'id': '25'},[{'athlete': {'id': '4683778'}}],2026-05-25T00:45:02Z,True,"{'x': 43, 'y': 20}",3,Missed 3PT,706.0
401873200193,193,"{'id': '156', 'text': 'Offensive Rebound'}",Jared McCain offensive rebound,19,28,2,11:42,False,0,{'id': '25'},[{'athlete': {'id': '4683778'}}],2026-05-25T00:45:06Z,False,"{'x': 43, 'y': 20}",0,Rebound,702.0
401873200194,194,"{'id': '62', 'text': 'Bad Pass\nTurnover'}","Jared McCain bad pass
turnover (Carter Bryant steals)",19,28,2,11:41,False,0,{'id': '25'},"[{'athlete': {'id': '4683778'}}, {'athlete': {'id': '5061568'}}]",2026-05-25T00:45:08Z,False,"{'x': 45, 'y': 6}",0,Turnover,701.0
401873200196,196,"{'id': '90', 'text': 'Out of Bounds - Bad Pass Turnover'}",Stephon Castle out of bounds bad pass turnover,19,28,2,11:35,False,0,{'id': '24'},[{'athlete': {'id': '4845367'}}],2026-05-25T00:45:17Z,False,"{'x': 33, 'y': 5}",0,Turnover,695.0
401873200197,197,"{'id': '151', 'text': 'Cutting Dunk Shot'}",Chet Holmgren makes dunk (Cason Wallace assists),21,28,2,11:25,True,2,{'id': '25'},"[{'athlete': {'id': '4433255'}}, {'athlete': {'id': '4683692'}}]",2026-05-25T00:45:27Z,True,"{'x': 24, 'y': 0}",2,+2 Points,685.0
401873200199,199,"{'id': '92', 'text': 'Jump Shot'}",Carter Bryant misses 23-foot three point jumper,21,28,2,11:01,False,0,{'id': '24'},[{'athlete': {'id': '5061568'}}],2026-05-25T00:45:51Z,True,"{'x': 2, 'y': -1}",3,Missed 3PT,661.0
401873200200,200,"{'id': '155', 'text': 'Defensive Rebound'}",Isaiah Joe defensive rebound,21,28,2,10:59,False,0,{'id': '25'},[{'athlete': {'id': '4395702'}}],2026-05-25T00:45:53Z,False,"{'x': 2, 'y': -1}",0,Rebound,659.0
401873200201,201,"{'id': '128', 'text': 'Driving Finger Roll Layup'}",Isaiah Joe makes two point shot (Alex Caruso assists),23,28,2,10:53,True,2,{'id': '25'},"[{'athlete': {'id': '4395702'}}, {'athlete': {'id': '2991350'}}]",2026-05-25T00:46:03Z,True,"{'x': 25, 'y': 1}",2,+2 Points,653.0
401873200203,203,"{'id': '44', 'text': 'Shooting Foul'}",Carter Bryant shooting foul,23,28,2,10:53,False,0,{'id': '24'},[{'athlete': {'id': '5061568'}}],2026-05-25T00:46:08Z,False,"{'x': 24, 'y': 0}",0,Foul,653.0
401873200205,205,"{'id': '584', 'text': 'Substitution'}",Harrison Barnes enters the game for Stephon Castle,23,28,2,10:53,False,0,{'id': '24'},"[{'athlete': {'id': '6578'}}, {'athlete': {'id': '4845367'}}]",2026-05-25T00:46:18Z,False,"{'x': -214748340, 'y': -214748365}",0,Substitution,653.0
401873200206,206,"{'id': '584', 'text': 'Substitution'}",Dylan Harper enters the game for Carter Bryant,23,28,2,10:53,False,0,{'id': '24'},"[{'athlete': {'id': '5037871'}}, {'athlete': {'id': '5061568'}}]",2026-05-25T00:46:18Z,False,"{'x': -214748340, 'y': -214748365}",0,Substitution,653.0
401873200209,209,"{'id': '97', 'text': 'Free Throw - 1 of 1'}",Isaiah Joe makes free throw 1 of 1,24,28,2,10:53,True,1,{'id': '25'},[{'athlete': {'id': '4395702'}}],2026-05-25T00:46:38Z,True,"{'x': -214748340, 'y': -214748365}",1,+1 Point,653.0
401873200210,210,"{'id': '137', 'text': 'Turnaround Fade Away Jump Shot'}",De'Aaron Fox makes 8-foot two point shot,24,30,2,10:37,True,2,{'id': '24'},[{'athlete': {'id': '4066259'}}],2026-05-25T00:46:59Z,True,"{'x': 20, 'y': 7}",2,+2 Points,637.0
401873200211,211,"{'id': '121', 'text': 'Fade Away Jump Shot'}",Jared McCain misses 8-foot fade away jump shot,24,30,2,10:18,False,0,{'id': '25'},[{'athlete': {'id': '4683778'}}],2026-05-25T00:47:18Z,True,"{'x': 22, 'y': 8}",2,Missed FG,618.0
401873200212,212,"{'id': '155', 'text': 'Defensive Rebound'}",Luke Kornet defensive rebound,24,30,2,10:16,False,0,{'id': '24'},[{'athlete': {'id': '3064560'}}],2026-05-25T00:47:20Z,False,"{'x': 22, 'y': 8}",0,Rebound,616.0
401873200213,213,"{'id': '44', 'text': 'Shooting Foul'}",Chet Holmgren shooting foul,24,30,2,10:06,False,0,{'id': '25'},[{'athlete': {'id': '4433255'}}],2026-05-25T00:47:32Z,False,"{'x': 25, 'y': 2}",0,Foul,606.0
401873200215,215,"{'id': '98', 'text': 'Free Throw - 1 of 2'}",Dylan Harper misses free throw 1 of 2,24,30,2,10:06,False,0,{'id': '24'},[{'athlete': {'id': '5037871'}}],2026-05-25T00:48:05Z,True,"{'x': -214748340, 'y': -214748365}",1,Missed FT,606.0
401873200216,216,"{'id': '156', 'text': 'Offensive Rebound'}",Spurs offensive team rebound,24,30,2,10:06,False,0,{'id': '24'},,2026-05-25T00:48:05Z,False,"{'x': -214748340, 'y': -214748365}",0,Rebound,606.0
401873200217,217,"{'id': '584', 'text': 'Substitution'}",Isaiah Hartenstein enters the game for Chet Holmgren,24,30,2,10:06,False,0,{'id': '25'},"[{'athlete': {'id': '4222252'}}, {'athlete': {'id': '4433255'}}]",2026-05-25T00:48:10Z,False,"{'x': -214748340, 'y': -214748365}",0,Substitution,606.0
401873200219,219,"{'id': '99', 'text': 'Free Throw - 2 of 2'}",Dylan Harper makes free throw 2 of 2,24,31,2,10:06,True,1,{'id': '24'},[{'athlete': {'id': '5037871'}}],2026-05-25T00:48:34Z,True,"{'x': -214748340, 'y': -214748365}",1,+1 Point,606.0
401873200221,221,"{'id': '131', 'text': 'Pullup Jump Shot'}",Isaiah Joe misses 26-foot three point pullup jump shot,24,31,2,9:55,False,0,{'id': '25'},[{'athlete': {'id': '4395702'}}],2026-05-25T00:48:45Z,True,"{'x': 7, 'y': 20}",3,Missed 3PT,595.0
401873200222,222,"{'id': '155', 'text': 'Defensive Rebound'}",Julian Champagnie defensive rebound,24,31,2,9:50,False,0,{'id': '24'},[{'athlete': {'id': '4592479'}}],2026-05-25T00:48:49Z,False,"{'x': 7, 'y': 20}",0,Rebound,590.0
401873200223,223,"{'id': '110', 'text': 'Driving Layup Shot'}",Julian Champagnie misses driving layup,24,31,2,9:41,False,0,{'id': '24'},[{'athlete': {'id': '4592479'}}],2026-05-25T00:48:58Z,True,"{'x': 27, 'y': 1}",2,Missed FG,581.0
401873200225,225,"{'id': '155', 'text': 'Defensive Rebound'}",Isaiah Joe defensive rebound,24,31,2,9:39,False,0,{'id': '25'},[{'athlete': {'id': '4395702'}}],2026-05-25T00:49:00Z,False,"{'x': 27, 'y': 1}",0,Rebound,579.0
401873200226,226,"{'id': '146', 'text': 'Running Pullup Jump Shot'}",Cason Wallace misses running pullup jump shot,24,31,2,9:34,False,0,{'id': '25'},[{'athlete': {'id': '4683692'}}],2026-05-25T00:49:06Z,True,"{'x': 28, 'y': 1}",2,Missed FG,574.0
401873200227,227,"{'id': '155', 'text': 'Defensive Rebound'}",Luke Kornet defensive rebound,24,31,2,9:33,False,0,{'id': '24'},[{'athlete': {'id': '3064560'}}],2026-05-25T00:49:07Z,False,"{'x': 28, 'y': 1}",0,Rebound,573.0
401873200228,228,"{'id': '44', 'text': 'Shooting Foul'}",Alex Caruso shooting foul,24,31,2,9:29,False,0,{'id': '25'},[{'athlete': {'id': '2991350'}}],2026-05-25T00:49:14Z,False,"{'x': 24, 'y': 1}",0,Foul,569.0
401873200230,230,"{'id': '98', 'text': 'Free Throw - 1 of 2'}",Dylan Harper misses free throw 1 of 2,24,31,2,9:29,False,0,{'id': '24'},[{'athlete': {'id': '5037871'}}],2026-05-25T00:49:46Z,True,"{'x': -214748340, 'y': -214748365}",1,Missed FT,569.0
401873200231,231,"{'id': '156', 'text': 'Offensive Rebound'}",Spurs offensive team rebound,24,31,2,9:29,False,0,{'id': '24'},,2026-05-25T00:49:46Z,False,"{'x': -214748340, 'y': -214748365}",0,Rebound,569.0
401873200232,232,"{'id': '99', 'text': 'Free Throw - 2 of 2'}",Dylan Harper misses free throw 2 of 2,24,31,2,9:29,False,0,{'id': '24'},[{'athlete': {'id': '5037871'}}],2026-05-25T00:49:46Z,True,"{'x': -214748340, 'y': -214748365}",1,Missed FT,569.0
401873200233,233,"{'id': '155', 'text': 'Defensive Rebound'}",Isaiah Hartenstein defensive rebound,24,31,2,9:26,False,0,{'id': '25'},[{'athlete': {'id': '4222252'}}],2026-05-25T00:49:49Z,False,"{'x': -214748340, 'y': -214748365}",0,Rebound,566.0
401873200234,234,"{'id': '131', 'text': 'Pullup Jump Shot'}",Isaiah Joe misses 25-foot three point pullup jump shot,24,31,2,9:12,False,0,{'id': '25'},[{'athlete': {'id': '4395702'}}],2026-05-25T00:50:21Z,True,"{'x': 36, 'y': 23}",3,Missed 3PT,552.0
401873200235,235,"{'id': '156', 'text': 'Offensive Rebound'}",Cason Wallace offensive rebound,24,31,2,9:10,False,0,{'id': '25'},[{'athlete': {'id': '4683692'}}],2026-05-25T00:50:23Z,False,"{'x': 36, 'y': 23}",0,Rebound,550.0
401873200236,236,"{'id': '125', 'text': 'Layup Shot Putback'}",Julian Champagnie blocks Cason Wallace 's 3-foot two point shot,24,31,2,9:09,False,0,{'id': '25'},"[{'athlete': {'id': '4683692'}}, {'athlete': {'id': '4592479'}}]",2026-05-25T00:50:27Z,True,"{'x': 28, 'y': 1}",2,Missed FG,549.0
401873200238,238,"{'id': '155', 'text': 'Defensive Rebound'}",De'Aaron Fox defensive rebound,24,31,2,9:08,False,0,{'id': '24'},[{'athlete': {'id': '4066259'}}],2026-05-25T00:50:28Z,False,"{'x': 28, 'y': 1}",0,Rebound,548.0
401873200239,239,"{'id': '110', 'text': 'Driving Layup Shot'}",Alex Caruso blocks De'Aaron Fox 's 1-foot driving layup,24,31,2,8:51,False,0,{'id': '24'},"[{'athlete': {'id': '4066259'}}, {'athlete': {'id': '2991350'}}]",2026-05-25T00:50:43Z,True,"{'x': 23, 'y': 1}",2,Missed FG,531.0
401873200241,241,"{'id': '156', 'text': 'Offensive Rebound'}",Spurs offensive team rebound,24,31,2,8:51,False,0,{'id': '24'},,2026-05-25T00:50:43Z,False,"{'x': 23, 'y': 1}",0,Rebound,531.0
401873200243,243,"{'id': '584', 'text': 'Substitution'}",Stephon Castle enters the game for De'Aaron Fox,24,31,2,8:51,False,0,{'id': '24'},"[{'athlete': {'id': '4845367'}}, {'athlete': {'id': '4066259'}}]",2026-05-25T00:50:53Z,False,"{'x': -214748340, 'y': -214748365}",0,Substitution,531.0
401873200245,245,"{'id': '132', 'text': 'Step Back Jump Shot'}",Stephon Castle misses 10-foot step back jumpshot,24,31,2,8:43,False,0,{'id': '24'},[{'athlete': {'id': '4845367'}}],2026-05-25T00:51:21Z,True,"{'x': 35, 'y': 3}",2,Missed FG,523.0
401873200246,246,"{'id': '156', 'text': 'Offensive Rebound'}",Luke Kornet offensive rebound,24,31,2,8:42,False,0,{'id': '24'},[{'athlete': {'id': '3064560'}}],2026-05-25T00:51:22Z,False,"{'x': 35, 'y': 3}",0,Rebound,522.0
401873200247,247,"{'id': '125', 'text': 'Layup Shot Putback'}",Luke Kornet makes two point shot,24,33,2,8:41,True,2,{'id': '24'},[{'athlete': {'id': '3064560'}}],2026-05-25T00:51:25Z,True,"{'x': 28, 'y': 1}",2,+2 Points,521.0
401873200248,248,"{'id': '141', 'text': 'Cutting Layup Shot'}",Isaiah Hartenstein misses layup,24,33,2,8:29,False,0,{'id': '25'},[{'athlete': {'id': '4222252'}}],2026-05-25T00:51:36Z,True,"{'x': 24, 'y': 5}",2,Missed FG,509.0
401873200249,249,"{'id': '156', 'text': 'Offensive Rebound'}",Isaiah Hartenstein offensive rebound,24,33,2,8:29,False,0,{'id': '25'},[{'athlete': {'id': '4222252'}}],2026-05-25T00:51:36Z,False,"{'x': 24, 'y': 5}",0,Rebound,509.0
401873200250,250,"{'id': '94', 'text': 'Tip Shot'}",Isaiah Hartenstein makes tip shot,26,33,2,8:27,True,2,{'id': '25'},[{'athlete': {'id': '4222252'}}],2026-05-25T00:51:39Z,True,"{'x': 25, 'y': 0}",2,+2 Points,507.0
401873200251,251,"{'id': '63', 'text': 'Lost Ball Turnover'}",Dylan Harper lost ball turnover (Cason Wallace steals),26,33,2,8:20,False,0,{'id': '24'},"[{'athlete': {'id': '5037871'}}, {'athlete': {'id': '4683692'}}]",2026-05-25T00:51:44Z,False,"{'x': 18, 'y': 31}",0,Turnover,500.0
401873200253,253,"{'id': '109', 'text': 'Running Layup Shot'}",Cason Wallace misses running layup,26,33,2,8:17,False,0,{'id': '25'},[{'athlete': {'id': '4683692'}}],2026-05-25T00:51:49Z,True,"{'x': 27, 'y': 1}",2,Missed FG,497.0
401873200254,254,"{'id': '156', 'text': 'Offensive Rebound'}",Thunder offensive team rebound,26,33,2,8:17,False,0,{'id': '25'},,2026-05-25T00:51:49Z,False,"{'x': 27, 'y': 1}",0,Rebound,497.0
401873200256,256,"{'id': '584', 'text': 'Substitution'}",Victor Wembanyama enters the game for Luke Kornet,26,33,2,8:17,False,0,{'id': '24'},"[{'athlete': {'id': '5104157'}}, {'athlete': {'id': '3064560'}}]",2026-05-25T00:51:55Z,False,"{'x': -214748340, 'y': -214748365}",0,Substitution,497.0
401873200257,257,"{'id': '584', 'text': 'Substitution'}",Shai Gilgeous-Alexander enters the game for Jared McCain,26,33,2,8:17,False,0,{'id': '25'},"[{'athlete': {'id': '4278073'}}, {'athlete': {'id': '4683778'}}]",2026-05-25T00:51:55Z,False,"{'x': -214748340, 'y': -214748365}",0,Substitution,497.0
401873200258,258,"{'id': '584', 'text': 'Substitution'}",Aaron Wiggins enters the game for Alex Caruso,26,33,2,8:17,False,0,{'id': '25'},"[{'athlete': {'id': '4397183'}}, {'athlete': {'id': '2991350'}}]",2026-05-25T00:51:55Z,False,"{'x': -214748340, 'y': -214748365}",0,Substitution,497.0
401873200259,259,"{'id': '584', 'text': 'Substitution'}",Luguentz Dort enters the game for Isaiah Joe,26,33,2,8:17,False,0,{'id': '25'},"[{'athlete': {'id': '4397020'}}, {'athlete': {'id': '4395702'}}]",2026-05-25T00:51:55Z,False,"{'x': -214748340, 'y': -214748365}",0,Substitution,497.0
401873200264,264,"{'id': '70', 'text': 'Shot Clock Turnover'}",shot clock turnover ,26,33,2,8:03,False,0,{'id': '25'},,2026-05-25T00:52:37Z,False,"{'x': 42, 'y': 32}",0,Turnover,483.0
401873200265,265,"{'id': '45', 'text': 'Personal Foul'}",Luguentz Dort personal foul,26,33,2,7:58,False,0,{'id': '25'},[{'athlete': {'id': '4397020'}}],2026-05-25T00:53:04Z,False,"{'x': 24, 'y': 39}",0,Foul,478.0
401873200267,267,"{'id': '92', 'text': 'Jump Shot'}",Victor Wembanyama makes 18-foot jumper,26,35,2,7:40,True,2,{'id': '24'},[{'athlete': {'id': '5104157'}}],2026-05-25T00:53:33Z,True,"{'x': 24, 'y': 18}",2,+2 Points,460.0
401873200268,268,"{'id': '87', 'text': 'Out of Bounds - Lost Ball Turnover'}",Shai Gilgeous-Alexander out of bounds lost ball turnover,26,35,2,7:32,False,0,{'id': '25'},[{'athlete': {'id': '4278073'}}],2026-05-25T00:53:43Z,False,"{'x': 2, 'y': 41}",0,Turnover,452.0
401873200269,269,"{'id': '16', 'text': 'Full Timeout'}",Thunder Full timeout,26,35,2,7:32,False,0,{'id': '25'},,2026-05-25T00:54:29Z,False,"{'x': -214748340, 'y': -214748365}",0,Timeout,452.0
401873200270,270,"{'id': '216', 'text': ""Coach's Challenge (Stands)""}",(07:32) [Thunder] COACH'S CHALLENGE (CALL STANDS) [Thunder] charged with a timeout,26,35,2,7:32,False,0,{'id': '25'},,2026-05-25T00:54:43Z,False,"{'x': -214748340, 'y': -214748365}",0,Challenge,452.0
401873200271,271,"{'id': '584', 'text': 'Substitution'}",De'Aaron Fox enters the game for Dylan Harper,26,35,2,7:32,False,0,{'id': '24'},"[{'athlete': {'id': '4066259'}}, {'athlete': {'id': '5037871'}}]",2026-05-25T00:57:33Z,False,"{'x': -214748340, 'y': -214748365}",0,Substitution,452.0
401873200273,273,"{'id': '92', 'text': 'Jump Shot'}",Julian Champagnie misses 25-foot three point jumper,26,35,2,7:19,False,0,{'id': '24'},[{'athlete': {'id': '4592479'}}],2026-05-25T00:57:59Z,True,"{'x': 3, 'y': 12}",3,Missed 3PT,439.0
401873200274,274,"{'id': '156', 'text': 'Offensive Rebound'}",Harrison Barnes offensive rebound,26,35,2,7:17,False,0,{'id': '24'},[{'athlete': {'id': '6578'}}],2026-05-25T00:58:01Z,False,"{'x': 3, 'y': 12}",0,Rebound,437.0
401873200275,275,"{'id': '62', 'text': 'Bad Pass\nTurnover'}","Harrison Barnes bad pass
turnover (Luguentz Dort steals)",26,35,2,7:17,False,0,{'id': '24'},"[{'athlete': {'id': '6578'}}, {'athlete': {'id': '4397020'}}]",2026-05-25T00:58:06Z,False,"{'x': 35, 'y': -2}",0,Turnover,437.0
401873200277,277,"{'id': '151', 'text': 'Cutting Dunk Shot'}",Isaiah Hartenstein makes dunk (Shai Gilgeous-Alexander assists),28,35,2,7:03,True,2,{'id': '25'},"[{'athlete': {'id': '4222252'}}, {'athlete': {'id': '4278073'}}]",2026-05-25T00:58:14Z,True,"{'x': 25, 'y': 1}",2,+2 Points,423.0
401873200409,409,"{'id': '87', 'text': 'Out of Bounds - Lost Ball Turnover'}",Victor Wembanyama out of bounds lost ball turnover,28,35,2,6:45,False,0,{'id': '24'},[{'athlete': {'id': '5104157'}}],2026-05-25T00:58:36Z,False,"{'x': 26, 'y': 0}",0,Turnover,405.0
401873200282,282,"{'id': '42', 'text': 'Offensive Foul'}",Luguentz Dort offensive foul,28,35,2,6:28,False,0,{'id': '25'},[{'athlete': {'id': '4397020'}}],2026-05-25T00:59:00Z,False,"{'x': 13, 'y': 29}",0,Foul,388.0
401873200284,284,"{'id': '84', 'text': 'Offensive Foul Turnover'}",Luguentz Dort offensive foul turnover,28,35,2,6:28,False,0,{'id': '25'},[{'athlete': {'id': '4397020'}}],2026-05-25T00:59:00Z,False,"{'x': 13, 'y': 29}",0,Turnover,388.0
401873200285,285,"{'id': '584', 'text': 'Substitution'}",Jared McCain enters the game for Cason Wallace,28,35,2,6:28,False,0,{'id': '25'},"[{'athlete': {'id': '4683778'}}, {'athlete': {'id': '4683692'}}]",2026-05-25T00:59:09Z,False,"{'x': -214748340, 'y': -214748365}",0,Substitution,388.0
401873200287,287,"{'id': '45', 'text': 'Personal Foul'}",Jared McCain personal foul,28,35,2,6:19,False,0,{'id': '25'},[{'athlete': {'id': '4683778'}}],2026-05-25T00:59:38Z,False,"{'x': 32, 'y': 13}",0,Foul,379.0
401873200289,289,"{'id': '45', 'text': 'Personal Foul'}",Luguentz Dort personal foul,28,35,2,6:14,False,0,{'id': '25'},[{'athlete': {'id': '4397020'}}],2026-05-25T01:00:08Z,False,"{'x': 5, 'y': 12}",0,Foul,374.0
401873200291,291,"{'id': '98', 'text': 'Free Throw - 1 of 2'}",Harrison Barnes makes free throw 1 of 2,28,36,2,6:14,True,1,{'id': '24'},[{'athlete': {'id': '6578'}}],2026-05-25T01:00:49Z,True,"{'x': -214748340, 'y': -214748365}",1,+1 Point,374.0
401873200292,292,"{'id': '584', 'text': 'Substitution'}",Alex Caruso enters the game for Luguentz Dort,28,36,2,6:14,False,0,{'id': '25'},"[{'athlete': {'id': '2991350'}}, {'athlete': {'id': '4397020'}}]",2026-05-25T01:00:50Z,False,"{'x': -214748340, 'y': -214748365}",0,Substitution,374.0
401873200294,294,"{'id': '99', 'text': 'Free Throw - 2 of 2'}",Harrison Barnes misses free throw 2 of 2,28,36,2,6:14,False,0,{'id': '24'},[{'athlete': {'id': '6578'}}],2026-05-25T01:00:49Z,True,"{'x': -214748340, 'y': -214748365}",1,Missed FT,374.0
401873200295,295,"{'id': '155', 'text': 'Defensive Rebound'}",Shai Gilgeous-Alexander defensive rebound,28,36,2,6:11,False,0,{'id': '25'},[{'athlete': {'id': '4278073'}}],2026-05-25T01:00:52Z,False,"{'x': -214748340, 'y': -214748365}",0,Rebound,371.0
401873200296,296,"{'id': '131', 'text': 'Pullup Jump Shot'}",Shai Gilgeous-Alexander makes 18-foot pullup jump shot (Isaiah Hartenstein assists),30,36,2,5:57,True,2,{'id': '25'},"[{'athlete': {'id': '4278073'}}, {'athlete': {'id': '4222252'}}]",2026-05-25T01:01:24Z,True,"{'x': 12, 'y': 13}",2,+2 Points,357.0
401873200297,297,"{'id': '111', 'text': 'Alley Oop Layup Shot'}",Victor Wembanyama misses alley oop layup,30,36,2,5:42,False,0,{'id': '24'},[{'athlete': {'id': '5104157'}}],2026-05-25T01:01:44Z,True,"{'x': 19, 'y': 1}",2,Missed FG,342.0
401873200298,298,"{'id': '156', 'text': 'Offensive Rebound'}",Victor Wembanyama offensive rebound,30,36,2,5:41,False,0,{'id': '24'},[{'athlete': {'id': '5104157'}}],2026-05-25T01:01:45Z,False,"{'x': 19, 'y': 1}",0,Rebound,341.0
401873200299,299,"{'id': '94', 'text': 'Tip Shot'}",Victor Wembanyama makes tip shot,30,38,2,5:41,True,2,{'id': '24'},[{'athlete': {'id': '5104157'}}],2026-05-25T01:01:46Z,True,"{'x': 25, 'y': 0}",2,+2 Points,341.0
401873200301,301,"{'id': '45', 'text': 'Personal Foul'}",Victor Wembanyama personal foul,30,38,2,5:16,False,0,{'id': '24'},[{'athlete': {'id': '5104157'}}],2026-05-25T01:02:15Z,False,"{'x': 29, 'y': 3}",0,Foul,316.0
401873200303,303,"{'id': '584', 'text': 'Substitution'}",Devin Vassell enters the game for Julian Champagnie,30,38,2,5:16,False,0,{'id': '24'},"[{'athlete': {'id': '4395630'}}, {'athlete': {'id': '4592479'}}]",2026-05-25T01:02:26Z,False,"{'x': -214748340, 'y': -214748365}",0,Substitution,316.0
401873200304,304,"{'id': '584', 'text': 'Substitution'}",Chet Holmgren enters the game for Aaron Wiggins,30,38,2,5:16,False,0,{'id': '25'},"[{'athlete': {'id': '4433255'}}, {'athlete': {'id': '4397183'}}]",2026-05-25T01:02:26Z,False,"{'x': -214748340, 'y': -214748365}",0,Substitution,316.0
401873200305,305,"{'id': '584', 'text': 'Substitution'}",Jaylin Williams enters the game for Isaiah Hartenstein,30,38,2,5:16,False,0,{'id': '25'},"[{'athlete': {'id': '4432823'}}, {'athlete': {'id': '4222252'}}]",2026-05-25T01:02:26Z,False,"{'x': -214748340, 'y': -214748365}",0,Substitution,316.0
401873200309,309,"{'id': '132', 'text': 'Step Back Jump Shot'}",Shai Gilgeous-Alexander misses 17-foot step back jumpshot,30,38,2,5:04,False,0,{'id': '25'},[{'athlete': {'id': '4278073'}}],2026-05-25T01:02:52Z,True,"{'x': 13, 'y': 12}",2,Missed FG,304.0
401873200310,310,"{'id': '155', 'text': 'Defensive Rebound'}",Devin Vassell defensive rebound,30,38,2,5:03,False,0,{'id': '24'},[{'athlete': {'id': '4395630'}}],2026-05-25T01:02:53Z,False,"{'x': 13, 'y': 12}",0,Rebound,303.0
401873200311,311,"{'id': '109', 'text': 'Running Layup Shot'}",Harrison Barnes misses running layup,30,38,2,4:57,False,0,{'id': '24'},[{'athlete': {'id': '6578'}}],2026-05-25T01:03:00Z,True,"{'x': 24, 'y': 1}",2,Missed FG,297.0
401873200313,313,"{'id': '155', 'text': 'Defensive Rebound'}",Thunder defensive team rebound,30,38,2,4:56,False,0,{'id': '25'},,2026-05-25T01:03:01Z,False,"{'x': 24, 'y': 1}",0,Rebound,296.0
401873200315,315,"{'id': '92', 'text': 'Jump Shot'}",Jaylin Williams misses 23-foot three point jumper,30,38,2,4:32,False,0,{'id': '25'},[{'athlete': {'id': '4432823'}}],2026-05-25T01:03:36Z,True,"{'x': 48, 'y': 3}",3,Missed 3PT,272.0
401873200316,316,"{'id': '155', 'text': 'Defensive Rebound'}",De'Aaron Fox defensive rebound,30,38,2,4:30,False,0,{'id': '24'},[{'athlete': {'id': '4066259'}}],2026-05-25T01:03:38Z,False,"{'x': 48, 'y': 3}",0,Rebound,270.0
401873200317,317,"{'id': '92', 'text': 'Jump Shot'}",Victor Wembanyama misses 25-foot three point jumper,30,38,2,4:23,False,0,{'id': '24'},[{'athlete': {'id': '5104157'}}],2026-05-25T01:03:46Z,True,"{'x': 21, 'y': 25}",3,Missed 3PT,263.0
401873200318,318,"{'id': '156', 'text': 'Offensive Rebound'}",Spurs offensive team rebound,30,38,2,4:21,False,0,{'id': '24'},,2026-05-25T01:03:51Z,False,"{'x': 21, 'y': 25}",0,Rebound,261.0
401873200320,320,"{'id': '584', 'text': 'Substitution'}",Keldon Johnson enters the game for De'Aaron Fox,30,38,2,4:21,False,0,{'id': '24'},"[{'athlete': {'id': '4395723'}}, {'athlete': {'id': '4066259'}}]",2026-05-25T01:03:53Z,False,"{'x': -214748340, 'y': -214748365}",0,Substitution,261.0
401873200321,321,"{'id': '584', 'text': 'Substitution'}",Dylan Harper enters the game for Harrison Barnes,30,38,2,4:21,False,0,{'id': '24'},"[{'athlete': {'id': '5037871'}}, {'athlete': {'id': '6578'}}]",2026-05-25T01:03:53Z,False,"{'x': -214748340, 'y': -214748365}",0,Substitution,261.0
401873200324,324,"{'id': '92', 'text': 'Jump Shot'}",Victor Wembanyama misses 25-foot three point jumper,30,38,2,4:16,False,0,{'id': '24'},[{'athlete': {'id': '5104157'}}],2026-05-25T01:04:15Z,True,"{'x': 40, 'y': 21}",3,Missed 3PT,256.0
401873200325,325,"{'id': '155', 'text': 'Defensive Rebound'}",Chet Holmgren defensive rebound,30,38,2,4:14,False,0,{'id': '25'},[{'athlete': {'id': '4433255'}}],2026-05-25T01:04:18Z,False,"{'x': 40, 'y': 21}",0,Rebound,254.0
401873200326,326,"{'id': '45', 'text': 'Personal Foul'}",Stephon Castle personal foul,30,38,2,4:09,False,0,{'id': '24'},[{'athlete': {'id': '4845367'}}],2026-05-25T01:04:25Z,False,"{'x': 29, 'y': 37}",0,Foul,249.0
401873200328,328,"{'id': '87', 'text': 'Out of Bounds - Lost Ball Turnover'}",Shai Gilgeous-Alexander out of bounds lost ball turnover,30,38,2,4:04,False,0,{'id': '25'},[{'athlete': {'id': '4278073'}}],2026-05-25T01:04:56Z,False,"{'x': 47, 'y': 20}",0,Turnover,244.0
401873200329,329,"{'id': '110', 'text': 'Driving Layup Shot'}",Alex Caruso blocks Keldon Johnson 's 1-foot driving layup,30,38,2,3:57,False,0,{'id': '24'},"[{'athlete': {'id': '4395723'}}, {'athlete': {'id': '2991350'}}]",2026-05-25T01:05:06Z,True,"{'x': 27, 'y': 1}",2,Missed FG,237.0
401873200331,331,"{'id': '156', 'text': 'Offensive Rebound'}",Spurs offensive team rebound,30,38,2,3:57,False,0,{'id': '24'},,2026-05-25T01:05:06Z,False,"{'x': 27, 'y': 1}",0,Rebound,237.0
401873200332,332,"{'id': '44', 'text': 'Shooting Foul'}",Alex Caruso shooting foul,30,38,2,3:56,False,0,{'id': '25'},[{'athlete': {'id': '2991350'}}],2026-05-25T01:05:27Z,False,"{'x': 27, 'y': 1}",0,Foul,236.0
401873200334,334,"{'id': '98', 'text': 'Free Throw - 1 of 2'}",Victor Wembanyama makes free throw 1 of 2,30,39,2,3:56,True,1,{'id': '24'},[{'athlete': {'id': '5104157'}}],2026-05-25T01:05:59Z,True,"{'x': -214748340, 'y': -214748365}",1,+1 Point,236.0
401873200335,335,"{'id': '99', 'text': 'Free Throw - 2 of 2'}",Victor Wembanyama makes free throw 2 of 2,30,40,2,3:56,True,1,{'id': '24'},[{'athlete': {'id': '5104157'}}],2026-05-25T01:06:27Z,True,"{'x': -214748340, 'y': -214748365}",1,+1 Point,236.0
401873200336,336,"{'id': '44', 'text': 'Shooting Foul'}",Victor Wembanyama shooting foul,30,40,2,3:43,False,0,{'id': '24'},[{'athlete': {'id': '5104157'}}],2026-05-25T01:06:45Z,False,"{'x': 22, 'y': 0}",0,Foul,223.0
401873200338,338,"{'id': '98', 'text': 'Free Throw - 1 of 2'}",Chet Holmgren misses free throw 1 of 2,30,40,2,3:43,False,0,{'id': '25'},[{'athlete': {'id': '4433255'}}],2026-05-25T01:07:10Z,True,"{'x': -214748340, 'y': -214748365}",1,Missed FT,223.0
401873200339,339,"{'id': '156', 'text': 'Offensive Rebound'}",Thunder offensive team rebound,30,40,2,3:43,False,0,{'id': '25'},,2026-05-25T01:07:10Z,False,"{'x': -214748340, 'y': -214748365}",0,Rebound,223.0
401873200340,340,"{'id': '584', 'text': 'Substitution'}",Cason Wallace enters the game for Alex Caruso,30,40,2,3:43,False,0,{'id': '25'},"[{'athlete': {'id': '4683692'}}, {'athlete': {'id': '2991350'}}]",2026-05-25T01:07:14Z,False,"{'x': -214748340, 'y': -214748365}",0,Substitution,223.0
401873200342,342,"{'id': '584', 'text': 'Substitution'}",Kenrich Williams enters the game for Jaylin Williams,30,40,2,3:43,False,0,{'id': '25'},"[{'athlete': {'id': '3133626'}}, {'athlete': {'id': '4432823'}}]",2026-05-25T01:07:28Z,False,"{'x': -214748340, 'y': -214748365}",0,Substitution,223.0
401873200344,344,"{'id': '99', 'text': 'Free Throw - 2 of 2'}",Chet Holmgren makes free throw 2 of 2,31,40,2,3:43,True,1,{'id': '25'},[{'athlete': {'id': '4433255'}}],2026-05-25T01:07:49Z,True,"{'x': -214748340, 'y': -214748365}",1,+1 Point,223.0
401873200345,345,"{'id': '92', 'text': 'Jump Shot'}",Dylan Harper misses 24-foot three point jumper,31,40,2,3:33,False,0,{'id': '24'},[{'athlete': {'id': '5037871'}}],2026-05-25T01:08:00Z,True,"{'x': 49, 'y': 3}",3,Missed 3PT,213.0
401873200346,346,"{'id': '155', 'text': 'Defensive Rebound'}",Kenrich Williams defensive rebound,31,40,2,3:27,False,0,{'id': '25'},[{'athlete': {'id': '3133626'}}],2026-05-25T01:08:06Z,False,"{'x': 49, 'y': 3}",0,Rebound,207.0
401873200347,347,"{'id': '45', 'text': 'Personal Foul'}",Keldon Johnson personal foul,31,40,2,3:22,False,0,{'id': '24'},[{'athlete': {'id': '4395723'}}],2026-05-25T01:08:15Z,False,"{'x': 40, 'y': 18}",0,Foul,202.0
401873200349,349,"{'id': '98', 'text': 'Free Throw - 1 of 2'}",Chet Holmgren makes free throw 1 of 2,32,40,2,3:22,True,1,{'id': '25'},[{'athlete': {'id': '4433255'}}],2026-05-25T01:08:42Z,True,"{'x': -214748340, 'y': -214748365}",1,+1 Point,202.0
401873200351,351,"{'id': '99', 'text': 'Free Throw - 2 of 2'}",Chet Holmgren misses free throw 2 of 2,32,40,2,3:22,False,0,{'id': '25'},[{'athlete': {'id': '4433255'}}],2026-05-25T01:08:42Z,True,"{'x': -214748340, 'y': -214748365}",1,Missed FT,202.0
401873200352,352,"{'id': '155', 'text': 'Defensive Rebound'}",Keldon Johnson defensive rebound,32,40,2,3:19,False,0,{'id': '24'},[{'athlete': {'id': '4395723'}}],2026-05-25T01:08:45Z,False,"{'x': -214748340, 'y': -214748365}",0,Rebound,199.0
401873200353,353,"{'id': '110', 'text': 'Driving Layup Shot'}",Keldon Johnson misses driving layup,32,40,2,3:13,False,0,{'id': '24'},[{'athlete': {'id': '4395723'}}],2026-05-25T01:09:11Z,True,"{'x': 27, 'y': 0}",2,Missed FG,193.0
401873200354,354,"{'id': '156', 'text': 'Offensive Rebound'}",Victor Wembanyama offensive rebound,32,40,2,3:12,False,0,{'id': '24'},[{'athlete': {'id': '5104157'}}],2026-05-25T01:09:12Z,False,"{'x': 27, 'y': 0}",0,Rebound,192.0
401873200355,355,"{'id': '94', 'text': 'Tip Shot'}",Victor Wembanyama misses tip shot,32,40,2,3:12,False,0,{'id': '24'},[{'athlete': {'id': '5104157'}}],2026-05-25T01:09:14Z,True,"{'x': 25, 'y': 0}",2,Missed FG,192.0
401873200356,356,"{'id': '156', 'text': 'Offensive Rebound'}",Victor Wembanyama offensive rebound,32,40,2,3:10,False,0,{'id': '24'},[{'athlete': {'id': '5104157'}}],2026-05-25T01:09:16Z,False,"{'x': 25, 'y': 0}",0,Rebound,190.0
401873200357,357,"{'id': '94', 'text': 'Tip Shot'}",Victor Wembanyama misses tip shot,32,40,2,3:05,False,0,{'id': '24'},[{'athlete': {'id': '5104157'}}],2026-05-25T01:09:16Z,True,"{'x': 25, 'y': 0}",2,Missed FG,185.0
401873200358,358,"{'id': '156', 'text': 'Offensive Rebound'}",Stephon Castle offensive rebound,32,40,2,3:05,False,0,{'id': '24'},[{'athlete': {'id': '4845367'}}],2026-05-25T01:09:16Z,False,"{'x': 25, 'y': 0}",0,Rebound,185.0
401873200359,359,"{'id': '63', 'text': 'Lost Ball Turnover'}",Keldon Johnson lost ball turnover (Cason Wallace steals),32,40,2,3:00,False,0,{'id': '24'},"[{'athlete': {'id': '4395723'}}, {'athlete': {'id': '4683692'}}]",2026-05-25T01:09:21Z,False,"{'x': 29, 'y': 4}",0,Turnover,180.0
401873200361,361,"{'id': '132', 'text': 'Step Back Jump Shot'}",Shai Gilgeous-Alexander misses 14-foot step back jumpshot,32,40,2,2:50,False,0,{'id': '25'},[{'athlete': {'id': '4278073'}}],2026-05-25T01:09:31Z,True,"{'x': 34, 'y': 12}",2,Missed FG,170.0
401873200362,362,"{'id': '155', 'text': 'Defensive Rebound'}",Devin Vassell defensive rebound,32,40,2,2:48,False,0,{'id': '24'},[{'athlete': {'id': '4395630'}}],2026-05-25T01:09:33Z,False,"{'x': 34, 'y': 12}",0,Rebound,168.0
401873200363,363,"{'id': '45', 'text': 'Personal Foul'}",Shai Gilgeous-Alexander personal foul,32,40,2,2:48,False,0,{'id': '25'},[{'athlete': {'id': '4278073'}}],2026-05-25T01:09:35Z,False,"{'x': 33, 'y': 33}",0,Foul,168.0
401873200365,365,"{'id': '16', 'text': 'Full Timeout'}",Spurs Full timeout,32,40,2,2:48,False,0,{'id': '24'},,2026-05-25T01:09:49Z,False,"{'x': -214748340, 'y': -214748365}",0,Timeout,168.0
401873200366,366,"{'id': '584', 'text': 'Substitution'}",Julian Champagnie enters the game for Keldon Johnson,32,40,2,2:48,False,0,{'id': '24'},"[{'athlete': {'id': '4592479'}}, {'athlete': {'id': '4395723'}}]",2026-05-25T01:13:07Z,False,"{'x': -214748340, 'y': -214748365}",0,Substitution,168.0
401873200367,367,"{'id': '584', 'text': 'Substitution'}",De'Aaron Fox enters the game for Stephon Castle,32,40,2,2:48,False,0,{'id': '24'},"[{'athlete': {'id': '4066259'}}, {'athlete': {'id': '4845367'}}]",2026-05-25T01:13:07Z,False,"{'x': -214748340, 'y': -214748365}",0,Substitution,168.0
401873200370,370,"{'id': '98', 'text': 'Free Throw - 1 of 2'}",Devin Vassell misses free throw 1 of 2,32,40,2,2:48,False,0,{'id': '24'},[{'athlete': {'id': '4395630'}}],2026-05-25T01:13:38Z,True,"{'x': -214748340, 'y': -214748365}",1,Missed FT,168.0
401873200371,371,"{'id': '156', 'text': 'Offensive Rebound'}",Spurs offensive team rebound,32,40,2,2:48,False,0,{'id': '24'},,2026-05-25T01:13:38Z,False,"{'x': -214748340, 'y': -214748365}",0,Rebound,168.0
401873200372,372,"{'id': '99', 'text': 'Free Throw - 2 of 2'}",Devin Vassell makes free throw 2 of 2,32,41,2,2:48,True,1,{'id': '24'},[{'athlete': {'id': '4395630'}}],2026-05-25T01:13:54Z,True,"{'x': -214748340, 'y': -214748365}",1,+1 Point,168.0
401873200373,373,"{'id': '128', 'text': 'Driving Finger Roll Layup'}",Cason Wallace makes 1-foot two point shot (Shai Gilgeous-Alexander assists),34,41,2,2:26,True,2,{'id': '25'},"[{'athlete': {'id': '4683692'}}, {'athlete': {'id': '4278073'}}]",2026-05-25T01:14:22Z,True,"{'x': 26, 'y': 1}",2,+2 Points,146.0
401873200375,375,"{'id': '144', 'text': 'Driving Floating Jump Shot'}",Dylan Harper misses driving floating jump shot,34,41,2,2:14,False,0,{'id': '24'},[{'athlete': {'id': '5037871'}}],2026-05-25T01:14:31Z,True,"{'x': 24, 'y': 5}",2,Missed FG,134.0
401873200376,376,"{'id': '155', 'text': 'Defensive Rebound'}",Cason Wallace defensive rebound,34,41,2,2:14,False,0,{'id': '25'},[{'athlete': {'id': '4683692'}}],2026-05-25T01:14:31Z,False,"{'x': 24, 'y': 5}",0,Rebound,134.0
401873200377,377,"{'id': '109', 'text': 'Running Layup Shot'}",Cason Wallace misses running layup,34,41,2,2:10,False,0,{'id': '25'},[{'athlete': {'id': '4683692'}}],2026-05-25T01:14:38Z,True,"{'x': 23, 'y': 0}",2,Missed FG,130.0
401873200378,378,"{'id': '156', 'text': 'Offensive Rebound'}",Chet Holmgren offensive rebound,34,41,2,2:09,False,0,{'id': '25'},[{'athlete': {'id': '4433255'}}],2026-05-25T01:14:39Z,False,"{'x': 23, 'y': 0}",0,Rebound,129.0
401873200379,379,"{'id': '94', 'text': 'Tip Shot'}",Chet Holmgren makes tip shot,36,41,2,2:08,True,2,{'id': '25'},[{'athlete': {'id': '4433255'}}],2026-05-25T01:14:41Z,True,"{'x': 25, 'y': 0}",2,+2 Points,128.0
401873200382,382,"{'id': '95', 'text': 'Layup Shot'}",Victor Wembanyama makes layup,36,43,2,1:52,True,2,{'id': '24'},[{'athlete': {'id': '5104157'}}],2026-05-25T01:14:57Z,True,"{'x': 25, 'y': 0}",2,+2 Points,112.0
401873200383,383,"{'id': '132', 'text': 'Step Back Jump Shot'}",Shai Gilgeous-Alexander makes 15-foot step back jumpshot,38,43,2,1:37,True,2,{'id': '25'},[{'athlete': {'id': '4278073'}}],2026-05-25T01:15:08Z,True,"{'x': 9, 'y': -1}",2,+2 Points,97.0
401873200384,384,"{'id': '121', 'text': 'Fade Away Jump Shot'}",Victor Wembanyama misses 16-foot fade away jump shot,38,43,2,1:12,False,0,{'id': '24'},[{'athlete': {'id': '5104157'}}],2026-05-25T01:15:33Z,True,"{'x': 40, 'y': 7}",2,Missed FG,72.0
401873200385,385,"{'id': '155', 'text': 'Defensive Rebound'}",Chet Holmgren defensive rebound,38,43,2,1:10,False,0,{'id': '25'},[{'athlete': {'id': '4433255'}}],2026-05-25T01:15:35Z,False,"{'x': 40, 'y': 7}",0,Rebound,70.0
401873200386,386,"{'id': '92', 'text': 'Jump Shot'}",Jared McCain misses 25-foot three point jumper,38,43,2,58.2,False,0,{'id': '25'},[{'athlete': {'id': '4683778'}}],2026-05-25T01:15:49Z,True,"{'x': 5, 'y': 15}",3,Missed 3PT,58.2
401873200387,387,"{'id': '155', 'text': 'Defensive Rebound'}",Spurs defensive team rebound,38,43,2,58.2,False,0,{'id': '24'},,2026-05-25T01:15:49Z,False,"{'x': 5, 'y': 15}",0,Rebound,58.2
401873200388,388,"{'id': '43', 'text': 'Loose Ball Foul'}",Kenrich Williams loose ball foul,38,43,2,58.2,False,0,{'id': '25'},[{'athlete': {'id': '3133626'}}],2026-05-25T01:15:52Z,False,"{'x': 24, 'y': 2}",0,Foul,58.2
401873200390,390,"{'id': '98', 'text': 'Free Throw - 1 of 2'}",Devin Vassell makes free throw 1 of 2,38,44,2,58.2,True,1,{'id': '24'},[{'athlete': {'id': '4395630'}}],2026-05-25T01:16:27Z,True,"{'x': -214748340, 'y': -214748365}",1,+1 Point,58.2
401873200391,391,"{'id': '584', 'text': 'Substitution'}",Stephon Castle enters the game for Dylan Harper,38,44,2,58.2,False,0,{'id': '24'},"[{'athlete': {'id': '4845367'}}, {'athlete': {'id': '5037871'}}]",2026-05-25T01:16:29Z,False,"{'x': -214748340, 'y': -214748365}",0,Substitution,58.2
401873200392,392,"{'id': '584', 'text': 'Substitution'}",Jaylin Williams enters the game for Chet Holmgren,38,44,2,58.2,False,0,{'id': '25'},"[{'athlete': {'id': '4432823'}}, {'athlete': {'id': '4433255'}}]",2026-05-25T01:16:29Z,False,"{'x': -214748340, 'y': -214748365}",0,Substitution,58.2
401873200395,395,"{'id': '99', 'text': 'Free Throw - 2 of 2'}",Devin Vassell makes free throw 2 of 2,38,45,2,58.2,True,1,{'id': '24'},[{'athlete': {'id': '4395630'}}],2026-05-25T01:16:49Z,True,"{'x': -214748340, 'y': -214748365}",1,+1 Point,58.2
401873200396,396,"{'id': '92', 'text': 'Jump Shot'}",Jared McCain misses 14-foot jumper,38,45,2,48.2,False,0,{'id': '25'},[{'athlete': {'id': '4683778'}}],2026-05-25T01:17:04Z,True,"{'x': 25, 'y': 15}",2,Missed FG,48.2
401873200397,397,"{'id': '155', 'text': 'Defensive Rebound'}",Julian Champagnie defensive rebound,38,45,2,44.3,False,0,{'id': '24'},[{'athlete': {'id': '4592479'}}],2026-05-25T01:17:08Z,False,"{'x': 25, 'y': 15}",0,Rebound,44.3
401873200398,398,"{'id': '615', 'text': 'Jumpball'}",Cason Wallace vs. Julian Champagnie (De'Aaron Fox gains possession),38,45,2,44.3,False,0,{'id': '24'},"[{'athlete': {'id': '4592479'}}, {'athlete': {'id': '4683692'}}, {'athlete': {'id': '4066259'}}]",2026-05-25T01:17:44Z,False,"{'x': -214748340, 'y': -214748365}",0,Jump Ball,44.3
401873200401,401,"{'id': '131', 'text': 'Pullup Jump Shot'}",Devin Vassell makes 12-foot pullup jump shot (De'Aaron Fox assists),38,47,2,29.9,True,2,{'id': '24'},"[{'athlete': {'id': '4395630'}}, {'athlete': {'id': '4066259'}}]",2026-05-25T01:17:54Z,True,"{'x': 25, 'y': 13}",2,+2 Points,29.9
401873200403,403,"{'id': '92', 'text': 'Jump Shot'}",Cason Wallace misses 22-foot three point jumper,38,47,2,14.8,False,0,{'id': '25'},[{'athlete': {'id': '4683692'}}],2026-05-25T01:18:11Z,True,"{'x': 2, 'y': 1}",3,Missed 3PT,14.8
401873200404,404,"{'id': '155', 'text': 'Defensive Rebound'}",Julian Champagnie defensive rebound,38,47,2,7.6,False,0,{'id': '24'},[{'athlete': {'id': '4592479'}}],2026-05-25T01:18:18Z,False,"{'x': 2, 'y': 1}",0,Rebound,7.6
401873200405,405,"{'id': '131', 'text': 'Pullup Jump Shot'}",Victor Wembanyama makes 42-foot three pointer (Devin Vassell assists),38,50,2,0.8,True,3,{'id': '24'},"[{'athlete': {'id': '5104157'}}, {'athlete': {'id': '4395630'}}]",2026-05-25T01:18:28Z,True,"{'x': 25, 'y': 43}",3,+3 Points,0.8
401873200407,407,"{'id': '280', 'text': 'Ref-Initiated Review (Stands)'}",(00:00) [Thunder] REF-INITIATED REVIEW (CALL STANDS),38,50,2,0.0,False,0,,,2026-05-25T01:18:53Z,False,"{'x': -214748340, 'y': -214748365}",0,Challenge,0.0
401873200406,406,"{'id': '412', 'text': 'End Period'}",End of the 2nd Quarter,38,50,2,0.0,False,0,,,2026-05-25T01:18:49Z,False,"{'x': -214748340, 'y': -214748365}",0,Halftime,0.0
401873200410,410,"{'id': '584', 'text': 'Substitution'}",Luguentz Dort enters the game for Jared McCain,38,50,3,12:00,False,0,{'id': '25'},"[{'athlete': {'id': '4397020'}}, {'athlete': {'id': '4683778'}}]",2026-05-25T01:34:22Z,False,"{'x': -214748340, 'y': -214748365}",0,Substitution,720.0
401873200411,411,"{'id': '584', 'text': 'Substitution'}",Chet Holmgren enters the game for Kenrich Williams,38,50,3,12:00,False,0,{'id': '25'},"[{'athlete': {'id': '4433255'}}, {'athlete': {'id': '3133626'}}]",2026-05-25T01:34:22Z,False,"{'x': -214748340, 'y': -214748365}",0,Substitution,720.0
401873200412,412,"{'id': '584', 'text': 'Substitution'}",Isaiah Hartenstein enters the game for Jaylin Williams,38,50,3,12:00,False,0,{'id': '25'},"[{'athlete': {'id': '4222252'}}, {'athlete': {'id': '4432823'}}]",2026-05-25T01:34:22Z,False,"{'x': -214748340, 'y': -214748365}",0,Substitution,720.0
401873200417,417,"{'id': '92', 'text': 'Jump Shot'}",Cason Wallace makes 25-foot three point jumper (Chet Holmgren assists),41,50,3,11:42,True,3,{'id': '25'},"[{'athlete': {'id': '4683692'}}, {'athlete': {'id': '4433255'}}]",2026-05-25T01:35:10Z,True,"{'x': 32, 'y': 25}",3,+3 Points,702.0
401873200419,419,"{'id': '111', 'text': 'Alley Oop Layup Shot'}",Victor Wembanyama makes alley oop layup (Stephon Castle assists),41,52,3,11:30,True,2,{'id': '24'},"[{'athlete': {'id': '5104157'}}, {'athlete': {'id': '4845367'}}]",2026-05-25T01:35:24Z,True,"{'x': 24, 'y': 1}",2,+2 Points,690.0
401873200421,421,"{'id': '44', 'text': 'Shooting Foul'}",Luguentz Dort shooting foul,41,52,3,11:30,False,0,{'id': '25'},[{'athlete': {'id': '4397020'}}],2026-05-25T01:35:25Z,False,"{'x': 25, 'y': 0}",0,Foul,690.0
401873200423,423,"{'id': '584', 'text': 'Substitution'}",Aaron Wiggins enters the game for Luguentz Dort,41,52,3,11:30,False,0,{'id': '25'},"[{'athlete': {'id': '4397183'}}, {'athlete': {'id': '4397020'}}]",2026-05-25T01:35:49Z,False,"{'x': -214748340, 'y': -214748365}",0,Substitution,690.0
401873200425,425,"{'id': '97', 'text': 'Free Throw - 1 of 1'}",Victor Wembanyama makes free throw 1 of 1,41,53,3,11:30,True,1,{'id': '24'},[{'athlete': {'id': '5104157'}}],2026-05-25T01:36:31Z,True,"{'x': -214748340, 'y': -214748365}",1,+1 Point,690.0
401873200426,426,"{'id': '130', 'text': 'Floating Jump Shot'}",Isaiah Hartenstein misses 10-foot floating jump shot,41,53,3,11:16,False,0,{'id': '25'},[{'athlete': {'id': '4222252'}}],2026-05-25T01:36:45Z,True,"{'x': 36, 'y': 1}",2,Missed FG,676.0
401873200427,427,"{'id': '155', 'text': 'Defensive Rebound'}",Devin Vassell defensive rebound,41,53,3,11:14,False,0,{'id': '24'},[{'athlete': {'id': '4395630'}}],2026-05-25T01:36:47Z,False,"{'x': 36, 'y': 1}",0,Rebound,674.0
401873200428,428,"{'id': '109', 'text': 'Running Layup Shot'}",Stephon Castle makes running layup (Devin Vassell assists),41,55,3,11:09,True,2,{'id': '24'},"[{'athlete': {'id': '4845367'}}, {'athlete': {'id': '4395630'}}]",2026-05-25T01:36:52Z,True,"{'x': 27, 'y': 1}",2,+2 Points,669.0
401873200430,430,"{'id': '92', 'text': 'Jump Shot'}",Aaron Wiggins misses 25-foot three point jumper,41,55,3,10:55,False,0,{'id': '25'},[{'athlete': {'id': '4397183'}}],2026-05-25T01:37:07Z,True,"{'x': 6, 'y': 16}",3,Missed 3PT,655.0
401873200431,431,"{'id': '155', 'text': 'Defensive Rebound'}",Victor Wembanyama defensive rebound,41,55,3,10:53,False,0,{'id': '24'},[{'athlete': {'id': '5104157'}}],2026-05-25T01:37:09Z,False,"{'x': 6, 'y': 16}",0,Rebound,653.0
401873200432,432,"{'id': '110', 'text': 'Driving Layup Shot'}",Stephon Castle makes driving layup (Julian Champagnie assists),41,57,3,10:45,True,2,{'id': '24'},"[{'athlete': {'id': '4845367'}}, {'athlete': {'id': '4592479'}}]",2026-05-25T01:37:17Z,True,"{'x': 26, 'y': 1}",2,+2 Points,645.0
401873200434,434,"{'id': '16', 'text': 'Full Timeout'}",Thunder Full timeout,41,57,3,10:45,False,0,{'id': '25'},,2026-05-25T01:37:22Z,False,"{'x': -214748340, 'y': -214748365}",0,Timeout,645.0
401873200435,435,"{'id': '131', 'text': 'Pullup Jump Shot'}",Shai Gilgeous-Alexander misses 18-foot pullup jump shot,41,57,3,10:32,False,0,{'id': '25'},[{'athlete': {'id': '4278073'}}],2026-05-25T01:41:15Z,True,"{'x': 36, 'y': 16}",2,Missed FG,632.0
401873200436,436,"{'id': '156', 'text': 'Offensive Rebound'}",Thunder offensive team rebound,41,57,3,10:32,False,0,{'id': '25'},,2026-05-25T01:41:15Z,False,"{'x': 36, 'y': 16}",0,Rebound,632.0
401873200437,437,"{'id': '43', 'text': 'Loose Ball Foul'}",Stephon Castle loose ball foul,41,57,3,10:32,False,0,{'id': '24'},[{'athlete': {'id': '4845367'}}],2026-05-25T01:41:23Z,False,"{'x': 27, 'y': 2}",0,Foul,632.0
401873200439,439,"{'id': '128', 'text': 'Driving Finger Roll Layup'}",Shai Gilgeous-Alexander makes 1-foot two point shot (Isaiah Hartenstein assists),43,57,3,10:24,True,2,{'id': '25'},"[{'athlete': {'id': '4278073'}}, {'athlete': {'id': '4222252'}}]",2026-05-25T01:41:50Z,True,"{'x': 24, 'y': 2}",2,+2 Points,624.0
401873200442,442,"{'id': '95', 'text': 'Layup Shot'}",Victor Wembanyama misses layup,43,57,3,9:57,False,0,{'id': '24'},[{'athlete': {'id': '5104157'}}],2026-05-25T01:42:31Z,True,"{'x': 31, 'y': 5}",2,Missed FG,597.0
401873200443,443,"{'id': '155', 'text': 'Defensive Rebound'}",Aaron Wiggins defensive rebound,43,57,3,9:55,False,0,{'id': '25'},[{'athlete': {'id': '4397183'}}],2026-05-25T01:42:32Z,False,"{'x': 31, 'y': 5}",0,Rebound,595.0
401873200444,444,"{'id': '131', 'text': 'Pullup Jump Shot'}",Stephon Castle blocks Aaron Wiggins 's 15-foot pullup jump shot,43,57,3,9:36,False,0,{'id': '25'},"[{'athlete': {'id': '4397183'}}, {'athlete': {'id': '4845367'}}]",2026-05-25T01:42:54Z,True,"{'x': 36, 'y': 11}",2,Missed FG,576.0
401873200446,446,"{'id': '156', 'text': 'Offensive Rebound'}",Isaiah Hartenstein offensive rebound,43,57,3,9:35,False,0,{'id': '25'},[{'athlete': {'id': '4222252'}}],2026-05-25T01:42:55Z,False,"{'x': 36, 'y': 11}",0,Rebound,575.0
401873200447,447,"{'id': '120', 'text': 'Turnaround Hook Shot'}",Victor Wembanyama blocks Isaiah Hartenstein's two point shot,43,57,3,9:35,False,0,{'id': '25'},"[{'athlete': {'id': '4222252'}}, {'athlete': {'id': '5104157'}}]",2026-05-25T01:42:59Z,True,"{'x': 25, 'y': 0}",2,Missed FG,575.0
401873200448,448,"{'id': '156', 'text': 'Offensive Rebound'}",Thunder offensive team rebound,43,57,3,9:34,False,0,{'id': '25'},,2026-05-25T01:43:00Z,False,"{'x': 25, 'y': 0}",0,Rebound,574.0
401873200449,449,"{'id': '70', 'text': 'Shot Clock Turnover'}",shot clock turnover ,43,57,3,9:34,False,0,{'id': '25'},,2026-05-25T01:43:03Z,False,"{'x': 44, 'y': 18}",0,Turnover,574.0
401873200450,450,"{'id': '128', 'text': 'Driving Finger Roll Layup'}",Stephon Castle misses two point shot,43,57,3,9:25,False,0,{'id': '24'},[{'athlete': {'id': '4845367'}}],2026-05-25T01:43:15Z,True,"{'x': 24, 'y': 1}",2,Missed FG,565.0
401873200451,451,"{'id': '155', 'text': 'Defensive Rebound'}",Isaiah Hartenstein defensive rebound,43,57,3,9:23,False,0,{'id': '25'},[{'athlete': {'id': '4222252'}}],2026-05-25T01:43:17Z,False,"{'x': 24, 'y': 1}",0,Rebound,563.0
401873200452,452,"{'id': '45', 'text': 'Personal Foul'}",Stephon Castle personal foul,43,57,3,9:19,False,0,{'id': '24'},[{'athlete': {'id': '4845367'}}],2026-05-25T01:43:26Z,False,"{'x': 32, 'y': 3}",0,Foul,559.0
401873200454,454,"{'id': '584', 'text': 'Substitution'}",Alex Caruso enters the game for Chet Holmgren,43,57,3,9:19,False,0,{'id': '25'},"[{'athlete': {'id': '2991350'}}, {'athlete': {'id': '4433255'}}]",2026-05-25T01:43:43Z,False,"{'x': -214748340, 'y': -214748365}",0,Substitution,559.0
401873200456,456,"{'id': '92', 'text': 'Jump Shot'}",Aaron Wiggins misses 23-foot three point jumper,43,57,3,9:06,False,0,{'id': '25'},[{'athlete': {'id': '4397183'}}],2026-05-25T01:44:10Z,True,"{'x': 48, 'y': 6}",3,Missed 3PT,546.0
401873200457,457,"{'id': '155', 'text': 'Defensive Rebound'}",De'Aaron Fox defensive rebound,43,57,3,9:02,False,0,{'id': '24'},[{'athlete': {'id': '4066259'}}],2026-05-25T01:44:14Z,False,"{'x': 48, 'y': 6}",0,Rebound,542.0
401873200458,458,"{'id': '144', 'text': 'Driving Floating Jump Shot'}",Aaron Wiggins blocks De'Aaron Fox 's 4-foot driving floating jump shot,43,57,3,8:43,False,0,{'id': '24'},"[{'athlete': {'id': '4066259'}}, {'athlete': {'id': '4397183'}}]",2026-05-25T01:44:32Z,True,"{'x': 25, 'y': 5}",2,Missed FG,523.0
401873200460,460,"{'id': '155', 'text': 'Defensive Rebound'}",Alex Caruso defensive rebound,43,57,3,8:41,False,0,{'id': '25'},[{'athlete': {'id': '2991350'}}],2026-05-25T01:44:34Z,False,"{'x': 25, 'y': 5}",0,Rebound,521.0
401873200461,461,"{'id': '146', 'text': 'Running Pullup Jump Shot'}",Alex Caruso misses running pullup jump shot,43,57,3,8:37,False,0,{'id': '25'},[{'athlete': {'id': '2991350'}}],2026-05-25T01:44:39Z,True,"{'x': 27, 'y': 1}",2,Missed FG,517.0
401873200462,462,"{'id': '155', 'text': 'Defensive Rebound'}",Victor Wembanyama defensive rebound,43,57,3,8:35,False,0,{'id': '24'},[{'athlete': {'id': '5104157'}}],2026-05-25T01:44:41Z,False,"{'x': 27, 'y': 1}",0,Rebound,515.0
401873200463,463,"{'id': '131', 'text': 'Pullup Jump Shot'}",Victor Wembanyama misses 25-foot three point pullup jump shot,43,57,3,8:26,False,0,{'id': '24'},[{'athlete': {'id': '5104157'}}],2026-05-25T01:44:50Z,True,"{'x': 45, 'y': 15}",3,Missed 3PT,506.0
401873200464,464,"{'id': '156', 'text': 'Offensive Rebound'}",Stephon Castle offensive rebound,43,57,3,8:26,False,0,{'id': '24'},[{'athlete': {'id': '4845367'}}],2026-05-25T01:44:50Z,False,"{'x': 45, 'y': 15}",0,Rebound,506.0
401873200465,465,"{'id': '44', 'text': 'Shooting Foul'}",Shai Gilgeous-Alexander shooting foul,43,57,3,8:26,False,0,{'id': '25'},[{'athlete': {'id': '4278073'}}],2026-05-25T01:44:53Z,False,"{'x': 25, 'y': 1}",0,Foul,506.0
401873200467,467,"{'id': '98', 'text': 'Free Throw - 1 of 2'}",Stephon Castle makes free throw 1 of 2,43,58,3,8:26,True,1,{'id': '24'},[{'athlete': {'id': '4845367'}}],2026-05-25T01:45:22Z,True,"{'x': -214748340, 'y': -214748365}",1,+1 Point,506.0
401873200468,468,"{'id': '584', 'text': 'Substitution'}",Dylan Harper enters the game for De'Aaron Fox,43,58,3,8:26,False,0,{'id': '24'},"[{'athlete': {'id': '5037871'}}, {'athlete': {'id': '4066259'}}]",2026-05-25T01:45:24Z,False,"{'x': -214748340, 'y': -214748365}",0,Substitution,506.0
401873200469,469,"{'id': '584', 'text': 'Substitution'}",Harrison Barnes enters the game for Julian Champagnie,43,58,3,8:26,False,0,{'id': '24'},"[{'athlete': {'id': '6578'}}, {'athlete': {'id': '4592479'}}]",2026-05-25T01:45:24Z,False,"{'x': -214748340, 'y': -214748365}",0,Substitution,506.0
401873200472,472,"{'id': '99', 'text': 'Free Throw - 2 of 2'}",Stephon Castle makes free throw 2 of 2,43,59,3,8:26,True,1,{'id': '24'},[{'athlete': {'id': '4845367'}}],2026-05-25T01:45:56Z,True,"{'x': -214748340, 'y': -214748365}",1,+1 Point,506.0
401873200473,473,"{'id': '63', 'text': 'Lost Ball Turnover'}",Isaiah Hartenstein lost ball turnover (Stephon Castle steals),43,59,3,8:11,False,0,{'id': '25'},"[{'athlete': {'id': '4222252'}}, {'athlete': {'id': '4845367'}}]",2026-05-25T01:46:13Z,False,"{'x': 36, 'y': 24}",0,Turnover,491.0
401873200475,475,"{'id': '116', 'text': 'Running Dunk Shot'}",Victor Wembanyama makes running dunk (Stephon Castle assists),43,61,3,8:06,True,2,{'id': '24'},"[{'athlete': {'id': '5104157'}}, {'athlete': {'id': '4845367'}}]",2026-05-25T01:46:17Z,True,"{'x': 25, 'y': 1}",2,+2 Points,486.0
401873200477,477,"{'id': '63', 'text': 'Lost Ball Turnover'}",Shai Gilgeous-Alexander lost ball turnover (Harrison Barnes steals),43,61,3,7:55,False,0,{'id': '25'},"[{'athlete': {'id': '4278073'}}, {'athlete': {'id': '6578'}}]",2026-05-25T01:46:30Z,False,"{'x': 22, 'y': 9}",0,Turnover,475.0
401873200479,479,"{'id': '44', 'text': 'Shooting Foul'}",Alex Caruso shooting foul,43,61,3,7:48,False,0,{'id': '25'},[{'athlete': {'id': '2991350'}}],2026-05-25T01:46:39Z,False,"{'x': 27, 'y': 2}",0,Foul,468.0
401873200481,481,"{'id': '98', 'text': 'Free Throw - 1 of 2'}",Harrison Barnes makes free throw 1 of 2,43,62,3,7:48,True,1,{'id': '24'},[{'athlete': {'id': '6578'}}],2026-05-25T01:47:07Z,True,"{'x': -214748340, 'y': -214748365}",1,+1 Point,468.0
401873200483,483,"{'id': '584', 'text': 'Substitution'}",Jaylin Williams enters the game for Aaron Wiggins,43,62,3,7:48,False,0,{'id': '25'},"[{'athlete': {'id': '4432823'}}, {'athlete': {'id': '4397183'}}]",2026-05-25T01:47:08Z,False,"{'x': -214748340, 'y': -214748365}",0,Substitution,468.0
401873200484,484,"{'id': '584', 'text': 'Substitution'}",Jared McCain enters the game for Cason Wallace,43,62,3,7:48,False,0,{'id': '25'},"[{'athlete': {'id': '4683778'}}, {'athlete': {'id': '4683692'}}]",2026-05-25T01:47:08Z,False,"{'x': -214748340, 'y': -214748365}",0,Substitution,468.0
401873200485,485,"{'id': '584', 'text': 'Substitution'}",Chet Holmgren enters the game for Isaiah Hartenstein,43,62,3,7:48,False,0,{'id': '25'},"[{'athlete': {'id': '4433255'}}, {'athlete': {'id': '4222252'}}]",2026-05-25T01:47:08Z,False,"{'x': -214748340, 'y': -214748365}",0,Substitution,468.0
401873200489,489,"{'id': '99', 'text': 'Free Throw - 2 of 2'}",Harrison Barnes makes free throw 2 of 2,43,63,3,7:48,True,1,{'id': '24'},[{'athlete': {'id': '6578'}}],2026-05-25T01:47:32Z,True,"{'x': -214748340, 'y': -214748365}",1,+1 Point,468.0
401873200490,490,"{'id': '131', 'text': 'Pullup Jump Shot'}",Shai Gilgeous-Alexander misses 17-foot pullup jump shot,43,63,3,7:29,False,0,{'id': '25'},[{'athlete': {'id': '4278073'}}],2026-05-25T01:47:57Z,True,"{'x': 35, 'y': 15}",2,Missed FG,449.0
401873200491,491,"{'id': '156', 'text': 'Offensive Rebound'}",Chet Holmgren offensive rebound,43,63,3,7:27,False,0,{'id': '25'},[{'athlete': {'id': '4433255'}}],2026-05-25T01:47:59Z,False,"{'x': 35, 'y': 15}",0,Rebound,447.0
401873200492,492,"{'id': '62', 'text': 'Bad Pass\nTurnover'}","Chet Holmgren bad pass
turnover (Devin Vassell steals)",43,63,3,7:21,False,0,{'id': '25'},"[{'athlete': {'id': '4433255'}}, {'athlete': {'id': '4395630'}}]",2026-05-25T01:48:01Z,False,"{'x': 8, 'y': 34}",0,Turnover,441.0
401873200494,494,"{'id': '149', 'text': 'Running Alley Oop Dunk Shot'}",Stephon Castle makes dunk (Dylan Harper assists),43,65,3,7:17,True,2,{'id': '24'},"[{'athlete': {'id': '4845367'}}, {'athlete': {'id': '5037871'}}]",2026-05-25T01:48:06Z,True,"{'x': 25, 'y': 0}",2,+2 Points,437.0
401873200496,496,"{'id': '16', 'text': 'Full Timeout'}",Thunder Full timeout,43,65,3,7:17,False,0,{'id': '25'},,2026-05-25T01:48:22Z,False,"{'x': -214748340, 'y': -214748365}",0,Timeout,437.0
401873200497,497,"{'id': '92', 'text': 'Jump Shot'}",Chet Holmgren misses 24-foot three point jumper,43,65,3,6:58,False,0,{'id': '25'},[{'athlete': {'id': '4433255'}}],2026-05-25T01:52:16Z,True,"{'x': 1, 'y': 7}",3,Missed 3PT,418.0
401873200498,498,"{'id': '155', 'text': 'Defensive Rebound'}",Dylan Harper defensive rebound,43,65,3,6:54,False,0,{'id': '24'},[{'athlete': {'id': '5037871'}}],2026-05-25T01:52:20Z,False,"{'x': 1, 'y': 7}",0,Rebound,414.0
401873200499,499,"{'id': '92', 'text': 'Jump Shot'}",Stephon Castle misses 25-foot three point jumper,43,65,3,6:45,False,0,{'id': '24'},[{'athlete': {'id': '4845367'}}],2026-05-25T01:52:31Z,True,"{'x': 43, 'y': 18}",3,Missed 3PT,405.0
401873200500,500,"{'id': '155', 'text': 'Defensive Rebound'}",Thunder defensive team rebound,43,65,3,6:43,False,0,{'id': '25'},,2026-05-25T01:52:33Z,False,"{'x': 43, 'y': 18}",0,Rebound,403.0
401873200502,502,"{'id': '137', 'text': 'Turnaround Fade Away Jump Shot'}",Chet Holmgren misses 17-foot two point shot,43,65,3,6:24,False,0,{'id': '25'},[{'athlete': {'id': '4433255'}}],2026-05-25T01:53:01Z,True,"{'x': 29, 'y': 17}",2,Missed FG,384.0
401873200503,503,"{'id': '156', 'text': 'Offensive Rebound'}",Thunder offensive team rebound,43,65,3,6:24,False,0,{'id': '25'},,2026-05-25T01:53:01Z,False,"{'x': 29, 'y': 17}",0,Rebound,384.0
401873200504,504,"{'id': '43', 'text': 'Loose Ball Foul'}",Harrison Barnes loose ball foul,43,65,3,6:24,False,0,{'id': '24'},[{'athlete': {'id': '6578'}}],2026-05-25T01:53:08Z,False,"{'x': 24, 'y': 0}",0,Foul,384.0
401873200506,506,"{'id': '44', 'text': 'Shooting Foul'}",Stephon Castle shooting foul,43,65,3,6:19,False,0,{'id': '24'},[{'athlete': {'id': '4845367'}}],2026-05-25T01:53:42Z,False,"{'x': 18, 'y': 14}",0,Foul,379.0
401873200508,508,"{'id': '98', 'text': 'Free Throw - 1 of 2'}",Shai Gilgeous-Alexander makes free throw 1 of 2,44,65,3,6:19,True,1,{'id': '25'},[{'athlete': {'id': '4278073'}}],2026-05-25T01:54:05Z,True,"{'x': -214748340, 'y': -214748365}",1,+1 Point,379.0
401873200509,509,"{'id': '584', 'text': 'Substitution'}",De'Aaron Fox enters the game for Stephon Castle,44,65,3,6:19,False,0,{'id': '24'},"[{'athlete': {'id': '4066259'}}, {'athlete': {'id': '4845367'}}]",2026-05-25T01:54:05Z,False,"{'x': -214748340, 'y': -214748365}",0,Substitution,379.0
401873200511,511,"{'id': '99', 'text': 'Free Throw - 2 of 2'}",Shai Gilgeous-Alexander makes free throw 2 of 2,45,65,3,6:19,True,1,{'id': '25'},[{'athlete': {'id': '4278073'}}],2026-05-25T01:54:27Z,True,"{'x': -214748340, 'y': -214748365}",1,+1 Point,379.0
401873200512,512,"{'id': '119', 'text': 'Driving Hook Shot'}",Harrison Barnes misses 3-foot two point shot,45,65,3,6:03,False,0,{'id': '24'},[{'athlete': {'id': '6578'}}],2026-05-25T01:54:45Z,True,"{'x': 29, 'y': 1}",2,Missed FG,363.0
401873200513,513,"{'id': '155', 'text': 'Defensive Rebound'}",Alex Caruso defensive rebound,45,65,3,6:01,False,0,{'id': '25'},[{'athlete': {'id': '2991350'}}],2026-05-25T01:54:47Z,False,"{'x': 29, 'y': 1}",0,Rebound,361.0
401873200514,514,"{'id': '113', 'text': 'Running Jump Shot'}",Jaylin Williams misses 22-foot running jump shot,45,65,3,5:57,False,0,{'id': '25'},[{'athlete': {'id': '4432823'}}],2026-05-25T01:54:51Z,True,"{'x': 2, 'y': -2}",3,Missed 3PT,357.0
401873200515,515,"{'id': '155', 'text': 'Defensive Rebound'}",De'Aaron Fox defensive rebound,45,65,3,5:54,False,0,{'id': '24'},[{'athlete': {'id': '4066259'}}],2026-05-25T01:54:54Z,False,"{'x': 2, 'y': -2}",0,Rebound,354.0
401873200516,516,"{'id': '92', 'text': 'Jump Shot'}",De'Aaron Fox makes 26-foot three point jumper (Victor Wembanyama assists),45,68,3,5:39,True,3,{'id': '24'},"[{'athlete': {'id': '4066259'}}, {'athlete': {'id': '5104157'}}]",2026-05-25T01:55:09Z,True,"{'x': 18, 'y': 25}",3,+3 Points,339.0
401873200518,518,"{'id': '87', 'text': 'Out of Bounds - Lost Ball Turnover'}",Jared McCain out of bounds lost ball turnover,45,68,3,5:30,False,0,{'id': '25'},[{'athlete': {'id': '4683778'}}],2026-05-25T01:55:23Z,False,"{'x': 3, 'y': 31}",0,Turnover,330.0
401873200519,519,"{'id': '44', 'text': 'Shooting Foul'}",Shai Gilgeous-Alexander shooting foul,45,68,3,5:21,False,0,{'id': '25'},[{'athlete': {'id': '4278073'}}],2026-05-25T01:55:45Z,False,"{'x': 22, 'y': 20}",0,Foul,321.0
401873200521,521,"{'id': '98', 'text': 'Free Throw - 1 of 2'}",Devin Vassell makes free throw 1 of 2,45,69,3,5:21,True,1,{'id': '24'},[{'athlete': {'id': '4395630'}}],2026-05-25T01:56:11Z,True,"{'x': -214748340, 'y': -214748365}",1,+1 Point,321.0
401873200522,522,"{'id': '584', 'text': 'Substitution'}",Luke Kornet enters the game for Victor Wembanyama,45,69,3,5:21,False,0,{'id': '24'},"[{'athlete': {'id': '3064560'}}, {'athlete': {'id': '5104157'}}]",2026-05-25T01:56:12Z,False,"{'x': -214748340, 'y': -214748365}",0,Substitution,321.0
401873200523,523,"{'id': '584', 'text': 'Substitution'}",Carter Bryant enters the game for Harrison Barnes,45,69,3,5:21,False,0,{'id': '24'},"[{'athlete': {'id': '5061568'}}, {'athlete': {'id': '6578'}}]",2026-05-25T01:56:12Z,False,"{'x': -214748340, 'y': -214748365}",0,Substitution,321.0
401873200524,524,"{'id': '584', 'text': 'Substitution'}",Isaiah Joe enters the game for Alex Caruso,45,69,3,5:21,False,0,{'id': '25'},"[{'athlete': {'id': '4395702'}}, {'athlete': {'id': '2991350'}}]",2026-05-25T01:56:12Z,False,"{'x': -214748340, 'y': -214748365}",0,Substitution,321.0
401873200528,528,"{'id': '99', 'text': 'Free Throw - 2 of 2'}",Devin Vassell makes free throw 2 of 2,45,70,3,5:21,True,1,{'id': '24'},[{'athlete': {'id': '4395630'}}],2026-05-25T01:56:51Z,True,"{'x': -214748340, 'y': -214748365}",1,+1 Point,321.0
401873200529,529,"{'id': '44', 'text': 'Shooting Foul'}",Carter Bryant shooting foul,45,70,3,5:09,False,0,{'id': '24'},[{'athlete': {'id': '5061568'}}],2026-05-25T01:57:10Z,False,"{'x': 28, 'y': 10}",0,Foul,309.0
401873200531,531,"{'id': '98', 'text': 'Free Throw - 1 of 2'}",Shai Gilgeous-Alexander makes free throw 1 of 2,46,70,3,5:09,True,1,{'id': '25'},[{'athlete': {'id': '4278073'}}],2026-05-25T01:57:31Z,True,"{'x': -214748340, 'y': -214748365}",1,+1 Point,309.0
401873200532,532,"{'id': '99', 'text': 'Free Throw - 2 of 2'}",Shai Gilgeous-Alexander makes free throw 2 of 2,47,70,3,5:09,True,1,{'id': '25'},[{'athlete': {'id': '4278073'}}],2026-05-25T01:57:31Z,True,"{'x': -214748340, 'y': -214748365}",1,+1 Point,309.0
401873200533,533,"{'id': '144', 'text': 'Driving Floating Jump Shot'}",De'Aaron Fox misses driving floating jump shot,47,70,3,5:01,False,0,{'id': '24'},[{'athlete': {'id': '4066259'}}],2026-05-25T01:58:03Z,True,"{'x': 22, 'y': 9}",2,Missed FG,301.0
401873200534,534,"{'id': '155', 'text': 'Defensive Rebound'}",Shai Gilgeous-Alexander defensive rebound,47,70,3,4:57,False,0,{'id': '25'},[{'athlete': {'id': '4278073'}}],2026-05-25T01:58:07Z,False,"{'x': 22, 'y': 9}",0,Rebound,297.0
401873200535,535,"{'id': '92', 'text': 'Jump Shot'}",Jaylin Williams misses 25-foot three point jumper,47,70,3,4:38,False,0,{'id': '25'},[{'athlete': {'id': '4432823'}}],2026-05-25T01:58:24Z,True,"{'x': 37, 'y': 23}",3,Missed 3PT,278.0
401873200536,536,"{'id': '155', 'text': 'Defensive Rebound'}",Carter Bryant defensive rebound,47,70,3,4:36,False,0,{'id': '24'},[{'athlete': {'id': '5061568'}}],2026-05-25T01:58:26Z,False,"{'x': 37, 'y': 23}",0,Rebound,276.0
401873200537,537,"{'id': '92', 'text': 'Jump Shot'}",Devin Vassell misses 24-foot three point jumper,47,70,3,4:29,False,0,{'id': '24'},[{'athlete': {'id': '4395630'}}],2026-05-25T01:58:35Z,True,"{'x': 1, 'y': 0}",3,Missed 3PT,269.0
401873200538,538,"{'id': '156', 'text': 'Offensive Rebound'}",Dylan Harper offensive rebound,47,70,3,4:27,False,0,{'id': '24'},[{'athlete': {'id': '5037871'}}],2026-05-25T01:58:37Z,False,"{'x': 1, 'y': 0}",0,Rebound,267.0
401873200539,539,"{'id': '125', 'text': 'Layup Shot Putback'}",Dylan Harper makes two point shot,47,72,3,4:26,True,2,{'id': '24'},[{'athlete': {'id': '5037871'}}],2026-05-25T01:58:39Z,True,"{'x': 25, 'y': 0}",2,+2 Points,266.0
401873200540,540,"{'id': '95', 'text': 'Layup Shot'}",Chet Holmgren misses layup,47,72,3,4:07,False,0,{'id': '25'},[{'athlete': {'id': '4433255'}}],2026-05-25T01:58:53Z,True,"{'x': 28, 'y': 3}",2,Missed FG,247.0
401873200541,541,"{'id': '155', 'text': 'Defensive Rebound'}",De'Aaron Fox defensive rebound,47,72,3,4:04,False,0,{'id': '24'},[{'athlete': {'id': '4066259'}}],2026-05-25T01:58:55Z,False,"{'x': 28, 'y': 3}",0,Rebound,244.0
401873200542,542,"{'id': '24', 'text': 'Offensive Charge'}",Carter Bryant offensive charge,47,72,3,4:01,False,0,{'id': '24'},[{'athlete': {'id': '5061568'}}],2026-05-25T01:59:03Z,False,"{'x': 28, 'y': 0}",0,Foul,241.0
401873200544,544,"{'id': '84', 'text': 'Offensive Foul Turnover'}",Carter Bryant offensive foul turnover,47,72,3,4:01,False,0,{'id': '24'},[{'athlete': {'id': '5061568'}}],2026-05-25T01:59:03Z,False,"{'x': 28, 'y': 0}",0,Turnover,241.0
401873200545,545,"{'id': '584', 'text': 'Substitution'}",Julian Champagnie enters the game for Dylan Harper,47,72,3,4:01,False,0,{'id': '24'},"[{'athlete': {'id': '4592479'}}, {'athlete': {'id': '5037871'}}]",2026-05-25T01:59:25Z,False,"{'x': -214748340, 'y': -214748365}",0,Substitution,241.0
401873200547,547,"{'id': '45', 'text': 'Personal Foul'}",Carter Bryant personal foul,47,72,3,3:54,False,0,{'id': '24'},[{'athlete': {'id': '5061568'}}],2026-05-25T01:59:42Z,False,"{'x': 33, 'y': 21}",0,Foul,234.0
401873200549,549,"{'id': '98', 'text': 'Free Throw - 1 of 2'}",Jared McCain makes free throw 1 of 2,48,72,3,3:54,True,1,{'id': '25'},[{'athlete': {'id': '4683778'}}],2026-05-25T02:00:05Z,True,"{'x': -214748340, 'y': -214748365}",1,+1 Point,234.0
401873200550,550,"{'id': '99', 'text': 'Free Throw - 2 of 2'}",Jared McCain makes free throw 2 of 2,49,72,3,3:54,True,1,{'id': '25'},[{'athlete': {'id': '4683778'}}],2026-05-25T02:00:23Z,True,"{'x': -214748340, 'y': -214748365}",1,+1 Point,234.0
401873200551,551,"{'id': '132', 'text': 'Step Back Jump Shot'}",De'Aaron Fox misses 11-foot step back jumpshot,49,72,3,3:34,False,0,{'id': '24'},[{'athlete': {'id': '4066259'}}],2026-05-25T02:00:44Z,True,"{'x': 21, 'y': 11}",2,Missed FG,214.0
401873200552,552,"{'id': '155', 'text': 'Defensive Rebound'}",Shai Gilgeous-Alexander defensive rebound,49,72,3,3:32,False,0,{'id': '25'},[{'athlete': {'id': '4278073'}}],2026-05-25T02:00:46Z,False,"{'x': 21, 'y': 11}",0,Rebound,212.0
401873200553,553,"{'id': '129', 'text': 'Running Finger Roll Layup'}",Shai Gilgeous-Alexander makes two point shot,51,72,3,3:28,True,2,{'id': '25'},[{'athlete': {'id': '4278073'}}],2026-05-25T02:00:51Z,True,"{'x': 24, 'y': 0}",2,+2 Points,208.0
401873200554,554,"{'id': '16', 'text': 'Full Timeout'}",Spurs Full timeout,51,72,3,3:28,False,0,{'id': '24'},,2026-05-25T02:00:59Z,False,"{'x': -214748340, 'y': -214748365}",0,Timeout,208.0
401873200555,555,"{'id': '584', 'text': 'Substitution'}",Keldon Johnson enters the game for Carter Bryant,51,72,3,3:28,False,0,{'id': '24'},"[{'athlete': {'id': '4395723'}}, {'athlete': {'id': '5061568'}}]",2026-05-25T02:02:19Z,False,"{'x': -214748340, 'y': -214748365}",0,Substitution,208.0
401873200557,557,"{'id': '92', 'text': 'Jump Shot'}",Julian Champagnie misses 23-foot three point jumper,51,72,3,3:17,False,0,{'id': '24'},[{'athlete': {'id': '4592479'}}],2026-05-25T02:02:41Z,True,"{'x': 2, 'y': -2}",3,Missed 3PT,197.0
401873200558,558,"{'id': '155', 'text': 'Defensive Rebound'}",Isaiah Joe defensive rebound,51,72,3,3:14,False,0,{'id': '25'},[{'athlete': {'id': '4395702'}}],2026-05-25T02:02:44Z,False,"{'x': 2, 'y': -2}",0,Rebound,194.0
401873200560,560,"{'id': '257', 'text': 'Transition Take Foul'}",De'Aaron Fox transition take foul,51,72,3,3:14,False,0,{'id': '24'},[{'athlete': {'id': '4066259'}}],2026-05-25T02:03:01Z,False,"{'x': 23, 'y': 35}",0,Foul,194.0
401873200562,562,"{'id': '280', 'text': 'Ref-Initiated Review (Stands)'}",(03:14) [Thunder] REF-INITIATED REVIEW (CALL STANDS),51,72,3,3:14,False,0,,,2026-05-25T02:04:04Z,False,"{'x': -214748340, 'y': -214748365}",0,Challenge,194.0
401873200563,563,"{'id': '97', 'text': 'Free Throw - 1 of 1'}",Shai Gilgeous-Alexander makes free throw 1 of 1,52,72,3,3:14,True,1,{'id': '25'},[{'athlete': {'id': '4278073'}}],2026-05-25T02:04:44Z,True,"{'x': -214748340, 'y': -214748365}",1,+1 Point,194.0
401873200564,564,"{'id': '584', 'text': 'Substitution'}",Victor Wembanyama enters the game for Luke Kornet,52,72,3,3:14,False,0,{'id': '24'},"[{'athlete': {'id': '5104157'}}, {'athlete': {'id': '3064560'}}]",2026-05-25T02:04:49Z,False,"{'x': -214748340, 'y': -214748365}",0,Substitution,194.0
401873200565,565,"{'id': '584', 'text': 'Substitution'}",Harrison Barnes enters the game for Devin Vassell,52,72,3,3:14,False,0,{'id': '24'},"[{'athlete': {'id': '6578'}}, {'athlete': {'id': '4395630'}}]",2026-05-25T02:04:49Z,False,"{'x': -214748340, 'y': -214748365}",0,Substitution,194.0
401873200568,568,"{'id': '92', 'text': 'Jump Shot'}",Isaiah Joe misses 26-foot three point jumper,52,72,3,3:02,False,0,{'id': '25'},[{'athlete': {'id': '4395702'}}],2026-05-25T02:05:10Z,True,"{'x': 35, 'y': 25}",3,Missed 3PT,182.0
401873200569,569,"{'id': '155', 'text': 'Defensive Rebound'}",Julian Champagnie defensive rebound,52,72,3,3:00,False,0,{'id': '24'},[{'athlete': {'id': '4592479'}}],2026-05-25T02:05:11Z,False,"{'x': 35, 'y': 25}",0,Rebound,180.0
401873200570,570,"{'id': '109', 'text': 'Running Layup Shot'}",Isaiah Joe blocks Keldon Johnson's running layup,52,72,3,2:54,False,0,{'id': '24'},"[{'athlete': {'id': '4395723'}}, {'athlete': {'id': '4395702'}}]",2026-05-25T02:05:17Z,True,"{'x': 28, 'y': 0}",2,Missed FG,174.0
401873200571,571,"{'id': '156', 'text': 'Offensive Rebound'}",De'Aaron Fox offensive rebound,52,72,3,2:51,False,0,{'id': '24'},[{'athlete': {'id': '4066259'}}],2026-05-25T02:05:20Z,False,"{'x': 28, 'y': 0}",0,Rebound,171.0
401873200572,572,"{'id': '62', 'text': 'Bad Pass\nTurnover'}","Victor Wembanyama bad pass
turnover (Shai Gilgeous-Alexander steals)",52,72,3,2:41,False,0,{'id': '24'},"[{'athlete': {'id': '5104157'}}, {'athlete': {'id': '4278073'}}]",2026-05-25T02:05:31Z,False,"{'x': 42, 'y': 1}",0,Turnover,161.0
401873200574,574,"{'id': '92', 'text': 'Jump Shot'}",Jaylin Williams misses 25-foot three point jumper,52,72,3,2:36,False,0,{'id': '25'},[{'athlete': {'id': '4432823'}}],2026-05-25T02:05:37Z,True,"{'x': 39, 'y': 22}",3,Missed 3PT,156.0
401873200575,575,"{'id': '156', 'text': 'Offensive Rebound'}",Thunder offensive team rebound,52,72,3,2:32,False,0,{'id': '25'},,2026-05-25T02:05:44Z,False,"{'x': 39, 'y': 22}",0,Rebound,152.0
401873200578,578,"{'id': '584', 'text': 'Substitution'}",Kenrich Williams enters the game for Chet Holmgren,52,72,3,2:32,False,0,{'id': '25'},"[{'athlete': {'id': '3133626'}}, {'athlete': {'id': '4433255'}}]",2026-05-25T02:07:44Z,False,"{'x': -214748340, 'y': -214748365}",0,Substitution,152.0
401873200580,580,"{'id': '128', 'text': 'Driving Finger Roll Layup'}",Jared McCain makes 1-foot two point shot (Jaylin Williams assists),54,72,3,2:25,True,2,{'id': '25'},"[{'athlete': {'id': '4683778'}}, {'athlete': {'id': '4432823'}}]",2026-05-25T02:10:00Z,True,"{'x': 26, 'y': 1}",2,+2 Points,145.0
401873200582,582,"{'id': '110', 'text': 'Driving Layup Shot'}",De'Aaron Fox makes driving layup (Victor Wembanyama assists),54,74,3,2:15,True,2,{'id': '24'},"[{'athlete': {'id': '4066259'}}, {'athlete': {'id': '5104157'}}]",2026-05-25T02:10:11Z,True,"{'x': 26, 'y': 0}",2,+2 Points,135.0
401873200584,584,"{'id': '63', 'text': 'Lost Ball Turnover'}",Shai Gilgeous-Alexander lost ball turnover (De'Aaron Fox steals),54,74,3,2:06,False,0,{'id': '25'},"[{'athlete': {'id': '4278073'}}, {'athlete': {'id': '4066259'}}]",2026-05-25T02:10:20Z,False,"{'x': 36, 'y': 26}",0,Turnover,126.0
401873200586,586,"{'id': '149', 'text': 'Running Alley Oop Dunk Shot'}",Victor Wembanyama misses dunk,54,74,3,2:00,False,0,{'id': '24'},[{'athlete': {'id': '5104157'}}],2026-05-25T02:10:25Z,True,"{'x': 28, 'y': 0}",2,Missed FG,120.0
401873200587,587,"{'id': '156', 'text': 'Offensive Rebound'}",Harrison Barnes offensive rebound,54,74,3,1:59,False,0,{'id': '24'},[{'athlete': {'id': '6578'}}],2026-05-25T02:10:27Z,False,"{'x': 28, 'y': 0}",0,Rebound,119.0
401873200588,588,"{'id': '45', 'text': 'Personal Foul'}",Kenrich Williams personal foul,54,74,3,1:51,False,0,{'id': '25'},[{'athlete': {'id': '3133626'}}],2026-05-25T02:10:37Z,False,"{'x': 18, 'y': 4}",0,Foul,111.0
401873200590,590,"{'id': '98', 'text': 'Free Throw - 1 of 2'}",Victor Wembanyama misses free throw 1 of 2,54,74,3,1:51,False,0,{'id': '24'},[{'athlete': {'id': '5104157'}}],2026-05-25T02:11:09Z,True,"{'x': -214748340, 'y': -214748365}",1,Missed FT,111.0
401873200591,591,"{'id': '156', 'text': 'Offensive Rebound'}",Spurs offensive team rebound,54,74,3,1:51,False,0,{'id': '24'},,2026-05-25T02:11:09Z,False,"{'x': -214748340, 'y': -214748365}",0,Rebound,111.0
401873200592,592,"{'id': '99', 'text': 'Free Throw - 2 of 2'}",Victor Wembanyama makes free throw 2 of 2,54,75,3,1:51,True,1,{'id': '24'},[{'athlete': {'id': '5104157'}}],2026-05-25T02:11:34Z,True,"{'x': -214748340, 'y': -214748365}",1,+1 Point,111.0
401873200594,594,"{'id': '92', 'text': 'Jump Shot'}",Jaylin Williams misses 26-foot three point jumper,54,75,3,1:34,False,0,{'id': '25'},[{'athlete': {'id': '4432823'}}],2026-05-25T02:11:55Z,True,"{'x': 26, 'y': 26}",3,Missed 3PT,94.0
401873200595,595,"{'id': '155', 'text': 'Defensive Rebound'}",Spurs defensive team rebound,54,75,3,1:34,False,0,{'id': '24'},,2026-05-25T02:11:55Z,False,"{'x': 26, 'y': 26}",0,Rebound,94.0
401873200597,597,"{'id': '92', 'text': 'Jump Shot'}",Victor Wembanyama makes 27-foot three point jumper (De'Aaron Fox assists),54,78,3,1:27,True,3,{'id': '24'},"[{'athlete': {'id': '5104157'}}, {'athlete': {'id': '4066259'}}]",2026-05-25T02:12:22Z,True,"{'x': 40, 'y': 23}",3,+3 Points,87.0
401873200599,599,"{'id': '92', 'text': 'Jump Shot'}",Kenrich Williams makes 22-foot three point jumper (Isaiah Joe assists),57,78,3,1:05,True,3,{'id': '25'},"[{'athlete': {'id': '3133626'}}, {'athlete': {'id': '4395702'}}]",2026-05-25T02:12:44Z,True,"{'x': 48, 'y': 1}",3,+3 Points,65.0
401873200601,601,"{'id': '92', 'text': 'Jump Shot'}",Harrison Barnes misses 23-foot three point jumper,57,78,3,47.8,False,0,{'id': '24'},[{'athlete': {'id': '6578'}}],2026-05-25T02:13:03Z,True,"{'x': 48, 'y': 0}",3,Missed 3PT,47.8
401873200602,602,"{'id': '155', 'text': 'Defensive Rebound'}",Isaiah Joe defensive rebound,57,78,3,45.8,False,0,{'id': '25'},[{'athlete': {'id': '4395702'}}],2026-05-25T02:13:04Z,False,"{'x': 48, 'y': 0}",0,Rebound,45.8
401873200603,603,"{'id': '92', 'text': 'Jump Shot'}",Kenrich Williams makes 23-foot three point jumper (Shai Gilgeous-Alexander assists),60,78,3,34.8,True,3,{'id': '25'},"[{'athlete': {'id': '3133626'}}, {'athlete': {'id': '4278073'}}]",2026-05-25T02:13:16Z,True,"{'x': 48, 'y': 2}",3,+3 Points,34.8
401873200605,605,"{'id': '92', 'text': 'Jump Shot'}",Keldon Johnson misses 24-foot three point jumper,60,78,3,14.5,False,0,{'id': '24'},[{'athlete': {'id': '4395723'}}],2026-05-25T02:13:41Z,True,"{'x': 46, 'y': 13}",3,Missed 3PT,14.5
401873200606,606,"{'id': '155', 'text': 'Defensive Rebound'}",Jared McCain defensive rebound,60,78,3,12.3,False,0,{'id': '25'},[{'athlete': {'id': '4683778'}}],2026-05-25T02:13:44Z,False,"{'x': 46, 'y': 13}",0,Rebound,12.3
401873200607,607,"{'id': '132', 'text': 'Step Back Jump Shot'}",Shai Gilgeous-Alexander misses 25-foot three point step back jumpshot,60,78,3,2.5,False,0,{'id': '25'},[{'athlete': {'id': '4278073'}}],2026-05-25T02:13:54Z,True,"{'x': 45, 'y': 16}",3,Missed 3PT,2.5
401873200608,608,"{'id': '155', 'text': 'Defensive Rebound'}",Victor Wembanyama defensive rebound,60,78,3,1.0,False,0,{'id': '24'},[{'athlete': {'id': '5104157'}}],2026-05-25T02:13:55Z,False,"{'x': 45, 'y': 16}",0,Rebound,1.0
401873200644,644,"{'id': '63', 'text': 'Lost Ball Turnover'}",Victor Wembanyama lost ball turnover (Isaiah Joe steals),60,78,3,0.8,False,0,{'id': '24'},"[{'athlete': {'id': '5104157'}}, {'athlete': {'id': '4395702'}}]",2026-05-25T02:14:10Z,False,"{'x': 28, 'y': 0}",0,Turnover,0.8
401873200611,611,"{'id': '280', 'text': 'Ref-Initiated Review (Stands)'}",(00:00) [Thunder] REF-INITIATED REVIEW (CALL STANDS),60,78,3,0.0,False,0,,,2026-05-25T02:14:27Z,False,"{'x': -214748340, 'y': -214748365}",0,Challenge,0.0
401873200612,612,"{'id': '412', 'text': 'End Period'}",End of the 3rd Quarter,60,78,3,0.0,False,0,,,2026-05-25T02:14:49Z,False,"{'x': -214748340, 'y': -214748365}",0,End of 3rd,0.0
401873200613,613,"{'id': '584', 'text': 'Substitution'}",Stephon Castle enters the game for De'Aaron Fox,60,78,4,12:00,False,0,{'id': '24'},"[{'athlete': {'id': '4845367'}}, {'athlete': {'id': '4066259'}}]",2026-05-25T02:15:26Z,False,"{'x': -214748340, 'y': -214748365}",0,Substitution,720.0
401873200614,614,"{'id': '584', 'text': 'Substitution'}",Devin Vassell enters the game for Julian Champagnie,60,78,4,12:00,False,0,{'id': '24'},"[{'athlete': {'id': '4395630'}}, {'athlete': {'id': '4592479'}}]",2026-05-25T02:15:26Z,False,"{'x': -214748340, 'y': -214748365}",0,Substitution,720.0
401873200615,615,"{'id': '584', 'text': 'Substitution'}",Isaiah Hartenstein enters the game for Shai Gilgeous-Alexander,60,78,4,12:00,False,0,{'id': '25'},"[{'athlete': {'id': '4222252'}}, {'athlete': {'id': '4278073'}}]",2026-05-25T02:15:26Z,False,"{'x': -214748340, 'y': -214748365}",0,Substitution,720.0
401873200616,616,"{'id': '584', 'text': 'Substitution'}",Luguentz Dort enters the game for Jaylin Williams,60,78,4,12:00,False,0,{'id': '25'},"[{'athlete': {'id': '4397020'}}, {'athlete': {'id': '4432823'}}]",2026-05-25T02:15:26Z,False,"{'x': -214748340, 'y': -214748365}",0,Substitution,720.0
401873200622,622,"{'id': '110', 'text': 'Driving Layup Shot'}",Keldon Johnson makes driving layup (Stephon Castle assists),60,80,4,11:35,True,2,{'id': '24'},"[{'athlete': {'id': '4395723'}}, {'athlete': {'id': '4845367'}}]",2026-05-25T02:18:00Z,True,"{'x': 23, 'y': 0}",2,+2 Points,695.0
401873200623,623,"{'id': '128', 'text': 'Driving Finger Roll Layup'}",Jared McCain misses two point shot,60,80,4,11:15,False,0,{'id': '25'},[{'athlete': {'id': '4683778'}}],2026-05-25T02:18:20Z,True,"{'x': 27, 'y': 1}",2,Missed FG,675.0
401873200624,624,"{'id': '155', 'text': 'Defensive Rebound'}",Victor Wembanyama defensive rebound,60,80,4,11:14,False,0,{'id': '24'},[{'athlete': {'id': '5104157'}}],2026-05-25T02:18:21Z,False,"{'x': 27, 'y': 1}",0,Rebound,674.0
401873200625,625,"{'id': '113', 'text': 'Running Jump Shot'}",Devin Vassell misses 25-foot running jump shot,60,80,4,11:10,False,0,{'id': '24'},[{'athlete': {'id': '4395630'}}],2026-05-25T02:18:25Z,True,"{'x': 45, 'y': 16}",3,Missed 3PT,670.0
401873200626,626,"{'id': '155', 'text': 'Defensive Rebound'}",Kenrich Williams defensive rebound,60,80,4,11:10,False,0,{'id': '25'},[{'athlete': {'id': '3133626'}}],2026-05-25T02:18:25Z,False,"{'x': 45, 'y': 16}",0,Rebound,670.0
401873200628,628,"{'id': '131', 'text': 'Pullup Jump Shot'}",Jared McCain misses 25-foot three point pullup jump shot,60,80,4,10:55,False,0,{'id': '25'},[{'athlete': {'id': '4683778'}}],2026-05-25T02:18:40Z,True,"{'x': 9, 'y': 20}",3,Missed 3PT,655.0
401873200629,629,"{'id': '156', 'text': 'Offensive Rebound'}",Luguentz Dort offensive rebound,60,80,4,10:51,False,0,{'id': '25'},[{'athlete': {'id': '4397020'}}],2026-05-25T02:18:44Z,False,"{'x': 9, 'y': 20}",0,Rebound,651.0
401873200630,630,"{'id': '92', 'text': 'Jump Shot'}",Isaiah Joe misses 25-foot three point jumper,60,80,4,10:48,False,0,{'id': '25'},[{'athlete': {'id': '4395702'}}],2026-05-25T02:18:47Z,True,"{'x': 43, 'y': 18}",3,Missed 3PT,648.0
401873200631,631,"{'id': '155', 'text': 'Defensive Rebound'}",Harrison Barnes defensive rebound,60,80,4,10:46,False,0,{'id': '24'},[{'athlete': {'id': '6578'}}],2026-05-25T02:18:49Z,False,"{'x': 43, 'y': 18}",0,Rebound,646.0
401873200632,632,"{'id': '45', 'text': 'Personal Foul'}",Jared McCain personal foul,60,80,4,10:40,False,0,{'id': '25'},[{'athlete': {'id': '4683778'}}],2026-05-25T02:18:57Z,False,"{'x': 25, 'y': 12}",0,Foul,640.0
401873200634,634,"{'id': '45', 'text': 'Personal Foul'}",Isaiah Hartenstein personal foul,60,80,4,10:35,False,0,{'id': '25'},[{'athlete': {'id': '4222252'}}],2026-05-25T02:19:26Z,False,"{'x': 27, 'y': 14}",0,Foul,635.0
401873200636,636,"{'id': '584', 'text': 'Substitution'}",Aaron Wiggins enters the game for Jared McCain,60,80,4,10:35,False,0,{'id': '25'},"[{'athlete': {'id': '4397183'}}, {'athlete': {'id': '4683778'}}]",2026-05-25T02:19:41Z,False,"{'x': -214748340, 'y': -214748365}",0,Substitution,635.0
401873200638,638,"{'id': '92', 'text': 'Jump Shot'}",Harrison Barnes misses 23-foot three point jumper,60,80,4,10:26,False,0,{'id': '24'},[{'athlete': {'id': '6578'}}],2026-05-25T02:20:05Z,True,"{'x': 48, 'y': 1}",3,Missed 3PT,626.0
401873200639,639,"{'id': '155', 'text': 'Defensive Rebound'}",Isaiah Joe defensive rebound,60,80,4,10:26,False,0,{'id': '25'},[{'athlete': {'id': '4395702'}}],2026-05-25T02:20:05Z,False,"{'x': 48, 'y': 1}",0,Rebound,626.0
401873200663,663,"{'id': '63', 'text': 'Lost Ball Turnover'}",Isaiah Joe lost ball turnover (Keldon Johnson steals),60,80,4,10:26,False,0,{'id': '25'},"[{'athlete': {'id': '4395702'}}, {'athlete': {'id': '4395723'}}]",2026-05-25T02:20:08Z,False,"{'x': 27, 'y': 2}",0,Turnover,626.0
401873200640,640,"{'id': '44', 'text': 'Shooting Foul'}",Aaron Wiggins shooting foul,60,80,4,10:24,False,0,{'id': '25'},[{'athlete': {'id': '4397183'}}],2026-05-25T02:20:10Z,False,"{'x': 27, 'y': 1}",0,Foul,624.0
401873200642,642,"{'id': '98', 'text': 'Free Throw - 1 of 2'}",Harrison Barnes makes free throw 1 of 2,60,81,4,10:24,True,1,{'id': '24'},[{'athlete': {'id': '6578'}}],2026-05-25T02:20:35Z,True,"{'x': -214748340, 'y': -214748365}",1,+1 Point,624.0
401873200643,643,"{'id': '99', 'text': 'Free Throw - 2 of 2'}",Harrison Barnes makes free throw 2 of 2,60,82,4,10:24,True,1,{'id': '24'},[{'athlete': {'id': '6578'}}],2026-05-25T02:20:52Z,True,"{'x': -214748340, 'y': -214748365}",1,+1 Point,624.0
401873200646,646,"{'id': '63', 'text': 'Lost Ball Turnover'}",Aaron Wiggins lost ball turnover (Victor Wembanyama steals),60,82,4,10:05,False,0,{'id': '25'},"[{'athlete': {'id': '4397183'}}, {'athlete': {'id': '5104157'}}]",2026-05-25T02:21:18Z,False,"{'x': 42, 'y': 24}",0,Turnover,605.0
401873200648,648,"{'id': '116', 'text': 'Running Dunk Shot'}",Victor Wembanyama makes 1-foot running dunk (Stephon Castle assists),60,84,4,10:00,True,2,{'id': '24'},"[{'athlete': {'id': '5104157'}}, {'athlete': {'id': '4845367'}}]",2026-05-25T02:21:23Z,True,"{'x': 24, 'y': 0}",2,+2 Points,600.0
401873200650,650,"{'id': '131', 'text': 'Pullup Jump Shot'}",Luguentz Dort makes 12-foot pullup jump shot (Isaiah Hartenstein assists),62,84,4,9:38,True,2,{'id': '25'},"[{'athlete': {'id': '4397020'}}, {'athlete': {'id': '4222252'}}]",2026-05-25T02:21:45Z,True,"{'x': 20, 'y': 12}",2,+2 Points,578.0
401873200652,652,"{'id': '110', 'text': 'Driving Layup Shot'}",Keldon Johnson misses driving layup,62,84,4,9:21,False,0,{'id': '24'},[{'athlete': {'id': '4395723'}}],2026-05-25T02:22:04Z,True,"{'x': 27, 'y': 0}",2,Missed FG,561.0
401873200653,653,"{'id': '615', 'text': 'Jumpball'}",Isaiah Hartenstein vs. Keldon Johnson (Harrison Barnes gains possession),62,84,4,9:19,False,0,{'id': '24'},"[{'athlete': {'id': '4395723'}}, {'athlete': {'id': '4222252'}}, {'athlete': {'id': '6578'}}]",2026-05-25T02:22:50Z,False,"{'x': -214748340, 'y': -214748365}",0,Jump Ball,559.0
401873200656,656,"{'id': '156', 'text': 'Offensive Rebound'}",Spurs offensive team rebound,62,84,4,9:19,False,0,{'id': '24'},,2026-05-25T02:22:06Z,False,"{'x': 27, 'y': 0}",0,Rebound,559.0
401873200657,657,"{'id': '62', 'text': 'Bad Pass\nTurnover'}","Victor Wembanyama bad pass
turnover (Isaiah Joe steals)",62,84,4,9:11,False,0,{'id': '24'},"[{'athlete': {'id': '5104157'}}, {'athlete': {'id': '4395702'}}]",2026-05-25T02:22:55Z,False,"{'x': 17, 'y': 0}",0,Turnover,551.0
401873200659,659,"{'id': '132', 'text': 'Step Back Jump Shot'}",Aaron Wiggins makes 15-foot step back jumpshot (Isaiah Joe assists),64,84,4,9:02,True,2,{'id': '25'},"[{'athlete': {'id': '4397183'}}, {'athlete': {'id': '4395702'}}]",2026-05-25T02:23:05Z,True,"{'x': 25, 'y': 16}",2,+2 Points,542.0
401873200661,661,"{'id': '45', 'text': 'Personal Foul'}",Kenrich Williams personal foul,64,84,4,8:43,False,0,{'id': '25'},[{'athlete': {'id': '3133626'}}],2026-05-25T02:23:28Z,False,"{'x': 14, 'y': 1}",0,Foul,523.0
401873200665,665,"{'id': '584', 'text': 'Substitution'}",Luke Kornet enters the game for Victor Wembanyama,64,84,4,8:43,False,0,{'id': '24'},"[{'athlete': {'id': '3064560'}}, {'athlete': {'id': '5104157'}}]",2026-05-25T02:23:38Z,False,"{'x': -214748340, 'y': -214748365}",0,Substitution,523.0
401873200666,666,"{'id': '584', 'text': 'Substitution'}",De'Aaron Fox enters the game for Stephon Castle,64,84,4,8:43,False,0,{'id': '24'},"[{'athlete': {'id': '4066259'}}, {'athlete': {'id': '4845367'}}]",2026-05-25T02:23:38Z,False,"{'x': -214748340, 'y': -214748365}",0,Substitution,523.0
401873200667,667,"{'id': '584', 'text': 'Substitution'}",Dylan Harper enters the game for Harrison Barnes,64,84,4,8:43,False,0,{'id': '24'},"[{'athlete': {'id': '5037871'}}, {'athlete': {'id': '6578'}}]",2026-05-25T02:23:38Z,False,"{'x': -214748340, 'y': -214748365}",0,Substitution,523.0
401873200668,668,"{'id': '584', 'text': 'Substitution'}",Cason Wallace enters the game for Isaiah Joe,64,84,4,8:43,False,0,{'id': '25'},"[{'athlete': {'id': '4683692'}}, {'athlete': {'id': '4395702'}}]",2026-05-25T02:23:38Z,False,"{'x': -214748340, 'y': -214748365}",0,Substitution,523.0
401873200669,669,"{'id': '584', 'text': 'Substitution'}",Chet Holmgren enters the game for Isaiah Hartenstein,64,84,4,8:43,False,0,{'id': '25'},"[{'athlete': {'id': '4433255'}}, {'athlete': {'id': '4222252'}}]",2026-05-25T02:23:38Z,False,"{'x': -214748340, 'y': -214748365}",0,Substitution,523.0
401873200675,675,"{'id': '132', 'text': 'Step Back Jump Shot'}",De'Aaron Fox makes 10-foot step back jumpshot,64,86,4,8:32,True,2,{'id': '24'},[{'athlete': {'id': '4066259'}}],2026-05-25T02:24:30Z,True,"{'x': 23, 'y': 11}",2,+2 Points,512.0
401873200676,676,"{'id': '110', 'text': 'Driving Layup Shot'}",De'Aaron Fox blocks Aaron Wiggins 's 4-foot driving layup,64,86,4,8:18,False,0,{'id': '25'},"[{'athlete': {'id': '4397183'}}, {'athlete': {'id': '4066259'}}]",2026-05-25T02:24:46Z,True,"{'x': 28, 'y': 3}",2,Missed FG,498.0
401873200678,678,"{'id': '156', 'text': 'Offensive Rebound'}",Thunder offensive team rebound,64,86,4,8:18,False,0,{'id': '25'},,2026-05-25T02:24:46Z,False,"{'x': 28, 'y': 3}",0,Rebound,498.0
401873200680,680,"{'id': '44', 'text': 'Shooting Foul'}",De'Aaron Fox shooting foul,64,86,4,8:15,False,0,{'id': '24'},[{'athlete': {'id': '4066259'}}],2026-05-25T02:25:18Z,False,"{'x': 25, 'y': 3}",0,Foul,495.0
401873200682,682,"{'id': '98', 'text': 'Free Throw - 1 of 2'}",Chet Holmgren makes free throw 1 of 2,65,86,4,8:15,True,1,{'id': '25'},[{'athlete': {'id': '4433255'}}],2026-05-25T02:25:59Z,True,"{'x': -214748340, 'y': -214748365}",1,+1 Point,495.0
401873200683,683,"{'id': '99', 'text': 'Free Throw - 2 of 2'}",Chet Holmgren makes free throw 2 of 2,66,86,4,8:15,True,1,{'id': '25'},[{'athlete': {'id': '4433255'}}],2026-05-25T02:26:19Z,True,"{'x': -214748340, 'y': -214748365}",1,+1 Point,495.0
401873200684,684,"{'id': '131', 'text': 'Pullup Jump Shot'}",De'Aaron Fox misses 25-foot three point pullup jump shot,66,86,4,7:55,False,0,{'id': '24'},[{'athlete': {'id': '4066259'}}],2026-05-25T02:26:44Z,True,"{'x': 18, 'y': 25}",3,Missed 3PT,475.0
401873200685,685,"{'id': '156', 'text': 'Offensive Rebound'}",Luke Kornet offensive rebound,66,86,4,7:53,False,0,{'id': '24'},[{'athlete': {'id': '3064560'}}],2026-05-25T02:26:46Z,False,"{'x': 18, 'y': 25}",0,Rebound,473.0
401873200686,686,"{'id': '94', 'text': 'Tip Shot'}",Luke Kornet misses tip shot,66,86,4,7:53,False,0,{'id': '24'},[{'athlete': {'id': '3064560'}}],2026-05-25T02:26:47Z,True,"{'x': 25, 'y': 0}",2,Missed FG,473.0
401873200687,687,"{'id': '155', 'text': 'Defensive Rebound'}",Luguentz Dort defensive rebound,66,86,4,7:52,False,0,{'id': '25'},[{'athlete': {'id': '4397020'}}],2026-05-25T02:26:48Z,False,"{'x': 25, 'y': 0}",0,Rebound,472.0
401873200688,688,"{'id': '92', 'text': 'Jump Shot'}",Kenrich Williams misses 25-foot three point jumper,66,86,4,7:41,False,0,{'id': '25'},[{'athlete': {'id': '3133626'}}],2026-05-25T02:26:55Z,True,"{'x': 12, 'y': 22}",3,Missed 3PT,461.0
401873200689,689,"{'id': '155', 'text': 'Defensive Rebound'}",Dylan Harper defensive rebound,66,86,4,7:36,False,0,{'id': '24'},[{'athlete': {'id': '5037871'}}],2026-05-25T02:27:00Z,False,"{'x': 12, 'y': 22}",0,Rebound,456.0
401873200690,690,"{'id': '92', 'text': 'Jump Shot'}",Keldon Johnson misses 23-foot jumper,66,86,4,7:30,False,0,{'id': '24'},[{'athlete': {'id': '4395723'}}],2026-05-25T02:27:10Z,True,"{'x': 19, 'y': 23}",2,Missed FG,450.0
401873200691,691,"{'id': '155', 'text': 'Defensive Rebound'}",Kenrich Williams defensive rebound,66,86,4,7:26,False,0,{'id': '25'},[{'athlete': {'id': '3133626'}}],2026-05-25T02:27:14Z,False,"{'x': 19, 'y': 23}",0,Rebound,446.0
401873200692,692,"{'id': '131', 'text': 'Pullup Jump Shot'}",Aaron Wiggins makes 18-foot pullup jump shot (Kenrich Williams assists),68,86,4,7:08,True,2,{'id': '25'},"[{'athlete': {'id': '4397183'}}, {'athlete': {'id': '3133626'}}]",2026-05-25T02:27:29Z,True,"{'x': 40, 'y': 11}",2,+2 Points,428.0
401873200694,694,"{'id': '16', 'text': 'Full Timeout'}",Spurs Full timeout,68,86,4,7:08,False,0,{'id': '24'},,2026-05-25T02:27:36Z,False,"{'x': -214748340, 'y': -214748365}",0,Timeout,428.0
401873200695,695,"{'id': '584', 'text': 'Substitution'}",Julian Champagnie enters the game for Keldon Johnson,68,86,4,7:08,False,0,{'id': '24'},"[{'athlete': {'id': '4592479'}}, {'athlete': {'id': '4395723'}}]",2026-05-25T02:30:43Z,False,"{'x': -214748340, 'y': -214748365}",0,Substitution,428.0
401873200697,697,"{'id': '584', 'text': 'Substitution'}",Stephon Castle enters the game for De'Aaron Fox,68,86,4,7:08,False,0,{'id': '24'},"[{'athlete': {'id': '4845367'}}, {'athlete': {'id': '4066259'}}]",2026-05-25T02:31:06Z,False,"{'x': -214748340, 'y': -214748365}",0,Substitution,428.0
401873200699,699,"{'id': '110', 'text': 'Driving Layup Shot'}",Stephon Castle misses driving layup,68,86,4,6:52,False,0,{'id': '24'},[{'athlete': {'id': '4845367'}}],2026-05-25T02:31:30Z,True,"{'x': 23, 'y': 2}",2,Missed FG,412.0
401873200700,700,"{'id': '155', 'text': 'Defensive Rebound'}",Chet Holmgren defensive rebound,68,86,4,6:50,False,0,{'id': '25'},[{'athlete': {'id': '4433255'}}],2026-05-25T02:31:32Z,False,"{'x': 23, 'y': 2}",0,Rebound,410.0
401873200701,701,"{'id': '95', 'text': 'Layup Shot'}",Luke Kornet blocks Chet Holmgren 's 4-foot layup,68,86,4,6:43,False,0,{'id': '25'},"[{'athlete': {'id': '4433255'}}, {'athlete': {'id': '3064560'}}]",2026-05-25T02:31:41Z,True,"{'x': 23, 'y': -4}",2,Missed FG,403.0
401873200703,703,"{'id': '156', 'text': 'Offensive Rebound'}",Thunder offensive team rebound,68,86,4,6:43,False,0,{'id': '25'},,2026-05-25T02:31:41Z,False,"{'x': 23, 'y': -4}",0,Rebound,403.0
401873200705,705,"{'id': '92', 'text': 'Jump Shot'}",Kenrich Williams misses 25-foot three point jumper,68,86,4,6:37,False,0,{'id': '25'},[{'athlete': {'id': '3133626'}}],2026-05-25T02:32:03Z,True,"{'x': 37, 'y': 23}",3,Missed 3PT,397.0
401873200706,706,"{'id': '155', 'text': 'Defensive Rebound'}",Luke Kornet defensive rebound,68,86,4,6:32,False,0,{'id': '24'},[{'athlete': {'id': '3064560'}}],2026-05-25T02:32:08Z,False,"{'x': 37, 'y': 23}",0,Rebound,392.0
401873200707,707,"{'id': '45', 'text': 'Personal Foul'}",Cason Wallace personal foul,68,86,4,6:29,False,0,{'id': '25'},[{'athlete': {'id': '4683692'}}],2026-05-25T02:32:15Z,False,"{'x': 34, 'y': 5}",0,Foul,389.0
401873200709,709,"{'id': '98', 'text': 'Free Throw - 1 of 2'}",Dylan Harper makes free throw 1 of 2,68,87,4,6:29,True,1,{'id': '24'},[{'athlete': {'id': '5037871'}}],2026-05-25T02:32:46Z,True,"{'x': -214748340, 'y': -214748365}",1,+1 Point,389.0
401873200710,710,"{'id': '584', 'text': 'Substitution'}",Jaylin Williams enters the game for Chet Holmgren,68,87,4,6:29,False,0,{'id': '25'},"[{'athlete': {'id': '4432823'}}, {'athlete': {'id': '4433255'}}]",2026-05-25T02:32:48Z,False,"{'x': -214748340, 'y': -214748365}",0,Substitution,389.0
401873200712,712,"{'id': '584', 'text': 'Substitution'}",Isaiah Joe enters the game for Cason Wallace,68,87,4,6:29,False,0,{'id': '25'},"[{'athlete': {'id': '4395702'}}, {'athlete': {'id': '4683692'}}]",2026-05-25T02:33:05Z,False,"{'x': -214748340, 'y': -214748365}",0,Substitution,389.0
401873200714,714,"{'id': '99', 'text': 'Free Throw - 2 of 2'}",Dylan Harper makes free throw 2 of 2,68,88,4,6:29,True,1,{'id': '24'},[{'athlete': {'id': '5037871'}}],2026-05-25T02:32:46Z,True,"{'x': -214748340, 'y': -214748365}",1,+1 Point,389.0
401873200715,715,"{'id': '92', 'text': 'Jump Shot'}",Luguentz Dort misses 25-foot three point jumper,68,88,4,6:17,False,0,{'id': '25'},[{'athlete': {'id': '4397020'}}],2026-05-25T02:33:44Z,True,"{'x': 9, 'y': 20}",3,Missed 3PT,377.0
401873200716,716,"{'id': '155', 'text': 'Defensive Rebound'}",Devin Vassell defensive rebound,68,88,4,6:14,False,0,{'id': '24'},[{'athlete': {'id': '4395630'}}],2026-05-25T02:33:47Z,False,"{'x': 9, 'y': 20}",0,Rebound,374.0
401873200717,717,"{'id': '63', 'text': 'Lost Ball Turnover'}",Dylan Harper lost ball turnover (Luguentz Dort steals),68,88,4,6:06,False,0,{'id': '24'},"[{'athlete': {'id': '5037871'}}, {'athlete': {'id': '4397020'}}]",2026-05-25T02:33:55Z,False,"{'x': 30, 'y': 7}",0,Turnover,366.0
401873200719,719,"{'id': '146', 'text': 'Running Pullup Jump Shot'}",Aaron Wiggins misses running pullup jump shot,68,88,4,6:01,False,0,{'id': '25'},[{'athlete': {'id': '4397183'}}],2026-05-25T02:34:00Z,True,"{'x': 11, 'y': 21}",3,Missed 3PT,361.0
401873200720,720,"{'id': '156', 'text': 'Offensive Rebound'}",Thunder offensive team rebound,68,88,4,6:00,False,0,{'id': '25'},,2026-05-25T02:34:01Z,False,"{'x': 11, 'y': 21}",0,Rebound,360.0
401873200721,721,"{'id': '16', 'text': 'Full Timeout'}",Spurs Full timeout,68,88,4,6:00,False,0,{'id': '24'},,2026-05-25T02:34:26Z,False,"{'x': -214748340, 'y': -214748365}",0,Timeout,360.0
401873200722,722,"{'id': '216', 'text': ""Coach's Challenge (Stands)""}",(06:00) [Spurs] COACH'S CHALLENGE (CALL STANDS) [Spurs] charged with a timeout,68,88,4,6:00,False,0,{'id': '24'},,2026-05-25T02:34:35Z,False,"{'x': -214748340, 'y': -214748365}",0,Challenge,360.0
401873200723,723,"{'id': '132', 'text': 'Step Back Jump Shot'}",Isaiah Joe misses 25-foot three point step back jumpshot,68,88,4,5:51,False,0,{'id': '25'},[{'athlete': {'id': '4395702'}}],2026-05-25T02:38:18Z,True,"{'x': 7, 'y': 19}",3,Missed 3PT,351.0
401873200724,724,"{'id': '156', 'text': 'Offensive Rebound'}",Jaylin Williams offensive rebound,68,88,4,5:49,False,0,{'id': '25'},[{'athlete': {'id': '4432823'}}],2026-05-25T02:38:20Z,False,"{'x': 7, 'y': 19}",0,Rebound,349.0
401873200725,725,"{'id': '145', 'text': 'Driving Floating Bank Jump Shot'}",Aaron Wiggins misses two point shot,68,88,4,5:44,False,0,{'id': '25'},[{'athlete': {'id': '4397183'}}],2026-05-25T02:38:28Z,True,"{'x': 16, 'y': 3}",2,Missed FG,344.0
401873200726,726,"{'id': '156', 'text': 'Offensive Rebound'}",Thunder offensive team rebound,68,88,4,5:41,False,0,{'id': '25'},,2026-05-25T02:38:31Z,False,"{'x': 16, 'y': 3}",0,Rebound,341.0
401873200727,727,"{'id': '43', 'text': 'Loose Ball Foul'}",Stephon Castle loose ball foul,68,88,4,5:41,False,0,{'id': '24'},[{'athlete': {'id': '4845367'}}],2026-05-25T02:38:37Z,False,"{'x': 28, 'y': 5}",0,Foul,341.0
401873200729,729,"{'id': '584', 'text': 'Substitution'}",De'Aaron Fox enters the game for Stephon Castle,68,88,4,5:41,False,0,{'id': '24'},"[{'athlete': {'id': '4066259'}}, {'athlete': {'id': '4845367'}}]",2026-05-25T02:38:52Z,False,"{'x': -214748340, 'y': -214748365}",0,Substitution,341.0
401873200731,731,"{'id': '92', 'text': 'Jump Shot'}",Aaron Wiggins misses 26-foot three point jumper,68,88,4,5:37,False,0,{'id': '25'},[{'athlete': {'id': '4397183'}}],2026-05-25T02:39:15Z,True,"{'x': 34, 'y': 25}",3,Missed 3PT,337.0
401873200732,732,"{'id': '155', 'text': 'Defensive Rebound'}",Dylan Harper defensive rebound,68,88,4,5:35,False,0,{'id': '24'},[{'athlete': {'id': '5037871'}}],2026-05-25T02:39:17Z,False,"{'x': 34, 'y': 25}",0,Rebound,335.0
401873200733,733,"{'id': '118', 'text': 'Alley Oop Dunk Shot'}",Luke Kornet makes 1-foot alley oop dunk (De'Aaron Fox assists),68,90,4,5:16,True,2,{'id': '24'},"[{'athlete': {'id': '3064560'}}, {'athlete': {'id': '4066259'}}]",2026-05-25T02:39:32Z,True,"{'x': 24, 'y': 1}",2,+2 Points,316.0
401873200736,736,"{'id': '44', 'text': 'Shooting Foul'}",Luke Kornet shooting foul,68,90,4,5:04,False,0,{'id': '24'},[{'athlete': {'id': '3064560'}}],2026-05-25T02:39:51Z,False,"{'x': 25, 'y': 1}",0,Foul,304.0
401873200738,738,"{'id': '98', 'text': 'Free Throw - 1 of 2'}",Kenrich Williams makes free throw 1 of 2,69,90,4,5:04,True,1,{'id': '25'},[{'athlete': {'id': '3133626'}}],2026-05-25T02:40:13Z,True,"{'x': -214748340, 'y': -214748365}",1,+1 Point,304.0
401873200739,739,"{'id': '99', 'text': 'Free Throw - 2 of 2'}",Kenrich Williams makes free throw 2 of 2,70,90,4,5:04,True,1,{'id': '25'},[{'athlete': {'id': '3133626'}}],2026-05-25T02:40:35Z,True,"{'x': -214748340, 'y': -214748365}",1,+1 Point,304.0
401873200740,740,"{'id': '131', 'text': 'Pullup Jump Shot'}",De'Aaron Fox misses 17-foot pullup jump shot,70,90,4,4:46,False,0,{'id': '24'},[{'athlete': {'id': '4066259'}}],2026-05-25T02:40:55Z,True,"{'x': 15, 'y': 15}",2,Missed FG,286.0
401873200741,741,"{'id': '155', 'text': 'Defensive Rebound'}",Kenrich Williams defensive rebound,70,90,4,4:43,False,0,{'id': '25'},[{'athlete': {'id': '3133626'}}],2026-05-25T02:40:57Z,False,"{'x': 15, 'y': 15}",0,Rebound,283.0
401873200742,742,"{'id': '141', 'text': 'Cutting Layup Shot'}",Aaron Wiggins misses layup,70,90,4,4:36,False,0,{'id': '25'},[{'athlete': {'id': '4397183'}}],2026-05-25T02:41:04Z,True,"{'x': 27, 'y': 1}",2,Missed FG,276.0
401873200743,743,"{'id': '155', 'text': 'Defensive Rebound'}",Luke Kornet defensive rebound,70,90,4,4:34,False,0,{'id': '24'},[{'athlete': {'id': '3064560'}}],2026-05-25T02:41:06Z,False,"{'x': 27, 'y': 1}",0,Rebound,274.0
401873200744,744,"{'id': '115', 'text': 'Driving Dunk Shot'}",Dylan Harper makes driving dunk,70,92,4,4:21,True,2,{'id': '24'},[{'athlete': {'id': '5037871'}}],2026-05-25T02:41:19Z,True,"{'x': 25, 'y': 1}",2,+2 Points,261.0
401873200745,745,"{'id': '110', 'text': 'Driving Layup Shot'}",Luke Kornet blocks Kenrich Williams 's 2-foot driving layup,70,92,4,4:08,False,0,{'id': '25'},"[{'athlete': {'id': '3133626'}}, {'athlete': {'id': '3064560'}}]",2026-05-25T02:41:31Z,True,"{'x': 26, 'y': 2}",2,Missed FG,248.0
401873200746,746,"{'id': '155', 'text': 'Defensive Rebound'}",Dylan Harper defensive rebound,70,92,4,4:07,False,0,{'id': '24'},[{'athlete': {'id': '5037871'}}],2026-05-25T02:41:32Z,False,"{'x': 26, 'y': 2}",0,Rebound,247.0
401873200747,747,"{'id': '62', 'text': 'Bad Pass\nTurnover'}","Devin Vassell bad pass
turnover (Kenrich Williams steals)",70,92,4,4:01,False,0,{'id': '24'},"[{'athlete': {'id': '4395630'}}, {'athlete': {'id': '3133626'}}]",2026-05-25T02:41:39Z,False,"{'x': 27, 'y': 22}",0,Turnover,241.0
401873200749,749,"{'id': '113', 'text': 'Running Jump Shot'}",Isaiah Joe makes 25-foot running jump shot (Kenrich Williams assists),73,92,4,3:57,True,3,{'id': '25'},"[{'athlete': {'id': '4395702'}}, {'athlete': {'id': '3133626'}}]",2026-05-25T02:41:44Z,True,"{'x': 42, 'y': 18}",3,+3 Points,237.0
401873200751,751,"{'id': '145', 'text': 'Driving Floating Bank Jump Shot'}",De'Aaron Fox makes 7-foot two point shot,73,94,4,3:45,True,2,{'id': '24'},[{'athlete': {'id': '4066259'}}],2026-05-25T02:41:57Z,True,"{'x': 18, 'y': -1}",2,+2 Points,225.0
401873200752,752,"{'id': '44', 'text': 'Shooting Foul'}",Luguentz Dort shooting foul,73,94,4,3:45,False,0,{'id': '25'},[{'athlete': {'id': '4397020'}}],2026-05-25T02:42:03Z,False,"{'x': 20, 'y': 1}",0,Foul,225.0
401873200754,754,"{'id': '584', 'text': 'Substitution'}",Keldon Johnson enters the game for Dylan Harper,73,94,4,3:45,False,0,{'id': '24'},"[{'athlete': {'id': '4395723'}}, {'athlete': {'id': '5037871'}}]",2026-05-25T02:42:14Z,False,"{'x': -214748340, 'y': -214748365}",0,Substitution,225.0
401873200755,755,"{'id': '584', 'text': 'Substitution'}",Carter Bryant enters the game for Devin Vassell,73,94,4,3:45,False,0,{'id': '24'},"[{'athlete': {'id': '5061568'}}, {'athlete': {'id': '4395630'}}]",2026-05-25T02:42:14Z,False,"{'x': -214748340, 'y': -214748365}",0,Substitution,225.0
401873200756,756,"{'id': '584', 'text': 'Substitution'}",Jordan McLaughlin enters the game for Julian Champagnie,73,94,4,3:45,False,0,{'id': '24'},"[{'athlete': {'id': '3134916'}}, {'athlete': {'id': '4592479'}}]",2026-05-25T02:42:14Z,False,"{'x': -214748340, 'y': -214748365}",0,Substitution,225.0
401873200757,757,"{'id': '584', 'text': 'Substitution'}",Nikola Topic enters the game for Luguentz Dort,73,94,4,3:45,False,0,{'id': '25'},"[{'athlete': {'id': '5159925'}}, {'athlete': {'id': '4397020'}}]",2026-05-25T02:42:14Z,False,"{'x': -214748340, 'y': -214748365}",0,Substitution,225.0
401873200762,762,"{'id': '16', 'text': 'Full Timeout'}",Thunder Full timeout,73,94,4,3:45,False,0,{'id': '25'},,2026-05-25T02:42:40Z,False,"{'x': -214748340, 'y': -214748365}",0,Timeout,225.0
401873200763,763,"{'id': '97', 'text': 'Free Throw - 1 of 1'}",De'Aaron Fox makes free throw 1 of 1,73,95,4,3:45,True,1,{'id': '24'},[{'athlete': {'id': '4066259'}}],2026-05-25T02:44:19Z,True,"{'x': -214748340, 'y': -214748365}",1,+1 Point,225.0
401873200764,764,"{'id': '110', 'text': 'Driving Layup Shot'}",Isaiah Joe makes driving layup (Nikola Topic assists),75,95,4,3:33,True,2,{'id': '25'},"[{'athlete': {'id': '4395702'}}, {'athlete': {'id': '5159925'}}]",2026-05-25T02:44:33Z,True,"{'x': 27, 'y': 0}",2,+2 Points,213.0
401873200766,766,"{'id': '16', 'text': 'Full Timeout'}",Spurs Full timeout,75,95,4,3:32,False,0,{'id': '24'},,2026-05-25T02:44:42Z,False,"{'x': -214748340, 'y': -214748365}",0,Timeout,212.0
401873200768,768,"{'id': '584', 'text': 'Substitution'}",Kelly Olynyk enters the game for De'Aaron Fox,75,95,4,3:32,False,0,{'id': '24'},"[{'athlete': {'id': '2489663'}}, {'athlete': {'id': '4066259'}}]",2026-05-25T02:45:53Z,False,"{'x': -214748340, 'y': -214748365}",0,Substitution,212.0
401873200769,769,"{'id': '584', 'text': 'Substitution'}",Lindy Waters III enters the game for Luke Kornet,75,95,4,3:32,False,0,{'id': '24'},"[{'athlete': {'id': '4066317'}}, {'athlete': {'id': '3064560'}}]",2026-05-25T02:45:53Z,False,"{'x': -214748340, 'y': -214748365}",0,Substitution,212.0
401873200772,772,"{'id': '92', 'text': 'Jump Shot'}",Keldon Johnson misses 25-foot three point jumper,75,95,4,3:10,False,0,{'id': '24'},[{'athlete': {'id': '4395723'}}],2026-05-25T02:46:27Z,True,"{'x': 7, 'y': 19}",3,Missed 3PT,190.0
401873200773,773,"{'id': '155', 'text': 'Defensive Rebound'}",Jaylin Williams defensive rebound,75,95,4,3:07,False,0,{'id': '25'},[{'athlete': {'id': '4432823'}}],2026-05-25T02:46:30Z,False,"{'x': 7, 'y': 19}",0,Rebound,187.0
401873200774,774,"{'id': '110', 'text': 'Driving Layup Shot'}",Carter Bryant blocks Nikola Topic's driving layup,75,95,4,2:57,False,0,{'id': '25'},"[{'athlete': {'id': '5159925'}}, {'athlete': {'id': '5061568'}}]",2026-05-25T02:46:38Z,True,"{'x': 28, 'y': 1}",2,Missed FG,177.0
401873200776,776,"{'id': '155', 'text': 'Defensive Rebound'}",Kelly Olynyk defensive rebound,75,95,4,2:54,False,0,{'id': '24'},[{'athlete': {'id': '2489663'}}],2026-05-25T02:46:41Z,False,"{'x': 28, 'y': 1}",0,Rebound,174.0
401873200777,777,"{'id': '114', 'text': 'Turnaround Jump Shot'}",Kelly Olynyk misses 14-foot turnaround jump shot,75,95,4,2:44,False,0,{'id': '24'},[{'athlete': {'id': '2489663'}}],2026-05-25T02:46:48Z,True,"{'x': 24, 'y': 15}",2,Missed FG,164.0
401873200778,778,"{'id': '156', 'text': 'Offensive Rebound'}",Jordan McLaughlin offensive rebound,75,95,4,2:43,False,0,{'id': '24'},[{'athlete': {'id': '3134916'}}],2026-05-25T02:46:50Z,False,"{'x': 24, 'y': 15}",0,Rebound,163.0
401873200779,779,"{'id': '92', 'text': 'Jump Shot'}",Kelly Olynyk misses 25-foot three point jumper,75,95,4,2:41,False,0,{'id': '24'},[{'athlete': {'id': '2489663'}}],2026-05-25T02:46:52Z,True,"{'x': 26, 'y': 25}",3,Missed 3PT,161.0
401873200780,780,"{'id': '155', 'text': 'Defensive Rebound'}",Kenrich Williams defensive rebound,75,95,4,2:41,False,0,{'id': '25'},[{'athlete': {'id': '3133626'}}],2026-05-25T02:46:52Z,False,"{'x': 26, 'y': 25}",0,Rebound,161.0
401873200781,781,"{'id': '63', 'text': 'Lost Ball Turnover'}",Aaron Wiggins lost ball turnover (Kelly Olynyk steals),75,95,4,2:24,False,0,{'id': '25'},"[{'athlete': {'id': '4397183'}}, {'athlete': {'id': '2489663'}}]",2026-05-25T02:47:09Z,False,"{'x': 19, 'y': 13}",0,Turnover,144.0
401873200783,783,"{'id': '110', 'text': 'Driving Layup Shot'}",Keldon Johnson makes driving layup,75,97,4,2:11,True,2,{'id': '24'},[{'athlete': {'id': '4395723'}}],2026-05-25T02:47:21Z,True,"{'x': 26, 'y': 1}",2,+2 Points,131.0
401873200784,784,"{'id': '63', 'text': 'Lost Ball Turnover'}",Nikola Topic lost ball turnover (Kelly Olynyk steals),75,97,4,1:58,False,0,{'id': '25'},"[{'athlete': {'id': '5159925'}}, {'athlete': {'id': '2489663'}}]",2026-05-25T02:47:35Z,False,"{'x': 46, 'y': 12}",0,Turnover,118.0
401873200786,786,"{'id': '113', 'text': 'Running Jump Shot'}",Jordan McLaughlin makes 23-foot running jump shot (Carter Bryant assists),75,100,4,1:54,True,3,{'id': '24'},"[{'athlete': {'id': '3134916'}}, {'athlete': {'id': '5061568'}}]",2026-05-25T02:47:39Z,True,"{'x': 1, 'y': -1}",3,+3 Points,114.0
401873200789,789,"{'id': '63', 'text': 'Lost Ball Turnover'}",Kenrich Williams lost ball turnover (Kelly Olynyk steals),75,100,4,1:38,False,0,{'id': '25'},"[{'athlete': {'id': '3133626'}}, {'athlete': {'id': '2489663'}}]",2026-05-25T02:47:59Z,False,"{'x': 34, 'y': 1}",0,Turnover,98.0
401873200791,791,"{'id': '113', 'text': 'Running Jump Shot'}",Keldon Johnson misses 26-foot running jump shot,75,100,4,1:30,False,0,{'id': '24'},[{'athlete': {'id': '4395723'}}],2026-05-25T02:48:07Z,True,"{'x': 47, 'y': 15}",3,Missed 3PT,90.0
401873200792,792,"{'id': '155', 'text': 'Defensive Rebound'}",Jaylin Williams defensive rebound,75,100,4,1:30,False,0,{'id': '25'},[{'athlete': {'id': '4432823'}}],2026-05-25T02:48:07Z,False,"{'x': 47, 'y': 15}",0,Rebound,90.0
401873200793,793,"{'id': '132', 'text': 'Step Back Jump Shot'}",Isaiah Joe makes 23-foot three point step back jumpshot,78,100,4,1:13,True,3,{'id': '25'},[{'athlete': {'id': '4395702'}}],2026-05-25T02:48:26Z,True,"{'x': 2, 'y': -2}",3,+3 Points,73.0
401873200794,794,"{'id': '131', 'text': 'Pullup Jump Shot'}",Jordan McLaughlin misses 25-foot three point pullup jump shot,78,100,4,1:01,False,0,{'id': '24'},[{'athlete': {'id': '3134916'}}],2026-05-25T02:48:40Z,True,"{'x': 25, 'y': 26}",3,Missed 3PT,61.0
401873200795,795,"{'id': '155', 'text': 'Defensive Rebound'}",Aaron Wiggins defensive rebound,78,100,4,58.8,False,0,{'id': '25'},[{'athlete': {'id': '4397183'}}],2026-05-25T02:48:43Z,False,"{'x': 25, 'y': 26}",0,Rebound,58.8
401873200796,796,"{'id': '109', 'text': 'Running Layup Shot'}",Nikola Topic makes running layup (Kenrich Williams assists),80,100,4,55.9,True,2,{'id': '25'},"[{'athlete': {'id': '5159925'}}, {'athlete': {'id': '3133626'}}]",2026-05-25T02:48:48Z,True,"{'x': 23, 'y': 0}",2,+2 Points,55.9
401873200798,798,"{'id': '92', 'text': 'Jump Shot'}",Kelly Olynyk makes 25-foot three point jumper (Lindy Waters III assists),80,103,4,38.7,True,3,{'id': '24'},"[{'athlete': {'id': '2489663'}}, {'athlete': {'id': '4066317'}}]",2026-05-25T02:49:07Z,True,"{'x': 7, 'y': 18}",3,+3 Points,38.7
401873200800,800,"{'id': '141', 'text': 'Cutting Layup Shot'}",Kenrich Williams makes 1-foot layup (Nikola Topic assists),82,103,4,28.1,True,2,{'id': '25'},"[{'athlete': {'id': '3133626'}}, {'athlete': {'id': '5159925'}}]",2026-05-25T02:49:22Z,True,"{'x': 24, 'y': 0}",2,+2 Points,28.1
401873200802,802,"{'id': '70', 'text': 'Shot Clock Turnover'}",shot clock turnover ,82,103,4,4.0,False,0,{'id': '24'},,2026-05-25T02:49:51Z,False,"{'x': 6, 'y': 38}",0,Turnover,4.0
401873200803,803,"{'id': '412', 'text': 'End Period'}",End of the 4th Quarter,82,103,4,0.0,False,0,,,2026-05-25T02:50:11Z,False,"{'x': -214748340, 'y': -214748365}",0,End of 4th,0.0
401873200804,804,"{'id': '402', 'text': 'End Game'}",End of Game,82,103,4,0.0,False,0,,,2026-05-25T02:50:12Z,False,"{'x': -214748340, 'y': -214748365}",0,End of Game,0.0
