id,sequenceNumber,type,text,awayScore,homeScore,period,clock,scoringPlay,scoreValue,team,participants,wallclock,shootingPlay,coordinate,pointsAttempted,shortDescription,clockSec
4018731994,4,"{'id': '615', 'text': 'Jumpball'}",Chet Holmgren vs. Victor Wembanyama (Stephon Castle gains possession),0,0,1,12:00,False,0,{'id': '24'},"[{'athlete': {'id': '5104157'}}, {'athlete': {'id': '4433255'}}, {'athlete': {'id': '4845367'}}]",2026-05-23T00:36:53Z,False,"{'x': -214748340, 'y': -214748365}",0,Jump Ball,720.0
4018731997,7,"{'id': '128', 'text': 'Driving Finger Roll Layup'}",De'Aaron Fox makes 2-foot two point shot (Stephon Castle assists),0,2,1,11:39,True,2,{'id': '24'},"[{'athlete': {'id': '4066259'}}, {'athlete': {'id': '4845367'}}]",2026-05-23T00:37:11Z,True,"{'x': 23, 'y': 1}",2,+2 Points,699.0
4018731999,9,"{'id': '131', 'text': 'Pullup Jump Shot'}",Chet Holmgren misses 11-foot pullup jump shot,0,2,1,11:22,False,0,{'id': '25'},[{'athlete': {'id': '4433255'}}],2026-05-23T00:37:27Z,True,"{'x': 33, 'y': 9}",2,Missed FG,682.0
40187319910,10,"{'id': '155', 'text': 'Defensive Rebound'}",Victor Wembanyama defensive rebound,0,2,1,11:20,False,0,{'id': '24'},[{'athlete': {'id': '5104157'}}],2026-05-23T00:37:29Z,False,"{'x': 33, 'y': 9}",0,Rebound,680.0
40187319911,11,"{'id': '132', 'text': 'Step Back Jump Shot'}",Victor Wembanyama makes 25-foot three point step back jumpshot,0,5,1,11:03,True,3,{'id': '24'},[{'athlete': {'id': '5104157'}}],2026-05-23T00:37:47Z,True,"{'x': 32, 'y': 25}",3,+3 Points,663.0
40187319912,12,"{'id': '63', 'text': 'Lost Ball Turnover'}",Ajay Mitchell lost ball turnover (De'Aaron Fox steals),0,5,1,10:43,False,0,{'id': '25'},"[{'athlete': {'id': '4900671'}}, {'athlete': {'id': '4066259'}}]",2026-05-23T00:38:07Z,False,"{'x': 43, 'y': 2}",0,Turnover,643.0
40187319914,14,"{'id': '113', 'text': 'Running Jump Shot'}",Julian Champagnie misses 23-foot running jump shot,0,5,1,10:38,False,0,{'id': '24'},[{'athlete': {'id': '4592479'}}],2026-05-23T00:38:12Z,True,"{'x': 1, 'y': 1}",3,Missed 3PT,638.0
40187319915,15,"{'id': '156', 'text': 'Offensive Rebound'}",Stephon Castle offensive rebound,0,5,1,10:35,False,0,{'id': '24'},[{'athlete': {'id': '4845367'}}],2026-05-23T00:38:18Z,False,"{'x': 1, 'y': 1}",0,Rebound,635.0
40187319916,16,"{'id': '44', 'text': 'Shooting Foul'}",Shai Gilgeous-Alexander shooting foul,0,5,1,10:35,False,0,{'id': '25'},[{'athlete': {'id': '4278073'}}],2026-05-23T00:38:19Z,False,"{'x': 27, 'y': 1}",0,Foul,635.0
40187319918,18,"{'id': '98', 'text': 'Free Throw - 1 of 2'}",Stephon Castle makes free throw 1 of 2,0,6,1,10:35,True,1,{'id': '24'},[{'athlete': {'id': '4845367'}}],2026-05-23T00:38:44Z,True,"{'x': -214748340, 'y': -214748365}",1,+1 Point,635.0
40187319919,19,"{'id': '99', 'text': 'Free Throw - 2 of 2'}",Stephon Castle makes free throw 2 of 2,0,7,1,10:35,True,1,{'id': '24'},[{'athlete': {'id': '4845367'}}],2026-05-23T00:39:06Z,True,"{'x': -214748340, 'y': -214748365}",1,+1 Point,635.0
40187319920,20,"{'id': '45', 'text': 'Personal Foul'}",Stephon Castle personal foul,0,7,1,10:26,False,0,{'id': '24'},[{'athlete': {'id': '4845367'}}],2026-05-23T00:39:20Z,False,"{'x': 31, 'y': 22}",0,Foul,626.0
40187319922,22,"{'id': '131', 'text': 'Pullup Jump Shot'}",Ajay Mitchell misses 10-foot pullup jump shot,0,7,1,10:19,False,0,{'id': '25'},[{'athlete': {'id': '4900671'}}],2026-05-23T00:39:45Z,True,"{'x': 19, 'y': 9}",2,Missed FG,619.0
40187319923,23,"{'id': '155', 'text': 'Defensive Rebound'}",Devin Vassell defensive rebound,0,7,1,10:15,False,0,{'id': '24'},[{'athlete': {'id': '4395630'}}],2026-05-23T00:39:49Z,False,"{'x': 19, 'y': 9}",0,Rebound,615.0
40187319924,24,"{'id': '146', 'text': 'Running Pullup Jump Shot'}",Devin Vassell makes 25-foot running pullup jump shot,0,10,1,10:12,True,3,{'id': '24'},[{'athlete': {'id': '4395630'}}],2026-05-23T00:39:52Z,True,"{'x': 24, 'y': 25}",3,+3 Points,612.0
40187319925,25,"{'id': '16', 'text': 'Full Timeout'}",Thunder Full timeout,0,10,1,10:10,False,0,{'id': '25'},,2026-05-23T00:40:00Z,False,"{'x': -214748340, 'y': -214748365}",0,Timeout,610.0
40187319926,26,"{'id': '110', 'text': 'Driving Layup Shot'}",Shai Gilgeous-Alexander misses driving layup,0,10,1,9:57,False,0,{'id': '25'},[{'athlete': {'id': '4278073'}}],2026-05-23T00:43:49Z,True,"{'x': 23, 'y': 1}",2,Missed FG,597.0
40187319927,27,"{'id': '156', 'text': 'Offensive Rebound'}",Chet Holmgren offensive rebound,0,10,1,9:54,False,0,{'id': '25'},[{'athlete': {'id': '4433255'}}],2026-05-23T00:43:52Z,False,"{'x': 23, 'y': 1}",0,Rebound,594.0
40187319928,28,"{'id': '63', 'text': 'Lost Ball Turnover'}",Luguentz Dort lost ball turnover (Stephon Castle steals),0,10,1,9:48,False,0,{'id': '25'},"[{'athlete': {'id': '4397020'}}, {'athlete': {'id': '4845367'}}]",2026-05-23T00:43:58Z,False,"{'x': 18, 'y': 4}",0,Turnover,588.0
40187319930,30,"{'id': '129', 'text': 'Running Finger Roll Layup'}",De'Aaron Fox makes two point shot (Victor Wembanyama assists),0,12,1,9:44,True,2,{'id': '24'},"[{'athlete': {'id': '4066259'}}, {'athlete': {'id': '5104157'}}]",2026-05-23T00:44:03Z,True,"{'x': 23, 'y': -1}",2,+2 Points,584.0
40187319932,32,"{'id': '131', 'text': 'Pullup Jump Shot'}",Stephon Castle blocks Shai Gilgeous-Alexander 's 17-foot pullup jump shot,0,12,1,9:31,False,0,{'id': '25'},"[{'athlete': {'id': '4278073'}}, {'athlete': {'id': '4845367'}}]",2026-05-23T00:44:14Z,True,"{'x': 19, 'y': 16}",2,Missed FG,571.0
40187319934,34,"{'id': '155', 'text': 'Defensive Rebound'}",De'Aaron Fox defensive rebound,0,12,1,9:31,False,0,{'id': '24'},[{'athlete': {'id': '4066259'}}],2026-05-23T00:44:14Z,False,"{'x': 19, 'y': 16}",0,Rebound,571.0
40187319935,35,"{'id': '92', 'text': 'Jump Shot'}",Devin Vassell makes 25-foot three point jumper (Julian Champagnie assists),0,15,1,9:23,True,3,{'id': '24'},"[{'athlete': {'id': '4395630'}}, {'athlete': {'id': '4592479'}}]",2026-05-23T00:44:22Z,True,"{'x': 14, 'y': 23}",3,+3 Points,563.0
40187319937,37,"{'id': '130', 'text': 'Floating Jump Shot'}",Victor Wembanyama blocks Isaiah Hartenstein 's 16-foot floating jump shot,0,15,1,8:58,False,0,{'id': '25'},"[{'athlete': {'id': '4222252'}}, {'athlete': {'id': '5104157'}}]",2026-05-23T00:44:50Z,True,"{'x': 25, 'y': 17}",2,Missed FG,538.0
40187319939,39,"{'id': '156', 'text': 'Offensive Rebound'}",Thunder offensive team rebound,0,15,1,8:57,False,0,{'id': '25'},,2026-05-23T00:44:51Z,False,"{'x': 25, 'y': 17}",0,Rebound,537.0
40187319940,40,"{'id': '70', 'text': 'Shot Clock Turnover'}",shot clock turnover ,0,15,1,8:57,False,0,{'id': '25'},,2026-05-23T00:45:00Z,False,"{'x': 19, 'y': 20}",0,Turnover,537.0
40187319941,41,"{'id': '584', 'text': 'Substitution'}",Alex Caruso enters the game for Chet Holmgren,0,15,1,8:57,False,0,{'id': '25'},"[{'athlete': {'id': '2991350'}}, {'athlete': {'id': '4433255'}}]",2026-05-23T00:45:12Z,False,"{'x': -214748340, 'y': -214748365}",0,Substitution,537.0
40187319943,43,"{'id': '131', 'text': 'Pullup Jump Shot'}",Devin Vassell misses 15-foot pullup jump shot,0,15,1,8:45,False,0,{'id': '24'},[{'athlete': {'id': '4395630'}}],2026-05-23T00:45:25Z,True,"{'x': 31, 'y': 15}",2,Missed FG,525.0
40187319944,44,"{'id': '155', 'text': 'Defensive Rebound'}",Alex Caruso defensive rebound,0,15,1,8:42,False,0,{'id': '25'},[{'athlete': {'id': '2991350'}}],2026-05-23T00:45:28Z,False,"{'x': 31, 'y': 15}",0,Rebound,522.0
40187319945,45,"{'id': '92', 'text': 'Jump Shot'}",Alex Caruso misses 26-foot three point jumper,0,15,1,8:27,False,0,{'id': '25'},[{'athlete': {'id': '2991350'}}],2026-05-23T00:45:43Z,True,"{'x': 35, 'y': 25}",3,Missed 3PT,507.0
40187319946,46,"{'id': '155', 'text': 'Defensive Rebound'}",Julian Champagnie defensive rebound,0,15,1,8:24,False,0,{'id': '24'},[{'athlete': {'id': '4592479'}}],2026-05-23T00:45:46Z,False,"{'x': 35, 'y': 25}",0,Rebound,504.0
40187319947,47,"{'id': '92', 'text': 'Jump Shot'}",Devin Vassell misses 23-foot three point jumper,0,15,1,8:17,False,0,{'id': '24'},[{'athlete': {'id': '4395630'}}],2026-05-23T00:45:52Z,True,"{'x': 2, 'y': 1}",3,Missed 3PT,497.0
40187319948,48,"{'id': '155', 'text': 'Defensive Rebound'}",Isaiah Hartenstein defensive rebound,0,15,1,8:14,False,0,{'id': '25'},[{'athlete': {'id': '4222252'}}],2026-05-23T00:45:55Z,False,"{'x': 2, 'y': 1}",0,Rebound,494.0
40187319949,49,"{'id': '130', 'text': 'Floating Jump Shot'}",Isaiah Hartenstein makes 11-foot floating jump shot (Luguentz Dort assists),2,15,1,8:06,True,2,{'id': '25'},"[{'athlete': {'id': '4222252'}}, {'athlete': {'id': '4397020'}}]",2026-05-23T00:46:04Z,True,"{'x': 29, 'y': 12}",2,+2 Points,486.0
40187319951,51,"{'id': '128', 'text': 'Driving Finger Roll Layup'}",De'Aaron Fox makes 1-foot two point shot (Victor Wembanyama assists),2,17,1,7:50,True,2,{'id': '24'},"[{'athlete': {'id': '4066259'}}, {'athlete': {'id': '5104157'}}]",2026-05-23T00:46:20Z,True,"{'x': 24, 'y': 0}",2,+2 Points,470.0
40187319953,53,"{'id': '131', 'text': 'Pullup Jump Shot'}",Alex Caruso makes 12-foot pullup jump shot,4,17,1,7:41,True,2,{'id': '25'},[{'athlete': {'id': '2991350'}}],2026-05-23T00:46:28Z,True,"{'x': 38, 'y': 4}",2,+2 Points,461.0
40187319954,54,"{'id': '62', 'text': 'Bad Pass\nTurnover'}","De'Aaron Fox bad pass
turnover (Alex Caruso steals)",4,17,1,7:27,False,0,{'id': '24'},"[{'athlete': {'id': '4066259'}}, {'athlete': {'id': '2991350'}}]",2026-05-23T00:46:42Z,False,"{'x': 34, 'y': 6}",0,Turnover,447.0
40187319956,56,"{'id': '63', 'text': 'Lost Ball Turnover'}",Alex Caruso lost ball turnover (Julian Champagnie steals),4,17,1,7:21,False,0,{'id': '25'},"[{'athlete': {'id': '2991350'}}, {'athlete': {'id': '4592479'}}]",2026-05-23T00:46:48Z,False,"{'x': 40, 'y': 19}",0,Turnover,441.0
40187319958,58,"{'id': '129', 'text': 'Running Finger Roll Layup'}",Julian Champagnie makes two point shot,4,19,1,7:17,True,2,{'id': '24'},[{'athlete': {'id': '4592479'}}],2026-05-23T00:46:53Z,True,"{'x': 26, 'y': 1}",2,+2 Points,437.0
40187319960,60,"{'id': '584', 'text': 'Substitution'}",Dylan Harper enters the game for Victor Wembanyama,4,19,1,7:01,False,0,{'id': '24'},"[{'athlete': {'id': '5037871'}}, {'athlete': {'id': '5104157'}}]",2026-05-23T00:47:15Z,False,"{'x': -214748340, 'y': -214748365}",0,Substitution,421.0
40187319961,61,"{'id': '584', 'text': 'Substitution'}",Keldon Johnson enters the game for De'Aaron Fox,4,19,1,7:01,False,0,{'id': '24'},"[{'athlete': {'id': '4395723'}}, {'athlete': {'id': '4066259'}}]",2026-05-23T00:47:15Z,False,"{'x': -214748340, 'y': -214748365}",0,Substitution,421.0
40187319962,62,"{'id': '584', 'text': 'Substitution'}",Luke Kornet enters the game for Julian Champagnie,4,19,1,7:01,False,0,{'id': '24'},"[{'athlete': {'id': '3064560'}}, {'athlete': {'id': '4592479'}}]",2026-05-23T00:47:15Z,False,"{'x': -214748340, 'y': -214748365}",0,Substitution,421.0
40187319963,63,"{'id': '584', 'text': 'Substitution'}",Jared McCain enters the game for Luguentz Dort,4,19,1,7:01,False,0,{'id': '25'},"[{'athlete': {'id': '4683778'}}, {'athlete': {'id': '4397020'}}]",2026-05-23T00:47:15Z,False,"{'x': -214748340, 'y': -214748365}",0,Substitution,421.0
40187319964,64,"{'id': '584', 'text': 'Substitution'}",Cason Wallace enters the game for Ajay Mitchell,4,19,1,7:01,False,0,{'id': '25'},"[{'athlete': {'id': '4683692'}}, {'athlete': {'id': '4900671'}}]",2026-05-23T00:47:15Z,False,"{'x': -214748340, 'y': -214748365}",0,Substitution,421.0
40187319965,65,"{'id': '584', 'text': 'Substitution'}",Jaylin Williams enters the game for Isaiah Hartenstein,4,19,1,7:01,False,0,{'id': '25'},"[{'athlete': {'id': '4432823'}}, {'athlete': {'id': '4222252'}}]",2026-05-23T00:47:15Z,False,"{'x': -214748340, 'y': -214748365}",0,Substitution,421.0
40187319972,72,"{'id': '92', 'text': 'Jump Shot'}",Jared McCain misses 27-foot three point jumper,4,19,1,6:55,False,0,{'id': '25'},[{'athlete': {'id': '4683778'}}],2026-05-23T00:47:51Z,True,"{'x': 13, 'y': 25}",3,Missed 3PT,415.0
40187319973,73,"{'id': '156', 'text': 'Offensive Rebound'}",Jared McCain offensive rebound,4,19,1,6:52,False,0,{'id': '25'},[{'athlete': {'id': '4683778'}}],2026-05-23T00:47:54Z,False,"{'x': 13, 'y': 25}",0,Rebound,412.0
40187319974,74,"{'id': '92', 'text': 'Jump Shot'}",Cason Wallace makes 26-foot three point jumper (Shai Gilgeous-Alexander assists),7,19,1,6:49,True,3,{'id': '25'},"[{'athlete': {'id': '4683692'}}, {'athlete': {'id': '4278073'}}]",2026-05-23T00:47:58Z,True,"{'x': 11, 'y': 22}",3,+3 Points,409.0
40187319976,76,"{'id': '92', 'text': 'Jump Shot'}",Stephon Castle misses 26-foot three point jumper,7,19,1,6:35,False,0,{'id': '24'},[{'athlete': {'id': '4845367'}}],2026-05-23T00:48:11Z,True,"{'x': 25, 'y': 26}",3,Missed 3PT,395.0
40187319977,77,"{'id': '155', 'text': 'Defensive Rebound'}",Jared McCain defensive rebound,7,19,1,6:31,False,0,{'id': '25'},[{'athlete': {'id': '4683778'}}],2026-05-23T00:48:15Z,False,"{'x': 25, 'y': 26}",0,Rebound,391.0
40187319978,78,"{'id': '131', 'text': 'Pullup Jump Shot'}",Alex Caruso makes 26-foot three pointer (Shai Gilgeous-Alexander assists),10,19,1,6:17,True,3,{'id': '25'},"[{'athlete': {'id': '2991350'}}, {'athlete': {'id': '4278073'}}]",2026-05-23T00:48:29Z,True,"{'x': 36, 'y': 24}",3,+3 Points,377.0
40187319980,80,"{'id': '16', 'text': 'Full Timeout'}",Spurs Full timeout,10,19,1,6:14,False,0,{'id': '24'},,2026-05-23T00:48:36Z,False,"{'x': -214748340, 'y': -214748365}",0,Timeout,374.0
40187319981,81,"{'id': '67', 'text': '3-Second Turnover'}",Luke Kornet 3 second turnover,10,19,1,5:57,False,0,{'id': '24'},[{'athlete': {'id': '3064560'}}],2026-05-23T00:52:44Z,False,"{'x': 19, 'y': 0}",0,Turnover,357.0
40187319982,82,"{'id': '92', 'text': 'Jump Shot'}",Alex Caruso misses 25-foot three point jumper,10,19,1,5:44,False,0,{'id': '25'},[{'athlete': {'id': '2991350'}}],2026-05-23T00:53:04Z,True,"{'x': 25, 'y': 26}",3,Missed 3PT,344.0
40187319983,83,"{'id': '155', 'text': 'Defensive Rebound'}",Keldon Johnson defensive rebound,10,19,1,5:41,False,0,{'id': '24'},[{'athlete': {'id': '4395723'}}],2026-05-23T00:53:07Z,False,"{'x': 25, 'y': 26}",0,Rebound,341.0
40187319984,84,"{'id': '92', 'text': 'Jump Shot'}",Dylan Harper misses 24-foot three point jumper,10,19,1,5:33,False,0,{'id': '24'},[{'athlete': {'id': '5037871'}}],2026-05-23T00:53:16Z,True,"{'x': 48, 'y': 8}",3,Missed 3PT,333.0
40187319985,85,"{'id': '155', 'text': 'Defensive Rebound'}",Jaylin Williams defensive rebound,10,19,1,5:32,False,0,{'id': '25'},[{'athlete': {'id': '4432823'}}],2026-05-23T00:53:17Z,False,"{'x': 48, 'y': 8}",0,Rebound,332.0
40187319986,86,"{'id': '92', 'text': 'Jump Shot'}",Jared McCain misses 23-foot three point jumper,10,19,1,5:17,False,0,{'id': '25'},[{'athlete': {'id': '4683778'}}],2026-05-23T00:53:31Z,True,"{'x': 48, 'y': 1}",3,Missed 3PT,317.0
40187319987,87,"{'id': '156', 'text': 'Offensive Rebound'}",Alex Caruso offensive rebound,10,19,1,5:14,False,0,{'id': '25'},[{'athlete': {'id': '2991350'}}],2026-05-23T00:53:34Z,False,"{'x': 48, 'y': 1}",0,Rebound,314.0
40187319988,88,"{'id': '92', 'text': 'Jump Shot'}",Jaylin Williams makes 26-foot three point jumper (Cason Wallace assists),13,19,1,5:11,True,3,{'id': '25'},"[{'athlete': {'id': '4432823'}}, {'athlete': {'id': '4683692'}}]",2026-05-23T00:53:36Z,True,"{'x': 25, 'y': 27}",3,+3 Points,311.0
40187319990,90,"{'id': '118', 'text': 'Alley Oop Dunk Shot'}",Luke Kornet makes 1-foot alley oop dunk (Stephon Castle assists),13,21,1,4:58,True,2,{'id': '24'},"[{'athlete': {'id': '3064560'}}, {'athlete': {'id': '4845367'}}]",2026-05-23T00:53:50Z,True,"{'x': 24, 'y': 1}",2,+2 Points,298.0
40187319992,92,"{'id': '92', 'text': 'Jump Shot'}",Jaylin Williams makes 26-foot three point jumper (Shai Gilgeous-Alexander assists),16,21,1,4:47,True,3,{'id': '25'},"[{'athlete': {'id': '4432823'}}, {'athlete': {'id': '4278073'}}]",2026-05-23T00:54:01Z,True,"{'x': 15, 'y': 25}",3,+3 Points,287.0
40187319994,94,"{'id': '128', 'text': 'Driving Finger Roll Layup'}",Dylan Harper misses two point shot,16,21,1,4:34,False,0,{'id': '24'},[{'athlete': {'id': '5037871'}}],2026-05-23T00:54:14Z,True,"{'x': 26, 'y': 1}",2,Missed FG,274.0
40187319995,95,"{'id': '155', 'text': 'Defensive Rebound'}",Cason Wallace defensive rebound,16,21,1,4:32,False,0,{'id': '25'},[{'athlete': {'id': '4683692'}}],2026-05-23T00:54:16Z,False,"{'x': 26, 'y': 1}",0,Rebound,272.0
40187319996,96,"{'id': '44', 'text': 'Shooting Foul'}",Keldon Johnson shooting foul,16,21,1,4:23,False,0,{'id': '24'},[{'athlete': {'id': '4395723'}}],2026-05-23T00:54:26Z,False,"{'x': 28, 'y': 1}",0,Foul,263.0
40187319998,98,"{'id': '98', 'text': 'Free Throw - 1 of 2'}",Cason Wallace misses free throw 1 of 2,16,21,1,4:23,False,0,{'id': '25'},[{'athlete': {'id': '4683692'}}],2026-05-23T00:54:57Z,True,"{'x': -214748340, 'y': -214748365}",1,Missed FT,263.0
40187319999,99,"{'id': '156', 'text': 'Offensive Rebound'}",Thunder offensive team rebound,16,21,1,4:23,False,0,{'id': '25'},,2026-05-23T00:54:57Z,False,"{'x': -214748340, 'y': -214748365}",0,Rebound,263.0
401873199100,100,"{'id': '584', 'text': 'Substitution'}",Chet Holmgren enters the game for Shai Gilgeous-Alexander,16,21,1,4:23,False,0,{'id': '25'},"[{'athlete': {'id': '4433255'}}, {'athlete': {'id': '4278073'}}]",2026-05-23T00:55:04Z,False,"{'x': -214748340, 'y': -214748365}",0,Substitution,263.0
401873199102,102,"{'id': '99', 'text': 'Free Throw - 2 of 2'}",Cason Wallace makes free throw 2 of 2,17,21,1,4:23,True,1,{'id': '25'},[{'athlete': {'id': '4683692'}}],2026-05-23T00:55:26Z,True,"{'x': -214748340, 'y': -214748365}",1,+1 Point,263.0
401873199103,103,"{'id': '92', 'text': 'Jump Shot'}",Keldon Johnson makes 23-foot three point jumper (Stephon Castle assists),17,24,1,4:11,True,3,{'id': '24'},"[{'athlete': {'id': '4395723'}}, {'athlete': {'id': '4845367'}}]",2026-05-23T00:55:39Z,True,"{'x': 2, 'y': 7}",3,+3 Points,251.0
401873199105,105,"{'id': '132', 'text': 'Step Back Jump Shot'}",Jared McCain makes 12-foot step back jumpshot (Cason Wallace assists),19,24,1,3:57,True,2,{'id': '25'},"[{'athlete': {'id': '4683778'}}, {'athlete': {'id': '4683692'}}]",2026-05-23T00:55:54Z,True,"{'x': 21, 'y': 12}",2,+2 Points,237.0
401873199107,107,"{'id': '110', 'text': 'Driving Layup Shot'}",Alex Caruso blocks Stephon Castle 's 3-foot driving layup,19,24,1,3:44,False,0,{'id': '24'},"[{'athlete': {'id': '4845367'}}, {'athlete': {'id': '2991350'}}]",2026-05-23T00:56:07Z,True,"{'x': 28, 'y': 1}",2,Missed FG,224.0
401873199109,109,"{'id': '156', 'text': 'Offensive Rebound'}",Spurs offensive team rebound,19,24,1,3:44,False,0,{'id': '24'},,2026-05-23T00:56:07Z,False,"{'x': 28, 'y': 1}",0,Rebound,224.0
401873199111,111,"{'id': '584', 'text': 'Substitution'}",Victor Wembanyama enters the game for Stephon Castle,19,24,1,3:44,False,0,{'id': '24'},"[{'athlete': {'id': '5104157'}}, {'athlete': {'id': '4845367'}}]",2026-05-23T00:56:14Z,False,"{'x': -214748340, 'y': -214748365}",0,Substitution,224.0
401873199112,112,"{'id': '584', 'text': 'Substitution'}",De'Aaron Fox enters the game for Luke Kornet,19,24,1,3:44,False,0,{'id': '24'},"[{'athlete': {'id': '4066259'}}, {'athlete': {'id': '3064560'}}]",2026-05-23T00:56:14Z,False,"{'x': -214748340, 'y': -214748365}",0,Substitution,224.0
401873199115,115,"{'id': '584', 'text': 'Substitution'}",Ajay Mitchell enters the game for Alex Caruso,19,24,1,3:44,False,0,{'id': '25'},"[{'athlete': {'id': '4900671'}}, {'athlete': {'id': '2991350'}}]",2026-05-23T00:56:30Z,False,"{'x': -214748340, 'y': -214748365}",0,Substitution,224.0
401873199117,117,"{'id': '92', 'text': 'Jump Shot'}",De'Aaron Fox misses 25-foot three point jumper,19,24,1,3:37,False,0,{'id': '24'},[{'athlete': {'id': '4066259'}}],2026-05-23T00:56:53Z,True,"{'x': 4, 'y': 15}",3,Missed 3PT,217.0
401873199118,118,"{'id': '155', 'text': 'Defensive Rebound'}",Ajay Mitchell defensive rebound,19,24,1,3:35,False,0,{'id': '25'},[{'athlete': {'id': '4900671'}}],2026-05-23T00:56:55Z,False,"{'x': 4, 'y': 15}",0,Rebound,215.0
401873199119,119,"{'id': '128', 'text': 'Driving Finger Roll Layup'}",Jared McCain misses two point shot,19,24,1,3:22,False,0,{'id': '25'},[{'athlete': {'id': '4683778'}}],2026-05-23T00:57:09Z,True,"{'x': 27, 'y': 3}",2,Missed FG,202.0
401873199120,120,"{'id': '155', 'text': 'Defensive Rebound'}",Victor Wembanyama defensive rebound,19,24,1,3:19,False,0,{'id': '24'},[{'athlete': {'id': '5104157'}}],2026-05-23T00:57:12Z,False,"{'x': 27, 'y': 3}",0,Rebound,199.0
401873199121,121,"{'id': '113', 'text': 'Running Jump Shot'}",Keldon Johnson misses 23-foot running jump shot,19,24,1,3:16,False,0,{'id': '24'},[{'athlete': {'id': '4395723'}}],2026-05-23T00:57:15Z,True,"{'x': 2, 'y': 2}",3,Missed 3PT,196.0
401873199122,122,"{'id': '155', 'text': 'Defensive Rebound'}",Ajay Mitchell defensive rebound,19,24,1,3:13,False,0,{'id': '25'},[{'athlete': {'id': '4900671'}}],2026-05-23T00:57:18Z,False,"{'x': 2, 'y': 2}",0,Rebound,193.0
401873199125,125,"{'id': '45', 'text': 'Personal Foul'}",Dylan Harper personal foul,19,24,1,3:13,False,0,{'id': '24'},[{'athlete': {'id': '5037871'}}],2026-05-23T00:57:34Z,False,"{'x': 28, 'y': 9}",0,Foul,193.0
401873199127,127,"{'id': '45', 'text': 'Personal Foul'}",De'Aaron Fox personal foul,19,24,1,3:02,False,0,{'id': '24'},[{'athlete': {'id': '4066259'}}],2026-05-23T00:57:49Z,False,"{'x': 30, 'y': 15}",0,Foul,182.0
401873199129,129,"{'id': '584', 'text': 'Substitution'}",Julian Champagnie enters the game for Devin Vassell,19,24,1,3:02,False,0,{'id': '24'},"[{'athlete': {'id': '4592479'}}, {'athlete': {'id': '4395630'}}]",2026-05-23T00:57:56Z,False,"{'x': -214748340, 'y': -214748365}",0,Substitution,182.0
401873199131,131,"{'id': '584', 'text': 'Substitution'}",Carter Bryant enters the game for Dylan Harper,19,24,1,3:02,False,0,{'id': '24'},"[{'athlete': {'id': '5061568'}}, {'athlete': {'id': '5037871'}}]",2026-05-23T00:58:08Z,False,"{'x': -214748340, 'y': -214748365}",0,Substitution,182.0
401873199133,133,"{'id': '45', 'text': 'Personal Foul'}",Carter Bryant personal foul,19,24,1,3:00,False,0,{'id': '24'},[{'athlete': {'id': '5061568'}}],2026-05-23T00:58:26Z,False,"{'x': 24, 'y': 24}",0,Foul,180.0
401873199135,135,"{'id': '98', 'text': 'Free Throw - 1 of 2'}",Chet Holmgren misses free throw 1 of 2,19,24,1,3:00,False,0,{'id': '25'},[{'athlete': {'id': '4433255'}}],2026-05-23T00:58:55Z,True,"{'x': -214748340, 'y': -214748365}",1,Missed FT,180.0
401873199136,136,"{'id': '156', 'text': 'Offensive Rebound'}",Thunder offensive team rebound,19,24,1,3:00,False,0,{'id': '25'},,2026-05-23T00:58:55Z,False,"{'x': -214748340, 'y': -214748365}",0,Rebound,180.0
401873199137,137,"{'id': '99', 'text': 'Free Throw - 2 of 2'}",Chet Holmgren makes free throw 2 of 2,20,24,1,3:00,True,1,{'id': '25'},[{'athlete': {'id': '4433255'}}],2026-05-23T00:59:17Z,True,"{'x': -214748340, 'y': -214748365}",1,+1 Point,180.0
401873199138,138,"{'id': '92', 'text': 'Jump Shot'}",Keldon Johnson misses 23-foot three point jumper,20,24,1,2:49,False,0,{'id': '24'},[{'athlete': {'id': '4395723'}}],2026-05-23T00:59:30Z,True,"{'x': 1, 'y': 4}",3,Missed 3PT,169.0
401873199139,139,"{'id': '155', 'text': 'Defensive Rebound'}",Cason Wallace defensive rebound,20,24,1,2:46,False,0,{'id': '25'},[{'athlete': {'id': '4683692'}}],2026-05-23T00:59:33Z,False,"{'x': 1, 'y': 4}",0,Rebound,166.0
401873199140,140,"{'id': '92', 'text': 'Jump Shot'}",Ajay Mitchell misses 23-foot three point jumper,20,24,1,2:38,False,0,{'id': '25'},[{'athlete': {'id': '4900671'}}],2026-05-23T00:59:41Z,True,"{'x': 48, 'y': 3}",3,Missed 3PT,158.0
401873199141,141,"{'id': '155', 'text': 'Defensive Rebound'}",Julian Champagnie defensive rebound,20,24,1,2:33,False,0,{'id': '24'},[{'athlete': {'id': '4592479'}}],2026-05-23T00:59:46Z,False,"{'x': 48, 'y': 3}",0,Rebound,153.0
401873199142,142,"{'id': '92', 'text': 'Jump Shot'}",De'Aaron Fox makes 25-foot three point jumper (Victor Wembanyama assists),20,27,1,2:20,True,3,{'id': '24'},"[{'athlete': {'id': '4066259'}}, {'athlete': {'id': '5104157'}}]",2026-05-23T00:59:59Z,True,"{'x': 9, 'y': 20}",3,+3 Points,140.0
401873199144,144,"{'id': '128', 'text': 'Driving Finger Roll Layup'}",Ajay Mitchell makes 2-foot two point shot,22,27,1,2:01,True,2,{'id': '25'},[{'athlete': {'id': '4900671'}}],2026-05-23T01:00:19Z,True,"{'x': 23, 'y': 2}",2,+2 Points,121.0
401873199259,259,"{'id': '63', 'text': 'Lost Ball Turnover'}",Victor Wembanyama lost ball turnover (Jaylin Williams steals),22,27,1,1:44,False,0,{'id': '24'},"[{'athlete': {'id': '5104157'}}, {'athlete': {'id': '4432823'}}]",2026-05-23T01:00:30Z,False,"{'x': 24, 'y': 3}",0,Turnover,104.0
401873199148,148,"{'id': '109', 'text': 'Running Layup Shot'}",Jared McCain makes running layup,24,27,1,1:38,True,2,{'id': '25'},[{'athlete': {'id': '4683778'}}],2026-05-23T01:00:41Z,True,"{'x': 27, 'y': 2}",2,+2 Points,98.0
401873199149,149,"{'id': '131', 'text': 'Pullup Jump Shot'}",Julian Champagnie misses 25-foot three point pullup jump shot,24,27,1,1:22,False,0,{'id': '24'},[{'athlete': {'id': '4592479'}}],2026-05-23T01:00:57Z,True,"{'x': 35, 'y': 24}",3,Missed 3PT,82.0
401873199150,150,"{'id': '156', 'text': 'Offensive Rebound'}",Keldon Johnson offensive rebound,24,27,1,1:22,False,0,{'id': '24'},[{'athlete': {'id': '4395723'}}],2026-05-23T01:00:57Z,False,"{'x': 35, 'y': 24}",0,Rebound,82.0
401873199151,151,"{'id': '128', 'text': 'Driving Finger Roll Layup'}",Keldon Johnson misses two point shot,24,27,1,1:12,False,0,{'id': '24'},[{'athlete': {'id': '4395723'}}],2026-05-23T01:01:07Z,True,"{'x': 27, 'y': 1}",2,Missed FG,72.0
401873199152,152,"{'id': '155', 'text': 'Defensive Rebound'}",Jaylin Williams defensive rebound,24,27,1,1:10,False,0,{'id': '25'},[{'athlete': {'id': '4432823'}}],2026-05-23T01:01:09Z,False,"{'x': 27, 'y': 1}",0,Rebound,70.0
401873199153,153,"{'id': '62', 'text': 'Bad Pass\nTurnover'}","Ajay Mitchell bad pass
turnover (Victor Wembanyama steals)",24,27,1,1:04,False,0,{'id': '25'},"[{'athlete': {'id': '4900671'}}, {'athlete': {'id': '5104157'}}]",2026-05-23T01:01:14Z,False,"{'x': 19, 'y': 9}",0,Turnover,64.0
401873199155,155,"{'id': '44', 'text': 'Shooting Foul'}",Jaylin Williams shooting foul,24,27,1,59.8,False,0,{'id': '25'},[{'athlete': {'id': '4432823'}}],2026-05-23T01:01:21Z,False,"{'x': 24, 'y': 2}",0,Foul,59.8
401873199157,157,"{'id': '98', 'text': 'Free Throw - 1 of 2'}",Victor Wembanyama misses free throw 1 of 2,24,27,1,59.8,False,0,{'id': '24'},[{'athlete': {'id': '5104157'}}],2026-05-23T01:02:03Z,True,"{'x': -214748340, 'y': -214748365}",1,Missed FT,59.8
401873199158,158,"{'id': '156', 'text': 'Offensive Rebound'}",Spurs offensive team rebound,24,27,1,59.8,False,0,{'id': '24'},,2026-05-23T01:02:03Z,False,"{'x': -214748340, 'y': -214748365}",0,Rebound,59.8
401873199159,159,"{'id': '584', 'text': 'Substitution'}",Devin Vassell enters the game for Keldon Johnson,24,27,1,59.8,False,0,{'id': '24'},"[{'athlete': {'id': '4395630'}}, {'athlete': {'id': '4395723'}}]",2026-05-23T01:02:04Z,False,"{'x': -214748340, 'y': -214748365}",0,Substitution,59.8
401873199160,160,"{'id': '584', 'text': 'Substitution'}",Luke Kornet enters the game for Carter Bryant,24,27,1,59.8,False,0,{'id': '24'},"[{'athlete': {'id': '3064560'}}, {'athlete': {'id': '5061568'}}]",2026-05-23T01:02:04Z,False,"{'x': -214748340, 'y': -214748365}",0,Substitution,59.8
401873199161,161,"{'id': '584', 'text': 'Substitution'}",Shai Gilgeous-Alexander enters the game for Jared McCain,24,27,1,59.8,False,0,{'id': '25'},"[{'athlete': {'id': '4278073'}}, {'athlete': {'id': '4683778'}}]",2026-05-23T01:02:04Z,False,"{'x': -214748340, 'y': -214748365}",0,Substitution,59.8
401873199162,162,"{'id': '584', 'text': 'Substitution'}",Isaiah Joe enters the game for Chet Holmgren,24,27,1,59.8,False,0,{'id': '25'},"[{'athlete': {'id': '4395702'}}, {'athlete': {'id': '4433255'}}]",2026-05-23T01:02:04Z,False,"{'x': -214748340, 'y': -214748365}",0,Substitution,59.8
401873199163,163,"{'id': '584', 'text': 'Substitution'}",Isaiah Hartenstein enters the game for Ajay Mitchell,24,27,1,59.8,False,0,{'id': '25'},"[{'athlete': {'id': '4222252'}}, {'athlete': {'id': '4900671'}}]",2026-05-23T01:02:04Z,False,"{'x': -214748340, 'y': -214748365}",0,Substitution,59.8
401873199169,169,"{'id': '99', 'text': 'Free Throw - 2 of 2'}",Victor Wembanyama makes free throw 2 of 2,24,28,1,59.8,True,1,{'id': '24'},[{'athlete': {'id': '5104157'}}],2026-05-23T01:02:41Z,True,"{'x': -214748340, 'y': -214748365}",1,+1 Point,59.8
401873199170,170,"{'id': '92', 'text': 'Jump Shot'}",Jaylin Williams misses 23-foot three point jumper,24,28,1,47.2,False,0,{'id': '25'},[{'athlete': {'id': '4432823'}}],2026-05-23T01:02:55Z,True,"{'x': 48, 'y': 4}",3,Missed 3PT,47.2
401873199171,171,"{'id': '155', 'text': 'Defensive Rebound'}",Devin Vassell defensive rebound,24,28,1,44.0,False,0,{'id': '24'},[{'athlete': {'id': '4395630'}}],2026-05-23T01:02:59Z,False,"{'x': 48, 'y': 4}",0,Rebound,44.0
401873199172,172,"{'id': '92', 'text': 'Jump Shot'}",Victor Wembanyama makes 26-foot three point jumper (De'Aaron Fox assists),24,31,1,33.3,True,3,{'id': '24'},"[{'athlete': {'id': '5104157'}}, {'athlete': {'id': '4066259'}}]",2026-05-23T01:03:09Z,True,"{'x': 11, 'y': 23}",3,+3 Points,33.3
401873199174,174,"{'id': '133', 'text': 'Pullup Bank Jump Shot'}",Shai Gilgeous-Alexander misses 12-foot two point shot,24,31,1,22.7,False,0,{'id': '25'},[{'athlete': {'id': '4278073'}}],2026-05-23T01:03:25Z,True,"{'x': 34, 'y': 9}",2,Missed FG,22.7
401873199175,175,"{'id': '156', 'text': 'Offensive Rebound'}",Thunder offensive team rebound,24,31,1,21.5,False,0,{'id': '25'},,2026-05-23T01:03:27Z,False,"{'x': 34, 'y': 9}",0,Rebound,21.5
401873199181,181,"{'id': '213', 'text': 'Challenge'}",Thunder Coach's Challenge,24,31,1,21.5,False,0,{'id': '25'},,2026-05-23T01:04:12Z,False,"{'x': -214748340, 'y': -214748365}",0,Challenge,21.5
401873199182,182,"{'id': '215', 'text': ""Coach's Challenge (Overturned)""}",(00:21.5) [Thunder] COACH'S CHALLENGE (CALL OVERTURNED) [Thunder] retain their timeout,24,31,1,21.5,False,0,{'id': '25'},,2026-05-23T01:04:26Z,False,"{'x': -214748340, 'y': -214748365}",0,Challenge,21.5
401873199183,183,"{'id': '43', 'text': 'Loose Ball Foul'}",Victor Wembanyama loose ball foul,24,31,1,21.5,False,0,{'id': '24'},[{'athlete': {'id': '5104157'}}],2026-05-23T01:06:52Z,False,"{'x': 24, 'y': 3}",0,Foul,21.5
401873199186,186,"{'id': '98', 'text': 'Free Throw - 1 of 2'}",Jaylin Williams makes free throw 1 of 2,25,31,1,21.5,True,1,{'id': '25'},[{'athlete': {'id': '4432823'}}],2026-05-23T01:07:23Z,True,"{'x': -214748340, 'y': -214748365}",1,+1 Point,21.5
401873199187,187,"{'id': '99', 'text': 'Free Throw - 2 of 2'}",Jaylin Williams makes free throw 2 of 2,26,31,1,21.5,True,1,{'id': '25'},[{'athlete': {'id': '4432823'}}],2026-05-23T01:07:23Z,True,"{'x': -214748340, 'y': -214748365}",1,+1 Point,21.5
401873199200,200,"{'id': '584', 'text': 'Substitution'}",Alex Caruso enters the game for Isaiah Joe,26,31,1,21.5,False,0,{'id': '25'},"[{'athlete': {'id': '2991350'}}, {'athlete': {'id': '4395702'}}]",2026-05-23T01:07:43Z,False,"{'x': -214748340, 'y': -214748365}",0,Substitution,21.5
401873199201,201,"{'id': '584', 'text': 'Substitution'}",Luguentz Dort enters the game for Isaiah Hartenstein,26,31,1,21.5,False,0,{'id': '25'},"[{'athlete': {'id': '4397020'}}, {'athlete': {'id': '4222252'}}]",2026-05-23T01:07:43Z,False,"{'x': -214748340, 'y': -214748365}",0,Substitution,21.5
401873199188,188,"{'id': '24', 'text': 'Offensive Charge'}",Victor Wembanyama offensive charge,26,31,1,0.1,False,0,{'id': '24'},[{'athlete': {'id': '5104157'}}],2026-05-23T01:08:02Z,False,"{'x': 22, 'y': 2}",0,Foul,0.1
401873199190,190,"{'id': '84', 'text': 'Offensive Foul Turnover'}",Victor Wembanyama offensive foul turnover,26,31,1,0.1,False,0,{'id': '24'},[{'athlete': {'id': '5104157'}}],2026-05-23T01:08:02Z,False,"{'x': 22, 'y': 2}",0,Turnover,0.1
401873199199,199,"{'id': '412', 'text': 'End Period'}",End of the 1st Quarter,26,31,1,0.0,False,0,,,2026-05-23T01:12:42Z,False,"{'x': -214748340, 'y': -214748365}",0,End of 1st,0.0
401873199244,244,"{'id': '584', 'text': 'Substitution'}",Chet Holmgren enters the game for Alex Caruso,26,31,2,12:00,False,0,{'id': '25'},"[{'athlete': {'id': '4433255'}}, {'athlete': {'id': '2991350'}}]",2026-05-23T01:12:46Z,False,"{'x': -214748340, 'y': -214748365}",0,Substitution,720.0
401873199250,250,"{'id': '584', 'text': 'Substitution'}",Stephon Castle enters the game for Devin Vassell,26,31,2,12:00,False,0,{'id': '24'},"[{'athlete': {'id': '4845367'}}, {'athlete': {'id': '4395630'}}]",2026-05-23T01:12:46Z,False,"{'x': -214748340, 'y': -214748365}",0,Substitution,720.0
401873199251,251,"{'id': '584', 'text': 'Substitution'}",Carter Bryant enters the game for Luke Kornet,26,31,2,12:00,False,0,{'id': '24'},"[{'athlete': {'id': '5061568'}}, {'athlete': {'id': '3064560'}}]",2026-05-23T01:12:46Z,False,"{'x': -214748340, 'y': -214748365}",0,Substitution,720.0
401873199205,205,"{'id': '92', 'text': 'Jump Shot'}",Chet Holmgren makes 29-foot three point jumper (Shai Gilgeous-Alexander assists),29,31,2,11:46,True,3,{'id': '25'},"[{'athlete': {'id': '4433255'}}, {'athlete': {'id': '4278073'}}]",2026-05-23T01:13:01Z,True,"{'x': 15, 'y': 27}",3,+3 Points,706.0
401873199207,207,"{'id': '92', 'text': 'Jump Shot'}",De'Aaron Fox misses 23-foot three point jumper,29,31,2,11:18,False,0,{'id': '24'},[{'athlete': {'id': '4066259'}}],2026-05-23T01:13:08Z,True,"{'x': 2, 'y': 2}",3,Missed 3PT,678.0
401873199208,208,"{'id': '155', 'text': 'Defensive Rebound'}",Jaylin Williams defensive rebound,29,31,2,11:18,False,0,{'id': '25'},[{'athlete': {'id': '4432823'}}],2026-05-23T01:13:08Z,False,"{'x': 2, 'y': 2}",0,Rebound,678.0
401873199209,209,"{'id': '132', 'text': 'Step Back Jump Shot'}",Shai Gilgeous-Alexander makes 27-foot three point step back jumpshot,32,31,2,10:56,True,3,{'id': '25'},[{'athlete': {'id': '4278073'}}],2026-05-23T01:13:30Z,True,"{'x': 14, 'y': 25}",3,+3 Points,656.0
401873199210,210,"{'id': '63', 'text': 'Lost Ball Turnover'}",Carter Bryant lost ball turnover (Jaylin Williams steals),32,31,2,10:44,False,0,{'id': '24'},"[{'athlete': {'id': '5061568'}}, {'athlete': {'id': '4432823'}}]",2026-05-23T01:13:42Z,False,"{'x': 25, 'y': 3}",0,Turnover,644.0
401873199213,213,"{'id': '92', 'text': 'Jump Shot'}",Jaylin Williams makes 26-foot three point jumper (Shai Gilgeous-Alexander assists),35,31,2,10:22,True,3,{'id': '25'},"[{'athlete': {'id': '4432823'}}, {'athlete': {'id': '4278073'}}]",2026-05-23T01:14:04Z,True,"{'x': 3, 'y': 15}",3,+3 Points,622.0
401873199215,215,"{'id': '92', 'text': 'Jump Shot'}",Carter Bryant makes 23-foot three point jumper (Stephon Castle assists),35,34,2,10:09,True,3,{'id': '24'},"[{'athlete': {'id': '5061568'}}, {'athlete': {'id': '4845367'}}]",2026-05-23T01:14:17Z,True,"{'x': 48, 'y': 1}",3,+3 Points,609.0
401873199217,217,"{'id': '131', 'text': 'Pullup Jump Shot'}",Jaylin Williams misses 18-foot pullup jump shot,35,34,2,9:47,False,0,{'id': '25'},[{'athlete': {'id': '4432823'}}],2026-05-23T01:14:39Z,True,"{'x': 7, 'y': 4}",2,Missed FG,587.0
401873199218,218,"{'id': '155', 'text': 'Defensive Rebound'}",Stephon Castle defensive rebound,35,34,2,9:47,False,0,{'id': '24'},[{'athlete': {'id': '4845367'}}],2026-05-23T01:14:39Z,False,"{'x': 7, 'y': 4}",0,Rebound,587.0
401873199219,219,"{'id': '144', 'text': 'Driving Floating Jump Shot'}",De'Aaron Fox makes 5-foot driving floating jump shot,35,36,2,9:38,True,2,{'id': '24'},[{'athlete': {'id': '4066259'}}],2026-05-23T01:14:49Z,True,"{'x': 25, 'y': 6}",2,+2 Points,578.0
401873199220,220,"{'id': '112', 'text': 'Reverse Layup Shot'}",Cason Wallace makes 1-foot reverse layup (Shai Gilgeous-Alexander assists),37,36,2,9:25,True,2,{'id': '25'},"[{'athlete': {'id': '4683692'}}, {'athlete': {'id': '4278073'}}]",2026-05-23T01:15:02Z,True,"{'x': 26, 'y': 1}",2,+2 Points,565.0
401873199222,222,"{'id': '92', 'text': 'Jump Shot'}",Stephon Castle makes 26-foot three point jumper (De'Aaron Fox assists),37,39,2,9:12,True,3,{'id': '24'},"[{'athlete': {'id': '4845367'}}, {'athlete': {'id': '4066259'}}]",2026-05-23T01:15:15Z,True,"{'x': 31, 'y': 26}",3,+3 Points,552.0
401873199224,224,"{'id': '132', 'text': 'Step Back Jump Shot'}",Shai Gilgeous-Alexander misses 26-foot three point step back jumpshot,37,39,2,8:53,False,0,{'id': '25'},[{'athlete': {'id': '4278073'}}],2026-05-23T01:15:33Z,True,"{'x': 6, 'y': 18}",3,Missed 3PT,533.0
401873199225,225,"{'id': '156', 'text': 'Offensive Rebound'}",Cason Wallace offensive rebound,37,39,2,8:49,False,0,{'id': '25'},[{'athlete': {'id': '4683692'}}],2026-05-23T01:15:37Z,False,"{'x': 6, 'y': 18}",0,Rebound,529.0
401873199226,226,"{'id': '118', 'text': 'Alley Oop Dunk Shot'}",Chet Holmgren makes 1-foot alley oop dunk (Cason Wallace assists),39,39,2,8:46,True,2,{'id': '25'},"[{'athlete': {'id': '4433255'}}, {'athlete': {'id': '4683692'}}]",2026-05-23T01:15:40Z,True,"{'x': 23, 'y': 1}",2,+2 Points,526.0
401873199228,228,"{'id': '92', 'text': 'Jump Shot'}",Stephon Castle misses 23-foot three point jumper,39,39,2,8:35,False,0,{'id': '24'},[{'athlete': {'id': '4845367'}}],2026-05-23T01:15:51Z,True,"{'x': 48, 'y': 6}",3,Missed 3PT,515.0
401873199229,229,"{'id': '155', 'text': 'Defensive Rebound'}",Thunder defensive team rebound,39,39,2,8:34,False,0,{'id': '25'},,2026-05-23T01:15:52Z,False,"{'x': 48, 'y': 6}",0,Rebound,514.0
401873199231,231,"{'id': '584', 'text': 'Substitution'}",Dylan Harper enters the game for De'Aaron Fox,39,39,2,8:34,False,0,{'id': '24'},"[{'athlete': {'id': '5037871'}}, {'athlete': {'id': '4066259'}}]",2026-05-23T01:15:57Z,False,"{'x': -214748340, 'y': -214748365}",0,Substitution,514.0
401873199232,232,"{'id': '584', 'text': 'Substitution'}",Harrison Barnes enters the game for Julian Champagnie,39,39,2,8:34,False,0,{'id': '24'},"[{'athlete': {'id': '6578'}}, {'athlete': {'id': '4592479'}}]",2026-05-23T01:15:57Z,False,"{'x': -214748340, 'y': -214748365}",0,Substitution,514.0
401873199235,235,"{'id': '584', 'text': 'Substitution'}",Jared McCain enters the game for Jaylin Williams,39,39,2,8:34,False,0,{'id': '25'},"[{'athlete': {'id': '4683778'}}, {'athlete': {'id': '4432823'}}]",2026-05-23T01:15:57Z,False,"{'x': -214748340, 'y': -214748365}",0,Substitution,514.0
401873199243,243,"{'id': '121', 'text': 'Fade Away Jump Shot'}",Shai Gilgeous-Alexander makes 9-foot fade away jump shot,41,39,2,8:19,True,2,{'id': '25'},[{'athlete': {'id': '4278073'}}],2026-05-23T01:16:40Z,True,"{'x': 18, 'y': 7}",2,+2 Points,499.0
401873199246,246,"{'id': '92', 'text': 'Jump Shot'}",Harrison Barnes misses 23-foot three point jumper,41,39,2,7:54,False,0,{'id': '24'},[{'athlete': {'id': '6578'}}],2026-05-23T01:17:05Z,True,"{'x': 48, 'y': 1}",3,Missed 3PT,474.0
401873199247,247,"{'id': '156', 'text': 'Offensive Rebound'}",Dylan Harper offensive rebound,41,39,2,7:50,False,0,{'id': '24'},[{'athlete': {'id': '5037871'}}],2026-05-23T01:17:09Z,False,"{'x': 48, 'y': 1}",0,Rebound,470.0
401873199248,248,"{'id': '110', 'text': 'Driving Layup Shot'}",Dylan Harper makes driving layup,41,41,2,7:48,True,2,{'id': '24'},[{'athlete': {'id': '5037871'}}],2026-05-23T01:17:10Z,True,"{'x': 27, 'y': 1}",2,+2 Points,468.0
401873199249,249,"{'id': '131', 'text': 'Pullup Jump Shot'}",Cason Wallace misses 17-foot pullup jump shot,41,41,2,7:28,False,0,{'id': '25'},[{'athlete': {'id': '4683692'}}],2026-05-23T01:17:30Z,True,"{'x': 16, 'y': 16}",2,Missed FG,448.0
401873199254,254,"{'id': '155', 'text': 'Defensive Rebound'}",Carter Bryant defensive rebound,41,41,2,7:25,False,0,{'id': '24'},[{'athlete': {'id': '5061568'}}],2026-05-23T01:17:33Z,False,"{'x': 16, 'y': 16}",0,Rebound,445.0
401873199255,255,"{'id': '44', 'text': 'Shooting Foul'}",Chet Holmgren shooting foul,41,41,2,7:17,False,0,{'id': '25'},[{'athlete': {'id': '4433255'}}],2026-05-23T01:17:45Z,False,"{'x': 25, 'y': 7}",0,Foul,437.0
401873199257,257,"{'id': '98', 'text': 'Free Throw - 1 of 2'}",Victor Wembanyama misses free throw 1 of 2,41,41,2,7:17,False,0,{'id': '24'},[{'athlete': {'id': '5104157'}}],2026-05-23T01:18:20Z,True,"{'x': -214748340, 'y': -214748365}",1,Missed FT,437.0
401873199258,258,"{'id': '156', 'text': 'Offensive Rebound'}",Spurs offensive team rebound,41,41,2,7:17,False,0,{'id': '24'},,2026-05-23T01:18:20Z,False,"{'x': -214748340, 'y': -214748365}",0,Rebound,437.0
401873199261,261,"{'id': '584', 'text': 'Substitution'}",Devin Vassell enters the game for Carter Bryant,41,41,2,7:17,False,0,{'id': '24'},"[{'athlete': {'id': '4395630'}}, {'athlete': {'id': '5061568'}}]",2026-05-23T01:18:22Z,False,"{'x': -214748340, 'y': -214748365}",0,Substitution,437.0
401873199262,262,"{'id': '584', 'text': 'Substitution'}",Alex Caruso enters the game for Cason Wallace,41,41,2,7:17,False,0,{'id': '25'},"[{'athlete': {'id': '2991350'}}, {'athlete': {'id': '4683692'}}]",2026-05-23T01:18:22Z,False,"{'x': -214748340, 'y': -214748365}",0,Substitution,437.0
401873199263,263,"{'id': '584', 'text': 'Substitution'}",Ajay Mitchell enters the game for Shai Gilgeous-Alexander,41,41,2,7:17,False,0,{'id': '25'},"[{'athlete': {'id': '4900671'}}, {'athlete': {'id': '4278073'}}]",2026-05-23T01:18:22Z,False,"{'x': -214748340, 'y': -214748365}",0,Substitution,437.0
401873199264,264,"{'id': '584', 'text': 'Substitution'}",Isaiah Hartenstein enters the game for Luguentz Dort,41,41,2,7:17,False,0,{'id': '25'},"[{'athlete': {'id': '4222252'}}, {'athlete': {'id': '4397020'}}]",2026-05-23T01:18:22Z,False,"{'x': -214748340, 'y': -214748365}",0,Substitution,437.0
401873199269,269,"{'id': '99', 'text': 'Free Throw - 2 of 2'}",Victor Wembanyama makes free throw 2 of 2,41,42,2,7:17,True,1,{'id': '24'},[{'athlete': {'id': '5104157'}}],2026-05-23T01:18:55Z,True,"{'x': -214748340, 'y': -214748365}",1,+1 Point,437.0
401873199270,270,"{'id': '132', 'text': 'Step Back Jump Shot'}",Jared McCain makes 9-foot step back jumpshot (Isaiah Hartenstein assists),43,42,2,7:04,True,2,{'id': '25'},"[{'athlete': {'id': '4683778'}}, {'athlete': {'id': '4222252'}}]",2026-05-23T01:19:11Z,True,"{'x': 19, 'y': 8}",2,+2 Points,424.0
401873199272,272,"{'id': '45', 'text': 'Personal Foul'}",Chet Holmgren personal foul,43,42,2,6:49,False,0,{'id': '25'},[{'athlete': {'id': '4433255'}}],2026-05-23T01:19:29Z,False,"{'x': 32, 'y': 3}",0,Foul,409.0
401873199274,274,"{'id': '16', 'text': 'Full Timeout'}",Spurs Full timeout,43,42,2,6:49,False,0,{'id': '24'},,2026-05-23T01:19:41Z,False,"{'x': -214748340, 'y': -214748365}",0,Timeout,409.0
401873199275,275,"{'id': '584', 'text': 'Substitution'}",Isaiah Joe enters the game for Chet Holmgren,43,42,2,6:49,False,0,{'id': '25'},"[{'athlete': {'id': '4395702'}}, {'athlete': {'id': '4433255'}}]",2026-05-23T01:22:58Z,False,"{'x': -214748340, 'y': -214748365}",0,Substitution,409.0
401873199277,277,"{'id': '120', 'text': 'Turnaround Hook Shot'}",Victor Wembanyama misses 1-foot two point shot,43,42,2,6:40,False,0,{'id': '24'},[{'athlete': {'id': '5104157'}}],2026-05-23T01:23:36Z,True,"{'x': 24, 'y': 1}",2,Missed FG,400.0
401873199278,278,"{'id': '156', 'text': 'Offensive Rebound'}",Spurs offensive team rebound,43,42,2,6:40,False,0,{'id': '24'},,2026-05-23T01:23:36Z,False,"{'x': 24, 'y': 1}",0,Rebound,400.0
401873199279,279,"{'id': '45', 'text': 'Personal Foul'}",Jared McCain personal foul,43,42,2,6:40,False,0,{'id': '25'},[{'athlete': {'id': '4683778'}}],2026-05-23T01:23:46Z,False,"{'x': 26, 'y': 1}",0,Foul,400.0
401873199281,281,"{'id': '45', 'text': 'Personal Foul'}",Isaiah Hartenstein personal foul,43,42,2,6:31,False,0,{'id': '25'},[{'athlete': {'id': '4222252'}}],2026-05-23T01:24:07Z,False,"{'x': 27, 'y': 16}",0,Foul,391.0
401873199283,283,"{'id': '92', 'text': 'Jump Shot'}",Devin Vassell makes 25-foot three point jumper (Stephon Castle assists),43,45,2,6:25,True,3,{'id': '24'},"[{'athlete': {'id': '4395630'}}, {'athlete': {'id': '4845367'}}]",2026-05-23T01:24:27Z,True,"{'x': 37, 'y': 23}",3,+3 Points,385.0
401873199285,285,"{'id': '132', 'text': 'Step Back Jump Shot'}",Ajay Mitchell misses 9-foot step back jumpshot,43,45,2,5:58,False,0,{'id': '25'},[{'athlete': {'id': '4900671'}}],2026-05-23T01:24:54Z,True,"{'x': 34, 'y': 4}",2,Missed FG,358.0
401873199286,286,"{'id': '155', 'text': 'Defensive Rebound'}",Devin Vassell defensive rebound,43,45,2,5:56,False,0,{'id': '24'},[{'athlete': {'id': '4395630'}}],2026-05-23T01:24:56Z,False,"{'x': 34, 'y': 4}",0,Rebound,356.0
401873199287,287,"{'id': '131', 'text': 'Pullup Jump Shot'}",Devin Vassell misses 14-foot pullup jump shot,43,45,2,5:37,False,0,{'id': '24'},[{'athlete': {'id': '4395630'}}],2026-05-23T01:25:15Z,True,"{'x': 38, 'y': 5}",2,Missed FG,337.0
401873199288,288,"{'id': '155', 'text': 'Defensive Rebound'}",Ajay Mitchell defensive rebound,43,45,2,5:35,False,0,{'id': '25'},[{'athlete': {'id': '4900671'}}],2026-05-23T01:25:17Z,False,"{'x': 38, 'y': 5}",0,Rebound,335.0
401873199289,289,"{'id': '131', 'text': 'Pullup Jump Shot'}",Stephon Castle blocks Ajay Mitchell 's 9-foot pullup jump shot,43,45,2,5:28,False,0,{'id': '25'},"[{'athlete': {'id': '4900671'}}, {'athlete': {'id': '4845367'}}]",2026-05-23T01:25:26Z,True,"{'x': 32, 'y': 6}",2,Missed FG,328.0
401873199291,291,"{'id': '155', 'text': 'Defensive Rebound'}",Victor Wembanyama defensive rebound,43,45,2,5:27,False,0,{'id': '24'},[{'athlete': {'id': '5104157'}}],2026-05-23T01:25:27Z,False,"{'x': 32, 'y': 6}",0,Rebound,327.0
401873199292,292,"{'id': '87', 'text': 'Out of Bounds - Lost Ball Turnover'}",Dylan Harper out of bounds lost ball turnover,43,45,2,5:22,False,0,{'id': '24'},[{'athlete': {'id': '5037871'}}],2026-05-23T01:25:34Z,False,"{'x': 4, 'y': 5}",0,Turnover,322.0
401873199293,293,"{'id': '584', 'text': 'Substitution'}",Luke Kornet enters the game for Victor Wembanyama,43,45,2,5:22,False,0,{'id': '24'},"[{'athlete': {'id': '3064560'}}, {'athlete': {'id': '5104157'}}]",2026-05-23T01:25:39Z,False,"{'x': -214748340, 'y': -214748365}",0,Substitution,322.0
401873199294,294,"{'id': '584', 'text': 'Substitution'}",Keldon Johnson enters the game for Harrison Barnes,43,45,2,5:22,False,0,{'id': '24'},"[{'athlete': {'id': '4395723'}}, {'athlete': {'id': '6578'}}]",2026-05-23T01:25:39Z,False,"{'x': -214748340, 'y': -214748365}",0,Substitution,322.0
401873199297,297,"{'id': '45', 'text': 'Personal Foul'}",Devin Vassell personal foul,43,45,2,5:12,False,0,{'id': '24'},[{'athlete': {'id': '4395630'}}],2026-05-23T01:26:08Z,False,"{'x': 12, 'y': 7}",0,Foul,312.0
401873199299,299,"{'id': '141', 'text': 'Cutting Layup Shot'}",Jared McCain makes 2-foot layup (Isaiah Hartenstein assists),45,45,2,5:03,True,2,{'id': '25'},"[{'athlete': {'id': '4683778'}}, {'athlete': {'id': '4222252'}}]",2026-05-23T01:26:37Z,True,"{'x': 27, 'y': 2}",2,+2 Points,303.0
401873199301,301,"{'id': '42', 'text': 'Offensive Foul'}",Stephon Castle offensive foul,45,45,2,5:00,False,0,{'id': '24'},[{'athlete': {'id': '4845367'}}],2026-05-23T01:26:42Z,False,"{'x': 18, 'y': 8}",0,Foul,300.0
401873199303,303,"{'id': '84', 'text': 'Offensive Foul Turnover'}",Stephon Castle offensive foul turnover,45,45,2,5:00,False,0,{'id': '24'},[{'athlete': {'id': '4845367'}}],2026-05-23T01:26:42Z,False,"{'x': 18, 'y': 8}",0,Turnover,300.0
401873199304,304,"{'id': '584', 'text': 'Substitution'}",Julian Champagnie enters the game for Dylan Harper,45,45,2,5:00,False,0,{'id': '24'},"[{'athlete': {'id': '4592479'}}, {'athlete': {'id': '5037871'}}]",2026-05-23T01:26:57Z,False,"{'x': -214748340, 'y': -214748365}",0,Substitution,300.0
401873199306,306,"{'id': '44', 'text': 'Shooting Foul'}",Keldon Johnson shooting foul,45,45,2,4:51,False,0,{'id': '24'},[{'athlete': {'id': '4395723'}}],2026-05-23T01:27:24Z,False,"{'x': 18, 'y': 7}",0,Foul,291.0
401873199308,308,"{'id': '98', 'text': 'Free Throw - 1 of 2'}",Alex Caruso makes free throw 1 of 2,46,45,2,4:51,True,1,{'id': '25'},[{'athlete': {'id': '2991350'}}],2026-05-23T01:27:53Z,True,"{'x': -214748340, 'y': -214748365}",1,+1 Point,291.0
401873199309,309,"{'id': '99', 'text': 'Free Throw - 2 of 2'}",Alex Caruso makes free throw 2 of 2,47,45,2,4:51,True,1,{'id': '25'},[{'athlete': {'id': '2991350'}}],2026-05-23T01:28:15Z,True,"{'x': -214748340, 'y': -214748365}",1,+1 Point,291.0
401873199314,314,"{'id': '42', 'text': 'Offensive Foul'}",Keldon Johnson offensive foul,47,45,2,4:36,False,0,{'id': '24'},[{'athlete': {'id': '4395723'}}],2026-05-23T01:29:10Z,False,"{'x': 25, 'y': 16}",0,Foul,276.0
401873199316,316,"{'id': '84', 'text': 'Offensive Foul Turnover'}",Keldon Johnson offensive foul turnover,47,45,2,4:36,False,0,{'id': '24'},[{'athlete': {'id': '4395723'}}],2026-05-23T01:29:10Z,False,"{'x': 25, 'y': 16}",0,Turnover,276.0
401873199317,317,"{'id': '584', 'text': 'Substitution'}",De'Aaron Fox enters the game for Stephon Castle,47,45,2,4:36,False,0,{'id': '24'},"[{'athlete': {'id': '4066259'}}, {'athlete': {'id': '4845367'}}]",2026-05-23T01:29:19Z,False,"{'x': -214748340, 'y': -214748365}",0,Substitution,276.0
401873199319,319,"{'id': '131', 'text': 'Pullup Jump Shot'}",Isaiah Joe makes 25-foot three pointer (Isaiah Hartenstein assists),50,45,2,4:21,True,3,{'id': '25'},"[{'athlete': {'id': '4395702'}}, {'athlete': {'id': '4222252'}}]",2026-05-23T01:29:40Z,True,"{'x': 44, 'y': 18}",3,+3 Points,261.0
401873199320,320,"{'id': '133', 'text': 'Pullup Bank Jump Shot'}",Devin Vassell misses 13-foot two point shot,50,45,2,4:09,False,0,{'id': '24'},[{'athlete': {'id': '4395630'}}],2026-05-23T01:29:46Z,True,"{'x': 33, 'y': 11}",2,Missed FG,249.0
401873199321,321,"{'id': '155', 'text': 'Defensive Rebound'}",Isaiah Hartenstein defensive rebound,50,45,2,4:06,False,0,{'id': '25'},[{'athlete': {'id': '4222252'}}],2026-05-23T01:29:49Z,False,"{'x': 33, 'y': 11}",0,Rebound,246.0
401873199322,322,"{'id': '12', 'text': 'Kicked Ball'}",Luke Kornet kicked ball violation,50,45,2,3:56,False,0,{'id': '24'},[{'athlete': {'id': '3064560'}}],2026-05-23T01:29:55Z,False,"{'x': -214748340, 'y': -214748365}",0,Violation,236.0
401873199323,323,"{'id': '584', 'text': 'Substitution'}",Stephon Castle enters the game for Devin Vassell,50,45,2,3:56,False,0,{'id': '24'},"[{'athlete': {'id': '4845367'}}, {'athlete': {'id': '4395630'}}]",2026-05-23T01:30:08Z,False,"{'x': -214748340, 'y': -214748365}",0,Substitution,236.0
401873199324,324,"{'id': '584', 'text': 'Substitution'}",Shai Gilgeous-Alexander enters the game for Alex Caruso,50,45,2,3:56,False,0,{'id': '25'},"[{'athlete': {'id': '4278073'}}, {'athlete': {'id': '2991350'}}]",2026-05-23T01:30:08Z,False,"{'x': -214748340, 'y': -214748365}",0,Substitution,236.0
401873199325,325,"{'id': '584', 'text': 'Substitution'}",Cason Wallace enters the game for Ajay Mitchell,50,45,2,3:56,False,0,{'id': '25'},"[{'athlete': {'id': '4683692'}}, {'athlete': {'id': '4900671'}}]",2026-05-23T01:30:08Z,False,"{'x': -214748340, 'y': -214748365}",0,Substitution,236.0
401873199329,329,"{'id': '42', 'text': 'Offensive Foul'}",Jared McCain offensive foul,50,45,2,3:51,False,0,{'id': '25'},[{'athlete': {'id': '4683778'}}],2026-05-23T01:30:31Z,False,"{'x': 12, 'y': 29}",0,Foul,231.0
401873199331,331,"{'id': '84', 'text': 'Offensive Foul Turnover'}",Jared McCain offensive foul turnover,50,45,2,3:51,False,0,{'id': '25'},[{'athlete': {'id': '4683778'}}],2026-05-23T01:30:31Z,False,"{'x': 12, 'y': 29}",0,Turnover,231.0
401873199332,332,"{'id': '584', 'text': 'Substitution'}",Luguentz Dort enters the game for Jared McCain,50,45,2,3:38,False,0,{'id': '25'},"[{'athlete': {'id': '4397020'}}, {'athlete': {'id': '4683778'}}]",2026-05-23T01:31:37Z,False,"{'x': -214748340, 'y': -214748365}",0,Substitution,218.0
401873199334,334,"{'id': '615', 'text': 'Jumpball'}",Cason Wallace vs. De'Aaron Fox (Cason Wallace gains possession),50,45,2,3:38,False,0,{'id': '25'},"[{'athlete': {'id': '4683692'}}, {'athlete': {'id': '4066259'}}, {'athlete': {'id': '4683692'}}]",2026-05-23T01:31:59Z,False,"{'x': -214748340, 'y': -214748365}",0,Jump Ball,218.0
401873199337,337,"{'id': '63', 'text': 'Lost Ball Turnover'}",De'Aaron Fox lost ball turnover (Cason Wallace steals),50,45,2,3:38,False,0,{'id': '24'},"[{'athlete': {'id': '4066259'}}, {'athlete': {'id': '4683692'}}]",2026-05-23T01:31:59Z,False,"{'x': 24, 'y': 9}",0,Turnover,218.0
401873199339,339,"{'id': '145', 'text': 'Driving Floating Bank Jump Shot'}",Shai Gilgeous-Alexander makes 8-foot two point shot,52,45,2,3:24,True,2,{'id': '25'},[{'athlete': {'id': '4278073'}}],2026-05-23T01:32:08Z,True,"{'x': 20, 'y': 7}",2,+2 Points,204.0
401873199341,341,"{'id': '584', 'text': 'Substitution'}",Victor Wembanyama enters the game for Luke Kornet,52,45,2,3:11,False,0,{'id': '24'},"[{'athlete': {'id': '5104157'}}, {'athlete': {'id': '3064560'}}]",2026-05-23T01:32:26Z,False,"{'x': -214748340, 'y': -214748365}",0,Substitution,191.0
401873199344,344,"{'id': '92', 'text': 'Jump Shot'}",Victor Wembanyama misses 25-foot three point jumper,52,45,2,3:03,False,0,{'id': '24'},[{'athlete': {'id': '5104157'}}],2026-05-23T01:32:47Z,True,"{'x': 30, 'y': 26}",3,Missed 3PT,183.0
401873199345,345,"{'id': '155', 'text': 'Defensive Rebound'}",Cason Wallace defensive rebound,52,45,2,3:00,False,0,{'id': '25'},[{'athlete': {'id': '4683692'}}],2026-05-23T01:32:50Z,False,"{'x': 30, 'y': 26}",0,Rebound,180.0
401873199346,346,"{'id': '67', 'text': '3-Second Turnover'}",Isaiah Hartenstein 3 second turnover,52,45,2,2:49,False,0,{'id': '25'},[{'athlete': {'id': '4222252'}}],2026-05-23T01:33:06Z,False,"{'x': 25, 'y': 5}",0,Turnover,169.0
401873199347,347,"{'id': '16', 'text': 'Full Timeout'}",Thunder Full timeout,52,45,2,2:49,False,0,{'id': '25'},,2026-05-23T01:33:14Z,False,"{'x': -214748340, 'y': -214748365}",0,Timeout,169.0
401873199348,348,"{'id': '584', 'text': 'Substitution'}",Devin Vassell enters the game for Keldon Johnson,52,45,2,2:49,False,0,{'id': '24'},"[{'athlete': {'id': '4395630'}}, {'athlete': {'id': '4395723'}}]",2026-05-23T01:36:25Z,False,"{'x': -214748340, 'y': -214748365}",0,Substitution,169.0
401873199350,350,"{'id': '144', 'text': 'Driving Floating Jump Shot'}",Stephon Castle misses driving floating jump shot,52,45,2,2:35,False,0,{'id': '24'},[{'athlete': {'id': '4845367'}}],2026-05-23T01:37:06Z,True,"{'x': 26, 'y': 5}",2,Missed FG,155.0
401873199351,351,"{'id': '156', 'text': 'Offensive Rebound'}",Stephon Castle offensive rebound,52,45,2,2:34,False,0,{'id': '24'},[{'athlete': {'id': '4845367'}}],2026-05-23T01:37:07Z,False,"{'x': 26, 'y': 5}",0,Rebound,154.0
401873199352,352,"{'id': '44', 'text': 'Shooting Foul'}",Cason Wallace shooting foul,52,45,2,2:34,False,0,{'id': '25'},[{'athlete': {'id': '4683692'}}],2026-05-23T01:37:12Z,False,"{'x': 27, 'y': 5}",0,Foul,154.0
401873199354,354,"{'id': '98', 'text': 'Free Throw - 1 of 2'}",Stephon Castle makes free throw 1 of 2,52,46,2,2:34,True,1,{'id': '24'},[{'athlete': {'id': '4845367'}}],2026-05-23T01:37:48Z,True,"{'x': -214748340, 'y': -214748365}",1,+1 Point,154.0
401873199355,355,"{'id': '99', 'text': 'Free Throw - 2 of 2'}",Stephon Castle makes free throw 2 of 2,52,47,2,2:34,True,1,{'id': '24'},[{'athlete': {'id': '4845367'}}],2026-05-23T01:38:06Z,True,"{'x': -214748340, 'y': -214748365}",1,+1 Point,154.0
401873199356,356,"{'id': '110', 'text': 'Driving Layup Shot'}",Victor Wembanyama blocks Shai Gilgeous-Alexander 's 7-foot driving layup,52,47,2,2:21,False,0,{'id': '25'},"[{'athlete': {'id': '4278073'}}, {'athlete': {'id': '5104157'}}]",2026-05-23T01:38:25Z,True,"{'x': 26, 'y': 7}",2,Missed FG,141.0
401873199358,358,"{'id': '155', 'text': 'Defensive Rebound'}",De'Aaron Fox defensive rebound,52,47,2,2:20,False,0,{'id': '24'},[{'athlete': {'id': '4066259'}}],2026-05-23T01:38:26Z,False,"{'x': 26, 'y': 7}",0,Rebound,140.0
401873199359,359,"{'id': '45', 'text': 'Personal Foul'}",Isaiah Hartenstein personal foul,52,47,2,2:08,False,0,{'id': '25'},[{'athlete': {'id': '4222252'}}],2026-05-23T01:38:37Z,False,"{'x': 25, 'y': 16}",0,Foul,128.0
401873199361,361,"{'id': '98', 'text': 'Free Throw - 1 of 2'}",Victor Wembanyama makes free throw 1 of 2,52,48,2,2:08,True,1,{'id': '24'},[{'athlete': {'id': '5104157'}}],2026-05-23T01:39:15Z,True,"{'x': -214748340, 'y': -214748365}",1,+1 Point,128.0
401873199362,362,"{'id': '584', 'text': 'Substitution'}",Ajay Mitchell enters the game for Isaiah Joe,52,48,2,2:08,False,0,{'id': '25'},"[{'athlete': {'id': '4900671'}}, {'athlete': {'id': '4395702'}}]",2026-05-23T01:39:17Z,False,"{'x': -214748340, 'y': -214748365}",0,Substitution,128.0
401873199363,363,"{'id': '584', 'text': 'Substitution'}",Chet Holmgren enters the game for Isaiah Hartenstein,52,48,2,2:08,False,0,{'id': '25'},"[{'athlete': {'id': '4433255'}}, {'athlete': {'id': '4222252'}}]",2026-05-23T01:39:17Z,False,"{'x': -214748340, 'y': -214748365}",0,Substitution,128.0
401873199366,366,"{'id': '99', 'text': 'Free Throw - 2 of 2'}",Victor Wembanyama makes free throw 2 of 2,52,49,2,2:08,True,1,{'id': '24'},[{'athlete': {'id': '5104157'}}],2026-05-23T01:39:54Z,True,"{'x': -214748340, 'y': -214748365}",1,+1 Point,128.0
401873199367,367,"{'id': '132', 'text': 'Step Back Jump Shot'}",Shai Gilgeous-Alexander makes 13-foot step back jumpshot (Ajay Mitchell assists),54,49,2,1:55,True,2,{'id': '25'},"[{'athlete': {'id': '4278073'}}, {'athlete': {'id': '4900671'}}]",2026-05-23T01:40:11Z,True,"{'x': 18, 'y': 12}",2,+2 Points,115.0
401873199369,369,"{'id': '132', 'text': 'Step Back Jump Shot'}",Stephon Castle misses 15-foot step back jumpshot,54,49,2,1:35,False,0,{'id': '24'},[{'athlete': {'id': '4845367'}}],2026-05-23T01:40:31Z,True,"{'x': 24, 'y': 15}",2,Missed FG,95.0
401873199370,370,"{'id': '155', 'text': 'Defensive Rebound'}",Ajay Mitchell defensive rebound,54,49,2,1:32,False,0,{'id': '25'},[{'athlete': {'id': '4900671'}}],2026-05-23T01:40:34Z,False,"{'x': 24, 'y': 15}",0,Rebound,92.0
401873199371,371,"{'id': '92', 'text': 'Jump Shot'}",Luguentz Dort misses 26-foot three point jumper,54,49,2,1:22,False,0,{'id': '25'},[{'athlete': {'id': '4397020'}}],2026-05-23T01:40:43Z,True,"{'x': 9, 'y': 22}",3,Missed 3PT,82.0
401873199372,372,"{'id': '155', 'text': 'Defensive Rebound'}",Devin Vassell defensive rebound,54,49,2,1:20,False,0,{'id': '24'},[{'athlete': {'id': '4395630'}}],2026-05-23T01:40:45Z,False,"{'x': 9, 'y': 22}",0,Rebound,80.0
401873199373,373,"{'id': '45', 'text': 'Personal Foul'}",Cason Wallace personal foul,54,49,2,1:20,False,0,{'id': '25'},[{'athlete': {'id': '4683692'}}],2026-05-23T01:40:53Z,False,"{'x': 21, 'y': 6}",0,Foul,80.0
401873199375,375,"{'id': '98', 'text': 'Free Throw - 1 of 2'}",Devin Vassell makes free throw 1 of 2,54,50,2,1:20,True,1,{'id': '24'},[{'athlete': {'id': '4395630'}}],2026-05-23T01:41:26Z,True,"{'x': -214748340, 'y': -214748365}",1,+1 Point,80.0
401873199376,376,"{'id': '584', 'text': 'Substitution'}",Alex Caruso enters the game for Cason Wallace,54,50,2,1:20,False,0,{'id': '25'},"[{'athlete': {'id': '2991350'}}, {'athlete': {'id': '4683692'}}]",2026-05-23T01:41:27Z,False,"{'x': -214748340, 'y': -214748365}",0,Substitution,80.0
401873199378,378,"{'id': '99', 'text': 'Free Throw - 2 of 2'}",Devin Vassell makes free throw 2 of 2,54,51,2,1:20,True,1,{'id': '24'},[{'athlete': {'id': '4395630'}}],2026-05-23T01:41:58Z,True,"{'x': -214748340, 'y': -214748365}",1,+1 Point,80.0
401873199379,379,"{'id': '44', 'text': 'Shooting Foul'}",Victor Wembanyama shooting foul,54,51,2,1:00,False,0,{'id': '24'},[{'athlete': {'id': '5104157'}}],2026-05-23T01:42:22Z,False,"{'x': 3, 'y': 2}",0,Foul,60.0
401873199381,381,"{'id': '98', 'text': 'Free Throw - 1 of 2'}",Alex Caruso makes free throw 1 of 2,55,51,2,1:00,True,1,{'id': '25'},[{'athlete': {'id': '2991350'}}],2026-05-23T01:42:54Z,True,"{'x': -214748340, 'y': -214748365}",1,+1 Point,60.0
401873199382,382,"{'id': '584', 'text': 'Substitution'}",Jaylin Williams enters the game for Chet Holmgren,55,51,2,1:00,False,0,{'id': '25'},"[{'athlete': {'id': '4432823'}}, {'athlete': {'id': '4433255'}}]",2026-05-23T01:43:09Z,False,"{'x': -214748340, 'y': -214748365}",0,Substitution,60.0
401873199384,384,"{'id': '99', 'text': 'Free Throw - 2 of 2'}",Alex Caruso misses free throw 2 of 2,55,51,2,1:00,False,0,{'id': '25'},[{'athlete': {'id': '2991350'}}],2026-05-23T01:42:54Z,True,"{'x': -214748340, 'y': -214748365}",1,Missed FT,60.0
401873199385,385,"{'id': '155', 'text': 'Defensive Rebound'}",De'Aaron Fox defensive rebound,55,51,2,58.2,False,0,{'id': '24'},[{'athlete': {'id': '4066259'}}],2026-05-23T01:42:56Z,False,"{'x': -214748340, 'y': -214748365}",0,Rebound,58.2
401873199386,386,"{'id': '137', 'text': 'Turnaround Fade Away Jump Shot'}",Victor Wembanyama misses 9-foot two point shot,55,51,2,37.3,False,0,{'id': '24'},[{'athlete': {'id': '5104157'}}],2026-05-23T01:43:56Z,True,"{'x': 21, 'y': 9}",2,Missed FG,37.3
401873199387,387,"{'id': '155', 'text': 'Defensive Rebound'}",Luguentz Dort defensive rebound,55,51,2,34.3,False,0,{'id': '25'},[{'athlete': {'id': '4397020'}}],2026-05-23T01:43:59Z,False,"{'x': 21, 'y': 9}",0,Rebound,34.3
401873199388,388,"{'id': '92', 'text': 'Jump Shot'}",Jaylin Williams makes 23-foot three point jumper (Alex Caruso assists),58,51,2,27.5,True,3,{'id': '25'},"[{'athlete': {'id': '4432823'}}, {'athlete': {'id': '2991350'}}]",2026-05-23T01:44:06Z,True,"{'x': 1, 'y': 2}",3,+3 Points,27.5
401873199390,390,"{'id': '132', 'text': 'Step Back Jump Shot'}",De'Aaron Fox misses 26-foot three point step back jumpshot,58,51,2,6.2,False,0,{'id': '24'},[{'athlete': {'id': '4066259'}}],2026-05-23T01:44:32Z,True,"{'x': 14, 'y': 24}",3,Missed 3PT,6.2
401873199391,391,"{'id': '155', 'text': 'Defensive Rebound'}",Ajay Mitchell defensive rebound,58,51,2,1.6,False,0,{'id': '25'},[{'athlete': {'id': '4900671'}}],2026-05-23T01:44:37Z,False,"{'x': 14, 'y': 24}",0,Rebound,1.6
401873199392,392,"{'id': '282', 'text': 'Heave Jump Shot'}",Shai Gilgeous-Alexander misses heave jump shot,58,51,2,0.0,False,0,{'id': '25'},[{'athlete': {'id': '4278073'}}],2026-05-23T01:44:41Z,True,"{'x': 41, 'y': 58}",3,Missed 3PT,0.0
401873199393,393,"{'id': '156', 'text': 'Offensive Rebound'}",Thunder offensive team rebound,58,51,2,0.0,False,0,{'id': '25'},,2026-05-23T01:44:41Z,False,"{'x': 9, 'y': 26}",0,Rebound,0.0
401873199394,394,"{'id': '412', 'text': 'End Period'}",End of the 2nd Quarter,58,51,2,0.0,False,0,,,2026-05-23T01:44:48Z,False,"{'x': -214748340, 'y': -214748365}",0,Halftime,0.0
401873199395,395,"{'id': '584', 'text': 'Substitution'}",Chet Holmgren enters the game for Alex Caruso,58,51,3,12:00,False,0,{'id': '25'},"[{'athlete': {'id': '4433255'}}, {'athlete': {'id': '2991350'}}]",2026-05-23T02:00:17Z,False,"{'x': -214748340, 'y': -214748365}",0,Substitution,720.0
401873199396,396,"{'id': '584', 'text': 'Substitution'}",Isaiah Hartenstein enters the game for Jaylin Williams,58,51,3,12:00,False,0,{'id': '25'},"[{'athlete': {'id': '4222252'}}, {'athlete': {'id': '4432823'}}]",2026-05-23T02:00:17Z,False,"{'x': -214748340, 'y': -214748365}",0,Substitution,720.0
401873199400,400,"{'id': '151', 'text': 'Cutting Dunk Shot'}",Isaiah Hartenstein makes dunk (Shai Gilgeous-Alexander assists),60,51,3,11:43,True,2,{'id': '25'},"[{'athlete': {'id': '4222252'}}, {'athlete': {'id': '4278073'}}]",2026-05-23T02:01:07Z,True,"{'x': 25, 'y': 1}",2,+2 Points,703.0
401873199402,402,"{'id': '92', 'text': 'Jump Shot'}",Julian Champagnie misses 23-foot three point jumper,60,51,3,11:20,False,0,{'id': '24'},[{'athlete': {'id': '4592479'}}],2026-05-23T02:01:29Z,True,"{'x': 49, 'y': 1}",3,Missed 3PT,680.0
401873199403,403,"{'id': '155', 'text': 'Defensive Rebound'}",Luguentz Dort defensive rebound,60,51,3,11:17,False,0,{'id': '25'},[{'athlete': {'id': '4397020'}}],2026-05-23T02:01:32Z,False,"{'x': 49, 'y': 1}",0,Rebound,677.0
401873199404,404,"{'id': '132', 'text': 'Step Back Jump Shot'}",Shai Gilgeous-Alexander misses 18-foot step back jumpshot,60,51,3,11:05,False,0,{'id': '25'},[{'athlete': {'id': '4278073'}}],2026-05-23T02:01:44Z,True,"{'x': 37, 'y': 14}",2,Missed FG,665.0
401873199405,405,"{'id': '155', 'text': 'Defensive Rebound'}",Stephon Castle defensive rebound,60,51,3,11:02,False,0,{'id': '24'},[{'athlete': {'id': '4845367'}}],2026-05-23T02:01:47Z,False,"{'x': 37, 'y': 14}",0,Rebound,662.0
401873199406,406,"{'id': '133', 'text': 'Pullup Bank Jump Shot'}",De'Aaron Fox misses 9-foot two point shot,60,51,3,10:55,False,0,{'id': '24'},[{'athlete': {'id': '4066259'}}],2026-05-23T02:01:54Z,True,"{'x': 18, 'y': 7}",2,Missed FG,655.0
401873199407,407,"{'id': '155', 'text': 'Defensive Rebound'}",Isaiah Hartenstein defensive rebound,60,51,3,10:55,False,0,{'id': '25'},[{'athlete': {'id': '4222252'}}],2026-05-23T02:01:54Z,False,"{'x': 18, 'y': 7}",0,Rebound,655.0
401873199408,408,"{'id': '132', 'text': 'Step Back Jump Shot'}",Shai Gilgeous-Alexander misses 15-foot step back jumpshot,60,51,3,10:48,False,0,{'id': '25'},[{'athlete': {'id': '4278073'}}],2026-05-23T02:02:01Z,True,"{'x': 32, 'y': 14}",2,Missed FG,648.0
401873199409,409,"{'id': '155', 'text': 'Defensive Rebound'}",Spurs defensive team rebound,60,51,3,10:45,False,0,{'id': '24'},,2026-05-23T02:02:04Z,False,"{'x': 32, 'y': 14}",0,Rebound,645.0
401873199411,411,"{'id': '92', 'text': 'Jump Shot'}",Stephon Castle misses 23-foot three point jumper,60,51,3,10:36,False,0,{'id': '24'},[{'athlete': {'id': '4845367'}}],2026-05-23T02:02:23Z,True,"{'x': 48, 'y': 2}",3,Missed 3PT,636.0
401873199412,412,"{'id': '155', 'text': 'Defensive Rebound'}",Isaiah Hartenstein defensive rebound,60,51,3,10:32,False,0,{'id': '25'},[{'athlete': {'id': '4222252'}}],2026-05-23T02:02:27Z,False,"{'x': 48, 'y': 2}",0,Rebound,632.0
401873199413,413,"{'id': '63', 'text': 'Lost Ball Turnover'}",Ajay Mitchell lost ball turnover (Devin Vassell steals),60,51,3,10:27,False,0,{'id': '25'},"[{'athlete': {'id': '4900671'}}, {'athlete': {'id': '4395630'}}]",2026-05-23T02:02:32Z,False,"{'x': 5, 'y': 14}",0,Turnover,627.0
401873199415,415,"{'id': '44', 'text': 'Shooting Foul'}",Isaiah Hartenstein shooting foul,60,51,3,10:24,False,0,{'id': '25'},[{'athlete': {'id': '4222252'}}],2026-05-23T02:02:36Z,False,"{'x': 27, 'y': 1}",0,Foul,624.0
401873199417,417,"{'id': '98', 'text': 'Free Throw - 1 of 2'}",Devin Vassell makes free throw 1 of 2,60,52,3,10:24,True,1,{'id': '24'},[{'athlete': {'id': '4395630'}}],2026-05-23T02:03:10Z,True,"{'x': -214748340, 'y': -214748365}",1,+1 Point,624.0
401873199418,418,"{'id': '584', 'text': 'Substitution'}",Alex Caruso enters the game for Isaiah Hartenstein,60,52,3,10:24,False,0,{'id': '25'},"[{'athlete': {'id': '2991350'}}, {'athlete': {'id': '4222252'}}]",2026-05-23T02:03:18Z,False,"{'x': -214748340, 'y': -214748365}",0,Substitution,624.0
401873199420,420,"{'id': '99', 'text': 'Free Throw - 2 of 2'}",Devin Vassell makes free throw 2 of 2,60,53,3,10:24,True,1,{'id': '24'},[{'athlete': {'id': '4395630'}}],2026-05-23T02:03:45Z,True,"{'x': -214748340, 'y': -214748365}",1,+1 Point,624.0
401873199421,421,"{'id': '92', 'text': 'Jump Shot'}",Alex Caruso makes 23-foot three point jumper (Luguentz Dort assists),63,53,3,10:03,True,3,{'id': '25'},"[{'athlete': {'id': '2991350'}}, {'athlete': {'id': '4397020'}}]",2026-05-23T02:04:08Z,True,"{'x': 49, 'y': 1}",3,+3 Points,603.0
401873199423,423,"{'id': '45', 'text': 'Personal Foul'}",Alex Caruso personal foul,63,53,3,9:53,False,0,{'id': '25'},[{'athlete': {'id': '2991350'}}],2026-05-23T02:04:22Z,False,"{'x': 11, 'y': 11}",0,Foul,593.0
401873199425,425,"{'id': '63', 'text': 'Lost Ball Turnover'}",De'Aaron Fox lost ball turnover (Alex Caruso steals),63,53,3,9:39,False,0,{'id': '24'},"[{'athlete': {'id': '4066259'}}, {'athlete': {'id': '2991350'}}]",2026-05-23T02:04:56Z,False,"{'x': 20, 'y': 6}",0,Turnover,579.0
401873199427,427,"{'id': '151', 'text': 'Cutting Dunk Shot'}",Chet Holmgren makes 1-foot dunk (Shai Gilgeous-Alexander assists),65,53,3,9:32,True,2,{'id': '25'},"[{'athlete': {'id': '4433255'}}, {'athlete': {'id': '4278073'}}]",2026-05-23T02:05:04Z,True,"{'x': 26, 'y': 1}",2,+2 Points,572.0
401873199429,429,"{'id': '92', 'text': 'Jump Shot'}",Julian Champagnie makes 26-foot three point jumper (Stephon Castle assists),65,56,3,9:20,True,3,{'id': '24'},"[{'athlete': {'id': '4592479'}}, {'athlete': {'id': '4845367'}}]",2026-05-23T02:05:15Z,True,"{'x': 11, 'y': 23}",3,+3 Points,560.0
401873199431,431,"{'id': '62', 'text': 'Bad Pass\nTurnover'}","Shai Gilgeous-Alexander bad pass
turnover (Devin Vassell steals)",65,56,3,9:04,False,0,{'id': '25'},"[{'athlete': {'id': '4278073'}}, {'athlete': {'id': '4395630'}}]",2026-05-23T02:05:32Z,False,"{'x': 32, 'y': 28}",0,Turnover,544.0
401873199433,433,"{'id': '44', 'text': 'Shooting Foul'}",Alex Caruso shooting foul,65,56,3,9:02,False,0,{'id': '25'},[{'athlete': {'id': '2991350'}}],2026-05-23T02:05:37Z,False,"{'x': 27, 'y': 2}",0,Foul,542.0
401873199435,435,"{'id': '98', 'text': 'Free Throw - 1 of 2'}",Stephon Castle misses free throw 1 of 2,65,56,3,9:02,False,0,{'id': '24'},[{'athlete': {'id': '4845367'}}],2026-05-23T02:06:18Z,True,"{'x': -214748340, 'y': -214748365}",1,Missed FT,542.0
401873199436,436,"{'id': '156', 'text': 'Offensive Rebound'}",Spurs offensive team rebound,65,56,3,9:02,False,0,{'id': '24'},,2026-05-23T02:06:18Z,False,"{'x': -214748340, 'y': -214748365}",0,Rebound,542.0
401873199437,437,"{'id': '99', 'text': 'Free Throw - 2 of 2'}",Stephon Castle makes free throw 2 of 2,65,57,3,9:02,True,1,{'id': '24'},[{'athlete': {'id': '4845367'}}],2026-05-23T02:06:18Z,True,"{'x': -214748340, 'y': -214748365}",1,+1 Point,542.0
401873199438,438,"{'id': '132', 'text': 'Step Back Jump Shot'}",Shai Gilgeous-Alexander misses 12-foot step back jumpshot,65,57,3,8:53,False,0,{'id': '25'},[{'athlete': {'id': '4278073'}}],2026-05-23T02:06:52Z,True,"{'x': 12, 'y': 0}",2,Missed FG,533.0
401873199439,439,"{'id': '156', 'text': 'Offensive Rebound'}",Chet Holmgren offensive rebound,65,57,3,8:52,False,0,{'id': '25'},[{'athlete': {'id': '4433255'}}],2026-05-23T02:06:53Z,False,"{'x': 12, 'y': 0}",0,Rebound,532.0
401873199440,440,"{'id': '150', 'text': 'Tip Dunk Shot'}",Chet Holmgren makes tip in dunk,67,57,3,8:52,True,2,{'id': '25'},[{'athlete': {'id': '4433255'}}],2026-05-23T02:06:57Z,True,"{'x': 25, 'y': 0}",2,+2 Points,532.0
401873199441,441,"{'id': '136', 'text': 'Turnaround Bank Jump Shot'}",Victor Wembanyama misses 4-foot two point shot,67,57,3,8:40,False,0,{'id': '24'},[{'athlete': {'id': '5104157'}}],2026-05-23T02:07:05Z,True,"{'x': 21, 'y': 2}",2,Missed FG,520.0
401873199442,442,"{'id': '155', 'text': 'Defensive Rebound'}",Luguentz Dort defensive rebound,67,57,3,8:38,False,0,{'id': '25'},[{'athlete': {'id': '4397020'}}],2026-05-23T02:07:07Z,False,"{'x': 21, 'y': 2}",0,Rebound,518.0
401873199443,443,"{'id': '62', 'text': 'Bad Pass\nTurnover'}","Shai Gilgeous-Alexander bad pass
turnover (Devin Vassell steals)",67,57,3,8:22,False,0,{'id': '25'},"[{'athlete': {'id': '4278073'}}, {'athlete': {'id': '4395630'}}]",2026-05-23T02:07:23Z,False,"{'x': 26, 'y': 6}",0,Turnover,502.0
401873199445,445,"{'id': '32', 'text': 'Flagrant Foul Type 1'}",Ajay Mitchell flagrant foul type 1,67,57,3,8:19,False,0,{'id': '25'},[{'athlete': {'id': '4900671'}}],2026-05-23T02:07:28Z,False,"{'x': 27, 'y': 1}",0,Foul,499.0
401873199447,447,"{'id': '279', 'text': 'Ref-Initiated Review (Overturned)'}",(08:19) [Thunder] REF-INITIATED REVIEW (CALL OVERTURNED),67,57,3,8:19,False,0,,,2026-05-23T02:08:20Z,False,"{'x': -214748340, 'y': -214748365}",0,Challenge,499.0
401873199448,448,"{'id': '30', 'text': 'Double Technical Foul'}",Double technical foul: Devin Vassell and Ajay Mitchell,67,57,3,8:19,False,0,{'id': '24'},"[{'athlete': {'id': '4395630'}}, {'athlete': {'id': '4900671'}}]",2026-05-23T02:10:27Z,False,"{'x': -214748340, 'y': -214748365}",0,Foul,499.0
401873199450,450,"{'id': '584', 'text': 'Substitution'}",Jared McCain enters the game for Ajay Mitchell,67,57,3,8:19,False,0,{'id': '25'},"[{'athlete': {'id': '4683778'}}, {'athlete': {'id': '4900671'}}]",2026-05-23T02:11:03Z,False,"{'x': -214748340, 'y': -214748365}",0,Substitution,499.0
401873199452,452,"{'id': '104', 'text': 'Free Throw - Flagrant 1 of 2'}",Stephon Castle makes free throw flagrant 1 of 2,67,58,3,8:19,True,1,{'id': '24'},[{'athlete': {'id': '4845367'}}],2026-05-23T02:11:22Z,True,"{'x': -214748340, 'y': -214748365}",1,+1 Point,499.0
401873199453,453,"{'id': '105', 'text': 'Free Throw - Flagrant 2 of 2'}",Stephon Castle makes free throw flagrant 2 of 2,67,59,3,8:19,True,1,{'id': '24'},[{'athlete': {'id': '4845367'}}],2026-05-23T02:11:22Z,True,"{'x': -214748340, 'y': -214748365}",1,+1 Point,499.0
401873199454,454,"{'id': '44', 'text': 'Shooting Foul'}",Alex Caruso shooting foul,67,59,3,8:14,False,0,{'id': '25'},[{'athlete': {'id': '2991350'}}],2026-05-23T02:11:58Z,False,"{'x': 26, 'y': 9}",0,Foul,494.0
401873199456,456,"{'id': '98', 'text': 'Free Throw - 1 of 2'}",Stephon Castle misses free throw 1 of 2,67,59,3,8:14,False,0,{'id': '24'},[{'athlete': {'id': '4845367'}}],2026-05-23T02:12:32Z,True,"{'x': -214748340, 'y': -214748365}",1,Missed FT,494.0
401873199457,457,"{'id': '156', 'text': 'Offensive Rebound'}",Spurs offensive team rebound,67,59,3,8:14,False,0,{'id': '24'},,2026-05-23T02:12:32Z,False,"{'x': -214748340, 'y': -214748365}",0,Rebound,494.0
401873199458,458,"{'id': '99', 'text': 'Free Throw - 2 of 2'}",Stephon Castle makes free throw 2 of 2,67,60,3,8:14,True,1,{'id': '24'},[{'athlete': {'id': '4845367'}}],2026-05-23T02:12:53Z,True,"{'x': -214748340, 'y': -214748365}",1,+1 Point,494.0
401873199459,459,"{'id': '144', 'text': 'Driving Floating Jump Shot'}",Shai Gilgeous-Alexander makes 8-foot driving floating jump shot,69,60,3,8:00,True,2,{'id': '25'},[{'athlete': {'id': '4278073'}}],2026-05-23T02:13:07Z,True,"{'x': 31, 'y': 6}",2,+2 Points,480.0
401873199461,461,"{'id': '44', 'text': 'Shooting Foul'}",Shai Gilgeous-Alexander shooting foul,69,60,3,7:51,False,0,{'id': '25'},[{'athlete': {'id': '4278073'}}],2026-05-23T02:13:23Z,False,"{'x': 27, 'y': 4}",0,Foul,471.0
401873199463,463,"{'id': '98', 'text': 'Free Throw - 1 of 2'}",Stephon Castle makes free throw 1 of 2,69,61,3,7:51,True,1,{'id': '24'},[{'athlete': {'id': '4845367'}}],2026-05-23T02:13:47Z,True,"{'x': -214748340, 'y': -214748365}",1,+1 Point,471.0
401873199464,464,"{'id': '99', 'text': 'Free Throw - 2 of 2'}",Stephon Castle makes free throw 2 of 2,69,62,3,7:51,True,1,{'id': '24'},[{'athlete': {'id': '4845367'}}],2026-05-23T02:14:06Z,True,"{'x': -214748340, 'y': -214748365}",1,+1 Point,471.0
401873199465,465,"{'id': '132', 'text': 'Step Back Jump Shot'}",Jared McCain misses 12-foot step back jumpshot,69,62,3,7:35,False,0,{'id': '25'},[{'athlete': {'id': '4683778'}}],2026-05-23T02:14:26Z,True,"{'x': 34, 'y': 9}",2,Missed FG,455.0
401873199466,466,"{'id': '155', 'text': 'Defensive Rebound'}",Victor Wembanyama defensive rebound,69,62,3,7:34,False,0,{'id': '24'},[{'athlete': {'id': '5104157'}}],2026-05-23T02:14:27Z,False,"{'x': 34, 'y': 9}",0,Rebound,454.0
401873199467,467,"{'id': '110', 'text': 'Driving Layup Shot'}",Devin Vassell makes driving layup,69,64,3,7:26,True,2,{'id': '24'},[{'athlete': {'id': '4395630'}}],2026-05-23T02:14:41Z,True,"{'x': 27, 'y': 1}",2,+2 Points,446.0
401873199469,469,"{'id': '9', 'text': 'Defensive Goaltending'}",Chet Holmgren defensive goaltending violation,69,64,3,7:26,False,0,{'id': '25'},[{'athlete': {'id': '4433255'}}],2026-05-23T02:15:00Z,False,"{'x': -214748340, 'y': -214748365}",0,Goaltending,446.0
401873199470,470,"{'id': '45', 'text': 'Personal Foul'}",Stephon Castle personal foul,69,64,3,7:18,False,0,{'id': '24'},[{'athlete': {'id': '4845367'}}],2026-05-23T02:15:06Z,False,"{'x': 11, 'y': 41}",0,Foul,438.0
401873199472,472,"{'id': '584', 'text': 'Substitution'}",Carter Bryant enters the game for De'Aaron Fox,69,64,3,7:18,False,0,{'id': '24'},"[{'athlete': {'id': '5061568'}}, {'athlete': {'id': '4066259'}}]",2026-05-23T02:15:29Z,False,"{'x': -214748340, 'y': -214748365}",0,Substitution,438.0
401873199474,474,"{'id': '584', 'text': 'Substitution'}",Jaylin Williams enters the game for Luguentz Dort,69,64,3,7:18,False,0,{'id': '25'},"[{'athlete': {'id': '4432823'}}, {'athlete': {'id': '4397020'}}]",2026-05-23T02:15:42Z,False,"{'x': -214748340, 'y': -214748365}",0,Substitution,438.0
401873199477,477,"{'id': '40', 'text': 'Away from Play Foul'}",Carter Bryant away from play foul,69,64,3,7:10,False,0,{'id': '24'},[{'athlete': {'id': '5061568'}}],2026-05-23T02:16:20Z,False,"{'x': 15, 'y': 15}",0,Foul,430.0
401873199479,479,"{'id': '279', 'text': 'Ref-Initiated Review (Overturned)'}",(07:10) [Thunder] REF-INITIATED REVIEW (CALL OVERTURNED),69,64,3,7:10,False,0,,,2026-05-23T02:16:53Z,False,"{'x': -214748340, 'y': -214748365}",0,Challenge,430.0
401873199480,480,"{'id': '97', 'text': 'Free Throw - 1 of 1'}",Shai Gilgeous-Alexander makes free throw 1 of 1,70,64,3,7:10,True,1,{'id': '25'},[{'athlete': {'id': '4278073'}}],2026-05-23T02:18:22Z,True,"{'x': -214748340, 'y': -214748365}",1,+1 Point,430.0
401873199481,481,"{'id': '92', 'text': 'Jump Shot'}",Jared McCain makes 26-foot three point jumper (Shai Gilgeous-Alexander assists),73,64,3,7:04,True,3,{'id': '25'},"[{'athlete': {'id': '4683778'}}, {'athlete': {'id': '4278073'}}]",2026-05-23T02:18:43Z,True,"{'x': 14, 'y': 25}",3,+3 Points,424.0
401873199483,483,"{'id': '45', 'text': 'Personal Foul'}",Chet Holmgren personal foul,73,64,3,6:54,False,0,{'id': '25'},[{'athlete': {'id': '4433255'}}],2026-05-23T02:18:57Z,False,"{'x': 28, 'y': 5}",0,Foul,414.0
401873199485,485,"{'id': '16', 'text': 'Full Timeout'}",Spurs Full timeout,73,64,3,6:54,False,0,{'id': '24'},,2026-05-23T02:19:09Z,False,"{'x': -214748340, 'y': -214748365}",0,Timeout,414.0
401873199486,486,"{'id': '584', 'text': 'Substitution'}",Dylan Harper enters the game for Julian Champagnie,73,64,3,6:54,False,0,{'id': '24'},"[{'athlete': {'id': '5037871'}}, {'athlete': {'id': '4592479'}}]",2026-05-23T02:22:20Z,False,"{'x': -214748340, 'y': -214748365}",0,Substitution,414.0
401873199487,487,"{'id': '584', 'text': 'Substitution'}",Cason Wallace enters the game for Alex Caruso,73,64,3,6:54,False,0,{'id': '25'},"[{'athlete': {'id': '4683692'}}, {'athlete': {'id': '2991350'}}]",2026-05-23T02:22:20Z,False,"{'x': -214748340, 'y': -214748365}",0,Substitution,414.0
401873199490,490,"{'id': '98', 'text': 'Free Throw - 1 of 2'}",Victor Wembanyama makes free throw 1 of 2,73,65,3,6:54,True,1,{'id': '24'},[{'athlete': {'id': '5104157'}}],2026-05-23T02:23:06Z,True,"{'x': -214748340, 'y': -214748365}",1,+1 Point,414.0
401873199491,491,"{'id': '99', 'text': 'Free Throw - 2 of 2'}",Victor Wembanyama makes free throw 2 of 2,73,66,3,6:54,True,1,{'id': '24'},[{'athlete': {'id': '5104157'}}],2026-05-23T02:23:32Z,True,"{'x': -214748340, 'y': -214748365}",1,+1 Point,414.0
401873199492,492,"{'id': '110', 'text': 'Driving Layup Shot'}",Jared McCain makes driving layup (Jaylin Williams assists),75,66,3,6:30,True,2,{'id': '25'},"[{'athlete': {'id': '4683778'}}, {'athlete': {'id': '4432823'}}]",2026-05-23T02:23:56Z,True,"{'x': 24, 'y': 2}",2,+2 Points,390.0
401873199494,494,"{'id': '44', 'text': 'Shooting Foul'}",Cason Wallace shooting foul,75,66,3,6:19,False,0,{'id': '25'},[{'athlete': {'id': '4683692'}}],2026-05-23T02:24:10Z,False,"{'x': 27, 'y': 2}",0,Foul,379.0
401873199496,496,"{'id': '98', 'text': 'Free Throw - 1 of 2'}",Dylan Harper makes free throw 1 of 2,75,67,3,6:19,True,1,{'id': '24'},[{'athlete': {'id': '5037871'}}],2026-05-23T02:24:41Z,True,"{'x': -214748340, 'y': -214748365}",1,+1 Point,379.0
401873199497,497,"{'id': '99', 'text': 'Free Throw - 2 of 2'}",Dylan Harper misses free throw 2 of 2,75,67,3,6:19,False,0,{'id': '24'},[{'athlete': {'id': '5037871'}}],2026-05-23T02:24:41Z,True,"{'x': -214748340, 'y': -214748365}",1,Missed FT,379.0
401873199498,498,"{'id': '155', 'text': 'Defensive Rebound'}",Jaylin Williams defensive rebound,75,67,3,6:16,False,0,{'id': '25'},[{'athlete': {'id': '4432823'}}],2026-05-23T02:24:44Z,False,"{'x': -214748340, 'y': -214748365}",0,Rebound,376.0
401873199499,499,"{'id': '92', 'text': 'Jump Shot'}",Cason Wallace misses 22-foot three point jumper,75,67,3,6:06,False,0,{'id': '25'},[{'athlete': {'id': '4683692'}}],2026-05-23T02:25:15Z,True,"{'x': 2, 'y': 0}",3,Missed 3PT,366.0
401873199500,500,"{'id': '155', 'text': 'Defensive Rebound'}",Dylan Harper defensive rebound,75,67,3,6:01,False,0,{'id': '24'},[{'athlete': {'id': '5037871'}}],2026-05-23T02:25:20Z,False,"{'x': 2, 'y': 0}",0,Rebound,361.0
401873199501,501,"{'id': '145', 'text': 'Driving Floating Bank Jump Shot'}",Carter Bryant misses two point shot,75,67,3,5:47,False,0,{'id': '24'},[{'athlete': {'id': '5061568'}}],2026-05-23T02:25:34Z,True,"{'x': 22, 'y': 3}",2,Missed FG,347.0
401873199502,502,"{'id': '155', 'text': 'Defensive Rebound'}",Shai Gilgeous-Alexander defensive rebound,75,67,3,5:44,False,0,{'id': '25'},[{'athlete': {'id': '4278073'}}],2026-05-23T02:25:37Z,False,"{'x': 22, 'y': 3}",0,Rebound,344.0
401873199503,503,"{'id': '113', 'text': 'Running Jump Shot'}",Jared McCain misses 26-foot running jump shot,75,67,3,5:44,False,0,{'id': '25'},[{'athlete': {'id': '4683778'}}],2026-05-23T02:25:38Z,True,"{'x': 41, 'y': 22}",3,Missed 3PT,344.0
401873199504,504,"{'id': '155', 'text': 'Defensive Rebound'}",Devin Vassell defensive rebound,75,67,3,5:41,False,0,{'id': '24'},[{'athlete': {'id': '4395630'}}],2026-05-23T02:25:41Z,False,"{'x': 41, 'y': 22}",0,Rebound,341.0
401873199505,505,"{'id': '92', 'text': 'Jump Shot'}",Victor Wembanyama misses 18-foot jumper,75,67,3,5:22,False,0,{'id': '24'},[{'athlete': {'id': '5104157'}}],2026-05-23T02:25:58Z,True,"{'x': 42, 'y': 8}",2,Missed FG,322.0
401873199506,506,"{'id': '155', 'text': 'Defensive Rebound'}",Chet Holmgren defensive rebound,75,67,3,5:20,False,0,{'id': '25'},[{'athlete': {'id': '4433255'}}],2026-05-23T02:26:00Z,False,"{'x': 42, 'y': 8}",0,Rebound,320.0
401873199507,507,"{'id': '44', 'text': 'Shooting Foul'}",Carter Bryant shooting foul,75,67,3,5:06,False,0,{'id': '24'},[{'athlete': {'id': '5061568'}}],2026-05-23T02:26:18Z,False,"{'x': 15, 'y': 14}",0,Foul,306.0
401873199509,509,"{'id': '98', 'text': 'Free Throw - 1 of 2'}",Shai Gilgeous-Alexander makes free throw 1 of 2,76,67,3,5:06,True,1,{'id': '25'},[{'athlete': {'id': '4278073'}}],2026-05-23T02:26:45Z,True,"{'x': -214748340, 'y': -214748365}",1,+1 Point,306.0
401873199510,510,"{'id': '584', 'text': 'Substitution'}",De'Aaron Fox enters the game for Victor Wembanyama,76,67,3,5:06,False,0,{'id': '24'},"[{'athlete': {'id': '4066259'}}, {'athlete': {'id': '5104157'}}]",2026-05-23T02:26:46Z,False,"{'x': -214748340, 'y': -214748365}",0,Substitution,306.0
401873199511,511,"{'id': '584', 'text': 'Substitution'}",Luke Kornet enters the game for Stephon Castle,76,67,3,5:06,False,0,{'id': '24'},"[{'athlete': {'id': '3064560'}}, {'athlete': {'id': '4845367'}}]",2026-05-23T02:26:46Z,False,"{'x': -214748340, 'y': -214748365}",0,Substitution,306.0
401873199514,514,"{'id': '584', 'text': 'Substitution'}",Isaiah Hartenstein enters the game for Jaylin Williams,76,67,3,5:06,False,0,{'id': '25'},"[{'athlete': {'id': '4222252'}}, {'athlete': {'id': '4432823'}}]",2026-05-23T02:27:02Z,False,"{'x': -214748340, 'y': -214748365}",0,Substitution,306.0
401873199516,516,"{'id': '584', 'text': 'Substitution'}",Luguentz Dort enters the game for Chet Holmgren,76,67,3,5:06,False,0,{'id': '25'},"[{'athlete': {'id': '4397020'}}, {'athlete': {'id': '4433255'}}]",2026-05-23T02:27:17Z,False,"{'x': -214748340, 'y': -214748365}",0,Substitution,306.0
401873199518,518,"{'id': '99', 'text': 'Free Throw - 2 of 2'}",Shai Gilgeous-Alexander makes free throw 2 of 2,77,67,3,5:06,True,1,{'id': '25'},[{'athlete': {'id': '4278073'}}],2026-05-23T02:27:47Z,True,"{'x': -214748340, 'y': -214748365}",1,+1 Point,306.0
401873199520,520,"{'id': '584', 'text': 'Substitution'}",Isaiah Joe enters the game for Jared McCain,77,67,3,4:58,False,0,{'id': '25'},"[{'athlete': {'id': '4395702'}}, {'athlete': {'id': '4683778'}}]",2026-05-23T02:28:04Z,False,"{'x': -214748340, 'y': -214748365}",0,Substitution,298.0
401873199522,522,"{'id': '92', 'text': 'Jump Shot'}",Devin Vassell misses 26-foot three point jumper,77,67,3,4:49,False,0,{'id': '24'},[{'athlete': {'id': '4395630'}}],2026-05-23T02:28:26Z,True,"{'x': 34, 'y': 26}",3,Missed 3PT,289.0
401873199523,523,"{'id': '156', 'text': 'Offensive Rebound'}",De'Aaron Fox offensive rebound,77,67,3,4:46,False,0,{'id': '24'},[{'athlete': {'id': '4066259'}}],2026-05-23T02:28:29Z,False,"{'x': 34, 'y': 26}",0,Rebound,286.0
401873199524,524,"{'id': '128', 'text': 'Driving Finger Roll Layup'}",Devin Vassell makes 1-foot two point shot (De'Aaron Fox assists),77,69,3,4:42,True,2,{'id': '24'},"[{'athlete': {'id': '4395630'}}, {'athlete': {'id': '4066259'}}]",2026-05-23T02:28:35Z,True,"{'x': 24, 'y': 1}",2,+2 Points,282.0
401873199526,526,"{'id': '44', 'text': 'Shooting Foul'}",Luguentz Dort shooting foul,77,69,3,4:42,False,0,{'id': '25'},[{'athlete': {'id': '4397020'}}],2026-05-23T02:28:39Z,False,"{'x': 26, 'y': 5}",0,Foul,282.0
401873199528,528,"{'id': '97', 'text': 'Free Throw - 1 of 1'}",Devin Vassell makes free throw 1 of 1,77,70,3,4:42,True,1,{'id': '24'},[{'athlete': {'id': '4395630'}}],2026-05-23T02:29:07Z,True,"{'x': -214748340, 'y': -214748365}",1,+1 Point,282.0
401873199529,529,"{'id': '44', 'text': 'Shooting Foul'}",De'Aaron Fox shooting foul,77,70,3,4:29,False,0,{'id': '24'},[{'athlete': {'id': '4066259'}}],2026-05-23T02:29:27Z,False,"{'x': 27, 'y': 6}",0,Foul,269.0
401873199531,531,"{'id': '98', 'text': 'Free Throw - 1 of 2'}",Isaiah Hartenstein misses free throw 1 of 2,77,70,3,4:29,False,0,{'id': '25'},[{'athlete': {'id': '4222252'}}],2026-05-23T02:30:08Z,True,"{'x': -214748340, 'y': -214748365}",1,Missed FT,269.0
401873199532,532,"{'id': '156', 'text': 'Offensive Rebound'}",Thunder offensive team rebound,77,70,3,4:29,False,0,{'id': '25'},,2026-05-23T02:30:08Z,False,"{'x': -214748340, 'y': -214748365}",0,Rebound,269.0
401873199533,533,"{'id': '99', 'text': 'Free Throw - 2 of 2'}",Isaiah Hartenstein makes free throw 2 of 2,78,70,3,4:29,True,1,{'id': '25'},[{'athlete': {'id': '4222252'}}],2026-05-23T02:30:25Z,True,"{'x': -214748340, 'y': -214748365}",1,+1 Point,269.0
401873199534,534,"{'id': '92', 'text': 'Jump Shot'}",Dylan Harper makes 26-foot three point jumper (Carter Bryant assists),78,73,3,4:17,True,3,{'id': '24'},"[{'athlete': {'id': '5037871'}}, {'athlete': {'id': '5061568'}}]",2026-05-23T02:30:38Z,True,"{'x': 37, 'y': 24}",3,+3 Points,257.0
401873199536,536,"{'id': '92', 'text': 'Jump Shot'}",Cason Wallace misses 26-foot three point jumper,78,73,3,4:02,False,0,{'id': '25'},[{'athlete': {'id': '4683692'}}],2026-05-23T02:30:52Z,True,"{'x': 6, 'y': 18}",3,Missed 3PT,242.0
401873199537,537,"{'id': '156', 'text': 'Offensive Rebound'}",Luguentz Dort offensive rebound,78,73,3,3:59,False,0,{'id': '25'},[{'athlete': {'id': '4397020'}}],2026-05-23T02:30:56Z,False,"{'x': 6, 'y': 18}",0,Rebound,239.0
401873199538,538,"{'id': '92', 'text': 'Jump Shot'}",Shai Gilgeous-Alexander makes 24-foot three point jumper (Luguentz Dort assists),81,73,3,3:57,True,3,{'id': '25'},"[{'athlete': {'id': '4278073'}}, {'athlete': {'id': '4397020'}}]",2026-05-23T02:30:57Z,True,"{'x': 25, 'y': 25}",3,+3 Points,237.0
401873199540,540,"{'id': '92', 'text': 'Jump Shot'}",Carter Bryant misses 24-foot three point jumper,81,73,3,3:42,False,0,{'id': '24'},[{'athlete': {'id': '5061568'}}],2026-05-23T02:31:12Z,True,"{'x': 1, 'y': 2}",3,Missed 3PT,222.0
401873199541,541,"{'id': '155', 'text': 'Defensive Rebound'}",Luguentz Dort defensive rebound,81,73,3,3:40,False,0,{'id': '25'},[{'athlete': {'id': '4397020'}}],2026-05-23T02:31:14Z,False,"{'x': 1, 'y': 2}",0,Rebound,220.0
401873199542,542,"{'id': '45', 'text': 'Personal Foul'}",Devin Vassell personal foul,81,73,3,3:34,False,0,{'id': '24'},[{'athlete': {'id': '4395630'}}],2026-05-23T02:31:24Z,False,"{'x': 15, 'y': 9}",0,Foul,214.0
401873199544,544,"{'id': '98', 'text': 'Free Throw - 1 of 2'}",Cason Wallace makes free throw 1 of 2,82,73,3,3:34,True,1,{'id': '25'},[{'athlete': {'id': '4683692'}}],2026-05-23T02:31:55Z,True,"{'x': -214748340, 'y': -214748365}",1,+1 Point,214.0
401873199545,545,"{'id': '584', 'text': 'Substitution'}",Keldon Johnson enters the game for Luke Kornet,82,73,3,3:34,False,0,{'id': '24'},"[{'athlete': {'id': '4395723'}}, {'athlete': {'id': '3064560'}}]",2026-05-23T02:31:56Z,False,"{'x': -214748340, 'y': -214748365}",0,Substitution,214.0
401873199546,546,"{'id': '584', 'text': 'Substitution'}",Victor Wembanyama enters the game for Carter Bryant,82,73,3,3:34,False,0,{'id': '24'},"[{'athlete': {'id': '5104157'}}, {'athlete': {'id': '5061568'}}]",2026-05-23T02:31:56Z,False,"{'x': -214748340, 'y': -214748365}",0,Substitution,214.0
401873199549,549,"{'id': '584', 'text': 'Substitution'}",Alex Caruso enters the game for Shai Gilgeous-Alexander,82,73,3,3:34,False,0,{'id': '25'},"[{'athlete': {'id': '2991350'}}, {'athlete': {'id': '4278073'}}]",2026-05-23T02:32:07Z,False,"{'x': -214748340, 'y': -214748365}",0,Substitution,214.0
401873199551,551,"{'id': '99', 'text': 'Free Throw - 2 of 2'}",Cason Wallace makes free throw 2 of 2,83,73,3,3:34,True,1,{'id': '25'},[{'athlete': {'id': '4683692'}}],2026-05-23T02:32:32Z,True,"{'x': -214748340, 'y': -214748365}",1,+1 Point,214.0
401873199552,552,"{'id': '44', 'text': 'Shooting Foul'}",Luguentz Dort shooting foul,83,73,3,3:19,False,0,{'id': '25'},[{'athlete': {'id': '4397020'}}],2026-05-23T02:32:52Z,False,"{'x': 28, 'y': 2}",0,Foul,199.0
401873199554,554,"{'id': '98', 'text': 'Free Throw - 1 of 2'}",Keldon Johnson makes free throw 1 of 2,83,74,3,3:19,True,1,{'id': '24'},[{'athlete': {'id': '4395723'}}],2026-05-23T02:33:26Z,True,"{'x': -214748340, 'y': -214748365}",1,+1 Point,199.0
401873199555,555,"{'id': '584', 'text': 'Substitution'}",Julian Champagnie enters the game for Devin Vassell,83,74,3,3:19,False,0,{'id': '24'},"[{'athlete': {'id': '4592479'}}, {'athlete': {'id': '4395630'}}]",2026-05-23T02:33:27Z,False,"{'x': -214748340, 'y': -214748365}",0,Substitution,199.0
401873199556,556,"{'id': '584', 'text': 'Substitution'}",Jared McCain enters the game for Luguentz Dort,83,74,3,3:19,False,0,{'id': '25'},"[{'athlete': {'id': '4683778'}}, {'athlete': {'id': '4397020'}}]",2026-05-23T02:33:27Z,False,"{'x': -214748340, 'y': -214748365}",0,Substitution,199.0
401873199559,559,"{'id': '99', 'text': 'Free Throw - 2 of 2'}",Keldon Johnson makes free throw 2 of 2,83,75,3,3:19,True,1,{'id': '24'},[{'athlete': {'id': '4395723'}}],2026-05-23T02:33:58Z,True,"{'x': -214748340, 'y': -214748365}",1,+1 Point,199.0
401873199560,560,"{'id': '45', 'text': 'Personal Foul'}",Dylan Harper personal foul,83,75,3,3:14,False,0,{'id': '24'},[{'athlete': {'id': '5037871'}}],2026-05-23T02:34:08Z,False,"{'x': 19, 'y': 39}",0,Foul,194.0
401873199562,562,"{'id': '98', 'text': 'Free Throw - 1 of 2'}",Alex Caruso misses free throw 1 of 2,83,75,3,3:14,False,0,{'id': '25'},[{'athlete': {'id': '2991350'}}],2026-05-23T02:34:36Z,True,"{'x': -214748340, 'y': -214748365}",1,Missed FT,194.0
401873199563,563,"{'id': '156', 'text': 'Offensive Rebound'}",Thunder offensive team rebound,83,75,3,3:14,False,0,{'id': '25'},,2026-05-23T02:34:36Z,False,"{'x': -214748340, 'y': -214748365}",0,Rebound,194.0
401873199564,564,"{'id': '99', 'text': 'Free Throw - 2 of 2'}",Alex Caruso makes free throw 2 of 2,84,75,3,3:14,True,1,{'id': '25'},[{'athlete': {'id': '2991350'}}],2026-05-23T02:34:58Z,True,"{'x': -214748340, 'y': -214748365}",1,+1 Point,194.0
401873199565,565,"{'id': '128', 'text': 'Driving Finger Roll Layup'}",De'Aaron Fox makes 2-foot two point shot,84,77,3,3:03,True,2,{'id': '24'},[{'athlete': {'id': '4066259'}}],2026-05-23T02:35:12Z,True,"{'x': 25, 'y': 3}",2,+2 Points,183.0
401873199566,566,"{'id': '16', 'text': 'Full Timeout'}",Thunder Full timeout,84,77,3,3:03,False,0,{'id': '25'},,2026-05-23T02:35:17Z,False,"{'x': -214748340, 'y': -214748365}",0,Timeout,183.0
401873199567,567,"{'id': '584', 'text': 'Substitution'}",Stephon Castle enters the game for Dylan Harper,84,77,3,3:03,False,0,{'id': '24'},"[{'athlete': {'id': '4845367'}}, {'athlete': {'id': '5037871'}}]",2026-05-23T02:38:40Z,False,"{'x': -214748340, 'y': -214748365}",0,Substitution,183.0
401873199568,568,"{'id': '584', 'text': 'Substitution'}",Shai Gilgeous-Alexander enters the game for Isaiah Joe,84,77,3,3:03,False,0,{'id': '25'},"[{'athlete': {'id': '4278073'}}, {'athlete': {'id': '4395702'}}]",2026-05-23T02:38:40Z,False,"{'x': -214748340, 'y': -214748365}",0,Substitution,183.0
401873199569,569,"{'id': '584', 'text': 'Substitution'}",Luguentz Dort enters the game for Cason Wallace,84,77,3,3:03,False,0,{'id': '25'},"[{'athlete': {'id': '4397020'}}, {'athlete': {'id': '4683692'}}]",2026-05-23T02:38:40Z,False,"{'x': -214748340, 'y': -214748365}",0,Substitution,183.0
401873199573,573,"{'id': '92', 'text': 'Jump Shot'}",Alex Caruso makes 23-foot three point jumper (Shai Gilgeous-Alexander assists),87,77,3,2:46,True,3,{'id': '25'},"[{'athlete': {'id': '2991350'}}, {'athlete': {'id': '4278073'}}]",2026-05-23T02:39:16Z,True,"{'x': 48, 'y': 0}",3,+3 Points,166.0
401873199575,575,"{'id': '92', 'text': 'Jump Shot'}",De'Aaron Fox misses 26-foot three point jumper,87,77,3,2:35,False,0,{'id': '24'},[{'athlete': {'id': '4066259'}}],2026-05-23T02:39:27Z,True,"{'x': 24, 'y': 27}",3,Missed 3PT,155.0
401873199576,576,"{'id': '155', 'text': 'Defensive Rebound'}",Isaiah Hartenstein defensive rebound,87,77,3,2:32,False,0,{'id': '25'},[{'athlete': {'id': '4222252'}}],2026-05-23T02:39:30Z,False,"{'x': 24, 'y': 27}",0,Rebound,152.0
401873199577,577,"{'id': '45', 'text': 'Personal Foul'}",Keldon Johnson personal foul,87,77,3,2:18,False,0,{'id': '24'},[{'athlete': {'id': '4395723'}}],2026-05-23T02:39:49Z,False,"{'x': 14, 'y': 11}",0,Foul,138.0
401873199579,579,"{'id': '98', 'text': 'Free Throw - 1 of 2'}",Shai Gilgeous-Alexander makes free throw 1 of 2,88,77,3,2:18,True,1,{'id': '25'},[{'athlete': {'id': '4278073'}}],2026-05-23T02:40:15Z,True,"{'x': -214748340, 'y': -214748365}",1,+1 Point,138.0
401873199580,580,"{'id': '584', 'text': 'Substitution'}",Chet Holmgren enters the game for Alex Caruso,88,77,3,2:18,False,0,{'id': '25'},"[{'athlete': {'id': '4433255'}}, {'athlete': {'id': '2991350'}}]",2026-05-23T02:40:31Z,False,"{'x': -214748340, 'y': -214748365}",0,Substitution,138.0
401873199581,581,"{'id': '584', 'text': 'Substitution'}",Jaylin Williams enters the game for Isaiah Hartenstein,88,77,3,2:18,False,0,{'id': '25'},"[{'athlete': {'id': '4432823'}}, {'athlete': {'id': '4222252'}}]",2026-05-23T02:40:31Z,False,"{'x': -214748340, 'y': -214748365}",0,Substitution,138.0
401873199584,584,"{'id': '99', 'text': 'Free Throw - 2 of 2'}",Shai Gilgeous-Alexander makes free throw 2 of 2,89,77,3,2:18,True,1,{'id': '25'},[{'athlete': {'id': '4278073'}}],2026-05-23T02:40:56Z,True,"{'x': -214748340, 'y': -214748365}",1,+1 Point,138.0
401873199586,586,"{'id': '121', 'text': 'Fade Away Jump Shot'}",Victor Wembanyama makes 8-foot fade away jump shot (De'Aaron Fox assists),89,79,3,2:08,True,2,{'id': '24'},"[{'athlete': {'id': '5104157'}}, {'athlete': {'id': '4066259'}}]",2026-05-23T02:41:24Z,True,"{'x': 32, 'y': 5}",2,+2 Points,128.0
401873199588,588,"{'id': '44', 'text': 'Shooting Foul'}",Chet Holmgren shooting foul,89,79,3,2:08,False,0,{'id': '25'},[{'athlete': {'id': '4433255'}}],2026-05-23T02:41:28Z,False,"{'x': 29, 'y': 8}",0,Foul,128.0
401873199590,590,"{'id': '97', 'text': 'Free Throw - 1 of 1'}",Victor Wembanyama makes free throw 1 of 1,89,80,3,2:08,True,1,{'id': '24'},[{'athlete': {'id': '5104157'}}],2026-05-23T02:41:50Z,True,"{'x': -214748340, 'y': -214748365}",1,+1 Point,128.0
401873199591,591,"{'id': '128', 'text': 'Driving Finger Roll Layup'}",Jared McCain makes 3-foot two point shot,91,80,3,1:53,True,2,{'id': '25'},[{'athlete': {'id': '4683778'}}],2026-05-23T02:42:07Z,True,"{'x': 29, 'y': 1}",2,+2 Points,113.0
401873199592,592,"{'id': '92', 'text': 'Jump Shot'}",Julian Champagnie misses 26-foot three point jumper,91,80,3,1:44,False,0,{'id': '24'},[{'athlete': {'id': '4592479'}}],2026-05-23T02:42:17Z,True,"{'x': 38, 'y': 24}",3,Missed 3PT,104.0
401873199593,593,"{'id': '155', 'text': 'Defensive Rebound'}",Shai Gilgeous-Alexander defensive rebound,91,80,3,1:39,False,0,{'id': '25'},[{'athlete': {'id': '4278073'}}],2026-05-23T02:42:22Z,False,"{'x': 38, 'y': 24}",0,Rebound,99.0
401873199594,594,"{'id': '92', 'text': 'Jump Shot'}",Jared McCain misses 26-foot three point jumper,91,80,3,1:30,False,0,{'id': '25'},[{'athlete': {'id': '4683778'}}],2026-05-23T02:42:30Z,True,"{'x': 5, 'y': 18}",3,Missed 3PT,90.0
401873199595,595,"{'id': '155', 'text': 'Defensive Rebound'}",De'Aaron Fox defensive rebound,91,80,3,1:27,False,0,{'id': '24'},[{'athlete': {'id': '4066259'}}],2026-05-23T02:42:33Z,False,"{'x': 5, 'y': 18}",0,Rebound,87.0
401873199596,596,"{'id': '132', 'text': 'Step Back Jump Shot'}",Keldon Johnson misses 25-foot three point step back jumpshot,91,80,3,1:16,False,0,{'id': '24'},[{'athlete': {'id': '4395723'}}],2026-05-23T02:42:44Z,True,"{'x': 34, 'y': 25}",3,Missed 3PT,76.0
401873199597,597,"{'id': '155', 'text': 'Defensive Rebound'}",Jaylin Williams defensive rebound,91,80,3,1:11,False,0,{'id': '25'},[{'athlete': {'id': '4432823'}}],2026-05-23T02:42:49Z,False,"{'x': 34, 'y': 25}",0,Rebound,71.0
401873199599,599,"{'id': '584', 'text': 'Substitution'}",Devin Vassell enters the game for De'Aaron Fox,91,80,3,1:09,False,0,{'id': '24'},"[{'athlete': {'id': '4395630'}}, {'athlete': {'id': '4066259'}}]",2026-05-23T02:43:02Z,False,"{'x': -214748340, 'y': -214748365}",0,Substitution,69.0
401873199601,601,"{'id': '44', 'text': 'Shooting Foul'}",Stephon Castle shooting foul,91,80,3,58.8,False,0,{'id': '24'},[{'athlete': {'id': '4845367'}}],2026-05-23T02:43:36Z,False,"{'x': 12, 'y': 10}",0,Foul,58.8
401873199603,603,"{'id': '98', 'text': 'Free Throw - 1 of 2'}",Shai Gilgeous-Alexander makes free throw 1 of 2,92,80,3,58.8,True,1,{'id': '25'},[{'athlete': {'id': '4278073'}}],2026-05-23T02:44:15Z,True,"{'x': -214748340, 'y': -214748365}",1,+1 Point,58.8
401873199604,604,"{'id': '99', 'text': 'Free Throw - 2 of 2'}",Shai Gilgeous-Alexander makes free throw 2 of 2,93,80,3,58.8,True,1,{'id': '25'},[{'athlete': {'id': '4278073'}}],2026-05-23T02:44:37Z,True,"{'x': -214748340, 'y': -214748365}",1,+1 Point,58.8
401873199605,605,"{'id': '118', 'text': 'Alley Oop Dunk Shot'}",Victor Wembanyama makes 1-foot alley oop dunk (Stephon Castle assists),93,82,3,47.9,True,2,{'id': '24'},"[{'athlete': {'id': '5104157'}}, {'athlete': {'id': '4845367'}}]",2026-05-23T02:44:51Z,True,"{'x': 25, 'y': 1}",2,+2 Points,47.9
401873199607,607,"{'id': '92', 'text': 'Jump Shot'}",Jared McCain misses 25-foot three point jumper,93,82,3,30.1,False,0,{'id': '25'},[{'athlete': {'id': '4683778'}}],2026-05-23T02:45:11Z,True,"{'x': 4, 'y': 14}",3,Missed 3PT,30.1
401873199608,608,"{'id': '156', 'text': 'Offensive Rebound'}",Thunder offensive team rebound,93,82,3,28.5,False,0,{'id': '25'},,2026-05-23T02:45:13Z,False,"{'x': 4, 'y': 14}",0,Rebound,28.5
401873199609,609,"{'id': '43', 'text': 'Loose Ball Foul'}",Keldon Johnson loose ball foul,93,82,3,28.5,False,0,{'id': '24'},[{'athlete': {'id': '4395723'}}],2026-05-23T02:45:19Z,False,"{'x': 28, 'y': 2}",0,Foul,28.5
401873199611,611,"{'id': '98', 'text': 'Free Throw - 1 of 2'}",Chet Holmgren makes free throw 1 of 2,94,82,3,28.5,True,1,{'id': '25'},[{'athlete': {'id': '4433255'}}],2026-05-23T02:45:44Z,True,"{'x': -214748340, 'y': -214748365}",1,+1 Point,28.5
401873199612,612,"{'id': '584', 'text': 'Substitution'}",Dylan Harper enters the game for Keldon Johnson,94,82,3,28.5,False,0,{'id': '24'},"[{'athlete': {'id': '5037871'}}, {'athlete': {'id': '4395723'}}]",2026-05-23T02:45:45Z,False,"{'x': -214748340, 'y': -214748365}",0,Substitution,28.5
401873199613,613,"{'id': '584', 'text': 'Substitution'}",Cason Wallace enters the game for Jared McCain,94,82,3,28.5,False,0,{'id': '25'},"[{'athlete': {'id': '4683692'}}, {'athlete': {'id': '4683778'}}]",2026-05-23T02:45:45Z,False,"{'x': -214748340, 'y': -214748365}",0,Substitution,28.5
401873199614,614,"{'id': '584', 'text': 'Substitution'}",Isaiah Hartenstein enters the game for Jaylin Williams,94,82,3,28.5,False,0,{'id': '25'},"[{'athlete': {'id': '4222252'}}, {'athlete': {'id': '4432823'}}]",2026-05-23T02:45:45Z,False,"{'x': -214748340, 'y': -214748365}",0,Substitution,28.5
401873199618,618,"{'id': '99', 'text': 'Free Throw - 2 of 2'}",Chet Holmgren makes free throw 2 of 2,95,82,3,28.5,True,1,{'id': '25'},[{'athlete': {'id': '4433255'}}],2026-05-23T02:46:09Z,True,"{'x': -214748340, 'y': -214748365}",1,+1 Point,28.5
401873199619,619,"{'id': '137', 'text': 'Turnaround Fade Away Jump Shot'}",Victor Wembanyama makes 10-foot two point shot (Dylan Harper assists),95,84,3,4.4,True,2,{'id': '24'},"[{'athlete': {'id': '5104157'}}, {'athlete': {'id': '5037871'}}]",2026-05-23T02:46:37Z,True,"{'x': 26, 'y': 11}",2,+2 Points,4.4
401873199620,620,"{'id': '92', 'text': 'Jump Shot'}",Isaiah Hartenstein misses 26-foot three point jumper,95,84,3,0.7,False,0,{'id': '25'},[{'athlete': {'id': '4222252'}}],2026-05-23T02:46:44Z,True,"{'x': 5, 'y': 18}",3,Missed 3PT,0.7
401873199621,621,"{'id': '156', 'text': 'Offensive Rebound'}",Thunder offensive team rebound,95,84,3,0.1,False,0,{'id': '25'},,2026-05-23T02:46:45Z,False,"{'x': 5, 'y': 18}",0,Rebound,0.1
401873199622,622,"{'id': '412', 'text': 'End Period'}",End of the 3rd Quarter,95,84,3,0.0,False,0,,,2026-05-23T02:46:50Z,False,"{'x': -214748340, 'y': -214748365}",0,End of 3rd,0.0
401873199624,624,"{'id': '584', 'text': 'Substitution'}",Alex Caruso enters the game for Shai Gilgeous-Alexander,95,84,4,12:00,False,0,{'id': '25'},"[{'athlete': {'id': '2991350'}}, {'athlete': {'id': '4278073'}}]",2026-05-23T02:49:59Z,False,"{'x': -214748340, 'y': -214748365}",0,Substitution,720.0
401873199625,625,"{'id': '584', 'text': 'Substitution'}",Jared McCain enters the game for Luguentz Dort,95,84,4,12:00,False,0,{'id': '25'},"[{'athlete': {'id': '4683778'}}, {'athlete': {'id': '4397020'}}]",2026-05-23T02:49:59Z,False,"{'x': -214748340, 'y': -214748365}",0,Substitution,720.0
401873199629,629,"{'id': '64', 'text': 'Traveling'}",Dylan Harper traveling turnover,95,84,4,11:50,False,0,{'id': '24'},[{'athlete': {'id': '5037871'}}],2026-05-23T02:50:42Z,False,"{'x': 22, 'y': 4}",0,Turnover,710.0
401873199630,630,"{'id': '121', 'text': 'Fade Away Jump Shot'}",Chet Holmgren makes 11-foot fade away jump shot (Isaiah Hartenstein assists),97,84,4,11:36,True,2,{'id': '25'},"[{'athlete': {'id': '4433255'}}, {'athlete': {'id': '4222252'}}]",2026-05-23T02:51:02Z,True,"{'x': 32, 'y': 9}",2,+2 Points,696.0
401873199631,631,"{'id': '92', 'text': 'Jump Shot'}",Julian Champagnie misses 27-foot three point jumper,97,84,4,11:22,False,0,{'id': '24'},[{'athlete': {'id': '4592479'}}],2026-05-23T02:51:16Z,True,"{'x': 11, 'y': 23}",3,Missed 3PT,682.0
401873199632,632,"{'id': '155', 'text': 'Defensive Rebound'}",Isaiah Hartenstein defensive rebound,97,84,4,11:22,False,0,{'id': '25'},[{'athlete': {'id': '4222252'}}],2026-05-23T02:51:16Z,False,"{'x': 11, 'y': 23}",0,Rebound,682.0
401873199634,634,"{'id': '62', 'text': 'Bad Pass\nTurnover'}","Isaiah Hartenstein bad pass
turnover (Devin Vassell steals)",97,84,4,11:10,False,0,{'id': '25'},"[{'athlete': {'id': '4222252'}}, {'athlete': {'id': '4395630'}}]",2026-05-23T02:51:28Z,False,"{'x': 15, 'y': 17}",0,Turnover,670.0
401873199636,636,"{'id': '44', 'text': 'Shooting Foul'}",Isaiah Hartenstein shooting foul,97,84,4,11:06,False,0,{'id': '25'},[{'athlete': {'id': '4222252'}}],2026-05-23T02:51:34Z,False,"{'x': 26, 'y': 4}",0,Foul,666.0
401873199638,638,"{'id': '98', 'text': 'Free Throw - 1 of 2'}",Stephon Castle misses free throw 1 of 2,97,84,4,11:06,False,0,{'id': '24'},[{'athlete': {'id': '4845367'}}],2026-05-23T02:52:07Z,True,"{'x': -214748340, 'y': -214748365}",1,Missed FT,666.0
401873199639,639,"{'id': '156', 'text': 'Offensive Rebound'}",Spurs offensive team rebound,97,84,4,11:06,False,0,{'id': '24'},,2026-05-23T02:52:07Z,False,"{'x': -214748340, 'y': -214748365}",0,Rebound,666.0
401873199640,640,"{'id': '99', 'text': 'Free Throw - 2 of 2'}",Stephon Castle makes free throw 2 of 2,97,85,4,11:06,True,1,{'id': '24'},[{'athlete': {'id': '4845367'}}],2026-05-23T02:52:30Z,True,"{'x': -214748340, 'y': -214748365}",1,+1 Point,666.0
401873199641,641,"{'id': '92', 'text': 'Jump Shot'}",Jared McCain misses 26-foot three point jumper,97,85,4,10:54,False,0,{'id': '25'},[{'athlete': {'id': '4683778'}}],2026-05-23T02:52:44Z,True,"{'x': 34, 'y': 25}",3,Missed 3PT,654.0
401873199642,642,"{'id': '155', 'text': 'Defensive Rebound'}",Stephon Castle defensive rebound,97,85,4,10:50,False,0,{'id': '24'},[{'athlete': {'id': '4845367'}}],2026-05-23T02:52:48Z,False,"{'x': 34, 'y': 25}",0,Rebound,650.0
401873199643,643,"{'id': '109', 'text': 'Running Layup Shot'}",Dylan Harper misses running layup,97,85,4,10:44,False,0,{'id': '24'},[{'athlete': {'id': '5037871'}}],2026-05-23T02:52:54Z,True,"{'x': 23, 'y': 2}",2,Missed FG,644.0
401873199644,644,"{'id': '155', 'text': 'Defensive Rebound'}",Isaiah Hartenstein defensive rebound,97,85,4,10:42,False,0,{'id': '25'},[{'athlete': {'id': '4222252'}}],2026-05-23T02:52:56Z,False,"{'x': 23, 'y': 2}",0,Rebound,642.0
401873199645,645,"{'id': '92', 'text': 'Jump Shot'}",Jared McCain makes 23-foot three point jumper (Cason Wallace assists),100,85,4,10:30,True,3,{'id': '25'},"[{'athlete': {'id': '4683778'}}, {'athlete': {'id': '4683692'}}]",2026-05-23T02:53:07Z,True,"{'x': 2, 'y': 5}",3,+3 Points,630.0
401873199647,647,"{'id': '16', 'text': 'Full Timeout'}",Spurs Full timeout,100,85,4,10:30,False,0,{'id': '24'},,2026-05-23T02:53:13Z,False,"{'x': -214748340, 'y': -214748365}",0,Timeout,630.0
401873199648,648,"{'id': '584', 'text': 'Substitution'}",De'Aaron Fox enters the game for Dylan Harper,100,85,4,10:30,False,0,{'id': '24'},"[{'athlete': {'id': '4066259'}}, {'athlete': {'id': '5037871'}}]",2026-05-23T02:55:59Z,False,"{'x': -214748340, 'y': -214748365}",0,Substitution,630.0
401873199649,649,"{'id': '584', 'text': 'Substitution'}",Luke Kornet enters the game for Stephon Castle,100,85,4,10:30,False,0,{'id': '24'},"[{'athlete': {'id': '3064560'}}, {'athlete': {'id': '4845367'}}]",2026-05-23T02:55:59Z,False,"{'x': -214748340, 'y': -214748365}",0,Substitution,630.0
401873199653,653,"{'id': '137', 'text': 'Turnaround Fade Away Jump Shot'}",De'Aaron Fox makes 13-foot two point shot (Luke Kornet assists),100,87,4,10:08,True,2,{'id': '24'},"[{'athlete': {'id': '4066259'}}, {'athlete': {'id': '3064560'}}]",2026-05-23T02:57:34Z,True,"{'x': 25, 'y': 14}",2,+2 Points,608.0
401873199655,655,"{'id': '144', 'text': 'Driving Floating Jump Shot'}",Jared McCain makes 4-foot driving floating jump shot (Chet Holmgren assists),102,87,4,9:46,True,2,{'id': '25'},"[{'athlete': {'id': '4683778'}}, {'athlete': {'id': '4433255'}}]",2026-05-23T02:57:55Z,True,"{'x': 23, 'y': 5}",2,+2 Points,586.0
401873199656,656,"{'id': '92', 'text': 'Jump Shot'}",Victor Wembanyama misses 27-foot three point jumper,102,87,4,9:31,False,0,{'id': '24'},[{'athlete': {'id': '5104157'}}],2026-05-23T02:58:10Z,True,"{'x': 25, 'y': 27}",3,Missed 3PT,571.0
401873199657,657,"{'id': '156', 'text': 'Offensive Rebound'}",Devin Vassell offensive rebound,102,87,4,9:29,False,0,{'id': '24'},[{'athlete': {'id': '4395630'}}],2026-05-23T02:58:13Z,False,"{'x': 25, 'y': 27}",0,Rebound,569.0
401873199658,658,"{'id': '92', 'text': 'Jump Shot'}",Julian Champagnie makes 23-foot three point jumper (De'Aaron Fox assists),102,90,4,9:27,True,3,{'id': '24'},"[{'athlete': {'id': '4592479'}}, {'athlete': {'id': '4066259'}}]",2026-05-23T02:58:15Z,True,"{'x': 1, 'y': 2}",3,+3 Points,567.0
401873199660,660,"{'id': '121', 'text': 'Fade Away Jump Shot'}",Jared McCain misses 4-foot fade away jump shot,102,90,4,9:02,False,0,{'id': '25'},[{'athlete': {'id': '4683778'}}],2026-05-23T02:58:42Z,True,"{'x': 21, 'y': 2}",2,Missed FG,542.0
401873199661,661,"{'id': '155', 'text': 'Defensive Rebound'}",Luke Kornet defensive rebound,102,90,4,9:01,False,0,{'id': '24'},[{'athlete': {'id': '3064560'}}],2026-05-23T02:58:43Z,False,"{'x': 21, 'y': 2}",0,Rebound,541.0
401873199662,662,"{'id': '90', 'text': 'Out of Bounds - Bad Pass Turnover'}",Luke Kornet out of bounds bad pass turnover,102,90,4,8:57,False,0,{'id': '24'},[{'athlete': {'id': '3064560'}}],2026-05-23T02:58:47Z,False,"{'x': 47, 'y': 25}",0,Turnover,537.0
401873199663,663,"{'id': '584', 'text': 'Substitution'}",Shai Gilgeous-Alexander enters the game for Alex Caruso,102,90,4,8:57,False,0,{'id': '25'},"[{'athlete': {'id': '4278073'}}, {'athlete': {'id': '2991350'}}]",2026-05-23T02:58:53Z,False,"{'x': -214748340, 'y': -214748365}",0,Substitution,537.0
401873199665,665,"{'id': '92', 'text': 'Jump Shot'}",Jared McCain misses 25-foot three point jumper,102,90,4,8:47,False,0,{'id': '25'},[{'athlete': {'id': '4683778'}}],2026-05-23T02:59:18Z,True,"{'x': 39, 'y': 22}",3,Missed 3PT,527.0
401873199666,666,"{'id': '155', 'text': 'Defensive Rebound'}",Spurs defensive team rebound,102,90,4,8:46,False,0,{'id': '24'},,2026-05-23T02:59:19Z,False,"{'x': 39, 'y': 22}",0,Rebound,526.0
401873199667,667,"{'id': '43', 'text': 'Loose Ball Foul'}",Isaiah Hartenstein loose ball foul,102,90,4,8:46,False,0,{'id': '25'},[{'athlete': {'id': '4222252'}}],2026-05-23T02:59:24Z,False,"{'x': 28, 'y': 4}",0,Foul,526.0
401873199669,669,"{'id': '584', 'text': 'Substitution'}",Jaylin Williams enters the game for Isaiah Hartenstein,102,90,4,8:46,False,0,{'id': '25'},"[{'athlete': {'id': '4432823'}}, {'athlete': {'id': '4222252'}}]",2026-05-23T02:59:37Z,False,"{'x': -214748340, 'y': -214748365}",0,Substitution,526.0
401873199672,672,"{'id': '63', 'text': 'Lost Ball Turnover'}",De'Aaron Fox lost ball turnover (Cason Wallace steals),102,90,4,8:33,False,0,{'id': '24'},"[{'athlete': {'id': '4066259'}}, {'athlete': {'id': '4683692'}}]",2026-05-23T03:00:00Z,False,"{'x': 26, 'y': 9}",0,Turnover,513.0
401873199674,674,"{'id': '92', 'text': 'Jump Shot'}",Jared McCain misses 25-foot three point jumper,102,90,4,8:27,False,0,{'id': '25'},[{'athlete': {'id': '4683778'}}],2026-05-23T03:00:06Z,True,"{'x': 3, 'y': 13}",3,Missed 3PT,507.0
401873199675,675,"{'id': '155', 'text': 'Defensive Rebound'}",De'Aaron Fox defensive rebound,102,90,4,8:23,False,0,{'id': '24'},[{'athlete': {'id': '4066259'}}],2026-05-23T03:00:10Z,False,"{'x': 3, 'y': 13}",0,Rebound,503.0
401873199676,676,"{'id': '131', 'text': 'Pullup Jump Shot'}",Victor Wembanyama makes 11-foot pullup jump shot (Devin Vassell assists),102,92,4,8:13,True,2,{'id': '24'},"[{'athlete': {'id': '5104157'}}, {'athlete': {'id': '4395630'}}]",2026-05-23T03:00:20Z,True,"{'x': 36, 'y': 4}",2,+2 Points,493.0
401873199678,678,"{'id': '45', 'text': 'Personal Foul'}",Devin Vassell personal foul,102,92,4,7:51,False,0,{'id': '24'},[{'athlete': {'id': '4395630'}}],2026-05-23T03:00:45Z,False,"{'x': 21, 'y': 13}",0,Foul,471.0
401873199680,680,"{'id': '584', 'text': 'Substitution'}",Stephon Castle enters the game for De'Aaron Fox,102,92,4,7:51,False,0,{'id': '24'},"[{'athlete': {'id': '4845367'}}, {'athlete': {'id': '4066259'}}]",2026-05-23T03:00:59Z,False,"{'x': -214748340, 'y': -214748365}",0,Substitution,471.0
401873199681,681,"{'id': '584', 'text': 'Substitution'}",Alex Caruso enters the game for Jared McCain,102,92,4,7:51,False,0,{'id': '25'},"[{'athlete': {'id': '2991350'}}, {'athlete': {'id': '4683778'}}]",2026-05-23T03:00:59Z,False,"{'x': -214748340, 'y': -214748365}",0,Substitution,471.0
401873199684,684,"{'id': '92', 'text': 'Jump Shot'}",Julian Champagnie blocks Chet Holmgren 's 26-foot three point jumper,102,92,4,7:48,False,0,{'id': '25'},"[{'athlete': {'id': '4433255'}}, {'athlete': {'id': '4592479'}}]",2026-05-23T03:01:23Z,True,"{'x': 38, 'y': 23}",3,Missed 3PT,468.0
401873199686,686,"{'id': '156', 'text': 'Offensive Rebound'}",Thunder offensive team rebound,102,92,4,7:47,False,0,{'id': '25'},,2026-05-23T03:01:24Z,False,"{'x': 38, 'y': 23}",0,Rebound,467.0
401873199688,688,"{'id': '44', 'text': 'Shooting Foul'}",Stephon Castle shooting foul,102,92,4,7:41,False,0,{'id': '24'},[{'athlete': {'id': '4845367'}}],2026-05-23T03:01:46Z,False,"{'x': 10, 'y': 22}",0,Foul,461.0
401873199690,690,"{'id': '100', 'text': 'Free Throw - 1 of 3'}",Shai Gilgeous-Alexander makes free throw 1 of 3,103,92,4,7:41,True,1,{'id': '25'},[{'athlete': {'id': '4278073'}}],2026-05-23T03:02:16Z,True,"{'x': -214748340, 'y': -214748365}",1,+1 Point,461.0
401873199691,691,"{'id': '101', 'text': 'Free Throw - 2 of 3'}",Shai Gilgeous-Alexander makes free throw 2 of 3,104,92,4,7:41,True,1,{'id': '25'},[{'athlete': {'id': '4278073'}}],2026-05-23T03:02:32Z,True,"{'x': -214748340, 'y': -214748365}",1,+1 Point,461.0
401873199692,692,"{'id': '102', 'text': 'Free Throw - 3 of 3'}",Shai Gilgeous-Alexander makes free throw 3 of 3,105,92,4,7:41,True,1,{'id': '25'},[{'athlete': {'id': '4278073'}}],2026-05-23T03:02:48Z,True,"{'x': -214748340, 'y': -214748365}",1,+1 Point,461.0
401873199693,693,"{'id': '95', 'text': 'Layup Shot'}",Luke Kornet makes layup (Julian Champagnie assists),105,94,4,7:21,True,2,{'id': '24'},"[{'athlete': {'id': '3064560'}}, {'athlete': {'id': '4592479'}}]",2026-05-23T03:03:09Z,True,"{'x': 25, 'y': 1}",2,+2 Points,441.0
401873199695,695,"{'id': '92', 'text': 'Jump Shot'}",Cason Wallace misses 25-foot three point jumper,105,94,4,7:10,False,0,{'id': '25'},[{'athlete': {'id': '4683692'}}],2026-05-23T03:03:21Z,True,"{'x': 4, 'y': 15}",3,Missed 3PT,430.0
401873199696,696,"{'id': '155', 'text': 'Defensive Rebound'}",Julian Champagnie defensive rebound,105,94,4,7:07,False,0,{'id': '24'},[{'athlete': {'id': '4592479'}}],2026-05-23T03:03:24Z,False,"{'x': 4, 'y': 15}",0,Rebound,427.0
401873199697,697,"{'id': '132', 'text': 'Step Back Jump Shot'}",Victor Wembanyama misses 26-foot three point step back jumpshot,105,94,4,6:59,False,0,{'id': '24'},[{'athlete': {'id': '5104157'}}],2026-05-23T03:03:31Z,True,"{'x': 8, 'y': 21}",3,Missed 3PT,419.0
401873199698,698,"{'id': '156', 'text': 'Offensive Rebound'}",Luke Kornet offensive rebound,105,94,4,6:56,False,0,{'id': '24'},[{'athlete': {'id': '3064560'}}],2026-05-23T03:03:34Z,False,"{'x': 8, 'y': 21}",0,Rebound,416.0
401873199699,699,"{'id': '94', 'text': 'Tip Shot'}",Luke Kornet misses tip shot,105,94,4,6:56,False,0,{'id': '24'},[{'athlete': {'id': '3064560'}}],2026-05-23T03:03:37Z,True,"{'x': 25, 'y': 0}",2,Missed FG,416.0
401873199700,700,"{'id': '156', 'text': 'Offensive Rebound'}",Devin Vassell offensive rebound,105,94,4,6:56,False,0,{'id': '24'},[{'athlete': {'id': '4395630'}}],2026-05-23T03:03:39Z,False,"{'x': 25, 'y': 0}",0,Rebound,416.0
401873199701,701,"{'id': '94', 'text': 'Tip Shot'}",Devin Vassell makes tip shot,105,96,4,6:56,True,2,{'id': '24'},[{'athlete': {'id': '4395630'}}],2026-05-23T03:03:39Z,True,"{'x': 25, 'y': 0}",2,+2 Points,416.0
401873199702,702,"{'id': '16', 'text': 'Full Timeout'}",Thunder Full timeout,105,96,4,6:56,False,0,{'id': '25'},,2026-05-23T03:03:44Z,False,"{'x': -214748340, 'y': -214748365}",0,Timeout,416.0
401873199703,703,"{'id': '584', 'text': 'Substitution'}",Dylan Harper enters the game for Stephon Castle,105,96,4,6:56,False,0,{'id': '24'},"[{'athlete': {'id': '5037871'}}, {'athlete': {'id': '4845367'}}]",2026-05-23T03:07:08Z,False,"{'x': -214748340, 'y': -214748365}",0,Substitution,416.0
401873199704,704,"{'id': '584', 'text': 'Substitution'}",Jared McCain enters the game for Cason Wallace,105,96,4,6:56,False,0,{'id': '25'},"[{'athlete': {'id': '4683778'}}, {'athlete': {'id': '4683692'}}]",2026-05-23T03:07:08Z,False,"{'x': -214748340, 'y': -214748365}",0,Substitution,416.0
401873199707,707,"{'id': '131', 'text': 'Pullup Jump Shot'}",Jared McCain makes 11-foot pullup jump shot (Shai Gilgeous-Alexander assists),107,96,4,6:39,True,2,{'id': '25'},"[{'athlete': {'id': '4683778'}}, {'athlete': {'id': '4278073'}}]",2026-05-23T03:07:41Z,True,"{'x': 23, 'y': 12}",2,+2 Points,399.0
401873199709,709,"{'id': '131', 'text': 'Pullup Jump Shot'}",Dylan Harper misses 14-foot pullup jump shot,107,96,4,6:22,False,0,{'id': '24'},[{'athlete': {'id': '5037871'}}],2026-05-23T03:07:57Z,True,"{'x': 25, 'y': 15}",2,Missed FG,382.0
401873199710,710,"{'id': '155', 'text': 'Defensive Rebound'}",Alex Caruso defensive rebound,107,96,4,6:20,False,0,{'id': '25'},[{'athlete': {'id': '2991350'}}],2026-05-23T03:07:59Z,False,"{'x': 25, 'y': 15}",0,Rebound,380.0
401873199711,711,"{'id': '92', 'text': 'Jump Shot'}",Jaylin Williams makes 25-foot three point jumper (Jared McCain assists),110,96,4,5:57,True,3,{'id': '25'},"[{'athlete': {'id': '4432823'}}, {'athlete': {'id': '4683778'}}]",2026-05-23T03:08:22Z,True,"{'x': 41, 'y': 21}",3,+3 Points,357.0
401873199713,713,"{'id': '44', 'text': 'Shooting Foul'}",Luke Kornet shooting foul,110,96,4,5:57,False,0,{'id': '24'},[{'athlete': {'id': '3064560'}}],2026-05-23T03:08:28Z,False,"{'x': 42, 'y': 19}",0,Foul,357.0
401873199715,715,"{'id': '584', 'text': 'Substitution'}",De'Aaron Fox enters the game for Luke Kornet,110,96,4,5:57,False,0,{'id': '24'},"[{'athlete': {'id': '4066259'}}, {'athlete': {'id': '3064560'}}]",2026-05-23T03:08:43Z,False,"{'x': -214748340, 'y': -214748365}",0,Substitution,357.0
401873199716,716,"{'id': '584', 'text': 'Substitution'}",Cason Wallace enters the game for Chet Holmgren,110,96,4,5:57,False,0,{'id': '25'},"[{'athlete': {'id': '4683692'}}, {'athlete': {'id': '4433255'}}]",2026-05-23T03:08:43Z,False,"{'x': -214748340, 'y': -214748365}",0,Substitution,357.0
401873199719,719,"{'id': '97', 'text': 'Free Throw - 1 of 1'}",Jaylin Williams makes free throw 1 of 1,111,96,4,5:57,True,1,{'id': '25'},[{'athlete': {'id': '4432823'}}],2026-05-23T03:09:15Z,True,"{'x': -214748340, 'y': -214748365}",1,+1 Point,357.0
401873199720,720,"{'id': '92', 'text': 'Jump Shot'}",Julian Champagnie misses 24-foot three point jumper,111,96,4,5:46,False,0,{'id': '24'},[{'athlete': {'id': '4592479'}}],2026-05-23T03:09:25Z,True,"{'x': 1, 'y': 2}",3,Missed 3PT,346.0
401873199721,721,"{'id': '155', 'text': 'Defensive Rebound'}",Jared McCain defensive rebound,111,96,4,5:44,False,0,{'id': '25'},[{'athlete': {'id': '4683778'}}],2026-05-23T03:09:27Z,False,"{'x': 1, 'y': 2}",0,Rebound,344.0
401873199722,722,"{'id': '132', 'text': 'Step Back Jump Shot'}",Shai Gilgeous-Alexander misses 26-foot three point step back jumpshot,111,96,4,5:27,False,0,{'id': '25'},[{'athlete': {'id': '4278073'}}],2026-05-23T03:09:45Z,True,"{'x': 4, 'y': 16}",3,Missed 3PT,327.0
401873199723,723,"{'id': '155', 'text': 'Defensive Rebound'}",Dylan Harper defensive rebound,111,96,4,5:24,False,0,{'id': '24'},[{'athlete': {'id': '5037871'}}],2026-05-23T03:09:48Z,False,"{'x': 4, 'y': 16}",0,Rebound,324.0
401873199724,724,"{'id': '128', 'text': 'Driving Finger Roll Layup'}",Shai Gilgeous-Alexander blocks De'Aaron Fox 's 3-foot two point shot,111,96,4,5:14,False,0,{'id': '24'},"[{'athlete': {'id': '4066259'}}, {'athlete': {'id': '4278073'}}]",2026-05-23T03:10:00Z,True,"{'x': 28, 'y': 1}",2,Missed FG,314.0
401873199726,726,"{'id': '156', 'text': 'Offensive Rebound'}",De'Aaron Fox offensive rebound,111,96,4,5:13,False,0,{'id': '24'},[{'athlete': {'id': '4066259'}}],2026-05-23T03:10:01Z,False,"{'x': 28, 'y': 1}",0,Rebound,313.0
401873199727,727,"{'id': '92', 'text': 'Jump Shot'}",Dylan Harper misses 26-foot three point jumper,111,96,4,5:09,False,0,{'id': '24'},[{'athlete': {'id': '5037871'}}],2026-05-23T03:10:05Z,True,"{'x': 5, 'y': 19}",3,Missed 3PT,309.0
401873199728,728,"{'id': '156', 'text': 'Offensive Rebound'}",Spurs offensive team rebound,111,96,4,5:09,False,0,{'id': '24'},,2026-05-23T03:10:05Z,False,"{'x': 5, 'y': 19}",0,Rebound,309.0
401873199729,729,"{'id': '43', 'text': 'Loose Ball Foul'}",Jaylin Williams loose ball foul,111,96,4,5:09,False,0,{'id': '25'},[{'athlete': {'id': '4432823'}}],2026-05-23T03:10:16Z,False,"{'x': 23, 'y': 4}",0,Foul,309.0
401873199731,731,"{'id': '131', 'text': 'Pullup Jump Shot'}",De'Aaron Fox misses 25-foot three point pullup jump shot,111,96,4,5:00,False,0,{'id': '24'},[{'athlete': {'id': '4066259'}}],2026-05-23T03:10:42Z,True,"{'x': 45, 'y': 16}",3,Missed 3PT,300.0
401873199732,732,"{'id': '155', 'text': 'Defensive Rebound'}",Jared McCain defensive rebound,111,96,4,4:56,False,0,{'id': '25'},[{'athlete': {'id': '4683778'}}],2026-05-23T03:10:46Z,False,"{'x': 45, 'y': 16}",0,Rebound,296.0
401873199733,733,"{'id': '132', 'text': 'Step Back Jump Shot'}",Shai Gilgeous-Alexander misses 14-foot step back jumpshot,111,96,4,4:42,False,0,{'id': '25'},[{'athlete': {'id': '4278073'}}],2026-05-23T03:11:00Z,True,"{'x': 18, 'y': 14}",2,Missed FG,282.0
401873199734,734,"{'id': '155', 'text': 'Defensive Rebound'}",Julian Champagnie defensive rebound,111,96,4,4:39,False,0,{'id': '24'},[{'athlete': {'id': '4592479'}}],2026-05-23T03:11:03Z,False,"{'x': 18, 'y': 14}",0,Rebound,279.0
401873199735,735,"{'id': '112', 'text': 'Reverse Layup Shot'}",Victor Wembanyama makes 2-foot reverse layup (De'Aaron Fox assists),111,98,4,4:28,True,2,{'id': '24'},"[{'athlete': {'id': '5104157'}}, {'athlete': {'id': '4066259'}}]",2026-05-23T03:11:16Z,True,"{'x': 27, 'y': 2}",2,+2 Points,268.0
401873199737,737,"{'id': '44', 'text': 'Shooting Foul'}",Jaylin Williams shooting foul,111,98,4,4:28,False,0,{'id': '25'},[{'athlete': {'id': '4432823'}}],2026-05-23T03:11:19Z,False,"{'x': 27, 'y': 1}",0,Foul,268.0
401873199739,739,"{'id': '584', 'text': 'Substitution'}",Stephon Castle enters the game for De'Aaron Fox,111,98,4,4:28,False,0,{'id': '24'},"[{'athlete': {'id': '4845367'}}, {'athlete': {'id': '4066259'}}]",2026-05-23T03:11:29Z,False,"{'x': -214748340, 'y': -214748365}",0,Substitution,268.0
401873199741,741,"{'id': '97', 'text': 'Free Throw - 1 of 1'}",Victor Wembanyama makes free throw 1 of 1,111,99,4,4:28,True,1,{'id': '24'},[{'athlete': {'id': '5104157'}}],2026-05-23T03:11:54Z,True,"{'x': -214748340, 'y': -214748365}",1,+1 Point,268.0
401873199742,742,"{'id': '131', 'text': 'Pullup Jump Shot'}",Cason Wallace misses 25-foot three point pullup jump shot,111,99,4,4:02,False,0,{'id': '25'},[{'athlete': {'id': '4683692'}}],2026-05-23T03:12:23Z,True,"{'x': 46, 'y': 15}",3,Missed 3PT,242.0
401873199743,743,"{'id': '155', 'text': 'Defensive Rebound'}",Julian Champagnie defensive rebound,111,99,4,3:59,False,0,{'id': '24'},[{'athlete': {'id': '4592479'}}],2026-05-23T03:12:26Z,False,"{'x': 46, 'y': 15}",0,Rebound,239.0
401873199744,744,"{'id': '110', 'text': 'Driving Layup Shot'}",Julian Champagnie makes driving layup (Dylan Harper assists),111,101,4,3:50,True,2,{'id': '24'},"[{'athlete': {'id': '4592479'}}, {'athlete': {'id': '5037871'}}]",2026-05-23T03:12:36Z,True,"{'x': 25, 'y': 2}",2,+2 Points,230.0
401873199746,746,"{'id': '16', 'text': 'Full Timeout'}",Thunder Full timeout,111,101,4,3:50,False,0,{'id': '25'},,2026-05-23T03:12:42Z,False,"{'x': -214748340, 'y': -214748365}",0,Timeout,230.0
401873199747,747,"{'id': '584', 'text': 'Substitution'}",Isaiah Hartenstein enters the game for Jaylin Williams,111,101,4,3:50,False,0,{'id': '25'},"[{'athlete': {'id': '4222252'}}, {'athlete': {'id': '4432823'}}]",2026-05-23T03:14:02Z,False,"{'x': -214748340, 'y': -214748365}",0,Substitution,230.0
401873199749,749,"{'id': '144', 'text': 'Driving Floating Jump Shot'}",Alex Caruso misses driving floating jump shot,111,101,4,3:31,False,0,{'id': '25'},[{'athlete': {'id': '2991350'}}],2026-05-23T03:14:45Z,True,"{'x': 25, 'y': 7}",2,Missed FG,211.0
401873199750,750,"{'id': '155', 'text': 'Defensive Rebound'}",Spurs defensive team rebound,111,101,4,3:31,False,0,{'id': '24'},,2026-05-23T03:14:45Z,False,"{'x': 25, 'y': 7}",0,Rebound,211.0
401873199752,752,"{'id': '16', 'text': 'Full Timeout'}",Spurs Full timeout,111,101,4,3:31,False,0,{'id': '24'},,2026-05-23T03:14:59Z,False,"{'x': -214748340, 'y': -214748365}",0,Timeout,211.0
401873199753,753,"{'id': '92', 'text': 'Jump Shot'}",Devin Vassell misses 26-foot three point jumper,111,101,4,3:16,False,0,{'id': '24'},[{'athlete': {'id': '4395630'}}],2026-05-23T03:16:46Z,True,"{'x': 34, 'y': 25}",3,Missed 3PT,196.0
401873199754,754,"{'id': '155', 'text': 'Defensive Rebound'}",Isaiah Hartenstein defensive rebound,111,101,4,3:12,False,0,{'id': '25'},[{'athlete': {'id': '4222252'}}],2026-05-23T03:16:50Z,False,"{'x': 34, 'y': 25}",0,Rebound,192.0
401873199755,755,"{'id': '45', 'text': 'Personal Foul'}",Julian Champagnie personal foul,111,101,4,3:03,False,0,{'id': '24'},[{'athlete': {'id': '4592479'}}],2026-05-23T03:17:01Z,False,"{'x': 14, 'y': 32}",0,Foul,183.0
401873199757,757,"{'id': '584', 'text': 'Substitution'}",De'Aaron Fox enters the game for Dylan Harper,111,101,4,3:03,False,0,{'id': '24'},"[{'athlete': {'id': '4066259'}}, {'athlete': {'id': '5037871'}}]",2026-05-23T03:17:12Z,False,"{'x': -214748340, 'y': -214748365}",0,Substitution,183.0
401873199759,759,"{'id': '44', 'text': 'Shooting Foul'}",Devin Vassell shooting foul,111,101,4,2:55,False,0,{'id': '24'},[{'athlete': {'id': '4395630'}}],2026-05-23T03:17:35Z,False,"{'x': 23, 'y': 9}",0,Foul,175.0
401873199761,761,"{'id': '98', 'text': 'Free Throw - 1 of 2'}",Shai Gilgeous-Alexander makes free throw 1 of 2,112,101,4,2:55,True,1,{'id': '25'},[{'athlete': {'id': '4278073'}}],2026-05-23T03:18:04Z,True,"{'x': -214748340, 'y': -214748365}",1,+1 Point,175.0
401873199762,762,"{'id': '99', 'text': 'Free Throw - 2 of 2'}",Shai Gilgeous-Alexander makes free throw 2 of 2,113,101,4,2:55,True,1,{'id': '25'},[{'athlete': {'id': '4278073'}}],2026-05-23T03:18:25Z,True,"{'x': -214748340, 'y': -214748365}",1,+1 Point,175.0
401873199763,763,"{'id': '145', 'text': 'Driving Floating Bank Jump Shot'}",Victor Wembanyama makes 2-foot two point shot (Devin Vassell assists),113,103,4,2:44,True,2,{'id': '24'},"[{'athlete': {'id': '5104157'}}, {'athlete': {'id': '4395630'}}]",2026-05-23T03:18:40Z,True,"{'x': 27, 'y': 2}",2,+2 Points,164.0
401873199765,765,"{'id': '92', 'text': 'Jump Shot'}",Cason Wallace makes 24-foot three point jumper (Shai Gilgeous-Alexander assists),116,103,4,2:28,True,3,{'id': '25'},"[{'athlete': {'id': '4683692'}}, {'athlete': {'id': '4278073'}}]",2026-05-23T03:18:55Z,True,"{'x': 2, 'y': 6}",3,+3 Points,148.0
401873199767,767,"{'id': '131', 'text': 'Pullup Jump Shot'}",Stephon Castle misses 26-foot three point pullup jump shot,116,103,4,2:07,False,0,{'id': '24'},[{'athlete': {'id': '4845367'}}],2026-05-23T03:19:17Z,True,"{'x': 7, 'y': 20}",3,Missed 3PT,127.0
401873199768,768,"{'id': '155', 'text': 'Defensive Rebound'}",Cason Wallace defensive rebound,116,103,4,2:02,False,0,{'id': '25'},[{'athlete': {'id': '4683692'}}],2026-05-23T03:19:22Z,False,"{'x': 7, 'y': 20}",0,Rebound,122.0
401873199769,769,"{'id': '22', 'text': 'Personal Take Foul'}",Julian Champagnie personal take foul,116,103,4,1:51,False,0,{'id': '24'},[{'athlete': {'id': '4592479'}}],2026-05-23T03:19:35Z,False,"{'x': 10, 'y': 30}",0,Foul,111.0
401873199771,771,"{'id': '98', 'text': 'Free Throw - 1 of 2'}",Jared McCain makes free throw 1 of 2,117,103,4,1:51,True,1,{'id': '25'},[{'athlete': {'id': '4683778'}}],2026-05-23T03:20:11Z,True,"{'x': -214748340, 'y': -214748365}",1,+1 Point,111.0
401873199772,772,"{'id': '584', 'text': 'Substitution'}",Jordan McLaughlin enters the game for Victor Wembanyama,117,103,4,1:51,False,0,{'id': '24'},"[{'athlete': {'id': '3134916'}}, {'athlete': {'id': '5104157'}}]",2026-05-23T03:20:11Z,False,"{'x': -214748340, 'y': -214748365}",0,Substitution,111.0
401873199773,773,"{'id': '584', 'text': 'Substitution'}",Kelly Olynyk enters the game for Stephon Castle,117,103,4,1:51,False,0,{'id': '24'},"[{'athlete': {'id': '2489663'}}, {'athlete': {'id': '4845367'}}]",2026-05-23T03:20:11Z,False,"{'x': -214748340, 'y': -214748365}",0,Substitution,111.0
401873199774,774,"{'id': '584', 'text': 'Substitution'}",Bismack Biyombo enters the game for Devin Vassell,117,103,4,1:51,False,0,{'id': '24'},"[{'athlete': {'id': '6427'}}, {'athlete': {'id': '4395630'}}]",2026-05-23T03:20:11Z,False,"{'x': -214748340, 'y': -214748365}",0,Substitution,111.0
401873199775,775,"{'id': '584', 'text': 'Substitution'}",Lindy Waters III enters the game for Julian Champagnie,117,103,4,1:51,False,0,{'id': '24'},"[{'athlete': {'id': '4066317'}}, {'athlete': {'id': '4592479'}}]",2026-05-23T03:20:11Z,False,"{'x': -214748340, 'y': -214748365}",0,Substitution,111.0
401873199776,776,"{'id': '584', 'text': 'Substitution'}",Mason Plumlee enters the game for De'Aaron Fox,117,103,4,1:51,False,0,{'id': '24'},"[{'athlete': {'id': '2488653'}}, {'athlete': {'id': '4066259'}}]",2026-05-23T03:20:11Z,False,"{'x': -214748340, 'y': -214748365}",0,Substitution,111.0
401873199782,782,"{'id': '99', 'text': 'Free Throw - 2 of 2'}",Jared McCain makes free throw 2 of 2,118,103,4,1:51,True,1,{'id': '25'},[{'athlete': {'id': '4683778'}}],2026-05-23T03:20:40Z,True,"{'x': -214748340, 'y': -214748365}",1,+1 Point,111.0
401873199783,783,"{'id': '63', 'text': 'Lost Ball Turnover'}",Kelly Olynyk lost ball turnover (Cason Wallace steals),118,103,4,1:38,False,0,{'id': '24'},"[{'athlete': {'id': '2489663'}}, {'athlete': {'id': '4683692'}}]",2026-05-23T03:20:54Z,False,"{'x': 11, 'y': 15}",0,Turnover,98.0
401873199785,785,"{'id': '129', 'text': 'Running Finger Roll Layup'}",Shai Gilgeous-Alexander misses two point shot,118,103,4,1:34,False,0,{'id': '25'},[{'athlete': {'id': '4278073'}}],2026-05-23T03:20:59Z,True,"{'x': 26, 'y': 1}",2,Missed FG,94.0
401873199786,786,"{'id': '155', 'text': 'Defensive Rebound'}",Jordan McLaughlin defensive rebound,118,103,4,1:31,False,0,{'id': '24'},[{'athlete': {'id': '3134916'}}],2026-05-23T03:21:01Z,False,"{'x': 26, 'y': 1}",0,Rebound,91.0
401873199787,787,"{'id': '42', 'text': 'Offensive Foul'}",Kelly Olynyk offensive foul,118,103,4,1:30,False,0,{'id': '24'},[{'athlete': {'id': '2489663'}}],2026-05-23T03:21:06Z,False,"{'x': 11, 'y': 15}",0,Foul,90.0
401873199789,789,"{'id': '84', 'text': 'Offensive Foul Turnover'}",Kelly Olynyk offensive foul turnover,118,103,4,1:30,False,0,{'id': '24'},[{'athlete': {'id': '2489663'}}],2026-05-23T03:21:06Z,False,"{'x': 11, 'y': 15}",0,Turnover,90.0
401873199790,790,"{'id': '584', 'text': 'Substitution'}",Jaylin Williams enters the game for Shai Gilgeous-Alexander,118,103,4,1:30,False,0,{'id': '25'},"[{'athlete': {'id': '4432823'}}, {'athlete': {'id': '4278073'}}]",2026-05-23T03:21:21Z,False,"{'x': -214748340, 'y': -214748365}",0,Substitution,90.0
401873199791,791,"{'id': '584', 'text': 'Substitution'}",Aaron Wiggins enters the game for Jared McCain,118,103,4,1:30,False,0,{'id': '25'},"[{'athlete': {'id': '4397183'}}, {'athlete': {'id': '4683778'}}]",2026-05-23T03:21:21Z,False,"{'x': -214748340, 'y': -214748365}",0,Substitution,90.0
401873199792,792,"{'id': '584', 'text': 'Substitution'}",Nikola Topic enters the game for Alex Caruso,118,103,4,1:30,False,0,{'id': '25'},"[{'athlete': {'id': '5159925'}}, {'athlete': {'id': '2991350'}}]",2026-05-23T03:21:21Z,False,"{'x': -214748340, 'y': -214748365}",0,Substitution,90.0
401873199793,793,"{'id': '584', 'text': 'Substitution'}",Isaiah Joe enters the game for Cason Wallace,118,103,4,1:30,False,0,{'id': '25'},"[{'athlete': {'id': '4395702'}}, {'athlete': {'id': '4683692'}}]",2026-05-23T03:21:21Z,False,"{'x': -214748340, 'y': -214748365}",0,Substitution,90.0
401873199794,794,"{'id': '584', 'text': 'Substitution'}",Kenrich Williams enters the game for Isaiah Hartenstein,118,103,4,1:30,False,0,{'id': '25'},"[{'athlete': {'id': '3133626'}}, {'athlete': {'id': '4222252'}}]",2026-05-23T03:21:21Z,False,"{'x': -214748340, 'y': -214748365}",0,Substitution,90.0
401873199800,800,"{'id': '128', 'text': 'Driving Finger Roll Layup'}",Mason Plumlee blocks Nikola Topic 's 2-foot two point shot,118,103,4,1:10,False,0,{'id': '25'},"[{'athlete': {'id': '5159925'}}, {'athlete': {'id': '2488653'}}]",2026-05-23T03:22:04Z,True,"{'x': 27, 'y': -1}",2,Missed FG,70.0
401873199802,802,"{'id': '156', 'text': 'Offensive Rebound'}",Kenrich Williams offensive rebound,118,103,4,1:10,False,0,{'id': '25'},[{'athlete': {'id': '3133626'}}],2026-05-23T03:22:04Z,False,"{'x': 27, 'y': -1}",0,Rebound,70.0
401873199803,803,"{'id': '94', 'text': 'Tip Shot'}",Kenrich Williams makes tip shot,120,103,4,1:10,True,2,{'id': '25'},[{'athlete': {'id': '3133626'}}],2026-05-23T03:22:12Z,True,"{'x': 25, 'y': 0}",2,+2 Points,70.0
401873199804,804,"{'id': '95', 'text': 'Layup Shot'}",Mason Plumlee makes layup (Jordan McLaughlin assists),120,105,4,47.4,True,2,{'id': '24'},"[{'athlete': {'id': '2488653'}}, {'athlete': {'id': '3134916'}}]",2026-05-23T03:22:31Z,True,"{'x': 24, 'y': 2}",2,+2 Points,47.4
401873199806,806,"{'id': '92', 'text': 'Jump Shot'}",Kenrich Williams makes 26-foot three point jumper (Isaiah Joe assists),123,105,4,25.8,True,3,{'id': '25'},"[{'athlete': {'id': '3133626'}}, {'athlete': {'id': '4395702'}}]",2026-05-23T03:22:55Z,True,"{'x': 8, 'y': 20}",3,+3 Points,25.8
401873199808,808,"{'id': '92', 'text': 'Jump Shot'}",Kelly Olynyk makes 23-foot three point jumper (Mason Plumlee assists),123,108,4,12.8,True,3,{'id': '24'},"[{'athlete': {'id': '2489663'}}, {'athlete': {'id': '2488653'}}]",2026-05-23T03:23:11Z,True,"{'x': 1, 'y': 1}",3,+3 Points,12.8
401873199810,810,"{'id': '412', 'text': 'End Period'}",End of the 4th Quarter,123,108,4,0.0,False,0,,,2026-05-23T03:23:35Z,False,"{'x': -214748340, 'y': -214748365}",0,End of 4th,0.0
401873199811,811,"{'id': '402', 'text': 'End Game'}",End of Game,123,108,4,0.0,False,0,,,2026-05-23T03:23:38Z,False,"{'x': -214748340, 'y': -214748365}",0,End of Game,0.0
