id,sequenceNumber,type,text,awayScore,homeScore,period,clock,scoringPlay,scoreValue,team,participants,wallclock,shootingPlay,coordinate,pointsAttempted,shortDescription,clockSec
4018731974,4,"{'id': '615', 'text': 'Jumpball'}",Victor Wembanyama vs. Chet Holmgren (Julian Champagnie gains possession),0,0,1,12:00,False,0,{'id': '24'},"[{'athlete': {'id': '5104157'}}, {'athlete': {'id': '4433255'}}, {'athlete': {'id': '4592479'}}]",2026-05-19T00:37:12Z,False,"{'x': -214748340, 'y': -214748365}",0,Jump Ball,720.0
4018731977,7,"{'id': '92', 'text': 'Jump Shot'}",Stephon Castle makes 26-foot three point jumper (Dylan Harper assists),3,0,1,11:42,True,3,{'id': '24'},"[{'athlete': {'id': '4845367'}}, {'athlete': {'id': '5037871'}}]",2026-05-19T00:37:28Z,True,"{'x': 39, 'y': 23}",3,+3 Points,702.0
4018731979,9,"{'id': '130', 'text': 'Floating Jump Shot'}",Isaiah Hartenstein misses 8-foot floating jump shot,3,0,1,11:17,False,0,{'id': '25'},[{'athlete': {'id': '4222252'}}],2026-05-19T00:37:52Z,True,"{'x': 25, 'y': 9}",2,Missed FG,677.0
40187319710,10,"{'id': '155', 'text': 'Defensive Rebound'}",Julian Champagnie defensive rebound,3,0,1,11:13,False,0,{'id': '24'},[{'athlete': {'id': '4592479'}}],2026-05-19T00:37:56Z,False,"{'x': 25, 'y': 9}",0,Rebound,673.0
40187319711,11,"{'id': '44', 'text': 'Shooting Foul'}",Luguentz Dort shooting foul,3,0,1,11:04,False,0,{'id': '25'},[{'athlete': {'id': '4397020'}}],2026-05-19T00:38:07Z,False,"{'x': 6, 'y': 2}",0,Foul,664.0
40187319713,13,"{'id': '98', 'text': 'Free Throw - 1 of 2'}",Victor Wembanyama makes free throw 1 of 2,4,0,1,11:04,True,1,{'id': '24'},[{'athlete': {'id': '5104157'}}],2026-05-19T00:38:39Z,True,"{'x': -214748340, 'y': -214748365}",1,+1 Point,664.0
40187319714,14,"{'id': '99', 'text': 'Free Throw - 2 of 2'}",Victor Wembanyama makes free throw 2 of 2,5,0,1,11:04,True,1,{'id': '24'},[{'athlete': {'id': '5104157'}}],2026-05-19T00:39:03Z,True,"{'x': -214748340, 'y': -214748365}",1,+1 Point,664.0
40187319715,15,"{'id': '63', 'text': 'Lost Ball Turnover'}",Shai Gilgeous-Alexander lost ball turnover (Dylan Harper steals),5,0,1,10:46,False,0,{'id': '25'},"[{'athlete': {'id': '4278073'}}, {'athlete': {'id': '5037871'}}]",2026-05-19T00:39:23Z,False,"{'x': 18, 'y': 7}",0,Turnover,646.0
40187319717,17,"{'id': '113', 'text': 'Running Jump Shot'}",Julian Champagnie misses 26-foot running jump shot,5,0,1,10:42,False,0,{'id': '24'},[{'athlete': {'id': '4592479'}}],2026-05-19T00:39:28Z,True,"{'x': 4, 'y': 16}",3,Missed 3PT,642.0
40187319718,18,"{'id': '156', 'text': 'Offensive Rebound'}",Victor Wembanyama offensive rebound,5,0,1,10:37,False,0,{'id': '24'},[{'athlete': {'id': '5104157'}}],2026-05-19T00:39:31Z,False,"{'x': 4, 'y': 16}",0,Rebound,637.0
40187319719,19,"{'id': '94', 'text': 'Tip Shot'}",Victor Wembanyama misses tip shot,5,0,1,10:37,False,0,{'id': '24'},[{'athlete': {'id': '5104157'}}],2026-05-19T00:39:31Z,True,"{'x': 25, 'y': 0}",2,Missed FG,637.0
40187319720,20,"{'id': '156', 'text': 'Offensive Rebound'}",Victor Wembanyama offensive rebound,5,0,1,10:36,False,0,{'id': '24'},[{'athlete': {'id': '5104157'}}],2026-05-19T00:39:33Z,False,"{'x': 25, 'y': 0}",0,Rebound,636.0
40187319721,21,"{'id': '94', 'text': 'Tip Shot'}",Victor Wembanyama misses tip shot,5,0,1,10:36,False,0,{'id': '24'},[{'athlete': {'id': '5104157'}}],2026-05-19T00:39:33Z,True,"{'x': 25, 'y': 0}",2,Missed FG,636.0
40187319722,22,"{'id': '156', 'text': 'Offensive Rebound'}",Victor Wembanyama offensive rebound,5,0,1,10:35,False,0,{'id': '24'},[{'athlete': {'id': '5104157'}}],2026-05-19T00:39:34Z,False,"{'x': 25, 'y': 0}",0,Rebound,635.0
40187319723,23,"{'id': '94', 'text': 'Tip Shot'}",Victor Wembanyama makes tip shot,7,0,1,10:35,True,2,{'id': '24'},[{'athlete': {'id': '5104157'}}],2026-05-19T00:39:34Z,True,"{'x': 25, 'y': 0}",2,+2 Points,635.0
40187319724,24,"{'id': '133', 'text': 'Pullup Bank Jump Shot'}",Shai Gilgeous-Alexander misses 7-foot two point shot,7,0,1,10:21,False,0,{'id': '25'},[{'athlete': {'id': '4278073'}}],2026-05-19T00:39:48Z,True,"{'x': 19, 'y': 3}",2,Missed FG,621.0
40187319725,25,"{'id': '155', 'text': 'Defensive Rebound'}",Dylan Harper defensive rebound,7,0,1,10:17,False,0,{'id': '24'},[{'athlete': {'id': '5037871'}}],2026-05-19T00:39:52Z,False,"{'x': 19, 'y': 3}",0,Rebound,617.0
40187319726,26,"{'id': '63', 'text': 'Lost Ball Turnover'}",Stephon Castle lost ball turnover (Shai Gilgeous-Alexander steals),7,0,1,10:03,False,0,{'id': '24'},"[{'athlete': {'id': '4845367'}}, {'athlete': {'id': '4278073'}}]",2026-05-19T00:40:06Z,False,"{'x': 26, 'y': 3}",0,Turnover,603.0
40187319728,28,"{'id': '92', 'text': 'Jump Shot'}",Luguentz Dort misses 22-foot three point jumper,7,0,1,9:54,False,0,{'id': '25'},[{'athlete': {'id': '4397020'}}],2026-05-19T00:40:14Z,True,"{'x': 48, 'y': 2}",3,Missed 3PT,594.0
40187319729,29,"{'id': '155', 'text': 'Defensive Rebound'}",Stephon Castle defensive rebound,7,0,1,9:50,False,0,{'id': '24'},[{'athlete': {'id': '4845367'}}],2026-05-19T00:40:18Z,False,"{'x': 48, 'y': 2}",0,Rebound,590.0
40187319730,30,"{'id': '45', 'text': 'Personal Foul'}",Chet Holmgren personal foul,7,0,1,9:46,False,0,{'id': '25'},[{'athlete': {'id': '4433255'}}],2026-05-19T00:40:26Z,False,"{'x': 39, 'y': 9}",0,Foul,586.0
40187319732,32,"{'id': '92', 'text': 'Jump Shot'}",Dylan Harper misses 23-foot three point jumper,7,0,1,9:33,False,0,{'id': '24'},[{'athlete': {'id': '5037871'}}],2026-05-19T00:40:59Z,True,"{'x': 48, 'y': 3}",3,Missed 3PT,573.0
40187319733,33,"{'id': '155', 'text': 'Defensive Rebound'}",Chet Holmgren defensive rebound,7,0,1,9:30,False,0,{'id': '25'},[{'athlete': {'id': '4433255'}}],2026-05-19T00:41:02Z,False,"{'x': 48, 'y': 3}",0,Rebound,570.0
40187319734,34,"{'id': '45', 'text': 'Personal Foul'}",Dylan Harper personal foul,7,0,1,9:24,False,0,{'id': '24'},[{'athlete': {'id': '5037871'}}],2026-05-19T00:41:09Z,False,"{'x': 33, 'y': 4}",0,Foul,564.0
40187319736,36,"{'id': '584', 'text': 'Substitution'}",Alex Caruso enters the game for Isaiah Hartenstein,7,0,1,9:24,False,0,{'id': '25'},"[{'athlete': {'id': '2991350'}}, {'athlete': {'id': '4222252'}}]",2026-05-19T00:41:18Z,False,"{'x': -214748340, 'y': -214748365}",0,Substitution,564.0
40187319738,38,"{'id': '132', 'text': 'Step Back Jump Shot'}",Shai Gilgeous-Alexander misses 25-foot three point step back jumpshot,7,0,1,9:08,False,0,{'id': '25'},[{'athlete': {'id': '4278073'}}],2026-05-19T00:41:53Z,True,"{'x': 36, 'y': 23}",3,Missed 3PT,548.0
40187319739,39,"{'id': '155', 'text': 'Defensive Rebound'}",Dylan Harper defensive rebound,7,0,1,9:06,False,0,{'id': '24'},[{'athlete': {'id': '5037871'}}],2026-05-19T00:41:55Z,False,"{'x': 36, 'y': 23}",0,Rebound,546.0
40187319740,40,"{'id': '90', 'text': 'Out of Bounds - Bad Pass Turnover'}",Victor Wembanyama out of bounds bad pass turnover,7,0,1,8:58,False,0,{'id': '24'},[{'athlete': {'id': '5104157'}}],2026-05-19T00:42:04Z,False,"{'x': 18, 'y': 2}",0,Turnover,538.0
40187319741,41,"{'id': '92', 'text': 'Jump Shot'}",Alex Caruso makes 24-foot three point jumper (Shai Gilgeous-Alexander assists),7,3,1,8:46,True,3,{'id': '25'},"[{'athlete': {'id': '2991350'}}, {'athlete': {'id': '4278073'}}]",2026-05-19T00:42:21Z,True,"{'x': 25, 'y': 25}",3,+3 Points,526.0
40187319743,43,"{'id': '132', 'text': 'Step Back Jump Shot'}",Julian Champagnie makes 26-foot three point step back jumpshot (Stephon Castle assists),10,3,1,8:27,True,3,{'id': '24'},"[{'athlete': {'id': '4592479'}}, {'athlete': {'id': '4845367'}}]",2026-05-19T00:42:41Z,True,"{'x': 8, 'y': 21}",3,+3 Points,507.0
40187319745,45,"{'id': '62', 'text': 'Bad Pass\nTurnover'}","Alex Caruso bad pass
turnover (Devin Vassell steals)",10,3,1,8:14,False,0,{'id': '25'},"[{'athlete': {'id': '2991350'}}, {'athlete': {'id': '4395630'}}]",2026-05-19T00:42:53Z,False,"{'x': 24, 'y': 24}",0,Turnover,494.0
40187319747,47,"{'id': '113', 'text': 'Running Jump Shot'}",Dylan Harper misses 27-foot running jump shot,10,3,1,8:09,False,0,{'id': '24'},[{'athlete': {'id': '5037871'}}],2026-05-19T00:42:59Z,True,"{'x': 9, 'y': 22}",3,Missed 3PT,489.0
40187319748,48,"{'id': '155', 'text': 'Defensive Rebound'}",Thunder defensive team rebound,10,3,1,8:07,False,0,{'id': '25'},,2026-05-19T00:43:01Z,False,"{'x': 9, 'y': 22}",0,Rebound,487.0
40187319750,50,"{'id': '92', 'text': 'Jump Shot'}",Alex Caruso misses 24-foot three point jumper,10,3,1,7:58,False,0,{'id': '25'},[{'athlete': {'id': '2991350'}}],2026-05-19T00:43:23Z,True,"{'x': 29, 'y': 25}",3,Missed 3PT,478.0
40187319751,51,"{'id': '155', 'text': 'Defensive Rebound'}",Julian Champagnie defensive rebound,10,3,1,7:54,False,0,{'id': '24'},[{'athlete': {'id': '4592479'}}],2026-05-19T00:43:27Z,False,"{'x': 29, 'y': 25}",0,Rebound,474.0
40187319752,52,"{'id': '92', 'text': 'Jump Shot'}",Julian Champagnie misses 26-foot three point jumper,10,3,1,7:47,False,0,{'id': '24'},[{'athlete': {'id': '4592479'}}],2026-05-19T00:43:34Z,True,"{'x': 8, 'y': 21}",3,Missed 3PT,467.0
40187319753,53,"{'id': '155', 'text': 'Defensive Rebound'}",Jalen Williams defensive rebound,10,3,1,7:44,False,0,{'id': '25'},[{'athlete': {'id': '4593803'}}],2026-05-19T00:43:37Z,False,"{'x': 8, 'y': 21}",0,Rebound,464.0
40187319754,54,"{'id': '109', 'text': 'Running Layup Shot'}",Devin Vassell blocks Jalen Williams 's 6-foot running layup,10,3,1,7:40,False,0,{'id': '25'},"[{'athlete': {'id': '4593803'}}, {'athlete': {'id': '4395630'}}]",2026-05-19T00:43:41Z,True,"{'x': 32, 'y': 1}",2,Missed FG,460.0
40187319756,56,"{'id': '155', 'text': 'Defensive Rebound'}",Dylan Harper defensive rebound,10,3,1,7:40,False,0,{'id': '24'},[{'athlete': {'id': '5037871'}}],2026-05-19T00:43:41Z,False,"{'x': 32, 'y': 1}",0,Rebound,460.0
40187319757,57,"{'id': '45', 'text': 'Personal Foul'}",Jalen Williams personal foul,10,3,1,7:34,False,0,{'id': '25'},[{'athlete': {'id': '4593803'}}],2026-05-19T00:43:49Z,False,"{'x': 47, 'y': 14}",0,Foul,454.0
40187319759,59,"{'id': '584', 'text': 'Substitution'}",Ajay Mitchell enters the game for Jalen Williams,10,3,1,7:34,False,0,{'id': '25'},"[{'athlete': {'id': '4900671'}}, {'athlete': {'id': '4593803'}}]",2026-05-19T00:43:59Z,False,"{'x': -214748340, 'y': -214748365}",0,Substitution,454.0
40187319761,61,"{'id': '44', 'text': 'Shooting Foul'}",Ajay Mitchell shooting foul,10,3,1,7:28,False,0,{'id': '25'},[{'athlete': {'id': '4900671'}}],2026-05-19T00:44:17Z,False,"{'x': 26, 'y': 1}",0,Foul,448.0
40187319763,63,"{'id': '98', 'text': 'Free Throw - 1 of 2'}",Stephon Castle makes free throw 1 of 2,11,3,1,7:28,True,1,{'id': '24'},[{'athlete': {'id': '4845367'}}],2026-05-19T00:44:43Z,True,"{'x': -214748340, 'y': -214748365}",1,+1 Point,448.0
40187319764,64,"{'id': '16', 'text': 'Full Timeout'}",Thunder Full timeout,11,3,1,7:28,False,0,{'id': '25'},,2026-05-19T00:44:50Z,False,"{'x': -214748340, 'y': -214748365}",0,Timeout,448.0
40187319765,65,"{'id': '584', 'text': 'Substitution'}",Keldon Johnson enters the game for Dylan Harper,11,3,1,7:28,False,0,{'id': '24'},"[{'athlete': {'id': '4395723'}}, {'athlete': {'id': '5037871'}}]",2026-05-19T00:47:50Z,False,"{'x': -214748340, 'y': -214748365}",0,Substitution,448.0
40187319767,67,"{'id': '99', 'text': 'Free Throw - 2 of 2'}",Stephon Castle makes free throw 2 of 2,12,3,1,7:28,True,1,{'id': '24'},[{'athlete': {'id': '4845367'}}],2026-05-19T00:48:40Z,True,"{'x': -214748340, 'y': -214748365}",1,+1 Point,448.0
40187319768,68,"{'id': '45', 'text': 'Personal Foul'}",Stephon Castle personal foul,12,3,1,7:20,False,0,{'id': '24'},[{'athlete': {'id': '4845367'}}],2026-05-19T00:48:51Z,False,"{'x': 31, 'y': 40}",0,Foul,440.0
40187319770,70,"{'id': '110', 'text': 'Driving Layup Shot'}",Alex Caruso makes driving layup (Ajay Mitchell assists),12,5,1,7:11,True,2,{'id': '25'},"[{'athlete': {'id': '2991350'}}, {'athlete': {'id': '4900671'}}]",2026-05-19T00:49:21Z,True,"{'x': 25, 'y': 2}",2,+2 Points,431.0
40187319772,72,"{'id': '62', 'text': 'Bad Pass\nTurnover'}","Devin Vassell bad pass
turnover (Alex Caruso steals)",12,5,1,6:54,False,0,{'id': '24'},"[{'athlete': {'id': '4395630'}}, {'athlete': {'id': '2991350'}}]",2026-05-19T00:49:37Z,False,"{'x': 9, 'y': 20}",0,Turnover,414.0
40187319774,74,"{'id': '129', 'text': 'Running Finger Roll Layup'}",Alex Caruso makes two point shot,12,7,1,6:48,True,2,{'id': '25'},[{'athlete': {'id': '2991350'}}],2026-05-19T00:49:42Z,True,"{'x': 26, 'y': 0}",2,+2 Points,408.0
40187319775,75,"{'id': '16', 'text': 'Full Timeout'}",Spurs Full timeout,12,7,1,6:48,False,0,{'id': '24'},,2026-05-19T00:49:45Z,False,"{'x': -214748340, 'y': -214748365}",0,Timeout,408.0
40187319776,76,"{'id': '111', 'text': 'Alley Oop Layup Shot'}",Victor Wembanyama misses alley oop layup,12,7,1,6:34,False,0,{'id': '24'},[{'athlete': {'id': '5104157'}}],2026-05-19T00:53:45Z,True,"{'x': 22, 'y': 2}",2,Missed FG,394.0
40187319777,77,"{'id': '155', 'text': 'Defensive Rebound'}",Shai Gilgeous-Alexander defensive rebound,12,7,1,6:32,False,0,{'id': '25'},[{'athlete': {'id': '4278073'}}],2026-05-19T00:53:47Z,False,"{'x': 22, 'y': 2}",0,Rebound,392.0
40187319778,78,"{'id': '146', 'text': 'Running Pullup Jump Shot'}",Shai Gilgeous-Alexander makes 15-foot running pullup jump shot,12,9,1,6:27,True,2,{'id': '25'},[{'athlete': {'id': '4278073'}}],2026-05-19T00:53:52Z,True,"{'x': 33, 'y': 13}",2,+2 Points,387.0
40187319779,79,"{'id': '92', 'text': 'Jump Shot'}",Keldon Johnson makes 25-foot three point jumper (Stephon Castle assists),15,9,1,6:06,True,3,{'id': '24'},"[{'athlete': {'id': '4395723'}}, {'athlete': {'id': '4845367'}}]",2026-05-19T00:54:12Z,True,"{'x': 35, 'y': 24}",3,+3 Points,366.0
40187319781,81,"{'id': '121', 'text': 'Fade Away Jump Shot'}",Shai Gilgeous-Alexander misses 13-foot fade away jump shot,15,9,1,5:52,False,0,{'id': '25'},[{'athlete': {'id': '4278073'}}],2026-05-19T00:54:27Z,True,"{'x': 38, 'y': 4}",2,Missed FG,352.0
40187319782,82,"{'id': '155', 'text': 'Defensive Rebound'}",Julian Champagnie defensive rebound,15,9,1,5:50,False,0,{'id': '24'},[{'athlete': {'id': '4592479'}}],2026-05-19T00:54:29Z,False,"{'x': 38, 'y': 4}",0,Rebound,350.0
40187319783,83,"{'id': '109', 'text': 'Running Layup Shot'}",Alex Caruso blocks Keldon Johnson 's 1-foot running layup,15,9,1,5:46,False,0,{'id': '24'},"[{'athlete': {'id': '4395723'}}, {'athlete': {'id': '2991350'}}]",2026-05-19T00:54:33Z,True,"{'x': 26, 'y': 2}",2,Missed FG,346.0
40187319785,85,"{'id': '155', 'text': 'Defensive Rebound'}",Alex Caruso defensive rebound,15,9,1,5:44,False,0,{'id': '25'},[{'athlete': {'id': '2991350'}}],2026-05-19T00:54:35Z,False,"{'x': 26, 'y': 2}",0,Rebound,344.0
40187319786,86,"{'id': '92', 'text': 'Jump Shot'}",Luguentz Dort misses 24-foot three point jumper,15,9,1,5:35,False,0,{'id': '25'},[{'athlete': {'id': '4397020'}}],2026-05-19T00:54:44Z,True,"{'x': 5, 'y': 15}",3,Missed 3PT,335.0
40187319787,87,"{'id': '155', 'text': 'Defensive Rebound'}",Devin Vassell defensive rebound,15,9,1,5:31,False,0,{'id': '24'},[{'athlete': {'id': '4395630'}}],2026-05-19T00:54:48Z,False,"{'x': 5, 'y': 15}",0,Rebound,331.0
40187319788,88,"{'id': '131', 'text': 'Pullup Jump Shot'}",Victor Wembanyama misses 9-foot pullup jump shot,15,9,1,5:15,False,0,{'id': '24'},[{'athlete': {'id': '5104157'}}],2026-05-19T00:55:03Z,True,"{'x': 34, 'y': -1}",2,Missed FG,315.0
40187319789,89,"{'id': '155', 'text': 'Defensive Rebound'}",Chet Holmgren defensive rebound,15,9,1,5:13,False,0,{'id': '25'},[{'athlete': {'id': '4433255'}}],2026-05-19T00:55:05Z,False,"{'x': 34, 'y': -1}",0,Rebound,313.0
40187319790,90,"{'id': '92', 'text': 'Jump Shot'}",Alex Caruso makes 23-foot three point jumper (Shai Gilgeous-Alexander assists),15,12,1,4:55,True,3,{'id': '25'},"[{'athlete': {'id': '2991350'}}, {'athlete': {'id': '4278073'}}]",2026-05-19T00:55:23Z,True,"{'x': 2, 'y': -3}",3,+3 Points,295.0
40187319792,92,"{'id': '92', 'text': 'Jump Shot'}",Keldon Johnson misses 22-foot three point jumper,15,12,1,4:42,False,0,{'id': '24'},[{'athlete': {'id': '4395723'}}],2026-05-19T00:55:37Z,True,"{'x': 47, 'y': -2}",3,Missed 3PT,282.0
40187319793,93,"{'id': '155', 'text': 'Defensive Rebound'}",Luguentz Dort defensive rebound,15,12,1,4:39,False,0,{'id': '25'},[{'athlete': {'id': '4397020'}}],2026-05-19T00:55:40Z,False,"{'x': 47, 'y': -2}",0,Rebound,279.0
40187319794,94,"{'id': '92', 'text': 'Jump Shot'}",Luguentz Dort misses 25-foot three point jumper,15,12,1,4:26,False,0,{'id': '25'},[{'athlete': {'id': '4397020'}}],2026-05-19T00:55:52Z,True,"{'x': 10, 'y': 20}",3,Missed 3PT,266.0
40187319795,95,"{'id': '155', 'text': 'Defensive Rebound'}",Stephon Castle defensive rebound,15,12,1,4:24,False,0,{'id': '24'},[{'athlete': {'id': '4845367'}}],2026-05-19T00:55:54Z,False,"{'x': 10, 'y': 20}",0,Rebound,264.0
40187319796,96,"{'id': '44', 'text': 'Shooting Foul'}",Alex Caruso shooting foul,15,12,1,4:18,False,0,{'id': '25'},[{'athlete': {'id': '2991350'}}],2026-05-19T00:56:04Z,False,"{'x': 26, 'y': 4}",0,Foul,258.0
40187319798,98,"{'id': '98', 'text': 'Free Throw - 1 of 2'}",Stephon Castle makes free throw 1 of 2,16,12,1,4:18,True,1,{'id': '24'},[{'athlete': {'id': '4845367'}}],2026-05-19T00:56:31Z,True,"{'x': -214748340, 'y': -214748365}",1,+1 Point,258.0
40187319799,99,"{'id': '584', 'text': 'Substitution'}",Isaiah Hartenstein enters the game for Shai Gilgeous-Alexander,16,12,1,4:18,False,0,{'id': '25'},"[{'athlete': {'id': '4222252'}}, {'athlete': {'id': '4278073'}}]",2026-05-19T00:56:31Z,False,"{'x': -214748340, 'y': -214748365}",0,Substitution,258.0
401873197100,100,"{'id': '584', 'text': 'Substitution'}",Jalen Williams enters the game for Luguentz Dort,16,12,1,4:18,False,0,{'id': '25'},"[{'athlete': {'id': '4593803'}}, {'athlete': {'id': '4397020'}}]",2026-05-19T00:56:31Z,False,"{'x': -214748340, 'y': -214748365}",0,Substitution,258.0
401873197101,101,"{'id': '584', 'text': 'Substitution'}",Jared McCain enters the game for Chet Holmgren,16,12,1,4:18,False,0,{'id': '25'},"[{'athlete': {'id': '4683778'}}, {'athlete': {'id': '4433255'}}]",2026-05-19T00:56:31Z,False,"{'x': -214748340, 'y': -214748365}",0,Substitution,258.0
401873197102,102,"{'id': '584', 'text': 'Substitution'}",Cason Wallace enters the game for Alex Caruso,16,12,1,4:18,False,0,{'id': '25'},"[{'athlete': {'id': '4683692'}}, {'athlete': {'id': '2991350'}}]",2026-05-19T00:56:31Z,False,"{'x': -214748340, 'y': -214748365}",0,Substitution,258.0
401873197103,103,"{'id': '584', 'text': 'Substitution'}",Dylan Harper enters the game for Victor Wembanyama,16,12,1,4:18,False,0,{'id': '24'},"[{'athlete': {'id': '5037871'}}, {'athlete': {'id': '5104157'}}]",2026-05-19T00:56:31Z,False,"{'x': -214748340, 'y': -214748365}",0,Substitution,258.0
401873197104,104,"{'id': '584', 'text': 'Substitution'}",Luke Kornet enters the game for Julian Champagnie,16,12,1,4:18,False,0,{'id': '24'},"[{'athlete': {'id': '3064560'}}, {'athlete': {'id': '4592479'}}]",2026-05-19T00:56:31Z,False,"{'x': -214748340, 'y': -214748365}",0,Substitution,258.0
401873197105,105,"{'id': '584', 'text': 'Substitution'}",Harrison Barnes enters the game for Keldon Johnson,16,12,1,4:18,False,0,{'id': '24'},"[{'athlete': {'id': '6578'}}, {'athlete': {'id': '4395723'}}]",2026-05-19T00:56:31Z,False,"{'x': -214748340, 'y': -214748365}",0,Substitution,258.0
401873197113,113,"{'id': '99', 'text': 'Free Throw - 2 of 2'}",Stephon Castle makes free throw 2 of 2,17,12,1,4:18,True,1,{'id': '24'},[{'athlete': {'id': '4845367'}}],2026-05-19T00:57:03Z,True,"{'x': -214748340, 'y': -214748365}",1,+1 Point,258.0
401873197114,114,"{'id': '128', 'text': 'Driving Finger Roll Layup'}",Jalen Williams makes 1-foot two point shot (Isaiah Hartenstein assists),17,14,1,4:03,True,2,{'id': '25'},"[{'athlete': {'id': '4593803'}}, {'athlete': {'id': '4222252'}}]",2026-05-19T00:57:20Z,True,"{'x': 26, 'y': -1}",2,+2 Points,243.0
401873197116,116,"{'id': '92', 'text': 'Jump Shot'}",Stephon Castle misses 28-foot three point jumper,17,14,1,3:49,False,0,{'id': '24'},[{'athlete': {'id': '4845367'}}],2026-05-19T00:57:33Z,True,"{'x': 15, 'y': 27}",3,Missed 3PT,229.0
401873197117,117,"{'id': '155', 'text': 'Defensive Rebound'}",Jalen Williams defensive rebound,17,14,1,3:45,False,0,{'id': '25'},[{'athlete': {'id': '4593803'}}],2026-05-19T00:57:37Z,False,"{'x': 15, 'y': 27}",0,Rebound,225.0
401873197118,118,"{'id': '131', 'text': 'Pullup Jump Shot'}",Jalen Williams misses 13-foot pullup jump shot,17,14,1,3:39,False,0,{'id': '25'},[{'athlete': {'id': '4593803'}}],2026-05-19T00:57:43Z,True,"{'x': 28, 'y': 13}",2,Missed FG,219.0
401873197119,119,"{'id': '156', 'text': 'Offensive Rebound'}",Jalen Williams offensive rebound,17,14,1,3:37,False,0,{'id': '25'},[{'athlete': {'id': '4593803'}}],2026-05-19T00:57:45Z,False,"{'x': 28, 'y': 13}",0,Rebound,217.0
401873197120,120,"{'id': '144', 'text': 'Driving Floating Jump Shot'}",Jalen Williams makes 5-foot driving floating jump shot,17,16,1,3:35,True,2,{'id': '25'},[{'athlete': {'id': '4593803'}}],2026-05-19T00:57:47Z,True,"{'x': 21, 'y': 4}",2,+2 Points,215.0
401873197121,121,"{'id': '62', 'text': 'Bad Pass\nTurnover'}","Luke Kornet bad pass
turnover (Ajay Mitchell steals)",17,16,1,3:15,False,0,{'id': '24'},"[{'athlete': {'id': '3064560'}}, {'athlete': {'id': '4900671'}}]",2026-05-19T00:58:07Z,False,"{'x': 26, 'y': 20}",0,Turnover,195.0
401873197123,123,"{'id': '116', 'text': 'Running Dunk Shot'}",Jalen Williams makes running dunk (Ajay Mitchell assists),17,18,1,3:11,True,2,{'id': '25'},"[{'athlete': {'id': '4593803'}}, {'athlete': {'id': '4900671'}}]",2026-05-19T00:58:11Z,True,"{'x': 26, 'y': 0}",2,+2 Points,191.0
401873197125,125,"{'id': '132', 'text': 'Step Back Jump Shot'}",Dylan Harper misses 25-foot three point step back jumpshot,17,18,1,2:50,False,0,{'id': '24'},[{'athlete': {'id': '5037871'}}],2026-05-19T00:58:32Z,True,"{'x': 38, 'y': 22}",3,Missed 3PT,170.0
401873197126,126,"{'id': '155', 'text': 'Defensive Rebound'}",Isaiah Hartenstein defensive rebound,17,18,1,2:48,False,0,{'id': '25'},[{'athlete': {'id': '4222252'}}],2026-05-19T00:58:34Z,False,"{'x': 38, 'y': 22}",0,Rebound,168.0
401873197127,127,"{'id': '129', 'text': 'Running Finger Roll Layup'}",Jared McCain makes two point shot,17,20,1,2:43,True,2,{'id': '25'},[{'athlete': {'id': '4683778'}}],2026-05-19T00:58:39Z,True,"{'x': 26, 'y': 0}",2,+2 Points,163.0
401873197128,128,"{'id': '139', 'text': 'Hook Driving Bank'}",Stephon Castle makes 1-foot two point shot,19,20,1,2:21,True,2,{'id': '24'},[{'athlete': {'id': '4845367'}}],2026-05-19T00:59:02Z,True,"{'x': 26, 'y': 2}",2,+2 Points,141.0
401873197129,129,"{'id': '44', 'text': 'Shooting Foul'}",Ajay Mitchell shooting foul,19,20,1,2:21,False,0,{'id': '25'},[{'athlete': {'id': '4900671'}}],2026-05-19T00:59:06Z,False,"{'x': 26, 'y': 2}",0,Foul,141.0
401873197131,131,"{'id': '97', 'text': 'Free Throw - 1 of 1'}",Stephon Castle misses free throw 1 of 1,19,20,1,2:21,False,0,{'id': '24'},[{'athlete': {'id': '4845367'}}],2026-05-19T00:59:38Z,True,"{'x': -214748340, 'y': -214748365}",1,Missed FT,141.0
401873197132,132,"{'id': '155', 'text': 'Defensive Rebound'}",Jalen Williams defensive rebound,19,20,1,2:19,False,0,{'id': '25'},[{'athlete': {'id': '4593803'}}],2026-05-19T00:59:40Z,False,"{'x': -214748340, 'y': -214748365}",0,Rebound,139.0
401873197133,133,"{'id': '110', 'text': 'Driving Layup Shot'}",Jalen Williams makes driving layup,19,22,1,2:13,True,2,{'id': '25'},[{'athlete': {'id': '4593803'}}],2026-05-19T00:59:47Z,True,"{'x': 27, 'y': 0}",2,+2 Points,133.0
401873197134,134,"{'id': '144', 'text': 'Driving Floating Jump Shot'}",Stephon Castle makes 4-foot driving floating jump shot,21,22,1,1:58,True,2,{'id': '24'},[{'athlete': {'id': '4845367'}}],2026-05-19T01:00:01Z,True,"{'x': 22, 'y': 4}",2,+2 Points,118.0
401873197135,135,"{'id': '131', 'text': 'Pullup Jump Shot'}",Jared McCain misses 26-foot three point pullup jump shot,21,22,1,1:48,False,0,{'id': '25'},[{'athlete': {'id': '4683778'}}],2026-05-19T01:00:10Z,True,"{'x': 15, 'y': 24}",3,Missed 3PT,108.0
401873197136,136,"{'id': '155', 'text': 'Defensive Rebound'}",Devin Vassell defensive rebound,21,22,1,1:46,False,0,{'id': '24'},[{'athlete': {'id': '4395630'}}],2026-05-19T01:00:12Z,False,"{'x': 15, 'y': 24}",0,Rebound,106.0
401873197137,137,"{'id': '44', 'text': 'Shooting Foul'}",Jalen Williams shooting foul,21,22,1,1:34,False,0,{'id': '25'},[{'athlete': {'id': '4593803'}}],2026-05-19T01:00:25Z,False,"{'x': 23, 'y': 8}",0,Foul,94.0
401873197139,139,"{'id': '98', 'text': 'Free Throw - 1 of 2'}",Dylan Harper makes free throw 1 of 2,22,22,1,1:34,True,1,{'id': '24'},[{'athlete': {'id': '5037871'}}],2026-05-19T01:01:01Z,True,"{'x': -214748340, 'y': -214748365}",1,+1 Point,94.0
401873197140,140,"{'id': '584', 'text': 'Substitution'}",Jaylin Williams enters the game for Ajay Mitchell,22,22,1,1:34,False,0,{'id': '25'},"[{'athlete': {'id': '4432823'}}, {'athlete': {'id': '4900671'}}]",2026-05-19T01:01:01Z,False,"{'x': -214748340, 'y': -214748365}",0,Substitution,94.0
401873197141,141,"{'id': '584', 'text': 'Substitution'}",Shai Gilgeous-Alexander enters the game for Isaiah Hartenstein,22,22,1,1:34,False,0,{'id': '25'},"[{'athlete': {'id': '4278073'}}, {'athlete': {'id': '4222252'}}]",2026-05-19T01:01:01Z,False,"{'x': -214748340, 'y': -214748365}",0,Substitution,94.0
401873197142,142,"{'id': '584', 'text': 'Substitution'}",Victor Wembanyama enters the game for Stephon Castle,22,22,1,1:34,False,0,{'id': '24'},"[{'athlete': {'id': '5104157'}}, {'athlete': {'id': '4845367'}}]",2026-05-19T01:01:01Z,False,"{'x': -214748340, 'y': -214748365}",0,Substitution,94.0
401873197143,143,"{'id': '584', 'text': 'Substitution'}",Keldon Johnson enters the game for Luke Kornet,22,22,1,1:34,False,0,{'id': '24'},"[{'athlete': {'id': '4395723'}}, {'athlete': {'id': '3064560'}}]",2026-05-19T01:01:01Z,False,"{'x': -214748340, 'y': -214748365}",0,Substitution,94.0
401873197148,148,"{'id': '99', 'text': 'Free Throw - 2 of 2'}",Dylan Harper makes free throw 2 of 2,23,22,1,1:34,True,1,{'id': '24'},[{'athlete': {'id': '5037871'}}],2026-05-19T01:01:29Z,True,"{'x': -214748340, 'y': -214748365}",1,+1 Point,94.0
401873197149,149,"{'id': '92', 'text': 'Jump Shot'}",Cason Wallace makes 25-foot three point jumper (Shai Gilgeous-Alexander assists),23,25,1,1:17,True,3,{'id': '25'},"[{'athlete': {'id': '4683692'}}, {'athlete': {'id': '4278073'}}]",2026-05-19T01:01:50Z,True,"{'x': 41, 'y': 20}",3,+3 Points,77.0
401873197151,151,"{'id': '114', 'text': 'Turnaround Jump Shot'}",Dylan Harper misses 1-foot turnaround jump shot,23,25,1,55.5,False,0,{'id': '24'},[{'athlete': {'id': '5037871'}}],2026-05-19T01:02:13Z,True,"{'x': 25, 'y': 2}",2,Missed FG,55.5
401873197152,152,"{'id': '156', 'text': 'Offensive Rebound'}",Victor Wembanyama offensive rebound,23,25,1,54.5,False,0,{'id': '24'},[{'athlete': {'id': '5104157'}}],2026-05-19T01:02:14Z,False,"{'x': 25, 'y': 2}",0,Rebound,54.5
401873197153,153,"{'id': '94', 'text': 'Tip Shot'}",Victor Wembanyama makes tip shot,25,25,1,54.5,True,2,{'id': '24'},[{'athlete': {'id': '5104157'}}],2026-05-19T01:02:15Z,True,"{'x': 25, 'y': 0}",2,+2 Points,54.5
401873197154,154,"{'id': '92', 'text': 'Jump Shot'}",Jalen Williams misses 22-foot three point jumper,25,25,1,39.1,False,0,{'id': '25'},[{'athlete': {'id': '4593803'}}],2026-05-19T01:02:31Z,True,"{'x': 48, 'y': 3}",3,Missed 3PT,39.1
401873197155,155,"{'id': '155', 'text': 'Defensive Rebound'}",Victor Wembanyama defensive rebound,25,25,1,35.8,False,0,{'id': '24'},[{'athlete': {'id': '5104157'}}],2026-05-19T01:02:35Z,False,"{'x': 48, 'y': 3}",0,Rebound,35.8
401873197156,156,"{'id': '110', 'text': 'Driving Layup Shot'}",Dylan Harper makes driving layup,27,25,1,15.9,True,2,{'id': '24'},[{'athlete': {'id': '5037871'}}],2026-05-19T01:02:55Z,True,"{'x': 23, 'y': 2}",2,+2 Points,15.9
401873197157,157,"{'id': '44', 'text': 'Shooting Foul'}",Keldon Johnson shooting foul,27,25,1,2.7,False,0,{'id': '24'},[{'athlete': {'id': '4395723'}}],2026-05-19T01:03:14Z,False,"{'x': 22, 'y': 12}",0,Foul,2.7
401873197159,159,"{'id': '98', 'text': 'Free Throw - 1 of 2'}",Jalen Williams makes free throw 1 of 2,27,26,1,2.7,True,1,{'id': '25'},[{'athlete': {'id': '4593803'}}],2026-05-19T01:03:44Z,True,"{'x': -214748340, 'y': -214748365}",1,+1 Point,2.7
401873197160,160,"{'id': '584', 'text': 'Substitution'}",Alex Caruso enters the game for Jared McCain,27,26,1,2.7,False,0,{'id': '25'},"[{'athlete': {'id': '2991350'}}, {'athlete': {'id': '4683778'}}]",2026-05-19T01:03:44Z,False,"{'x': -214748340, 'y': -214748365}",0,Substitution,2.7
401873197161,161,"{'id': '584', 'text': 'Substitution'}",Isaiah Hartenstein enters the game for Jaylin Williams,27,26,1,2.7,False,0,{'id': '25'},"[{'athlete': {'id': '4222252'}}, {'athlete': {'id': '4432823'}}]",2026-05-19T01:03:44Z,False,"{'x': -214748340, 'y': -214748365}",0,Substitution,2.7
401873197162,162,"{'id': '584', 'text': 'Substitution'}",Julian Champagnie enters the game for Harrison Barnes,27,26,1,2.7,False,0,{'id': '24'},"[{'athlete': {'id': '4592479'}}, {'athlete': {'id': '6578'}}]",2026-05-19T01:03:44Z,False,"{'x': -214748340, 'y': -214748365}",0,Substitution,2.7
401873197163,163,"{'id': '584', 'text': 'Substitution'}",Stephon Castle enters the game for Keldon Johnson,27,26,1,2.7,False,0,{'id': '24'},"[{'athlete': {'id': '4845367'}}, {'athlete': {'id': '4395723'}}]",2026-05-19T01:03:44Z,False,"{'x': -214748340, 'y': -214748365}",0,Substitution,2.7
401873197168,168,"{'id': '99', 'text': 'Free Throw - 2 of 2'}",Jalen Williams makes free throw 2 of 2,27,27,1,2.7,True,1,{'id': '25'},[{'athlete': {'id': '4593803'}}],2026-05-19T01:04:14Z,True,"{'x': -214748340, 'y': -214748365}",1,+1 Point,2.7
401873197169,169,"{'id': '63', 'text': 'Lost Ball Turnover'}",Stephon Castle lost ball turnover (Cason Wallace steals),27,27,1,0.0,False,0,{'id': '24'},"[{'athlete': {'id': '4845367'}}, {'athlete': {'id': '4683692'}}]",2026-05-19T01:04:26Z,False,"{'x': 10, 'y': 31}",0,Turnover,0.0
401873197171,171,"{'id': '412', 'text': 'End Period'}",End of the 1st Quarter,27,27,1,0.0,False,0,,,2026-05-19T01:04:38Z,False,"{'x': -214748340, 'y': -214748365}",0,End of 1st,0.0
401873197172,172,"{'id': '584', 'text': 'Substitution'}",Jaylin Williams enters the game for Jalen Williams,27,27,2,12:00,False,0,{'id': '25'},"[{'athlete': {'id': '4432823'}}, {'athlete': {'id': '4593803'}}]",2026-05-19T01:04:41Z,False,"{'x': -214748340, 'y': -214748365}",0,Substitution,720.0
401873197173,173,"{'id': '584', 'text': 'Substitution'}",Aaron Wiggins enters the game for Isaiah Hartenstein,27,27,2,12:00,False,0,{'id': '25'},"[{'athlete': {'id': '4397183'}}, {'athlete': {'id': '4222252'}}]",2026-05-19T01:04:41Z,False,"{'x': -214748340, 'y': -214748365}",0,Substitution,720.0
401873197174,174,"{'id': '584', 'text': 'Substitution'}",Keldon Johnson enters the game for Devin Vassell,27,27,2,12:00,False,0,{'id': '24'},"[{'athlete': {'id': '4395723'}}, {'athlete': {'id': '4395630'}}]",2026-05-19T01:04:41Z,False,"{'x': -214748340, 'y': -214748365}",0,Substitution,720.0
401873197175,175,"{'id': '584', 'text': 'Substitution'}",Carter Bryant enters the game for Stephon Castle,27,27,2,12:00,False,0,{'id': '24'},"[{'athlete': {'id': '5061568'}}, {'athlete': {'id': '4845367'}}]",2026-05-19T01:04:41Z,False,"{'x': -214748340, 'y': -214748365}",0,Substitution,720.0
401873197181,181,"{'id': '92', 'text': 'Jump Shot'}",Cason Wallace misses 25-foot three point jumper,27,27,2,11:41,False,0,{'id': '25'},[{'athlete': {'id': '4683692'}}],2026-05-19T01:08:41Z,True,"{'x': 44, 'y': 17}",3,Missed 3PT,701.0
401873197182,182,"{'id': '155', 'text': 'Defensive Rebound'}",Victor Wembanyama defensive rebound,27,27,2,11:37,False,0,{'id': '24'},[{'athlete': {'id': '5104157'}}],2026-05-19T01:08:45Z,False,"{'x': 44, 'y': 17}",0,Rebound,697.0
401873197183,183,"{'id': '92', 'text': 'Jump Shot'}",Keldon Johnson misses 22-foot three point jumper,27,27,2,11:20,False,0,{'id': '24'},[{'athlete': {'id': '4395723'}}],2026-05-19T01:09:01Z,True,"{'x': 48, 'y': -2}",3,Missed 3PT,680.0
401873197184,184,"{'id': '155', 'text': 'Defensive Rebound'}",Cason Wallace defensive rebound,27,27,2,11:17,False,0,{'id': '25'},[{'athlete': {'id': '4683692'}}],2026-05-19T01:09:04Z,False,"{'x': 48, 'y': -2}",0,Rebound,677.0
401873197185,185,"{'id': '92', 'text': 'Jump Shot'}",Alex Caruso misses 23-foot three point jumper,27,27,2,11:03,False,0,{'id': '25'},[{'athlete': {'id': '2991350'}}],2026-05-19T01:09:18Z,True,"{'x': 48, 'y': -3}",3,Missed 3PT,663.0
401873197186,186,"{'id': '155', 'text': 'Defensive Rebound'}",Victor Wembanyama defensive rebound,27,27,2,11:00,False,0,{'id': '24'},[{'athlete': {'id': '5104157'}}],2026-05-19T01:09:21Z,False,"{'x': 48, 'y': -3}",0,Rebound,660.0
401873197187,187,"{'id': '131', 'text': 'Pullup Jump Shot'}",Carter Bryant misses 27-foot three point pullup jump shot,27,27,2,10:39,False,0,{'id': '24'},[{'athlete': {'id': '5061568'}}],2026-05-19T01:09:42Z,True,"{'x': 35, 'y': 26}",3,Missed 3PT,639.0
401873197188,188,"{'id': '155', 'text': 'Defensive Rebound'}",Cason Wallace defensive rebound,27,27,2,10:36,False,0,{'id': '25'},[{'athlete': {'id': '4683692'}}],2026-05-19T01:09:45Z,False,"{'x': 35, 'y': 26}",0,Rebound,636.0
401873197189,189,"{'id': '113', 'text': 'Running Jump Shot'}",Aaron Wiggins misses 23-foot running jump shot,27,27,2,10:33,False,0,{'id': '25'},[{'athlete': {'id': '4397183'}}],2026-05-19T01:09:48Z,True,"{'x': 1, 'y': -1}",3,Missed 3PT,633.0
401873197190,190,"{'id': '155', 'text': 'Defensive Rebound'}",Victor Wembanyama defensive rebound,27,27,2,10:31,False,0,{'id': '24'},[{'athlete': {'id': '5104157'}}],2026-05-19T01:09:50Z,False,"{'x': 1, 'y': -1}",0,Rebound,631.0
401873197191,191,"{'id': '92', 'text': 'Jump Shot'}",Keldon Johnson makes 26-foot three point jumper (Dylan Harper assists),30,27,2,10:17,True,3,{'id': '24'},"[{'athlete': {'id': '4395723'}}, {'athlete': {'id': '5037871'}}]",2026-05-19T01:10:04Z,True,"{'x': 27, 'y': 27}",3,+3 Points,617.0
401873197193,193,"{'id': '44', 'text': 'Shooting Foul'}",Julian Champagnie shooting foul,30,27,2,10:01,False,0,{'id': '24'},[{'athlete': {'id': '4592479'}}],2026-05-19T01:10:21Z,False,"{'x': 16, 'y': 14}",0,Foul,601.0
401873197195,195,"{'id': '98', 'text': 'Free Throw - 1 of 2'}",Shai Gilgeous-Alexander makes free throw 1 of 2,30,28,2,10:01,True,1,{'id': '25'},[{'athlete': {'id': '4278073'}}],2026-05-19T01:10:46Z,True,"{'x': -214748340, 'y': -214748365}",1,+1 Point,601.0
401873197196,196,"{'id': '99', 'text': 'Free Throw - 2 of 2'}",Shai Gilgeous-Alexander makes free throw 2 of 2,30,29,2,10:01,True,1,{'id': '25'},[{'athlete': {'id': '4278073'}}],2026-05-19T01:11:01Z,True,"{'x': -214748340, 'y': -214748365}",1,+1 Point,601.0
401873197197,197,"{'id': '92', 'text': 'Jump Shot'}",Julian Champagnie misses 26-foot three point jumper,30,29,2,9:47,False,0,{'id': '24'},[{'athlete': {'id': '4592479'}}],2026-05-19T01:11:18Z,True,"{'x': 39, 'y': 24}",3,Missed 3PT,587.0
401873197198,198,"{'id': '156', 'text': 'Offensive Rebound'}",Julian Champagnie offensive rebound,30,29,2,9:42,False,0,{'id': '24'},[{'athlete': {'id': '4592479'}}],2026-05-19T01:11:23Z,False,"{'x': 39, 'y': 24}",0,Rebound,582.0
401873197199,199,"{'id': '92', 'text': 'Jump Shot'}",Carter Bryant makes 25-foot three point jumper (Dylan Harper assists),33,29,2,9:34,True,3,{'id': '24'},"[{'athlete': {'id': '5061568'}}, {'athlete': {'id': '5037871'}}]",2026-05-19T01:11:32Z,True,"{'x': 3, 'y': 14}",3,+3 Points,574.0
401873197201,201,"{'id': '92', 'text': 'Jump Shot'}",Aaron Wiggins misses 22-foot three point jumper,33,29,2,9:20,False,0,{'id': '25'},[{'athlete': {'id': '4397183'}}],2026-05-19T01:11:45Z,True,"{'x': 3, 'y': -3}",3,Missed 3PT,560.0
401873197202,202,"{'id': '155', 'text': 'Defensive Rebound'}",Dylan Harper defensive rebound,33,29,2,9:17,False,0,{'id': '24'},[{'athlete': {'id': '5037871'}}],2026-05-19T01:11:48Z,False,"{'x': 3, 'y': -3}",0,Rebound,557.0
401873197203,203,"{'id': '92', 'text': 'Jump Shot'}",Dylan Harper makes 26-foot three point jumper (Victor Wembanyama assists),36,29,2,9:11,True,3,{'id': '24'},"[{'athlete': {'id': '5037871'}}, {'athlete': {'id': '5104157'}}]",2026-05-19T01:11:55Z,True,"{'x': 44, 'y': 18}",3,+3 Points,551.0
401873197205,205,"{'id': '16', 'text': 'Full Timeout'}",Thunder Full timeout,36,29,2,9:09,False,0,{'id': '25'},,2026-05-19T01:12:00Z,False,"{'x': -214748340, 'y': -214748365}",0,Timeout,549.0
401873197206,206,"{'id': '131', 'text': 'Pullup Jump Shot'}",Aaron Wiggins misses 22-foot three point pullup jump shot,36,29,2,8:49,False,0,{'id': '25'},[{'athlete': {'id': '4397183'}}],2026-05-19T01:16:13Z,True,"{'x': 2, 'y': 0}",3,Missed 3PT,529.0
401873197207,207,"{'id': '155', 'text': 'Defensive Rebound'}",Victor Wembanyama defensive rebound,36,29,2,8:45,False,0,{'id': '24'},[{'athlete': {'id': '5104157'}}],2026-05-19T01:16:17Z,False,"{'x': 2, 'y': 0}",0,Rebound,525.0
401873197208,208,"{'id': '121', 'text': 'Fade Away Jump Shot'}",Dylan Harper misses 8-foot fade away jump shot,36,29,2,8:23,False,0,{'id': '24'},[{'athlete': {'id': '5037871'}}],2026-05-19T01:16:39Z,True,"{'x': 31, 'y': 6}",2,Missed FG,503.0
401873197209,209,"{'id': '155', 'text': 'Defensive Rebound'}",Jaylin Williams defensive rebound,36,29,2,8:20,False,0,{'id': '25'},[{'athlete': {'id': '4432823'}}],2026-05-19T01:16:42Z,False,"{'x': 31, 'y': 6}",0,Rebound,500.0
401873197210,210,"{'id': '92', 'text': 'Jump Shot'}",Cason Wallace misses 24-foot three point jumper,36,29,2,8:10,False,0,{'id': '25'},[{'athlete': {'id': '4683692'}}],2026-05-19T01:16:51Z,True,"{'x': 15, 'y': 23}",3,Missed 3PT,490.0
401873197211,211,"{'id': '155', 'text': 'Defensive Rebound'}",Julian Champagnie defensive rebound,36,29,2,8:08,False,0,{'id': '24'},[{'athlete': {'id': '4592479'}}],2026-05-19T01:16:53Z,False,"{'x': 15, 'y': 23}",0,Rebound,488.0
401873197212,212,"{'id': '45', 'text': 'Personal Foul'}",Alex Caruso personal foul,36,29,2,8:03,False,0,{'id': '25'},[{'athlete': {'id': '2991350'}}],2026-05-19T01:17:04Z,False,"{'x': 25, 'y': 29}",0,Foul,483.0
401873197214,214,"{'id': '584', 'text': 'Substitution'}",Jared McCain enters the game for Jaylin Williams,36,29,2,8:03,False,0,{'id': '25'},"[{'athlete': {'id': '4683778'}}, {'athlete': {'id': '4432823'}}]",2026-05-19T01:17:09Z,False,"{'x': -214748340, 'y': -214748365}",0,Substitution,483.0
401873197215,215,"{'id': '584', 'text': 'Substitution'}",Chet Holmgren enters the game for Aaron Wiggins,36,29,2,8:03,False,0,{'id': '25'},"[{'athlete': {'id': '4433255'}}, {'athlete': {'id': '4397183'}}]",2026-05-19T01:17:09Z,False,"{'x': -214748340, 'y': -214748365}",0,Substitution,483.0
401873197216,216,"{'id': '584', 'text': 'Substitution'}",Stephon Castle enters the game for Dylan Harper,36,29,2,8:03,False,0,{'id': '24'},"[{'athlete': {'id': '4845367'}}, {'athlete': {'id': '5037871'}}]",2026-05-19T01:17:09Z,False,"{'x': -214748340, 'y': -214748365}",0,Substitution,483.0
401873197217,217,"{'id': '584', 'text': 'Substitution'}",Devin Vassell enters the game for Julian Champagnie,36,29,2,8:03,False,0,{'id': '24'},"[{'athlete': {'id': '4395630'}}, {'athlete': {'id': '4592479'}}]",2026-05-19T01:17:09Z,False,"{'x': -214748340, 'y': -214748365}",0,Substitution,483.0
401873197223,223,"{'id': '110', 'text': 'Driving Layup Shot'}",Keldon Johnson misses driving layup,36,29,2,7:49,False,0,{'id': '24'},[{'athlete': {'id': '4395723'}}],2026-05-19T01:18:05Z,True,"{'x': 26, 'y': 2}",2,Missed FG,469.0
401873197224,224,"{'id': '156', 'text': 'Offensive Rebound'}",Victor Wembanyama offensive rebound,36,29,2,7:48,False,0,{'id': '24'},[{'athlete': {'id': '5104157'}}],2026-05-19T01:18:06Z,False,"{'x': 26, 'y': 2}",0,Rebound,468.0
401873197225,225,"{'id': '94', 'text': 'Tip Shot'}",Victor Wembanyama makes tip shot,38,29,2,7:48,True,2,{'id': '24'},[{'athlete': {'id': '5104157'}}],2026-05-19T01:18:10Z,True,"{'x': 25, 'y': 0}",2,+2 Points,468.0
401873197226,226,"{'id': '92', 'text': 'Jump Shot'}",Alex Caruso makes 24-foot three point jumper (Shai Gilgeous-Alexander assists),38,32,2,7:37,True,3,{'id': '25'},"[{'athlete': {'id': '2991350'}}, {'athlete': {'id': '4278073'}}]",2026-05-19T01:18:22Z,True,"{'x': 23, 'y': 25}",3,+3 Points,457.0
401873197228,228,"{'id': '151', 'text': 'Cutting Dunk Shot'}",Victor Wembanyama makes 1-foot dunk (Stephon Castle assists),40,32,2,7:20,True,2,{'id': '24'},"[{'athlete': {'id': '5104157'}}, {'athlete': {'id': '4845367'}}]",2026-05-19T01:18:39Z,True,"{'x': 25, 'y': 2}",2,+2 Points,440.0
401873197230,230,"{'id': '45', 'text': 'Personal Foul'}",Carter Bryant personal foul,40,32,2,7:17,False,0,{'id': '24'},[{'athlete': {'id': '5061568'}}],2026-05-19T01:18:44Z,False,"{'x': 25, 'y': 2}",0,Foul,437.0
401873197233,233,"{'id': '110', 'text': 'Driving Layup Shot'}",Alex Caruso misses driving layup,40,32,2,7:08,False,0,{'id': '25'},[{'athlete': {'id': '2991350'}}],2026-05-19T01:19:07Z,True,"{'x': 28, 'y': 1}",2,Missed FG,428.0
401873197234,234,"{'id': '155', 'text': 'Defensive Rebound'}",Carter Bryant defensive rebound,40,32,2,7:05,False,0,{'id': '24'},[{'athlete': {'id': '5061568'}}],2026-05-19T01:19:10Z,False,"{'x': 28, 'y': 1}",0,Rebound,425.0
401873197296,296,"{'id': '87', 'text': 'Out of Bounds - Lost Ball Turnover'}",Stephon Castle out of bounds lost ball turnover,40,32,2,6:53,False,0,{'id': '24'},[{'athlete': {'id': '4845367'}}],2026-05-19T01:19:16Z,False,"{'x': 27, 'y': 3}",0,Turnover,413.0
401873197239,239,"{'id': '92', 'text': 'Jump Shot'}",Alex Caruso makes 24-foot three point jumper (Shai Gilgeous-Alexander assists),40,35,2,6:42,True,3,{'id': '25'},"[{'athlete': {'id': '2991350'}}, {'athlete': {'id': '4278073'}}]",2026-05-19T01:19:44Z,True,"{'x': 41, 'y': 19}",3,+3 Points,402.0
401873197241,241,"{'id': '92', 'text': 'Jump Shot'}",Devin Vassell misses 26-foot three point jumper,40,35,2,6:22,False,0,{'id': '24'},[{'athlete': {'id': '4395630'}}],2026-05-19T01:20:04Z,True,"{'x': 35, 'y': 26}",3,Missed 3PT,382.0
401873197242,242,"{'id': '155', 'text': 'Defensive Rebound'}",Jared McCain defensive rebound,40,35,2,6:19,False,0,{'id': '25'},[{'athlete': {'id': '4683778'}}],2026-05-19T01:20:07Z,False,"{'x': 35, 'y': 26}",0,Rebound,379.0
401873197243,243,"{'id': '63', 'text': 'Lost Ball Turnover'}",Shai Gilgeous-Alexander lost ball turnover (Stephon Castle steals),40,35,2,6:08,False,0,{'id': '25'},"[{'athlete': {'id': '4278073'}}, {'athlete': {'id': '4845367'}}]",2026-05-19T01:20:18Z,False,"{'x': 27, 'y': 12}",0,Turnover,368.0
401873197245,245,"{'id': '128', 'text': 'Driving Finger Roll Layup'}",Keldon Johnson makes 3-foot two point shot (Devin Vassell assists),42,35,2,6:00,True,2,{'id': '24'},"[{'athlete': {'id': '4395723'}}, {'athlete': {'id': '4395630'}}]",2026-05-19T01:20:26Z,True,"{'x': 25, 'y': 4}",2,+2 Points,360.0
401873197247,247,"{'id': '92', 'text': 'Jump Shot'}",Alex Caruso misses 23-foot three point jumper,42,35,2,5:40,False,0,{'id': '25'},[{'athlete': {'id': '2991350'}}],2026-05-19T01:20:45Z,True,"{'x': 48, 'y': 3}",3,Missed 3PT,340.0
401873197248,248,"{'id': '156', 'text': 'Offensive Rebound'}",Thunder offensive team rebound,42,35,2,5:37,False,0,{'id': '25'},,2026-05-19T01:20:48Z,False,"{'x': 48, 'y': 3}",0,Rebound,337.0
401873197250,250,"{'id': '584', 'text': 'Substitution'}",Isaiah Hartenstein enters the game for Shai Gilgeous-Alexander,42,35,2,5:37,False,0,{'id': '25'},"[{'athlete': {'id': '4222252'}}, {'athlete': {'id': '4278073'}}]",2026-05-19T01:20:57Z,False,"{'x': -214748340, 'y': -214748365}",0,Substitution,337.0
401873197251,251,"{'id': '584', 'text': 'Substitution'}",Ajay Mitchell enters the game for Alex Caruso,42,35,2,5:37,False,0,{'id': '25'},"[{'athlete': {'id': '4900671'}}, {'athlete': {'id': '2991350'}}]",2026-05-19T01:20:57Z,False,"{'x': -214748340, 'y': -214748365}",0,Substitution,337.0
401873197252,252,"{'id': '584', 'text': 'Substitution'}",Jalen Williams enters the game for Cason Wallace,42,35,2,5:37,False,0,{'id': '25'},"[{'athlete': {'id': '4593803'}}, {'athlete': {'id': '4683692'}}]",2026-05-19T01:20:57Z,False,"{'x': -214748340, 'y': -214748365}",0,Substitution,337.0
401873197253,253,"{'id': '584', 'text': 'Substitution'}",Luke Kornet enters the game for Victor Wembanyama,42,35,2,5:37,False,0,{'id': '24'},"[{'athlete': {'id': '3064560'}}, {'athlete': {'id': '5104157'}}]",2026-05-19T01:20:57Z,False,"{'x': -214748340, 'y': -214748365}",0,Substitution,337.0
401873197254,254,"{'id': '584', 'text': 'Substitution'}",Julian Champagnie enters the game for Keldon Johnson,42,35,2,5:37,False,0,{'id': '24'},"[{'athlete': {'id': '4592479'}}, {'athlete': {'id': '4395723'}}]",2026-05-19T01:20:57Z,False,"{'x': -214748340, 'y': -214748365}",0,Substitution,337.0
401873197255,255,"{'id': '584', 'text': 'Substitution'}",Dylan Harper enters the game for Carter Bryant,42,35,2,5:37,False,0,{'id': '24'},"[{'athlete': {'id': '5037871'}}, {'athlete': {'id': '5061568'}}]",2026-05-19T01:20:57Z,False,"{'x': -214748340, 'y': -214748365}",0,Substitution,337.0
401873197262,262,"{'id': '62', 'text': 'Bad Pass\nTurnover'}","Jared McCain bad pass
turnover (Dylan Harper steals)",42,35,2,5:23,False,0,{'id': '25'},"[{'athlete': {'id': '4683778'}}, {'athlete': {'id': '5037871'}}]",2026-05-19T01:21:39Z,False,"{'x': 35, 'y': 3}",0,Turnover,323.0
401873197264,264,"{'id': '141', 'text': 'Cutting Layup Shot'}",Isaiah Hartenstein blocks Luke Kornet 's 1-foot layup,42,35,2,5:07,False,0,{'id': '24'},"[{'athlete': {'id': '3064560'}}, {'athlete': {'id': '4222252'}}]",2026-05-19T01:21:55Z,True,"{'x': 24, 'y': 1}",2,Missed FG,307.0
401873197266,266,"{'id': '156', 'text': 'Offensive Rebound'}",Spurs offensive team rebound,42,35,2,5:07,False,0,{'id': '24'},,2026-05-19T01:21:55Z,False,"{'x': 24, 'y': 1}",0,Rebound,307.0
401873197268,268,"{'id': '584', 'text': 'Substitution'}",Harrison Barnes enters the game for Stephon Castle,42,35,2,5:07,False,0,{'id': '24'},"[{'athlete': {'id': '6578'}}, {'athlete': {'id': '4845367'}}]",2026-05-19T01:22:01Z,False,"{'x': -214748340, 'y': -214748365}",0,Substitution,307.0
401873197270,270,"{'id': '95', 'text': 'Layup Shot'}",Harrison Barnes misses layup,42,35,2,5:02,False,0,{'id': '24'},[{'athlete': {'id': '6578'}}],2026-05-19T01:22:28Z,True,"{'x': 27, 'y': 2}",2,Missed FG,302.0
401873197271,271,"{'id': '155', 'text': 'Defensive Rebound'}",Chet Holmgren defensive rebound,42,35,2,5:00,False,0,{'id': '25'},[{'athlete': {'id': '4433255'}}],2026-05-19T01:22:30Z,False,"{'x': 27, 'y': 2}",0,Rebound,300.0
401873197272,272,"{'id': '92', 'text': 'Jump Shot'}",Jared McCain misses 24-foot three point jumper,42,35,2,4:54,False,0,{'id': '25'},[{'athlete': {'id': '4683778'}}],2026-05-19T01:22:36Z,True,"{'x': 5, 'y': 14}",3,Missed 3PT,294.0
401873197273,273,"{'id': '155', 'text': 'Defensive Rebound'}",Luke Kornet defensive rebound,42,35,2,4:50,False,0,{'id': '24'},[{'athlete': {'id': '3064560'}}],2026-05-19T01:22:40Z,False,"{'x': 5, 'y': 14}",0,Rebound,290.0
401873197274,274,"{'id': '110', 'text': 'Driving Layup Shot'}",Isaiah Hartenstein blocks Dylan Harper 's 3-foot driving layup,42,35,2,4:31,False,0,{'id': '24'},"[{'athlete': {'id': '5037871'}}, {'athlete': {'id': '4222252'}}]",2026-05-19T01:22:58Z,True,"{'x': 29, 'y': 2}",2,Missed FG,271.0
401873197276,276,"{'id': '155', 'text': 'Defensive Rebound'}",Jared McCain defensive rebound,42,35,2,4:28,False,0,{'id': '25'},[{'athlete': {'id': '4683778'}}],2026-05-19T01:23:01Z,False,"{'x': 29, 'y': 2}",0,Rebound,268.0
401873197277,277,"{'id': '44', 'text': 'Shooting Foul'}",Luke Kornet shooting foul,42,35,2,4:26,False,0,{'id': '24'},[{'athlete': {'id': '3064560'}}],2026-05-19T01:23:06Z,False,"{'x': 24, 'y': 2}",0,Foul,266.0
401873197279,279,"{'id': '280', 'text': 'Ref-Initiated Review (Stands)'}",(04:26) [Spurs] REF-INITIATED REVIEW (CALL STANDS),42,35,2,4:26,False,0,,,2026-05-19T01:23:39Z,False,"{'x': -214748340, 'y': -214748365}",0,Challenge,266.0
401873197280,280,"{'id': '584', 'text': 'Substitution'}",Stephon Castle enters the game for Dylan Harper,42,35,2,4:26,False,0,{'id': '24'},"[{'athlete': {'id': '4845367'}}, {'athlete': {'id': '5037871'}}]",2026-05-19T01:25:46Z,False,"{'x': -214748340, 'y': -214748365}",0,Substitution,266.0
401873197282,282,"{'id': '98', 'text': 'Free Throw - 1 of 2'}",Chet Holmgren makes free throw 1 of 2,42,36,2,4:26,True,1,{'id': '25'},[{'athlete': {'id': '4433255'}}],2026-05-19T01:26:10Z,True,"{'x': -214748340, 'y': -214748365}",1,+1 Point,266.0
401873197283,283,"{'id': '99', 'text': 'Free Throw - 2 of 2'}",Chet Holmgren makes free throw 2 of 2,42,37,2,4:26,True,1,{'id': '25'},[{'athlete': {'id': '4433255'}}],2026-05-19T01:26:10Z,True,"{'x': -214748340, 'y': -214748365}",1,+1 Point,266.0
401873197284,284,"{'id': '114', 'text': 'Turnaround Jump Shot'}",Devin Vassell makes 15-foot turnaround jump shot (Luke Kornet assists),44,37,2,4:16,True,2,{'id': '24'},"[{'athlete': {'id': '4395630'}}, {'athlete': {'id': '3064560'}}]",2026-05-19T01:26:45Z,True,"{'x': 26, 'y': 15}",2,+2 Points,256.0
401873197286,286,"{'id': '145', 'text': 'Driving Floating Bank Jump Shot'}",Jalen Williams misses two point shot,44,37,2,4:01,False,0,{'id': '25'},[{'athlete': {'id': '4593803'}}],2026-05-19T01:27:01Z,True,"{'x': 31, 'y': 4}",2,Missed FG,241.0
401873197287,287,"{'id': '155', 'text': 'Defensive Rebound'}",Julian Champagnie defensive rebound,44,37,2,3:58,False,0,{'id': '24'},[{'athlete': {'id': '4592479'}}],2026-05-19T01:27:04Z,False,"{'x': 31, 'y': 4}",0,Rebound,238.0
401873197288,288,"{'id': '144', 'text': 'Driving Floating Jump Shot'}",Stephon Castle misses driving floating jump shot,44,37,2,3:51,False,0,{'id': '24'},[{'athlete': {'id': '4845367'}}],2026-05-19T01:27:10Z,True,"{'x': 30, 'y': 4}",2,Missed FG,231.0
401873197289,289,"{'id': '155', 'text': 'Defensive Rebound'}",Isaiah Hartenstein defensive rebound,44,37,2,3:50,False,0,{'id': '25'},[{'athlete': {'id': '4222252'}}],2026-05-19T01:27:11Z,False,"{'x': 30, 'y': 4}",0,Rebound,230.0
401873197290,290,"{'id': '109', 'text': 'Running Layup Shot'}",Jalen Williams makes running layup (Jared McCain assists),44,39,2,3:47,True,2,{'id': '25'},"[{'athlete': {'id': '4593803'}}, {'athlete': {'id': '4683778'}}]",2026-05-19T01:27:15Z,True,"{'x': 27, 'y': 0}",2,+2 Points,227.0
401873197292,292,"{'id': '62', 'text': 'Bad Pass\nTurnover'}","Stephon Castle bad pass
turnover (Isaiah Hartenstein steals)",44,39,2,3:36,False,0,{'id': '24'},"[{'athlete': {'id': '4845367'}}, {'athlete': {'id': '4222252'}}]",2026-05-19T01:27:25Z,False,"{'x': 30, 'y': 2}",0,Turnover,216.0
401873197294,294,"{'id': '109', 'text': 'Running Layup Shot'}",Jared McCain makes running layup,44,41,2,3:30,True,2,{'id': '25'},[{'athlete': {'id': '4683778'}}],2026-05-19T01:27:32Z,True,"{'x': 26, 'y': 0}",2,+2 Points,210.0
401873197295,295,"{'id': '16', 'text': 'Full Timeout'}",Spurs Full timeout,44,41,2,3:30,False,0,{'id': '24'},,2026-05-19T01:27:40Z,False,"{'x': -214748340, 'y': -214748365}",0,Timeout,210.0
401873197297,297,"{'id': '584', 'text': 'Substitution'}",Shai Gilgeous-Alexander enters the game for Jared McCain,44,41,2,3:30,False,0,{'id': '25'},"[{'athlete': {'id': '4278073'}}, {'athlete': {'id': '4683778'}}]",2026-05-19T01:31:03Z,False,"{'x': -214748340, 'y': -214748365}",0,Substitution,210.0
401873197298,298,"{'id': '584', 'text': 'Substitution'}",Cason Wallace enters the game for Isaiah Hartenstein,44,41,2,3:30,False,0,{'id': '25'},"[{'athlete': {'id': '4683692'}}, {'athlete': {'id': '4222252'}}]",2026-05-19T01:31:03Z,False,"{'x': -214748340, 'y': -214748365}",0,Substitution,210.0
401873197299,299,"{'id': '584', 'text': 'Substitution'}",Dylan Harper enters the game for Luke Kornet,44,41,2,3:30,False,0,{'id': '24'},"[{'athlete': {'id': '5037871'}}, {'athlete': {'id': '3064560'}}]",2026-05-19T01:31:03Z,False,"{'x': -214748340, 'y': -214748365}",0,Substitution,210.0
401873197300,300,"{'id': '584', 'text': 'Substitution'}",Victor Wembanyama enters the game for Harrison Barnes,44,41,2,3:30,False,0,{'id': '24'},"[{'athlete': {'id': '5104157'}}, {'athlete': {'id': '6578'}}]",2026-05-19T01:31:03Z,False,"{'x': -214748340, 'y': -214748365}",0,Substitution,210.0
401873197305,305,"{'id': '132', 'text': 'Step Back Jump Shot'}",Stephon Castle misses 23-foot three point step back jumpshot,44,41,2,3:09,False,0,{'id': '24'},[{'athlete': {'id': '4845367'}}],2026-05-19T01:31:46Z,True,"{'x': 2, 'y': 2}",3,Missed 3PT,189.0
401873197306,306,"{'id': '155', 'text': 'Defensive Rebound'}",Ajay Mitchell defensive rebound,44,41,2,3:05,False,0,{'id': '25'},[{'athlete': {'id': '4900671'}}],2026-05-19T01:31:50Z,False,"{'x': 2, 'y': 2}",0,Rebound,185.0
401873197307,307,"{'id': '132', 'text': 'Step Back Jump Shot'}",Shai Gilgeous-Alexander misses 18-foot step back jumpshot,44,41,2,2:56,False,0,{'id': '25'},[{'athlete': {'id': '4278073'}}],2026-05-19T01:32:00Z,True,"{'x': 23, 'y': 18}",2,Missed FG,176.0
401873197308,308,"{'id': '155', 'text': 'Defensive Rebound'}",Dylan Harper defensive rebound,44,41,2,2:52,False,0,{'id': '24'},[{'athlete': {'id': '5037871'}}],2026-05-19T01:32:04Z,False,"{'x': 23, 'y': 18}",0,Rebound,172.0
401873197309,309,"{'id': '114', 'text': 'Turnaround Jump Shot'}",Victor Wembanyama makes 4-foot turnaround jump shot,46,41,2,2:33,True,2,{'id': '24'},[{'athlete': {'id': '5104157'}}],2026-05-19T01:32:22Z,True,"{'x': 23, 'y': 5}",2,+2 Points,153.0
401873197310,310,"{'id': '62', 'text': 'Bad Pass\nTurnover'}","Jalen Williams bad pass
turnover (Julian Champagnie steals)",46,41,2,2:12,False,0,{'id': '25'},"[{'athlete': {'id': '4593803'}}, {'athlete': {'id': '4592479'}}]",2026-05-19T01:32:43Z,False,"{'x': 18, 'y': 5}",0,Turnover,132.0
401873197312,312,"{'id': '63', 'text': 'Lost Ball Turnover'}",Stephon Castle lost ball turnover (Shai Gilgeous-Alexander steals),46,41,2,2:03,False,0,{'id': '24'},"[{'athlete': {'id': '4845367'}}, {'athlete': {'id': '4278073'}}]",2026-05-19T01:32:51Z,False,"{'x': 26, 'y': 9}",0,Turnover,123.0
401873197314,314,"{'id': '131', 'text': 'Pullup Jump Shot'}",Ajay Mitchell misses 9-foot pullup jump shot,46,41,2,1:54,False,0,{'id': '25'},[{'athlete': {'id': '4900671'}}],2026-05-19T01:33:01Z,True,"{'x': 32, 'y': 7}",2,Missed FG,114.0
401873197315,315,"{'id': '155', 'text': 'Defensive Rebound'}",Julian Champagnie defensive rebound,46,41,2,1:52,False,0,{'id': '24'},[{'athlete': {'id': '4592479'}}],2026-05-19T01:33:03Z,False,"{'x': 32, 'y': 7}",0,Rebound,112.0
401873197316,316,"{'id': '115', 'text': 'Driving Dunk Shot'}",Victor Wembanyama makes 3-foot driving dunk (Stephon Castle assists),48,41,2,1:33,True,2,{'id': '24'},"[{'athlete': {'id': '5104157'}}, {'athlete': {'id': '4845367'}}]",2026-05-19T01:33:22Z,True,"{'x': 25, 'y': 4}",2,+2 Points,93.0
401873197318,318,"{'id': '110', 'text': 'Driving Layup Shot'}",Jalen Williams misses driving layup,48,41,2,1:08,False,0,{'id': '25'},[{'athlete': {'id': '4593803'}}],2026-05-19T01:33:47Z,True,"{'x': 27, 'y': 0}",2,Missed FG,68.0
401873197319,319,"{'id': '156', 'text': 'Offensive Rebound'}",Cason Wallace offensive rebound,48,41,2,1:05,False,0,{'id': '25'},[{'athlete': {'id': '4683692'}}],2026-05-19T01:33:50Z,False,"{'x': 27, 'y': 0}",0,Rebound,65.0
401873197320,320,"{'id': '92', 'text': 'Jump Shot'}",Cason Wallace misses 24-foot three point jumper,48,41,2,1:02,False,0,{'id': '25'},[{'athlete': {'id': '4683692'}}],2026-05-19T01:33:53Z,True,"{'x': 3, 'y': 9}",3,Missed 3PT,62.0
401873197321,321,"{'id': '155', 'text': 'Defensive Rebound'}",Devin Vassell defensive rebound,48,41,2,59.4,False,0,{'id': '24'},[{'athlete': {'id': '4395630'}}],2026-05-19T01:33:55Z,False,"{'x': 3, 'y': 9}",0,Rebound,59.4
401873197322,322,"{'id': '92', 'text': 'Jump Shot'}",Devin Vassell makes 28-foot three point jumper (Dylan Harper assists),51,41,2,53.5,True,3,{'id': '24'},"[{'athlete': {'id': '4395630'}}, {'athlete': {'id': '5037871'}}]",2026-05-19T01:34:02Z,True,"{'x': 24, 'y': 28}",3,+3 Points,53.5
401873197324,324,"{'id': '92', 'text': 'Jump Shot'}",Chet Holmgren makes 22-foot three point jumper (Jalen Williams assists),51,44,2,42.4,True,3,{'id': '25'},"[{'athlete': {'id': '4433255'}}, {'athlete': {'id': '4593803'}}]",2026-05-19T01:34:16Z,True,"{'x': 2, 'y': -2}",3,+3 Points,42.4
401873197326,326,"{'id': '137', 'text': 'Turnaround Fade Away Jump Shot'}",Victor Wembanyama misses 15-foot two point shot,51,44,2,18.9,False,0,{'id': '24'},[{'athlete': {'id': '5104157'}}],2026-05-19T01:34:44Z,True,"{'x': 25, 'y': 16}",2,Missed FG,18.9
401873197327,327,"{'id': '155', 'text': 'Defensive Rebound'}",Thunder defensive team rebound,51,44,2,16.1,False,0,{'id': '25'},,2026-05-19T01:34:46Z,False,"{'x': 25, 'y': 16}",0,Rebound,16.1
401873197328,328,"{'id': '43', 'text': 'Loose Ball Foul'}",Dylan Harper loose ball foul,51,44,2,16.1,False,0,{'id': '24'},[{'athlete': {'id': '5037871'}}],2026-05-19T01:34:48Z,False,"{'x': 25, 'y': 5}",0,Foul,16.1
401873197330,330,"{'id': '584', 'text': 'Substitution'}",Isaiah Joe enters the game for Ajay Mitchell,51,44,2,16.1,False,0,{'id': '25'},"[{'athlete': {'id': '4395702'}}, {'athlete': {'id': '4900671'}}]",2026-05-19T01:34:55Z,False,"{'x': -214748340, 'y': -214748365}",0,Substitution,16.1
401873197331,331,"{'id': '584', 'text': 'Substitution'}",Jared McCain enters the game for Cason Wallace,51,44,2,16.1,False,0,{'id': '25'},"[{'athlete': {'id': '4683778'}}, {'athlete': {'id': '4683692'}}]",2026-05-19T01:34:55Z,False,"{'x': -214748340, 'y': -214748365}",0,Substitution,16.1
401873197334,334,"{'id': '132', 'text': 'Step Back Jump Shot'}",Jalen Williams misses 13-foot step back jumpshot,51,44,2,1.8,False,0,{'id': '25'},[{'athlete': {'id': '4593803'}}],2026-05-19T01:35:27Z,True,"{'x': 30, 'y': 13}",2,Missed FG,1.8
401873197335,335,"{'id': '156', 'text': 'Offensive Rebound'}",Chet Holmgren offensive rebound,51,44,2,1.8,False,0,{'id': '25'},[{'athlete': {'id': '4433255'}}],2026-05-19T01:35:27Z,False,"{'x': 30, 'y': 13}",0,Rebound,1.8
401873197338,338,"{'id': '94', 'text': 'Tip Shot'}",Chet Holmgren misses 2-foot tip shot,51,44,2,1.0,False,0,{'id': '25'},[{'athlete': {'id': '4433255'}}],2026-05-19T01:35:35Z,True,"{'x': 25, 'y': 2}",2,Missed FG,1.0
401873197339,339,"{'id': '156', 'text': 'Offensive Rebound'}",Thunder offensive team rebound,51,44,2,1.0,False,0,{'id': '25'},,2026-05-19T01:35:35Z,False,"{'x': 25, 'y': 2}",0,Rebound,1.0
401873197336,336,"{'id': '278', 'text': 'Ref-Initiated Review (Supported)'}",(00:00) [Spurs] REF-INITIATED REVIEW (REPLAY SUPPORTS CALL),51,44,2,0.0,False,0,,,2026-05-19T01:35:43Z,False,"{'x': -214748340, 'y': -214748365}",0,Challenge,0.0
401873197337,337,"{'id': '412', 'text': 'End Period'}",End of the 2nd Quarter,51,44,2,0.0,False,0,,,2026-05-19T01:36:08Z,False,"{'x': -214748340, 'y': -214748365}",0,Halftime,0.0
401873197340,340,"{'id': '584', 'text': 'Substitution'}",Luguentz Dort enters the game for Isaiah Joe,51,44,3,12:00,False,0,{'id': '25'},"[{'athlete': {'id': '4397020'}}, {'athlete': {'id': '4395702'}}]",2026-05-19T01:51:34Z,False,"{'x': -214748340, 'y': -214748365}",0,Substitution,720.0
401873197341,341,"{'id': '584', 'text': 'Substitution'}",Cason Wallace enters the game for Jared McCain,51,44,3,12:00,False,0,{'id': '25'},"[{'athlete': {'id': '4683692'}}, {'athlete': {'id': '4683778'}}]",2026-05-19T01:51:34Z,False,"{'x': -214748340, 'y': -214748365}",0,Substitution,720.0
401873197345,345,"{'id': '63', 'text': 'Lost Ball Turnover'}",Jalen Williams lost ball turnover (Dylan Harper steals),51,44,3,11:41,False,0,{'id': '25'},"[{'athlete': {'id': '4593803'}}, {'athlete': {'id': '5037871'}}]",2026-05-19T01:52:32Z,False,"{'x': 35, 'y': 40}",0,Turnover,701.0
401873197347,347,"{'id': '109', 'text': 'Running Layup Shot'}",Dylan Harper makes running layup,53,44,3,11:38,True,2,{'id': '24'},[{'athlete': {'id': '5037871'}}],2026-05-19T01:52:36Z,True,"{'x': 25, 'y': -1}",2,+2 Points,698.0
401873197348,348,"{'id': '121', 'text': 'Fade Away Jump Shot'}",Shai Gilgeous-Alexander misses 13-foot fade away jump shot,53,44,3,11:29,False,0,{'id': '25'},[{'athlete': {'id': '4278073'}}],2026-05-19T01:52:44Z,True,"{'x': 12, 'y': -2}",2,Missed FG,689.0
401873197349,349,"{'id': '155', 'text': 'Defensive Rebound'}",Devin Vassell defensive rebound,53,44,3,11:27,False,0,{'id': '24'},[{'athlete': {'id': '4395630'}}],2026-05-19T01:52:46Z,False,"{'x': 12, 'y': -2}",0,Rebound,687.0
401873197350,350,"{'id': '92', 'text': 'Jump Shot'}",Devin Vassell misses 22-foot three point jumper,53,44,3,11:13,False,0,{'id': '24'},[{'athlete': {'id': '4395630'}}],2026-05-19T01:53:01Z,True,"{'x': 2, 'y': -2}",3,Missed 3PT,673.0
401873197351,351,"{'id': '156', 'text': 'Offensive Rebound'}",Julian Champagnie offensive rebound,53,44,3,11:09,False,0,{'id': '24'},[{'athlete': {'id': '4592479'}}],2026-05-19T01:53:05Z,False,"{'x': 2, 'y': -2}",0,Rebound,669.0
401873197352,352,"{'id': '92', 'text': 'Jump Shot'}",Stephon Castle misses 28-foot three point jumper,53,44,3,11:03,False,0,{'id': '24'},[{'athlete': {'id': '4845367'}}],2026-05-19T01:53:11Z,True,"{'x': 43, 'y': 22}",3,Missed 3PT,663.0
401873197353,353,"{'id': '155', 'text': 'Defensive Rebound'}",Cason Wallace defensive rebound,53,44,3,11:00,False,0,{'id': '25'},[{'athlete': {'id': '4683692'}}],2026-05-19T01:53:14Z,False,"{'x': 43, 'y': 22}",0,Rebound,660.0
401873197354,354,"{'id': '131', 'text': 'Pullup Jump Shot'}",Jalen Williams makes 11-foot pullup jump shot,53,46,3,10:50,True,2,{'id': '25'},[{'athlete': {'id': '4593803'}}],2026-05-19T01:53:24Z,True,"{'x': 16, 'y': 8}",2,+2 Points,650.0
401873197355,355,"{'id': '44', 'text': 'Shooting Foul'}",Stephon Castle shooting foul,53,46,3,10:50,False,0,{'id': '24'},[{'athlete': {'id': '4845367'}}],2026-05-19T01:53:27Z,False,"{'x': 16, 'y': 4}",0,Foul,650.0
401873197357,357,"{'id': '97', 'text': 'Free Throw - 1 of 1'}",Jalen Williams makes free throw 1 of 1,53,47,3,10:50,True,1,{'id': '25'},[{'athlete': {'id': '4593803'}}],2026-05-19T01:53:58Z,True,"{'x': -214748340, 'y': -214748365}",1,+1 Point,650.0
401873197358,358,"{'id': '92', 'text': 'Jump Shot'}",Devin Vassell misses 23-foot three point jumper,53,47,3,10:32,False,0,{'id': '24'},[{'athlete': {'id': '4395630'}}],2026-05-19T01:54:20Z,True,"{'x': 48, 'y': 3}",3,Missed 3PT,632.0
401873197359,359,"{'id': '155', 'text': 'Defensive Rebound'}",Chet Holmgren defensive rebound,53,47,3,10:28,False,0,{'id': '25'},[{'athlete': {'id': '4433255'}}],2026-05-19T01:54:24Z,False,"{'x': 48, 'y': 3}",0,Rebound,628.0
401873197360,360,"{'id': '92', 'text': 'Jump Shot'}",Chet Holmgren makes 26-foot three point jumper (Luguentz Dort assists),53,50,3,10:18,True,3,{'id': '25'},"[{'athlete': {'id': '4433255'}}, {'athlete': {'id': '4397020'}}]",2026-05-19T01:54:34Z,True,"{'x': 35, 'y': 24}",3,+3 Points,618.0
401873197362,362,"{'id': '110', 'text': 'Driving Layup Shot'}",Stephon Castle makes driving layup,55,50,3,10:02,True,2,{'id': '24'},[{'athlete': {'id': '4845367'}}],2026-05-19T01:54:51Z,True,"{'x': 27, 'y': 0}",2,+2 Points,602.0
401873197363,363,"{'id': '110', 'text': 'Driving Layup Shot'}",Cason Wallace makes driving layup,55,52,3,9:48,True,2,{'id': '25'},[{'athlete': {'id': '4683692'}}],2026-05-19T01:55:04Z,True,"{'x': 23, 'y': 2}",2,+2 Points,588.0
401873197364,364,"{'id': '92', 'text': 'Jump Shot'}",Julian Champagnie misses 22-foot three point jumper,55,52,3,9:31,False,0,{'id': '24'},[{'athlete': {'id': '4592479'}}],2026-05-19T01:55:20Z,True,"{'x': 48, 'y': 1}",3,Missed 3PT,571.0
401873197365,365,"{'id': '155', 'text': 'Defensive Rebound'}",Shai Gilgeous-Alexander defensive rebound,55,52,3,9:29,False,0,{'id': '25'},[{'athlete': {'id': '4278073'}}],2026-05-19T01:55:22Z,False,"{'x': 48, 'y': 1}",0,Rebound,569.0
401873197366,366,"{'id': '92', 'text': 'Jump Shot'}",Luguentz Dort misses 26-foot three point jumper,55,52,3,9:17,False,0,{'id': '25'},[{'athlete': {'id': '4397020'}}],2026-05-19T01:55:35Z,True,"{'x': 9, 'y': 21}",3,Missed 3PT,557.0
401873197367,367,"{'id': '156', 'text': 'Offensive Rebound'}",Cason Wallace offensive rebound,55,52,3,9:13,False,0,{'id': '25'},[{'athlete': {'id': '4683692'}}],2026-05-19T01:55:39Z,False,"{'x': 9, 'y': 21}",0,Rebound,553.0
401873197368,368,"{'id': '132', 'text': 'Step Back Jump Shot'}",Shai Gilgeous-Alexander misses 14-foot step back jumpshot,55,52,3,9:03,False,0,{'id': '25'},[{'athlete': {'id': '4278073'}}],2026-05-19T01:55:49Z,True,"{'x': 37, 'y': 9}",2,Missed FG,543.0
401873197369,369,"{'id': '155', 'text': 'Defensive Rebound'}",Stephon Castle defensive rebound,55,52,3,9:01,False,0,{'id': '24'},[{'athlete': {'id': '4845367'}}],2026-05-19T01:55:51Z,False,"{'x': 37, 'y': 9}",0,Rebound,541.0
401873197370,370,"{'id': '110', 'text': 'Driving Layup Shot'}",Julian Champagnie makes driving layup (Victor Wembanyama assists),57,52,3,8:48,True,2,{'id': '24'},"[{'athlete': {'id': '4592479'}}, {'athlete': {'id': '5104157'}}]",2026-05-19T01:56:03Z,True,"{'x': 25, 'y': 1}",2,+2 Points,528.0
401873197371,371,"{'id': '92', 'text': 'Jump Shot'}",Shai Gilgeous-Alexander makes 23-foot three point jumper (Jalen Williams assists),57,55,3,8:20,True,3,{'id': '25'},"[{'athlete': {'id': '4278073'}}, {'athlete': {'id': '4593803'}}]",2026-05-19T01:56:32Z,True,"{'x': 48, 'y': 3}",3,+3 Points,500.0
401873197373,373,"{'id': '69', 'text': '8-Second Turnover'}",8 second turnover,57,55,3,8:07,False,0,{'id': '24'},,2026-05-19T01:56:54Z,False,"{'x': 6, 'y': 30}",0,Turnover,487.0
401873197374,374,"{'id': '132', 'text': 'Step Back Jump Shot'}",Shai Gilgeous-Alexander misses 27-foot three point step back jumpshot,57,55,3,7:55,False,0,{'id': '25'},[{'athlete': {'id': '4278073'}}],2026-05-19T01:57:23Z,True,"{'x': 11, 'y': 24}",3,Missed 3PT,475.0
401873197375,375,"{'id': '156', 'text': 'Offensive Rebound'}",Luguentz Dort offensive rebound,57,55,3,7:53,False,0,{'id': '25'},[{'athlete': {'id': '4397020'}}],2026-05-19T01:57:25Z,False,"{'x': 11, 'y': 24}",0,Rebound,473.0
401873197376,376,"{'id': '92', 'text': 'Jump Shot'}",Luguentz Dort makes 23-foot three point jumper (Jalen Williams assists),57,58,3,7:50,True,3,{'id': '25'},"[{'athlete': {'id': '4397020'}}, {'athlete': {'id': '4593803'}}]",2026-05-19T01:57:28Z,True,"{'x': 1, 'y': 0}",3,+3 Points,470.0
401873197378,378,"{'id': '16', 'text': 'Full Timeout'}",Spurs Full timeout,57,58,3,7:46,False,0,{'id': '24'},,2026-05-19T01:57:36Z,False,"{'x': -214748340, 'y': -214748365}",0,Timeout,466.0
401873197380,380,"{'id': '44', 'text': 'Shooting Foul'}",Shai Gilgeous-Alexander shooting foul,57,58,3,7:33,False,0,{'id': '25'},[{'athlete': {'id': '4278073'}}],2026-05-19T02:01:41Z,False,"{'x': 25, 'y': 1}",0,Foul,453.0
401873197382,382,"{'id': '98', 'text': 'Free Throw - 1 of 2'}",Victor Wembanyama makes free throw 1 of 2,58,58,3,7:33,True,1,{'id': '24'},[{'athlete': {'id': '5104157'}}],2026-05-19T02:02:15Z,True,"{'x': -214748340, 'y': -214748365}",1,+1 Point,453.0
401873197383,383,"{'id': '584', 'text': 'Substitution'}",Carter Bryant enters the game for Dylan Harper,58,58,3,7:33,False,0,{'id': '24'},"[{'athlete': {'id': '5061568'}}, {'athlete': {'id': '5037871'}}]",2026-05-19T02:02:15Z,False,"{'x': -214748340, 'y': -214748365}",0,Substitution,453.0
401873197385,385,"{'id': '99', 'text': 'Free Throw - 2 of 2'}",Victor Wembanyama makes free throw 2 of 2,59,58,3,7:33,True,1,{'id': '24'},[{'athlete': {'id': '5104157'}}],2026-05-19T02:02:50Z,True,"{'x': -214748340, 'y': -214748365}",1,+1 Point,453.0
401873197386,386,"{'id': '121', 'text': 'Fade Away Jump Shot'}",Chet Holmgren misses 12-foot fade away jump shot,59,58,3,7:18,False,0,{'id': '25'},[{'athlete': {'id': '4433255'}}],2026-05-19T02:03:06Z,True,"{'x': 26, 'y': 13}",2,Missed FG,438.0
401873197387,387,"{'id': '155', 'text': 'Defensive Rebound'}",Carter Bryant defensive rebound,59,58,3,7:16,False,0,{'id': '24'},[{'athlete': {'id': '5061568'}}],2026-05-19T02:03:08Z,False,"{'x': 26, 'y': 13}",0,Rebound,436.0
401873197388,388,"{'id': '92', 'text': 'Jump Shot'}",Julian Champagnie makes 25-foot three point jumper (Carter Bryant assists),62,58,3,7:01,True,3,{'id': '24'},"[{'athlete': {'id': '4592479'}}, {'athlete': {'id': '5061568'}}]",2026-05-19T02:03:23Z,True,"{'x': 32, 'y': 25}",3,+3 Points,421.0
401873197390,390,"{'id': '92', 'text': 'Jump Shot'}",Julian Champagnie blocks Chet Holmgren 's 25-foot three point jumper,62,58,3,6:35,False,0,{'id': '25'},"[{'athlete': {'id': '4433255'}}, {'athlete': {'id': '4592479'}}]",2026-05-19T02:03:49Z,True,"{'x': 45, 'y': 16}",3,Missed 3PT,395.0
401873197392,392,"{'id': '155', 'text': 'Defensive Rebound'}",Victor Wembanyama defensive rebound,62,58,3,6:30,False,0,{'id': '24'},[{'athlete': {'id': '5104157'}}],2026-05-19T02:03:54Z,False,"{'x': 45, 'y': 16}",0,Rebound,390.0
401873197393,393,"{'id': '44', 'text': 'Shooting Foul'}",Shai Gilgeous-Alexander shooting foul,62,58,3,6:27,False,0,{'id': '25'},[{'athlete': {'id': '4278073'}}],2026-05-19T02:04:03Z,False,"{'x': 23, 'y': 1}",0,Foul,387.0
401873197395,395,"{'id': '98', 'text': 'Free Throw - 1 of 2'}",Stephon Castle makes free throw 1 of 2,63,58,3,6:27,True,1,{'id': '24'},[{'athlete': {'id': '4845367'}}],2026-05-19T02:04:29Z,True,"{'x': -214748340, 'y': -214748365}",1,+1 Point,387.0
401873197396,396,"{'id': '584', 'text': 'Substitution'}",Alex Caruso enters the game for Jalen Williams,63,58,3,6:27,False,0,{'id': '25'},"[{'athlete': {'id': '2991350'}}, {'athlete': {'id': '4593803'}}]",2026-05-19T02:04:30Z,False,"{'x': -214748340, 'y': -214748365}",0,Substitution,387.0
401873197397,397,"{'id': '584', 'text': 'Substitution'}",Jared McCain enters the game for Cason Wallace,63,58,3,6:27,False,0,{'id': '25'},"[{'athlete': {'id': '4683778'}}, {'athlete': {'id': '4683692'}}]",2026-05-19T02:04:30Z,False,"{'x': -214748340, 'y': -214748365}",0,Substitution,387.0
401873197398,398,"{'id': '584', 'text': 'Substitution'}",Luke Kornet enters the game for Victor Wembanyama,63,58,3,6:27,False,0,{'id': '24'},"[{'athlete': {'id': '3064560'}}, {'athlete': {'id': '5104157'}}]",2026-05-19T02:04:30Z,False,"{'x': -214748340, 'y': -214748365}",0,Substitution,387.0
401873197399,399,"{'id': '584', 'text': 'Substitution'}",Keldon Johnson enters the game for Devin Vassell,63,58,3,6:27,False,0,{'id': '24'},"[{'athlete': {'id': '4395723'}}, {'athlete': {'id': '4395630'}}]",2026-05-19T02:04:30Z,False,"{'x': -214748340, 'y': -214748365}",0,Substitution,387.0
401873197404,404,"{'id': '584', 'text': 'Substitution'}",Isaiah Hartenstein enters the game for Chet Holmgren,63,58,3,6:27,False,0,{'id': '25'},"[{'athlete': {'id': '4222252'}}, {'athlete': {'id': '4433255'}}]",2026-05-19T02:04:41Z,False,"{'x': -214748340, 'y': -214748365}",0,Substitution,387.0
401873197406,406,"{'id': '99', 'text': 'Free Throw - 2 of 2'}",Stephon Castle makes free throw 2 of 2,64,58,3,6:27,True,1,{'id': '24'},[{'athlete': {'id': '4845367'}}],2026-05-19T02:05:07Z,True,"{'x': -214748340, 'y': -214748365}",1,+1 Point,387.0
401873197407,407,"{'id': '44', 'text': 'Shooting Foul'}",Julian Champagnie shooting foul,64,58,3,6:05,False,0,{'id': '24'},[{'athlete': {'id': '4592479'}}],2026-05-19T02:05:32Z,False,"{'x': 24, 'y': 3}",0,Foul,365.0
401873197409,409,"{'id': '98', 'text': 'Free Throw - 1 of 2'}",Isaiah Hartenstein makes free throw 1 of 2,64,59,3,6:05,True,1,{'id': '25'},[{'athlete': {'id': '4222252'}}],2026-05-19T02:05:59Z,True,"{'x': -214748340, 'y': -214748365}",1,+1 Point,365.0
401873197410,410,"{'id': '584', 'text': 'Substitution'}",Ajay Mitchell enters the game for Luguentz Dort,64,59,3,6:05,False,0,{'id': '25'},"[{'athlete': {'id': '4900671'}}, {'athlete': {'id': '4397020'}}]",2026-05-19T02:06:00Z,False,"{'x': -214748340, 'y': -214748365}",0,Substitution,365.0
401873197412,412,"{'id': '99', 'text': 'Free Throw - 2 of 2'}",Isaiah Hartenstein makes free throw 2 of 2,64,60,3,6:05,True,1,{'id': '25'},[{'athlete': {'id': '4222252'}}],2026-05-19T02:06:16Z,True,"{'x': -214748340, 'y': -214748365}",1,+1 Point,365.0
401873197413,413,"{'id': '64', 'text': 'Traveling'}",Stephon Castle traveling turnover,64,60,3,5:46,False,0,{'id': '24'},[{'athlete': {'id': '4845367'}}],2026-05-19T02:06:43Z,False,"{'x': 21, 'y': 13}",0,Turnover,346.0
401873197414,414,"{'id': '92', 'text': 'Jump Shot'}",Jared McCain makes 22-foot three point jumper (Ajay Mitchell assists),64,63,3,5:30,True,3,{'id': '25'},"[{'athlete': {'id': '4683778'}}, {'athlete': {'id': '4900671'}}]",2026-05-19T02:07:14Z,True,"{'x': 2, 'y': 1}",3,+3 Points,330.0
401873197416,416,"{'id': '86', 'text': 'Out of Bounds - Step Turnover'}",Keldon Johnson steps out of bounds turnover,64,63,3,5:06,False,0,{'id': '24'},[{'athlete': {'id': '4395723'}}],2026-05-19T02:07:41Z,False,"{'x': 27, 'y': -5}",0,Turnover,306.0
401873197417,417,"{'id': '584', 'text': 'Substitution'}",Dylan Harper enters the game for Stephon Castle,64,63,3,5:06,False,0,{'id': '24'},"[{'athlete': {'id': '5037871'}}, {'athlete': {'id': '4845367'}}]",2026-05-19T02:07:46Z,False,"{'x': -214748340, 'y': -214748365}",0,Substitution,306.0
401873197419,419,"{'id': '63', 'text': 'Lost Ball Turnover'}",Jared McCain lost ball turnover (Dylan Harper steals),64,63,3,4:51,False,0,{'id': '25'},"[{'athlete': {'id': '4683778'}}, {'athlete': {'id': '5037871'}}]",2026-05-19T02:08:15Z,False,"{'x': 18, 'y': 11}",0,Turnover,291.0
401873197421,421,"{'id': '109', 'text': 'Running Layup Shot'}",Dylan Harper makes running layup,66,63,3,4:46,True,2,{'id': '24'},[{'athlete': {'id': '5037871'}}],2026-05-19T02:08:20Z,True,"{'x': 24, 'y': -1}",2,+2 Points,286.0
401873197422,422,"{'id': '16', 'text': 'Full Timeout'}",Thunder Full timeout,66,63,3,4:44,False,0,{'id': '25'},,2026-05-19T02:08:27Z,False,"{'x': -214748340, 'y': -214748365}",0,Timeout,284.0
401873197423,423,"{'id': '584', 'text': 'Substitution'}",Luguentz Dort enters the game for Shai Gilgeous-Alexander,66,63,3,4:44,False,0,{'id': '25'},"[{'athlete': {'id': '4397020'}}, {'athlete': {'id': '4278073'}}]",2026-05-19T02:11:49Z,False,"{'x': -214748340, 'y': -214748365}",0,Substitution,284.0
401873197424,424,"{'id': '584', 'text': 'Substitution'}",Jalen Williams enters the game for Alex Caruso,66,63,3,4:44,False,0,{'id': '25'},"[{'athlete': {'id': '4593803'}}, {'athlete': {'id': '2991350'}}]",2026-05-19T02:11:49Z,False,"{'x': -214748340, 'y': -214748365}",0,Substitution,284.0
401873197425,425,"{'id': '584', 'text': 'Substitution'}",Devin Vassell enters the game for Julian Champagnie,66,63,3,4:44,False,0,{'id': '24'},"[{'athlete': {'id': '4395630'}}, {'athlete': {'id': '4592479'}}]",2026-05-19T02:11:49Z,False,"{'x': -214748340, 'y': -214748365}",0,Substitution,284.0
401873197429,429,"{'id': '144', 'text': 'Driving Floating Jump Shot'}",Jalen Williams misses driving floating jump shot,66,63,3,4:29,False,0,{'id': '25'},[{'athlete': {'id': '4593803'}}],2026-05-19T02:12:27Z,True,"{'x': 25, 'y': 6}",2,Missed FG,269.0
401873197430,430,"{'id': '155', 'text': 'Defensive Rebound'}",Luke Kornet defensive rebound,66,63,3,4:26,False,0,{'id': '24'},[{'athlete': {'id': '3064560'}}],2026-05-19T02:12:30Z,False,"{'x': 25, 'y': 6}",0,Rebound,266.0
401873197431,431,"{'id': '110', 'text': 'Driving Layup Shot'}",Dylan Harper makes driving layup,68,63,3,4:20,True,2,{'id': '24'},[{'athlete': {'id': '5037871'}}],2026-05-19T02:12:37Z,True,"{'x': 23, 'y': 0}",2,+2 Points,260.0
401873197432,432,"{'id': '131', 'text': 'Pullup Jump Shot'}",Ajay Mitchell makes 15-foot pullup jump shot,68,65,3,4:09,True,2,{'id': '25'},[{'athlete': {'id': '4900671'}}],2026-05-19T02:12:47Z,True,"{'x': 19, 'y': 15}",2,+2 Points,249.0
401873197433,433,"{'id': '44', 'text': 'Shooting Foul'}",Isaiah Hartenstein shooting foul,68,65,3,3:54,False,0,{'id': '25'},[{'athlete': {'id': '4222252'}}],2026-05-19T02:13:05Z,False,"{'x': 31, 'y': 3}",0,Foul,234.0
401873197435,435,"{'id': '98', 'text': 'Free Throw - 1 of 2'}",Keldon Johnson makes free throw 1 of 2,69,65,3,3:54,True,1,{'id': '24'},[{'athlete': {'id': '4395723'}}],2026-05-19T02:13:29Z,True,"{'x': -214748340, 'y': -214748365}",1,+1 Point,234.0
401873197436,436,"{'id': '99', 'text': 'Free Throw - 2 of 2'}",Keldon Johnson makes free throw 2 of 2,70,65,3,3:54,True,1,{'id': '24'},[{'athlete': {'id': '4395723'}}],2026-05-19T02:13:45Z,True,"{'x': -214748340, 'y': -214748365}",1,+1 Point,234.0
401873197437,437,"{'id': '126', 'text': 'Layup Driving Reverse'}",Ajay Mitchell misses two point shot,70,65,3,3:37,False,0,{'id': '25'},[{'athlete': {'id': '4900671'}}],2026-05-19T02:14:04Z,True,"{'x': 26, 'y': 2}",2,Missed FG,217.0
401873197438,438,"{'id': '155', 'text': 'Defensive Rebound'}",Luke Kornet defensive rebound,70,65,3,3:33,False,0,{'id': '24'},[{'athlete': {'id': '3064560'}}],2026-05-19T02:14:08Z,False,"{'x': 26, 'y': 2}",0,Rebound,213.0
401873197439,439,"{'id': '63', 'text': 'Lost Ball Turnover'}",Devin Vassell lost ball turnover (Ajay Mitchell steals),70,65,3,3:16,False,0,{'id': '24'},"[{'athlete': {'id': '4395630'}}, {'athlete': {'id': '4900671'}}]",2026-05-19T02:14:25Z,False,"{'x': 34, 'y': 17}",0,Turnover,196.0
401873197441,441,"{'id': '45', 'text': 'Personal Foul'}",Devin Vassell personal foul,70,65,3,3:16,False,0,{'id': '24'},[{'athlete': {'id': '4395630'}}],2026-05-19T02:14:30Z,False,"{'x': 27, 'y': 16}",0,Foul,196.0
401873197443,443,"{'id': '584', 'text': 'Substitution'}",Stephon Castle enters the game for Dylan Harper,70,65,3,3:16,False,0,{'id': '24'},"[{'athlete': {'id': '4845367'}}, {'athlete': {'id': '5037871'}}]",2026-05-19T02:14:42Z,False,"{'x': -214748340, 'y': -214748365}",0,Substitution,196.0
401873197445,445,"{'id': '151', 'text': 'Cutting Dunk Shot'}",Jalen Williams makes 1-foot dunk (Isaiah Hartenstein assists),70,67,3,3:05,True,2,{'id': '25'},"[{'athlete': {'id': '4593803'}}, {'athlete': {'id': '4222252'}}]",2026-05-19T02:14:58Z,True,"{'x': 25, 'y': 2}",2,+2 Points,185.0
401873197447,447,"{'id': '45', 'text': 'Personal Foul'}",Luguentz Dort personal foul,70,67,3,2:54,False,0,{'id': '25'},[{'athlete': {'id': '4397020'}}],2026-05-19T02:15:11Z,False,"{'x': 43, 'y': 25}",0,Foul,174.0
401873197449,449,"{'id': '584', 'text': 'Substitution'}",Shai Gilgeous-Alexander enters the game for Ajay Mitchell,70,67,3,2:54,False,0,{'id': '25'},"[{'athlete': {'id': '4278073'}}, {'athlete': {'id': '4900671'}}]",2026-05-19T02:15:17Z,False,"{'x': -214748340, 'y': -214748365}",0,Substitution,174.0
401873197450,450,"{'id': '584', 'text': 'Substitution'}",Jaylin Williams enters the game for Isaiah Hartenstein,70,67,3,2:54,False,0,{'id': '25'},"[{'athlete': {'id': '4432823'}}, {'athlete': {'id': '4222252'}}]",2026-05-19T02:15:17Z,False,"{'x': -214748340, 'y': -214748365}",0,Substitution,174.0
401873197451,451,"{'id': '584', 'text': 'Substitution'}",Dylan Harper enters the game for Luke Kornet,70,67,3,2:54,False,0,{'id': '24'},"[{'athlete': {'id': '5037871'}}, {'athlete': {'id': '3064560'}}]",2026-05-19T02:15:17Z,False,"{'x': -214748340, 'y': -214748365}",0,Substitution,174.0
401873197452,452,"{'id': '584', 'text': 'Substitution'}",Victor Wembanyama enters the game for Carter Bryant,70,67,3,2:54,False,0,{'id': '24'},"[{'athlete': {'id': '5104157'}}, {'athlete': {'id': '5061568'}}]",2026-05-19T02:15:17Z,False,"{'x': -214748340, 'y': -214748365}",0,Substitution,174.0
401873197457,457,"{'id': '44', 'text': 'Shooting Foul'}",Jaylin Williams shooting foul,70,67,3,2:47,False,0,{'id': '25'},[{'athlete': {'id': '4432823'}}],2026-05-19T02:15:59Z,False,"{'x': 20, 'y': 2}",0,Foul,167.0
401873197459,459,"{'id': '98', 'text': 'Free Throw - 1 of 2'}",Victor Wembanyama makes free throw 1 of 2,71,67,3,2:47,True,1,{'id': '24'},[{'athlete': {'id': '5104157'}}],2026-05-19T02:16:31Z,True,"{'x': -214748340, 'y': -214748365}",1,+1 Point,167.0
401873197460,460,"{'id': '99', 'text': 'Free Throw - 2 of 2'}",Victor Wembanyama misses free throw 2 of 2,71,67,3,2:47,False,0,{'id': '24'},[{'athlete': {'id': '5104157'}}],2026-05-19T02:16:31Z,True,"{'x': -214748340, 'y': -214748365}",1,Missed FT,167.0
401873197461,461,"{'id': '155', 'text': 'Defensive Rebound'}",Jaylin Williams defensive rebound,71,67,3,2:44,False,0,{'id': '25'},[{'athlete': {'id': '4432823'}}],2026-05-19T02:16:34Z,False,"{'x': -214748340, 'y': -214748365}",0,Rebound,164.0
401873197462,462,"{'id': '119', 'text': 'Driving Hook Shot'}",Jalen Williams misses 3-foot two point shot,71,67,3,2:35,False,0,{'id': '25'},[{'athlete': {'id': '4593803'}}],2026-05-19T02:17:12Z,True,"{'x': 22, 'y': 1}",2,Missed FG,155.0
401873197463,463,"{'id': '155', 'text': 'Defensive Rebound'}",Dylan Harper defensive rebound,71,67,3,2:33,False,0,{'id': '24'},[{'athlete': {'id': '5037871'}}],2026-05-19T02:17:14Z,False,"{'x': 22, 'y': 1}",0,Rebound,153.0
401873197464,464,"{'id': '92', 'text': 'Jump Shot'}",Devin Vassell misses 25-foot three point jumper,71,67,3,2:27,False,0,{'id': '24'},[{'athlete': {'id': '4395630'}}],2026-05-19T02:17:20Z,True,"{'x': 36, 'y': 23}",3,Missed 3PT,147.0
401873197465,465,"{'id': '156', 'text': 'Offensive Rebound'}",Victor Wembanyama offensive rebound,71,67,3,2:24,False,0,{'id': '24'},[{'athlete': {'id': '5104157'}}],2026-05-19T02:17:24Z,False,"{'x': 36, 'y': 23}",0,Rebound,144.0
401873197466,466,"{'id': '114', 'text': 'Turnaround Jump Shot'}",Victor Wembanyama misses 6-foot turnaround jump shot,71,67,3,2:21,False,0,{'id': '24'},[{'athlete': {'id': '5104157'}}],2026-05-19T02:17:26Z,True,"{'x': 32, 'y': -1}",2,Missed FG,141.0
401873197467,467,"{'id': '156', 'text': 'Offensive Rebound'}",Victor Wembanyama offensive rebound,71,67,3,2:20,False,0,{'id': '24'},[{'athlete': {'id': '5104157'}}],2026-05-19T02:17:27Z,False,"{'x': 32, 'y': -1}",0,Rebound,140.0
401873197468,468,"{'id': '44', 'text': 'Shooting Foul'}",Jared McCain shooting foul,71,67,3,2:20,False,0,{'id': '25'},[{'athlete': {'id': '4683778'}}],2026-05-19T02:17:36Z,False,"{'x': 29, 'y': 0}",0,Foul,140.0
401873197470,470,"{'id': '98', 'text': 'Free Throw - 1 of 2'}",Victor Wembanyama makes free throw 1 of 2,72,67,3,2:20,True,1,{'id': '24'},[{'athlete': {'id': '5104157'}}],2026-05-19T02:18:03Z,True,"{'x': -214748340, 'y': -214748365}",1,+1 Point,140.0
401873197471,471,"{'id': '99', 'text': 'Free Throw - 2 of 2'}",Victor Wembanyama makes free throw 2 of 2,73,67,3,2:20,True,1,{'id': '24'},[{'athlete': {'id': '5104157'}}],2026-05-19T02:18:31Z,True,"{'x': -214748340, 'y': -214748365}",1,+1 Point,140.0
401873197472,472,"{'id': '132', 'text': 'Step Back Jump Shot'}",Jared McCain misses 13-foot step back jumpshot,73,67,3,1:58,False,0,{'id': '25'},[{'athlete': {'id': '4683778'}}],2026-05-19T02:18:55Z,True,"{'x': 26, 'y': 14}",2,Missed FG,118.0
401873197473,473,"{'id': '156', 'text': 'Offensive Rebound'}",Jalen Williams offensive rebound,73,67,3,1:57,False,0,{'id': '25'},[{'athlete': {'id': '4593803'}}],2026-05-19T02:18:56Z,False,"{'x': 26, 'y': 14}",0,Rebound,117.0
401873197474,474,"{'id': '94', 'text': 'Tip Shot'}",Victor Wembanyama blocks Jalen Williams's tip shot,73,67,3,1:57,False,0,{'id': '25'},"[{'athlete': {'id': '4593803'}}, {'athlete': {'id': '5104157'}}]",2026-05-19T02:19:11Z,True,"{'x': 25, 'y': 0}",2,Missed FG,117.0
401873197476,476,"{'id': '155', 'text': 'Defensive Rebound'}",Spurs defensive team rebound,73,67,3,1:56,False,0,{'id': '24'},,2026-05-19T02:19:12Z,False,"{'x': 25, 'y': 0}",0,Rebound,116.0
401873197478,478,"{'id': '131', 'text': 'Pullup Jump Shot'}",Devin Vassell makes 11-foot pullup jump shot (Stephon Castle assists),75,67,3,1:43,True,2,{'id': '24'},"[{'athlete': {'id': '4395630'}}, {'athlete': {'id': '4845367'}}]",2026-05-19T02:19:16Z,True,"{'x': 14, 'y': 1}",2,+2 Points,103.0
401873197480,480,"{'id': '132', 'text': 'Step Back Jump Shot'}",Shai Gilgeous-Alexander makes 26-foot three point step back jumpshot,75,70,3,1:25,True,3,{'id': '25'},[{'athlete': {'id': '4278073'}}],2026-05-19T02:19:33Z,True,"{'x': 12, 'y': 24}",3,+3 Points,85.0
401873197481,481,"{'id': '45', 'text': 'Personal Foul'}",Luguentz Dort personal foul,75,70,3,1:07,False,0,{'id': '25'},[{'athlete': {'id': '4397020'}}],2026-05-19T02:19:54Z,False,"{'x': 19, 'y': 12}",0,Foul,67.0
401873197483,483,"{'id': '98', 'text': 'Free Throw - 1 of 2'}",Victor Wembanyama makes free throw 1 of 2,76,70,3,1:07,True,1,{'id': '24'},[{'athlete': {'id': '5104157'}}],2026-05-19T02:20:33Z,True,"{'x': -214748340, 'y': -214748365}",1,+1 Point,67.0
401873197484,484,"{'id': '584', 'text': 'Substitution'}",Alex Caruso enters the game for Jared McCain,76,70,3,1:07,False,0,{'id': '25'},"[{'athlete': {'id': '2991350'}}, {'athlete': {'id': '4683778'}}]",2026-05-19T02:20:34Z,False,"{'x': -214748340, 'y': -214748365}",0,Substitution,67.0
401873197485,485,"{'id': '584', 'text': 'Substitution'}",Julian Champagnie enters the game for Keldon Johnson,76,70,3,1:07,False,0,{'id': '24'},"[{'athlete': {'id': '4592479'}}, {'athlete': {'id': '4395723'}}]",2026-05-19T02:20:34Z,False,"{'x': -214748340, 'y': -214748365}",0,Substitution,67.0
401873197488,488,"{'id': '99', 'text': 'Free Throw - 2 of 2'}",Victor Wembanyama makes free throw 2 of 2,77,70,3,1:07,True,1,{'id': '24'},[{'athlete': {'id': '5104157'}}],2026-05-19T02:21:07Z,True,"{'x': -214748340, 'y': -214748365}",1,+1 Point,67.0
401873197489,489,"{'id': '62', 'text': 'Bad Pass\nTurnover'}","Jaylin Williams bad pass
turnover (Dylan Harper steals)",77,70,3,58.9,False,0,{'id': '25'},"[{'athlete': {'id': '4432823'}}, {'athlete': {'id': '5037871'}}]",2026-05-19T02:21:17Z,False,"{'x': 25, 'y': 1}",0,Turnover,58.9
401873197491,491,"{'id': '92', 'text': 'Jump Shot'}",Dylan Harper misses 24-foot three point jumper,77,70,3,47.1,False,0,{'id': '24'},[{'athlete': {'id': '5037871'}}],2026-05-19T02:21:29Z,True,"{'x': 47, 'y': 12}",3,Missed 3PT,47.1
401873197492,492,"{'id': '155', 'text': 'Defensive Rebound'}",Thunder defensive team rebound,77,70,3,44.9,False,0,{'id': '25'},,2026-05-19T02:21:31Z,False,"{'x': 47, 'y': 12}",0,Rebound,44.9
401873197494,494,"{'id': '92', 'text': 'Jump Shot'}",Alex Caruso makes 22-foot three point jumper (Shai Gilgeous-Alexander assists),77,73,3,33.7,True,3,{'id': '25'},"[{'athlete': {'id': '2991350'}}, {'athlete': {'id': '4278073'}}]",2026-05-19T02:21:49Z,True,"{'x': 47, 'y': -3}",3,+3 Points,33.7
401873197496,496,"{'id': '92', 'text': 'Jump Shot'}",Devin Vassell makes 23-foot three point jumper (Stephon Castle assists),80,73,3,9.0,True,3,{'id': '24'},"[{'athlete': {'id': '4395630'}}, {'athlete': {'id': '4845367'}}]",2026-05-19T02:22:17Z,True,"{'x': 48, 'y': 5}",3,+3 Points,9.0
401873197498,498,"{'id': '131', 'text': 'Pullup Jump Shot'}",Alex Caruso misses 27-foot three point pullup jump shot,80,73,3,1.9,False,0,{'id': '25'},[{'athlete': {'id': '2991350'}}],2026-05-19T02:22:32Z,True,"{'x': 7, 'y': 20}",3,Missed 3PT,1.9
401873197499,499,"{'id': '155', 'text': 'Defensive Rebound'}",Stephon Castle defensive rebound,80,73,3,1.9,False,0,{'id': '24'},[{'athlete': {'id': '4845367'}}],2026-05-19T02:22:32Z,False,"{'x': 7, 'y': 20}",0,Rebound,1.9
401873197500,500,"{'id': '412', 'text': 'End Period'}",End of the 3rd Quarter,80,73,3,0.0,False,0,,,2026-05-19T02:22:38Z,False,"{'x': -214748340, 'y': -214748365}",0,End of 3rd,0.0
401873197501,501,"{'id': '584', 'text': 'Substitution'}",Cason Wallace enters the game for Luguentz Dort,80,73,4,12:00,False,0,{'id': '25'},"[{'athlete': {'id': '4683692'}}, {'athlete': {'id': '4397020'}}]",2026-05-19T02:22:41Z,False,"{'x': -214748340, 'y': -214748365}",0,Substitution,720.0
401873197502,502,"{'id': '584', 'text': 'Substitution'}",Chet Holmgren enters the game for Jaylin Williams,80,73,4,12:00,False,0,{'id': '25'},"[{'athlete': {'id': '4433255'}}, {'athlete': {'id': '4432823'}}]",2026-05-19T02:22:41Z,False,"{'x': -214748340, 'y': -214748365}",0,Substitution,720.0
401873197503,503,"{'id': '584', 'text': 'Substitution'}",Ajay Mitchell enters the game for Jalen Williams,80,73,4,12:00,False,0,{'id': '25'},"[{'athlete': {'id': '4900671'}}, {'athlete': {'id': '4593803'}}]",2026-05-19T02:22:41Z,False,"{'x': -214748340, 'y': -214748365}",0,Substitution,720.0
401873197504,504,"{'id': '584', 'text': 'Substitution'}",Keldon Johnson enters the game for Dylan Harper,80,73,4,12:00,False,0,{'id': '24'},"[{'athlete': {'id': '4395723'}}, {'athlete': {'id': '5037871'}}]",2026-05-19T02:22:41Z,False,"{'x': -214748340, 'y': -214748365}",0,Substitution,720.0
401873197505,505,"{'id': '584', 'text': 'Substitution'}",Carter Bryant enters the game for Julian Champagnie,80,73,4,12:00,False,0,{'id': '24'},"[{'athlete': {'id': '5061568'}}, {'athlete': {'id': '4592479'}}]",2026-05-19T02:22:41Z,False,"{'x': -214748340, 'y': -214748365}",0,Substitution,720.0
401873197512,512,"{'id': '114', 'text': 'Turnaround Jump Shot'}",Victor Wembanyama misses 8-foot turnaround jump shot,80,73,4,11:40,False,0,{'id': '24'},[{'athlete': {'id': '5104157'}}],2026-05-19T02:26:49Z,True,"{'x': 18, 'y': 3}",2,Missed FG,700.0
401873197513,513,"{'id': '155', 'text': 'Defensive Rebound'}",Chet Holmgren defensive rebound,80,73,4,11:38,False,0,{'id': '25'},[{'athlete': {'id': '4433255'}}],2026-05-19T02:26:51Z,False,"{'x': 18, 'y': 3}",0,Rebound,698.0
401873197514,514,"{'id': '86', 'text': 'Out of Bounds - Step Turnover'}",Chet Holmgren steps out of bounds turnover,80,73,4,11:29,False,0,{'id': '25'},[{'athlete': {'id': '4433255'}}],2026-05-19T02:27:04Z,False,"{'x': 49, 'y': 2}",0,Turnover,689.0
401873197515,515,"{'id': '92', 'text': 'Jump Shot'}",Keldon Johnson makes 23-foot three point jumper (Stephon Castle assists),83,73,4,11:14,True,3,{'id': '24'},"[{'athlete': {'id': '4395723'}}, {'athlete': {'id': '4845367'}}]",2026-05-19T02:27:30Z,True,"{'x': 2, 'y': -3}",3,+3 Points,674.0
401873197517,517,"{'id': '131', 'text': 'Pullup Jump Shot'}",Ajay Mitchell makes 23-foot pullup jump shot,83,75,4,11:02,True,2,{'id': '25'},[{'athlete': {'id': '4900671'}}],2026-05-19T02:27:41Z,True,"{'x': 27, 'y': 24}",2,+2 Points,662.0
401873197518,518,"{'id': '92', 'text': 'Jump Shot'}",Victor Wembanyama misses 28-foot three point jumper,83,75,4,10:48,False,0,{'id': '24'},[{'athlete': {'id': '5104157'}}],2026-05-19T02:27:55Z,True,"{'x': 24, 'y': 29}",3,Missed 3PT,648.0
401873197519,519,"{'id': '155', 'text': 'Defensive Rebound'}",Ajay Mitchell defensive rebound,83,75,4,10:46,False,0,{'id': '25'},[{'athlete': {'id': '4900671'}}],2026-05-19T02:27:57Z,False,"{'x': 24, 'y': 29}",0,Rebound,646.0
401873197520,520,"{'id': '131', 'text': 'Pullup Jump Shot'}",Shai Gilgeous-Alexander misses 13-foot pullup jump shot,83,75,4,10:39,False,0,{'id': '25'},[{'athlete': {'id': '4278073'}}],2026-05-19T02:28:04Z,True,"{'x': 16, 'y': 11}",2,Missed FG,639.0
401873197521,521,"{'id': '155', 'text': 'Defensive Rebound'}",Victor Wembanyama defensive rebound,83,75,4,10:37,False,0,{'id': '24'},[{'athlete': {'id': '5104157'}}],2026-05-19T02:28:06Z,False,"{'x': 16, 'y': 11}",0,Rebound,637.0
401873197522,522,"{'id': '42', 'text': 'Offensive Foul'}",Devin Vassell offensive foul,83,75,4,10:28,False,0,{'id': '24'},[{'athlete': {'id': '4395630'}}],2026-05-19T02:28:20Z,False,"{'x': 34, 'y': 23}",0,Foul,628.0
401873197524,524,"{'id': '84', 'text': 'Offensive Foul Turnover'}",Devin Vassell offensive foul turnover,83,75,4,10:28,False,0,{'id': '24'},[{'athlete': {'id': '4395630'}}],2026-05-19T02:28:20Z,False,"{'x': 34, 'y': 23}",0,Turnover,628.0
401873197525,525,"{'id': '584', 'text': 'Substitution'}",Dylan Harper enters the game for Stephon Castle,83,75,4,10:28,False,0,{'id': '24'},"[{'athlete': {'id': '5037871'}}, {'athlete': {'id': '4845367'}}]",2026-05-19T02:28:26Z,False,"{'x': -214748340, 'y': -214748365}",0,Substitution,628.0
401873197527,527,"{'id': '62', 'text': 'Bad Pass\nTurnover'}","Cason Wallace bad pass
turnover (Dylan Harper steals)",83,75,4,10:08,False,0,{'id': '25'},"[{'athlete': {'id': '4683692'}}, {'athlete': {'id': '5037871'}}]",2026-05-19T02:28:56Z,False,"{'x': 22, 'y': 8}",0,Turnover,608.0
401873197529,529,"{'id': '110', 'text': 'Driving Layup Shot'}",Victor Wembanyama makes driving layup,85,75,4,9:49,True,2,{'id': '24'},[{'athlete': {'id': '5104157'}}],2026-05-19T02:29:15Z,True,"{'x': 27, 'y': 1}",2,+2 Points,589.0
401873197530,530,"{'id': '44', 'text': 'Shooting Foul'}",Carter Bryant shooting foul,85,75,4,9:28,False,0,{'id': '24'},[{'athlete': {'id': '5061568'}}],2026-05-19T02:29:38Z,False,"{'x': 16, 'y': 12}",0,Foul,568.0
401873197532,532,"{'id': '98', 'text': 'Free Throw - 1 of 2'}",Shai Gilgeous-Alexander makes free throw 1 of 2,85,76,4,9:28,True,1,{'id': '25'},[{'athlete': {'id': '4278073'}}],2026-05-19T02:30:13Z,True,"{'x': -214748340, 'y': -214748365}",1,+1 Point,568.0
401873197533,533,"{'id': '584', 'text': 'Substitution'}",Stephon Castle enters the game for Carter Bryant,85,76,4,9:28,False,0,{'id': '24'},"[{'athlete': {'id': '4845367'}}, {'athlete': {'id': '5061568'}}]",2026-05-19T02:30:14Z,False,"{'x': -214748340, 'y': -214748365}",0,Substitution,568.0
401873197535,535,"{'id': '99', 'text': 'Free Throw - 2 of 2'}",Shai Gilgeous-Alexander makes free throw 2 of 2,85,77,4,9:28,True,1,{'id': '25'},[{'athlete': {'id': '4278073'}}],2026-05-19T02:30:33Z,True,"{'x': -214748340, 'y': -214748365}",1,+1 Point,568.0
401873197536,536,"{'id': '118', 'text': 'Alley Oop Dunk Shot'}",Victor Wembanyama makes 1-foot alley oop dunk (Devin Vassell assists),87,77,4,9:10,True,2,{'id': '24'},"[{'athlete': {'id': '5104157'}}, {'athlete': {'id': '4395630'}}]",2026-05-19T02:30:55Z,True,"{'x': 26, 'y': -1}",2,+2 Points,550.0
401873197538,538,"{'id': '92', 'text': 'Jump Shot'}",Alex Caruso makes 23-foot three point jumper (Shai Gilgeous-Alexander assists),87,80,4,8:53,True,3,{'id': '25'},"[{'athlete': {'id': '2991350'}}, {'athlete': {'id': '4278073'}}]",2026-05-19T02:31:11Z,True,"{'x': 48, 'y': -1}",3,+3 Points,533.0
401873197540,540,"{'id': '121', 'text': 'Fade Away Jump Shot'}",Stephon Castle misses 6-foot fade away jump shot,87,80,4,8:37,False,0,{'id': '24'},[{'athlete': {'id': '4845367'}}],2026-05-19T02:31:27Z,True,"{'x': 30, 'y': 4}",2,Missed FG,517.0
401873197541,541,"{'id': '155', 'text': 'Defensive Rebound'}",Ajay Mitchell defensive rebound,87,80,4,8:34,False,0,{'id': '25'},[{'athlete': {'id': '4900671'}}],2026-05-19T02:31:30Z,False,"{'x': 30, 'y': 4}",0,Rebound,514.0
401873197542,542,"{'id': '92', 'text': 'Jump Shot'}",Shai Gilgeous-Alexander misses 6-foot jumper,87,80,4,8:26,False,0,{'id': '25'},[{'athlete': {'id': '4278073'}}],2026-05-19T02:31:38Z,True,"{'x': 19, 'y': 4}",2,Missed FG,506.0
401873197543,543,"{'id': '155', 'text': 'Defensive Rebound'}",Victor Wembanyama defensive rebound,87,80,4,8:24,False,0,{'id': '24'},[{'athlete': {'id': '5104157'}}],2026-05-19T02:31:40Z,False,"{'x': 19, 'y': 4}",0,Rebound,504.0
401873197544,544,"{'id': '45', 'text': 'Personal Foul'}",Shai Gilgeous-Alexander personal foul,87,80,4,8:24,False,0,{'id': '25'},[{'athlete': {'id': '4278073'}}],2026-05-19T02:31:48Z,False,"{'x': 25, 'y': 2}",0,Foul,504.0
401873197546,546,"{'id': '584', 'text': 'Substitution'}",Isaiah Hartenstein enters the game for Alex Caruso,87,80,4,8:24,False,0,{'id': '25'},"[{'athlete': {'id': '4222252'}}, {'athlete': {'id': '2991350'}}]",2026-05-19T02:31:52Z,False,"{'x': -214748340, 'y': -214748365}",0,Substitution,504.0
401873197547,547,"{'id': '584', 'text': 'Substitution'}",Jared McCain enters the game for Cason Wallace,87,80,4,8:24,False,0,{'id': '25'},"[{'athlete': {'id': '4683778'}}, {'athlete': {'id': '4683692'}}]",2026-05-19T02:31:52Z,False,"{'x': -214748340, 'y': -214748365}",0,Substitution,504.0
401873197548,548,"{'id': '584', 'text': 'Substitution'}",Luke Kornet enters the game for Victor Wembanyama,87,80,4,8:24,False,0,{'id': '24'},"[{'athlete': {'id': '3064560'}}, {'athlete': {'id': '5104157'}}]",2026-05-19T02:31:52Z,False,"{'x': -214748340, 'y': -214748365}",0,Substitution,504.0
401873197549,549,"{'id': '584', 'text': 'Substitution'}",Julian Champagnie enters the game for Devin Vassell,87,80,4,8:24,False,0,{'id': '24'},"[{'athlete': {'id': '4592479'}}, {'athlete': {'id': '4395630'}}]",2026-05-19T02:31:52Z,False,"{'x': -214748340, 'y': -214748365}",0,Substitution,504.0
401873197554,554,"{'id': '92', 'text': 'Jump Shot'}",Keldon Johnson misses 22-foot three point jumper,87,80,4,8:09,False,0,{'id': '24'},[{'athlete': {'id': '4395723'}}],2026-05-19T02:32:42Z,True,"{'x': 2, 'y': -3}",3,Missed 3PT,489.0
401873197555,555,"{'id': '156', 'text': 'Offensive Rebound'}",Stephon Castle offensive rebound,87,80,4,8:02,False,0,{'id': '24'},[{'athlete': {'id': '4845367'}}],2026-05-19T02:32:49Z,False,"{'x': 2, 'y': -3}",0,Rebound,482.0
401873197556,556,"{'id': '62', 'text': 'Bad Pass\nTurnover'}","Stephon Castle bad pass
turnover (Shai Gilgeous-Alexander steals)",87,80,4,8:01,False,0,{'id': '24'},"[{'athlete': {'id': '4845367'}}, {'athlete': {'id': '4278073'}}]",2026-05-19T02:32:49Z,False,"{'x': 49, 'y': 36}",0,Turnover,481.0
401873197558,558,"{'id': '109', 'text': 'Running Layup Shot'}",Shai Gilgeous-Alexander misses running layup,87,80,4,7:58,False,0,{'id': '25'},[{'athlete': {'id': '4278073'}}],2026-05-19T02:32:52Z,True,"{'x': 24, 'y': 2}",2,Missed FG,478.0
401873197559,559,"{'id': '156', 'text': 'Offensive Rebound'}",Thunder offensive team rebound,87,80,4,7:58,False,0,{'id': '25'},,2026-05-19T02:32:55Z,False,"{'x': 24, 'y': 2}",0,Rebound,478.0
401873197561,561,"{'id': '42', 'text': 'Offensive Foul'}",Isaiah Hartenstein offensive foul,87,80,4,7:48,False,0,{'id': '25'},[{'athlete': {'id': '4222252'}}],2026-05-19T02:33:35Z,False,"{'x': 21, 'y': 0}",0,Foul,468.0
401873197563,563,"{'id': '84', 'text': 'Offensive Foul Turnover'}",Isaiah Hartenstein offensive foul turnover,87,80,4,7:48,False,0,{'id': '25'},[{'athlete': {'id': '4222252'}}],2026-05-19T02:33:35Z,False,"{'x': 21, 'y': 0}",0,Turnover,468.0
401873197564,564,"{'id': '121', 'text': 'Fade Away Jump Shot'}",Dylan Harper makes 8-foot fade away jump shot,89,80,4,7:31,True,2,{'id': '24'},[{'athlete': {'id': '5037871'}}],2026-05-19T02:34:06Z,True,"{'x': 32, 'y': 5}",2,+2 Points,451.0
401873197565,565,"{'id': '16', 'text': 'Full Timeout'}",Thunder Full timeout,89,80,4,7:30,False,0,{'id': '25'},,2026-05-19T02:34:10Z,False,"{'x': -214748340, 'y': -214748365}",0,Timeout,450.0
401873197566,566,"{'id': '584', 'text': 'Substitution'}",Luguentz Dort enters the game for Chet Holmgren,89,80,4,7:30,False,0,{'id': '25'},"[{'athlete': {'id': '4397020'}}, {'athlete': {'id': '4433255'}}]",2026-05-19T02:37:48Z,False,"{'x': -214748340, 'y': -214748365}",0,Substitution,450.0
401873197567,567,"{'id': '584', 'text': 'Substitution'}",Jaylin Williams enters the game for Isaiah Hartenstein,89,80,4,7:30,False,0,{'id': '25'},"[{'athlete': {'id': '4432823'}}, {'athlete': {'id': '4222252'}}]",2026-05-19T02:37:48Z,False,"{'x': -214748340, 'y': -214748365}",0,Substitution,450.0
401873197568,568,"{'id': '584', 'text': 'Substitution'}",Victor Wembanyama enters the game for Luke Kornet,89,80,4,7:30,False,0,{'id': '24'},"[{'athlete': {'id': '5104157'}}, {'athlete': {'id': '3064560'}}]",2026-05-19T02:37:48Z,False,"{'x': -214748340, 'y': -214748365}",0,Substitution,450.0
401873197572,572,"{'id': '151', 'text': 'Cutting Dunk Shot'}",Luguentz Dort makes 1-foot dunk (Ajay Mitchell assists),89,82,4,7:08,True,2,{'id': '25'},"[{'athlete': {'id': '4397020'}}, {'athlete': {'id': '4900671'}}]",2026-05-19T02:38:28Z,True,"{'x': 24, 'y': 2}",2,+2 Points,428.0
401873197574,574,"{'id': '45', 'text': 'Personal Foul'}",Luguentz Dort personal foul,89,82,4,6:46,False,0,{'id': '25'},[{'athlete': {'id': '4397020'}}],2026-05-19T02:38:58Z,False,"{'x': 19, 'y': -2}",0,Foul,406.0
401873197576,576,"{'id': '584', 'text': 'Substitution'}",Devin Vassell enters the game for Keldon Johnson,89,82,4,6:46,False,0,{'id': '24'},"[{'athlete': {'id': '4395630'}}, {'athlete': {'id': '4395723'}}]",2026-05-19T02:39:05Z,False,"{'x': -214748340, 'y': -214748365}",0,Substitution,406.0
401873197579,579,"{'id': '131', 'text': 'Pullup Jump Shot'}",Stephon Castle misses 30-foot three point pullup jump shot,89,82,4,6:33,False,0,{'id': '24'},[{'athlete': {'id': '4845367'}}],2026-05-19T02:39:41Z,True,"{'x': 34, 'y': 29}",3,Missed 3PT,393.0
401873197580,580,"{'id': '156', 'text': 'Offensive Rebound'}",Spurs offensive team rebound,89,82,4,6:32,False,0,{'id': '24'},,2026-05-19T02:39:42Z,False,"{'x': 34, 'y': 29}",0,Rebound,392.0
401873197581,581,"{'id': '43', 'text': 'Loose Ball Foul'}",Jared McCain loose ball foul,89,82,4,6:32,False,0,{'id': '25'},[{'athlete': {'id': '4683778'}}],2026-05-19T02:39:46Z,False,"{'x': 31, 'y': 4}",0,Foul,392.0
401873197583,583,"{'id': '92', 'text': 'Jump Shot'}",Julian Champagnie misses 23-foot three point jumper,89,82,4,6:20,False,0,{'id': '24'},[{'athlete': {'id': '4592479'}}],2026-05-19T02:40:13Z,True,"{'x': 48, 'y': 6}",3,Missed 3PT,380.0
401873197584,584,"{'id': '155', 'text': 'Defensive Rebound'}",Thunder defensive team rebound,89,82,4,6:19,False,0,{'id': '25'},,2026-05-19T02:40:14Z,False,"{'x': 48, 'y': 6}",0,Rebound,379.0
401873197585,585,"{'id': '43', 'text': 'Loose Ball Foul'}",Victor Wembanyama loose ball foul,89,82,4,6:19,False,0,{'id': '24'},[{'athlete': {'id': '5104157'}}],2026-05-19T02:40:20Z,False,"{'x': 24, 'y': 0}",0,Foul,379.0
401873197587,587,"{'id': '132', 'text': 'Step Back Jump Shot'}",Victor Wembanyama blocks Shai Gilgeous-Alexander 's 10-foot step back jumpshot,89,82,4,6:06,False,0,{'id': '25'},"[{'athlete': {'id': '4278073'}}, {'athlete': {'id': '5104157'}}]",2026-05-19T02:40:43Z,True,"{'x': 35, 'y': 2}",2,Missed FG,366.0
401873197589,589,"{'id': '155', 'text': 'Defensive Rebound'}",Devin Vassell defensive rebound,89,82,4,6:02,False,0,{'id': '24'},[{'athlete': {'id': '4395630'}}],2026-05-19T02:40:47Z,False,"{'x': 35, 'y': 2}",0,Rebound,362.0
401873197590,590,"{'id': '137', 'text': 'Turnaround Fade Away Jump Shot'}",Dylan Harper misses 10-foot two point shot,89,82,4,5:44,False,0,{'id': '24'},[{'athlete': {'id': '5037871'}}],2026-05-19T02:41:05Z,True,"{'x': 29, 'y': 10}",2,Missed FG,344.0
401873197591,591,"{'id': '155', 'text': 'Defensive Rebound'}",Jaylin Williams defensive rebound,89,82,4,5:41,False,0,{'id': '25'},[{'athlete': {'id': '4432823'}}],2026-05-19T02:41:08Z,False,"{'x': 29, 'y': 10}",0,Rebound,341.0
401873197592,592,"{'id': '110', 'text': 'Driving Layup Shot'}",Shai Gilgeous-Alexander makes driving layup,89,84,4,5:26,True,2,{'id': '25'},[{'athlete': {'id': '4278073'}}],2026-05-19T02:41:23Z,True,"{'x': 23, 'y': 2}",2,+2 Points,326.0
401873197593,593,"{'id': '44', 'text': 'Shooting Foul'}",Victor Wembanyama shooting foul,89,84,4,5:26,False,0,{'id': '24'},[{'athlete': {'id': '5104157'}}],2026-05-19T02:41:27Z,False,"{'x': 23, 'y': 1}",0,Foul,326.0
401873197595,595,"{'id': '16', 'text': 'Full Timeout'}",Spurs Full timeout,89,84,4,5:26,False,0,{'id': '24'},,2026-05-19T02:41:42Z,False,"{'x': -214748340, 'y': -214748365}",0,Timeout,326.0
401873197596,596,"{'id': '584', 'text': 'Substitution'}",Chet Holmgren enters the game for Luguentz Dort,89,84,4,5:26,False,0,{'id': '25'},"[{'athlete': {'id': '4433255'}}, {'athlete': {'id': '4397020'}}]",2026-05-19T02:44:01Z,False,"{'x': -214748340, 'y': -214748365}",0,Substitution,326.0
401873197597,597,"{'id': '584', 'text': 'Substitution'}",Jalen Williams enters the game for Jaylin Williams,89,84,4,5:26,False,0,{'id': '25'},"[{'athlete': {'id': '4593803'}}, {'athlete': {'id': '4432823'}}]",2026-05-19T02:44:01Z,False,"{'x': -214748340, 'y': -214748365}",0,Substitution,326.0
401873197598,598,"{'id': '584', 'text': 'Substitution'}",Alex Caruso enters the game for Ajay Mitchell,89,84,4,5:26,False,0,{'id': '25'},"[{'athlete': {'id': '2991350'}}, {'athlete': {'id': '4900671'}}]",2026-05-19T02:44:01Z,False,"{'x': -214748340, 'y': -214748365}",0,Substitution,326.0
401873197602,602,"{'id': '97', 'text': 'Free Throw - 1 of 1'}",Shai Gilgeous-Alexander misses free throw 1 of 1,89,84,4,5:26,False,0,{'id': '25'},[{'athlete': {'id': '4278073'}}],2026-05-19T02:45:47Z,True,"{'x': -214748340, 'y': -214748365}",1,Missed FT,326.0
401873197603,603,"{'id': '155', 'text': 'Defensive Rebound'}",Victor Wembanyama defensive rebound,89,84,4,5:23,False,0,{'id': '24'},[{'athlete': {'id': '5104157'}}],2026-05-19T02:45:50Z,False,"{'x': -214748340, 'y': -214748365}",0,Rebound,323.0
401873197604,604,"{'id': '110', 'text': 'Driving Layup Shot'}",Dylan Harper makes driving layup (Victor Wembanyama assists),91,84,4,5:00,True,2,{'id': '24'},"[{'athlete': {'id': '5037871'}}, {'athlete': {'id': '5104157'}}]",2026-05-19T02:46:11Z,True,"{'x': 27, 'y': -1}",2,+2 Points,300.0
401873197606,606,"{'id': '44', 'text': 'Shooting Foul'}",Dylan Harper shooting foul,91,84,4,4:48,False,0,{'id': '24'},[{'athlete': {'id': '5037871'}}],2026-05-19T02:46:27Z,False,"{'x': 16, 'y': 6}",0,Foul,288.0
401873197608,608,"{'id': '98', 'text': 'Free Throw - 1 of 2'}",Shai Gilgeous-Alexander makes free throw 1 of 2,91,85,4,4:48,True,1,{'id': '25'},[{'athlete': {'id': '4278073'}}],2026-05-19T02:46:52Z,True,"{'x': -214748340, 'y': -214748365}",1,+1 Point,288.0
401873197609,609,"{'id': '584', 'text': 'Substitution'}",Ajay Mitchell enters the game for Jared McCain,91,85,4,4:48,False,0,{'id': '25'},"[{'athlete': {'id': '4900671'}}, {'athlete': {'id': '4683778'}}]",2026-05-19T02:46:52Z,False,"{'x': -214748340, 'y': -214748365}",0,Substitution,288.0
401873197611,611,"{'id': '99', 'text': 'Free Throw - 2 of 2'}",Shai Gilgeous-Alexander makes free throw 2 of 2,91,86,4,4:48,True,1,{'id': '25'},[{'athlete': {'id': '4278073'}}],2026-05-19T02:47:10Z,True,"{'x': -214748340, 'y': -214748365}",1,+1 Point,288.0
401873197612,612,"{'id': '110', 'text': 'Driving Layup Shot'}",Alex Caruso blocks Stephon Castle 's 6-foot driving layup,91,86,4,4:36,False,0,{'id': '24'},"[{'athlete': {'id': '4845367'}}, {'athlete': {'id': '2991350'}}]",2026-05-19T02:47:26Z,True,"{'x': 31, 'y': 2}",2,Missed FG,276.0
401873197614,614,"{'id': '156', 'text': 'Offensive Rebound'}",Spurs offensive team rebound,91,86,4,4:36,False,0,{'id': '24'},,2026-05-19T02:47:26Z,False,"{'x': 31, 'y': 2}",0,Rebound,276.0
401873197616,616,"{'id': '92', 'text': 'Jump Shot'}",Devin Vassell misses 16-foot jumper,91,86,4,4:34,False,0,{'id': '24'},[{'athlete': {'id': '4395630'}}],2026-05-19T02:47:45Z,True,"{'x': 42, 'y': -1}",2,Missed FG,274.0
401873197617,617,"{'id': '155', 'text': 'Defensive Rebound'}",Shai Gilgeous-Alexander defensive rebound,91,86,4,4:31,False,0,{'id': '25'},[{'athlete': {'id': '4278073'}}],2026-05-19T02:47:48Z,False,"{'x': 42, 'y': -1}",0,Rebound,271.0
401873197618,618,"{'id': '131', 'text': 'Pullup Jump Shot'}",Jalen Williams makes 9-foot pullup jump shot,91,88,4,4:19,True,2,{'id': '25'},[{'athlete': {'id': '4593803'}}],2026-05-19T02:48:00Z,True,"{'x': 19, 'y': 8}",2,+2 Points,259.0
401873197619,619,"{'id': '92', 'text': 'Jump Shot'}",Julian Champagnie misses 26-foot three point jumper,91,88,4,4:02,False,0,{'id': '24'},[{'athlete': {'id': '4592479'}}],2026-05-19T02:48:17Z,True,"{'x': 12, 'y': 23}",3,Missed 3PT,242.0
401873197620,620,"{'id': '156', 'text': 'Offensive Rebound'}",Devin Vassell offensive rebound,91,88,4,3:59,False,0,{'id': '24'},[{'athlete': {'id': '4395630'}}],2026-05-19T02:48:20Z,False,"{'x': 12, 'y': 23}",0,Rebound,239.0
401873197621,621,"{'id': '92', 'text': 'Jump Shot'}",Dylan Harper misses 23-foot three point jumper,91,88,4,3:54,False,0,{'id': '24'},[{'athlete': {'id': '5037871'}}],2026-05-19T02:48:26Z,True,"{'x': 48, 'y': 7}",3,Missed 3PT,234.0
401873197622,622,"{'id': '156', 'text': 'Offensive Rebound'}",Spurs offensive team rebound,91,88,4,3:52,False,0,{'id': '24'},,2026-05-19T02:48:28Z,False,"{'x': 48, 'y': 7}",0,Rebound,232.0
401873197624,624,"{'id': '16', 'text': 'Full Timeout'}",Spurs Full timeout,91,88,4,3:52,False,0,{'id': '24'},,2026-05-19T02:48:38Z,False,"{'x': -214748340, 'y': -214748365}",0,Timeout,232.0
401873197625,625,"{'id': '115', 'text': 'Driving Dunk Shot'}",Chet Holmgren blocks Victor Wembanyama's driving dunk,91,88,4,3:38,False,0,{'id': '24'},"[{'athlete': {'id': '5104157'}}, {'athlete': {'id': '4433255'}}]",2026-05-19T02:50:37Z,True,"{'x': 22, 'y': 0}",2,Missed FG,218.0
401873197626,626,"{'id': '155', 'text': 'Defensive Rebound'}",Thunder defensive team rebound,91,88,4,3:37,False,0,{'id': '25'},,2026-05-19T02:50:38Z,False,"{'x': 22, 'y': 0}",0,Rebound,217.0
401873197628,628,"{'id': '141', 'text': 'Cutting Layup Shot'}",Alex Caruso makes 1-foot layup (Shai Gilgeous-Alexander assists),91,90,4,3:23,True,2,{'id': '25'},"[{'athlete': {'id': '2991350'}}, {'athlete': {'id': '4278073'}}]",2026-05-19T02:51:03Z,True,"{'x': 26, 'y': 1}",2,+2 Points,203.0
401873197631,631,"{'id': '92', 'text': 'Jump Shot'}",Devin Vassell misses 23-foot three point jumper,91,90,4,3:00,False,0,{'id': '24'},[{'athlete': {'id': '4395630'}}],2026-05-19T02:51:26Z,True,"{'x': 2, 'y': 6}",3,Missed 3PT,180.0
401873197632,632,"{'id': '156', 'text': 'Offensive Rebound'}",Stephon Castle offensive rebound,91,90,4,2:57,False,0,{'id': '24'},[{'athlete': {'id': '4845367'}}],2026-05-19T02:51:29Z,False,"{'x': 2, 'y': 6}",0,Rebound,177.0
401873197633,633,"{'id': '63', 'text': 'Lost Ball Turnover'}",Stephon Castle lost ball turnover (Shai Gilgeous-Alexander steals),91,90,4,2:56,False,0,{'id': '24'},"[{'athlete': {'id': '4845367'}}, {'athlete': {'id': '4278073'}}]",2026-05-19T02:51:30Z,False,"{'x': 24, 'y': 2}",0,Turnover,176.0
401873197635,635,"{'id': '146', 'text': 'Running Pullup Jump Shot'}",Shai Gilgeous-Alexander misses running pullup jump shot,91,90,4,2:51,False,0,{'id': '25'},[{'athlete': {'id': '4278073'}}],2026-05-19T02:51:35Z,True,"{'x': 4, 'y': 15}",3,Missed 3PT,171.0
401873197636,636,"{'id': '155', 'text': 'Defensive Rebound'}",Dylan Harper defensive rebound,91,90,4,2:48,False,0,{'id': '24'},[{'athlete': {'id': '5037871'}}],2026-05-19T02:51:38Z,False,"{'x': 4, 'y': 15}",0,Rebound,168.0
401873197637,637,"{'id': '45', 'text': 'Personal Foul'}",Ajay Mitchell personal foul,91,90,4,2:35,False,0,{'id': '25'},[{'athlete': {'id': '4900671'}}],2026-05-19T02:51:54Z,False,"{'x': 27, 'y': 4}",0,Foul,155.0
401873197639,639,"{'id': '92', 'text': 'Jump Shot'}",Devin Vassell makes 23-foot three point jumper (Julian Champagnie assists),94,90,4,2:25,True,3,{'id': '24'},"[{'athlete': {'id': '4395630'}}, {'athlete': {'id': '4592479'}}]",2026-05-19T02:52:39Z,True,"{'x': 48, 'y': 4}",3,+3 Points,145.0
401873197641,641,"{'id': '132', 'text': 'Step Back Jump Shot'}",Shai Gilgeous-Alexander makes 10-foot step back jumpshot,94,92,4,2:10,True,2,{'id': '25'},[{'athlete': {'id': '4278073'}}],2026-05-19T02:52:55Z,True,"{'x': 32, 'y': 9}",2,+2 Points,130.0
401873197642,642,"{'id': '42', 'text': 'Offensive Foul'}",Victor Wembanyama offensive foul,94,92,4,2:00,False,0,{'id': '24'},[{'athlete': {'id': '5104157'}}],2026-05-19T02:53:06Z,False,"{'x': 25, 'y': 23}",0,Foul,120.0
401873197644,644,"{'id': '84', 'text': 'Offensive Foul Turnover'}",Victor Wembanyama offensive foul turnover,94,92,4,2:00,False,0,{'id': '24'},[{'athlete': {'id': '5104157'}}],2026-05-19T02:53:06Z,False,"{'x': 25, 'y': 23}",0,Turnover,120.0
401873197645,645,"{'id': '278', 'text': 'Ref-Initiated Review (Supported)'}",(02:00) [Spurs] REF-INITIATED REVIEW (REPLAY SUPPORTS CALL),94,92,4,2:00,False,0,,,2026-05-19T02:53:21Z,False,"{'x': -214748340, 'y': -214748365}",0,Challenge,120.0
401873197647,647,"{'id': '92', 'text': 'Jump Shot'}",Alex Caruso makes 25-foot three point jumper (Shai Gilgeous-Alexander assists),94,95,4,1:51,True,3,{'id': '25'},"[{'athlete': {'id': '2991350'}}, {'athlete': {'id': '4278073'}}]",2026-05-19T02:55:42Z,True,"{'x': 27, 'y': 26}",3,+3 Points,111.0
401873197649,649,"{'id': '92', 'text': 'Jump Shot'}",Julian Champagnie makes 23-foot three point jumper (Stephon Castle assists),97,95,4,1:26,True,3,{'id': '24'},"[{'athlete': {'id': '4592479'}}, {'athlete': {'id': '4845367'}}]",2026-05-19T02:56:12Z,True,"{'x': 49, 'y': 2}",3,+3 Points,86.0
401873197651,651,"{'id': '144', 'text': 'Driving Floating Jump Shot'}",Jalen Williams makes 11-foot driving floating jump shot (Alex Caruso assists),97,97,4,1:12,True,2,{'id': '25'},"[{'athlete': {'id': '4593803'}}, {'athlete': {'id': '2991350'}}]",2026-05-19T02:56:28Z,True,"{'x': 17, 'y': 8}",2,+2 Points,72.0
401873197653,653,"{'id': '62', 'text': 'Bad Pass\nTurnover'}","Stephon Castle bad pass
turnover (Shai Gilgeous-Alexander steals)",97,97,4,1:05,False,0,{'id': '24'},"[{'athlete': {'id': '4845367'}}, {'athlete': {'id': '4278073'}}]",2026-05-19T02:56:45Z,False,"{'x': 39, 'y': 25}",0,Turnover,65.0
401873197655,655,"{'id': '109', 'text': 'Running Layup Shot'}",Shai Gilgeous-Alexander misses running layup,97,97,4,59.3,False,0,{'id': '25'},[{'athlete': {'id': '4278073'}}],2026-05-19T02:56:51Z,True,"{'x': 21, 'y': 4}",2,Missed FG,59.3
401873197656,656,"{'id': '155', 'text': 'Defensive Rebound'}",Victor Wembanyama defensive rebound,97,97,4,57.2,False,0,{'id': '24'},[{'athlete': {'id': '5104157'}}],2026-05-19T02:56:53Z,False,"{'x': 21, 'y': 4}",0,Rebound,57.2
401873197657,657,"{'id': '16', 'text': 'Full Timeout'}",Spurs Full timeout,97,97,4,53.4,False,0,{'id': '24'},,2026-05-19T02:57:04Z,False,"{'x': -214748340, 'y': -214748365}",0,Timeout,53.4
401873197658,658,"{'id': '44', 'text': 'Shooting Foul'}",Chet Holmgren shooting foul,97,97,4,37.1,False,0,{'id': '25'},[{'athlete': {'id': '4433255'}}],2026-05-19T02:59:06Z,False,"{'x': 25, 'y': 19}",0,Foul,37.1
401873197660,660,"{'id': '98', 'text': 'Free Throw - 1 of 2'}",Dylan Harper makes free throw 1 of 2,98,97,4,37.1,True,1,{'id': '24'},[{'athlete': {'id': '5037871'}}],2026-05-19T02:59:28Z,True,"{'x': -214748340, 'y': -214748365}",1,+1 Point,37.1
401873197661,661,"{'id': '584', 'text': 'Substitution'}",Jaylin Williams enters the game for Shai Gilgeous-Alexander,98,97,4,37.1,False,0,{'id': '25'},"[{'athlete': {'id': '4432823'}}, {'athlete': {'id': '4278073'}}]",2026-05-19T02:59:37Z,False,"{'x': -214748340, 'y': -214748365}",0,Substitution,37.1
401873197662,662,"{'id': '584', 'text': 'Substitution'}",Isaiah Hartenstein enters the game for Ajay Mitchell,98,97,4,37.1,False,0,{'id': '25'},"[{'athlete': {'id': '4222252'}}, {'athlete': {'id': '4900671'}}]",2026-05-19T02:59:37Z,False,"{'x': -214748340, 'y': -214748365}",0,Substitution,37.1
401873197665,665,"{'id': '99', 'text': 'Free Throw - 2 of 2'}",Dylan Harper makes free throw 2 of 2,99,97,4,37.1,True,1,{'id': '24'},[{'athlete': {'id': '5037871'}}],2026-05-19T03:00:07Z,True,"{'x': -214748340, 'y': -214748365}",1,+1 Point,37.1
401873197666,666,"{'id': '16', 'text': 'Full Timeout'}",Thunder Full timeout,99,97,4,37.1,False,0,{'id': '25'},,2026-05-19T03:00:10Z,False,"{'x': -214748340, 'y': -214748365}",0,Timeout,37.1
401873197667,667,"{'id': '584', 'text': 'Substitution'}",Shai Gilgeous-Alexander enters the game for Jaylin Williams,99,97,4,37.1,False,0,{'id': '25'},"[{'athlete': {'id': '4278073'}}, {'athlete': {'id': '4432823'}}]",2026-05-19T03:00:11Z,False,"{'x': -214748340, 'y': -214748365}",0,Substitution,37.1
401873197668,668,"{'id': '584', 'text': 'Substitution'}",Ajay Mitchell enters the game for Isaiah Hartenstein,99,97,4,37.1,False,0,{'id': '25'},"[{'athlete': {'id': '4900671'}}, {'athlete': {'id': '4222252'}}]",2026-05-19T03:00:11Z,False,"{'x': -214748340, 'y': -214748365}",0,Substitution,37.1
401873197671,671,"{'id': '44', 'text': 'Shooting Foul'}",Stephon Castle shooting foul,99,97,4,33.2,False,0,{'id': '24'},[{'athlete': {'id': '4845367'}}],2026-05-19T03:02:04Z,False,"{'x': 19, 'y': 0}",0,Foul,33.2
401873197673,673,"{'id': '98', 'text': 'Free Throw - 1 of 2'}",Shai Gilgeous-Alexander makes free throw 1 of 2,99,98,4,33.2,True,1,{'id': '25'},[{'athlete': {'id': '4278073'}}],2026-05-19T03:02:33Z,True,"{'x': -214748340, 'y': -214748365}",1,+1 Point,33.2
401873197674,674,"{'id': '99', 'text': 'Free Throw - 2 of 2'}",Shai Gilgeous-Alexander makes free throw 2 of 2,99,99,4,33.2,True,1,{'id': '25'},[{'athlete': {'id': '4278073'}}],2026-05-19T03:02:49Z,True,"{'x': -214748340, 'y': -214748365}",1,+1 Point,33.2
401873197675,675,"{'id': '114', 'text': 'Turnaround Jump Shot'}",Victor Wembanyama makes 3-foot turnaround jump shot,101,99,4,11.5,True,2,{'id': '24'},[{'athlete': {'id': '5104157'}}],2026-05-19T03:03:17Z,True,"{'x': 25, 'y': 4}",2,+2 Points,11.5
401873197676,676,"{'id': '16', 'text': 'Full Timeout'}",Thunder Full timeout,101,99,4,11.5,False,0,{'id': '25'},,2026-05-19T03:03:27Z,False,"{'x': -214748340, 'y': -214748365}",0,Timeout,11.5
401873197677,677,"{'id': '128', 'text': 'Driving Finger Roll Layup'}",Shai Gilgeous-Alexander makes 2-foot two point shot (Ajay Mitchell assists),101,101,4,3.1,True,2,{'id': '25'},"[{'athlete': {'id': '4278073'}}, {'athlete': {'id': '4900671'}}]",2026-05-19T03:05:15Z,True,"{'x': 23, 'y': 1}",2,+2 Points,3.1
401873197679,679,"{'id': '16', 'text': 'Full Timeout'}",Spurs Full timeout,101,101,4,3.1,False,0,{'id': '24'},,2026-05-19T03:05:23Z,False,"{'x': -214748340, 'y': -214748365}",0,Timeout,3.1
401873197680,680,"{'id': '584', 'text': 'Substitution'}",Cason Wallace enters the game for Shai Gilgeous-Alexander,101,101,4,3.1,False,0,{'id': '25'},"[{'athlete': {'id': '4683692'}}, {'athlete': {'id': '4278073'}}]",2026-05-19T03:06:35Z,False,"{'x': -214748340, 'y': -214748365}",0,Substitution,3.1
401873197681,681,"{'id': '584', 'text': 'Substitution'}",Isaiah Hartenstein enters the game for Ajay Mitchell,101,101,4,3.1,False,0,{'id': '25'},"[{'athlete': {'id': '4222252'}}, {'athlete': {'id': '4900671'}}]",2026-05-19T03:06:35Z,False,"{'x': -214748340, 'y': -214748365}",0,Substitution,3.1
401873197684,684,"{'id': '130', 'text': 'Floating Jump Shot'}",Chet Holmgren blocks Victor Wembanyama 's 3-foot floating jump shot,101,101,4,0.0,False,0,{'id': '24'},"[{'athlete': {'id': '5104157'}}, {'athlete': {'id': '4433255'}}]",2026-05-19T03:07:17Z,True,"{'x': 21, 'y': 2}",2,Missed FG,0.0
401873197686,686,"{'id': '156', 'text': 'Offensive Rebound'}",Spurs offensive team rebound,101,101,4,0.0,False,0,{'id': '24'},,2026-05-19T03:07:17Z,False,"{'x': 21, 'y': 2}",0,Rebound,0.0
401873197687,687,"{'id': '412', 'text': 'End Period'}",End of the 4th Quarter,101,101,4,0.0,False,0,,,2026-05-19T03:07:46Z,False,"{'x': -214748340, 'y': -214748365}",0,End of 4th,0.0
401873197688,688,"{'id': '584', 'text': 'Substitution'}",Ajay Mitchell enters the game for Jalen Williams,101,101,5,5:00,False,0,{'id': '25'},"[{'athlete': {'id': '4900671'}}, {'athlete': {'id': '4593803'}}]",2026-05-19T03:08:10Z,False,"{'x': -214748340, 'y': -214748365}",0,Substitution,300.0
401873197689,689,"{'id': '584', 'text': 'Substitution'}",Shai Gilgeous-Alexander enters the game for Isaiah Hartenstein,101,101,5,5:00,False,0,{'id': '25'},"[{'athlete': {'id': '4278073'}}, {'athlete': {'id': '4222252'}}]",2026-05-19T03:08:10Z,False,"{'x': -214748340, 'y': -214748365}",0,Substitution,300.0
401873197694,694,"{'id': '615', 'text': 'Jumpball'}",Victor Wembanyama vs. Chet Holmgren (Stephon Castle gains possession),101,101,5,5:00,False,0,{'id': '24'},"[{'athlete': {'id': '5104157'}}, {'athlete': {'id': '4433255'}}, {'athlete': {'id': '4845367'}}]",2026-05-19T03:10:35Z,False,"{'x': -214748340, 'y': -214748365}",0,Jump Ball,300.0
401873197697,697,"{'id': '92', 'text': 'Jump Shot'}",Devin Vassell misses 26-foot three point jumper,101,101,5,4:48,False,0,{'id': '24'},[{'athlete': {'id': '4395630'}}],2026-05-19T03:10:44Z,True,"{'x': 45, 'y': 18}",3,Missed 3PT,288.0
401873197698,698,"{'id': '155', 'text': 'Defensive Rebound'}",Chet Holmgren defensive rebound,101,101,5,4:45,False,0,{'id': '25'},[{'athlete': {'id': '4433255'}}],2026-05-19T03:10:47Z,False,"{'x': 45, 'y': 18}",0,Rebound,285.0
401873197699,699,"{'id': '63', 'text': 'Lost Ball Turnover'}",Shai Gilgeous-Alexander lost ball turnover (Victor Wembanyama steals),101,101,5,4:37,False,0,{'id': '25'},"[{'athlete': {'id': '4278073'}}, {'athlete': {'id': '5104157'}}]",2026-05-19T03:10:55Z,False,"{'x': 16, 'y': 8}",0,Turnover,277.0
401873197701,701,"{'id': '87', 'text': 'Out of Bounds - Lost Ball Turnover'}",Dylan Harper out of bounds lost ball turnover,101,101,5,4:33,False,0,{'id': '24'},[{'athlete': {'id': '5037871'}}],2026-05-19T03:11:01Z,False,"{'x': 48, 'y': 5}",0,Turnover,273.0
401873197702,702,"{'id': '132', 'text': 'Step Back Jump Shot'}",Shai Gilgeous-Alexander misses 29-foot three point step back jumpshot,101,101,5,4:14,False,0,{'id': '25'},[{'athlete': {'id': '4278073'}}],2026-05-19T03:11:25Z,True,"{'x': 7, 'y': 22}",3,Missed 3PT,254.0
401873197704,704,"{'id': '156', 'text': 'Offensive Rebound'}",Cason Wallace offensive rebound,101,101,5,4:10,False,0,{'id': '25'},[{'athlete': {'id': '4683692'}}],2026-05-19T03:11:29Z,False,"{'x': 7, 'y': 22}",0,Rebound,250.0
401873197705,705,"{'id': '87', 'text': 'Out of Bounds - Lost Ball Turnover'}",Alex Caruso out of bounds lost ball turnover,101,101,5,4:09,False,0,{'id': '25'},[{'athlete': {'id': '2991350'}}],2026-05-19T03:11:35Z,False,"{'x': 2, 'y': 12}",0,Turnover,249.0
401873197706,706,"{'id': '45', 'text': 'Personal Foul'}",Ajay Mitchell personal foul,101,101,5,3:56,False,0,{'id': '25'},[{'athlete': {'id': '4900671'}}],2026-05-19T03:12:01Z,False,"{'x': 26, 'y': 7}",0,Foul,236.0
401873197708,708,"{'id': '584', 'text': 'Substitution'}",Jalen Williams enters the game for Cason Wallace,101,101,5,3:56,False,0,{'id': '25'},"[{'athlete': {'id': '4593803'}}, {'athlete': {'id': '4683692'}}]",2026-05-19T03:12:17Z,False,"{'x': -214748340, 'y': -214748365}",0,Substitution,236.0
401873197710,710,"{'id': '115', 'text': 'Driving Dunk Shot'}",Stephon Castle makes driving dunk,103,101,5,3:46,True,2,{'id': '24'},[{'athlete': {'id': '4845367'}}],2026-05-19T03:12:36Z,True,"{'x': 26, 'y': 0}",2,+2 Points,226.0
401873197711,711,"{'id': '144', 'text': 'Driving Floating Jump Shot'}",Shai Gilgeous-Alexander misses driving floating jump shot,103,101,5,3:27,False,0,{'id': '25'},[{'athlete': {'id': '4278073'}}],2026-05-19T03:12:54Z,True,"{'x': 25, 'y': 6}",2,Missed FG,207.0
401873197712,712,"{'id': '155', 'text': 'Defensive Rebound'}",Victor Wembanyama defensive rebound,103,101,5,3:25,False,0,{'id': '24'},[{'athlete': {'id': '5104157'}}],2026-05-19T03:12:55Z,False,"{'x': 25, 'y': 6}",0,Rebound,205.0
401873197713,713,"{'id': '62', 'text': 'Bad Pass\nTurnover'}","Stephon Castle bad pass
turnover (Chet Holmgren steals)",103,101,5,3:18,False,0,{'id': '24'},"[{'athlete': {'id': '4845367'}}, {'athlete': {'id': '4433255'}}]",2026-05-19T03:13:03Z,False,"{'x': 24, 'y': 0}",0,Turnover,198.0
401873197715,715,"{'id': '109', 'text': 'Running Layup Shot'}",Julian Champagnie blocks Jalen Williams 's 3-foot running layup,103,101,5,3:13,False,0,{'id': '25'},"[{'athlete': {'id': '4593803'}}, {'athlete': {'id': '4592479'}}]",2026-05-19T03:13:13Z,True,"{'x': 23, 'y': 2}",2,Missed FG,193.0
401873197716,716,"{'id': '155', 'text': 'Defensive Rebound'}",Spurs defensive team rebound,103,101,5,3:13,False,0,{'id': '24'},,2026-05-19T03:13:13Z,False,"{'x': 23, 'y': 2}",0,Rebound,193.0
401873197718,718,"{'id': '213', 'text': 'Challenge'}",Spurs Coach's Challenge,103,101,5,3:13,False,0,{'id': '24'},,2026-05-19T03:13:55Z,False,"{'x': -214748340, 'y': -214748365}",0,Challenge,193.0
401873197719,719,"{'id': '215', 'text': ""Coach's Challenge (Overturned)""}",(03:13) [Spurs] COACH'S CHALLENGE (CALL OVERTURNED) [Spurs] retain their timeout,103,101,5,3:13,False,0,{'id': '24'},,2026-05-19T03:13:57Z,False,"{'x': -214748340, 'y': -214748365}",0,Challenge,193.0
401873197721,721,"{'id': '92', 'text': 'Jump Shot'}",Stephon Castle misses 28-foot three point jumper,103,101,5,2:51,False,0,{'id': '24'},[{'athlete': {'id': '4845367'}}],2026-05-19T03:15:24Z,True,"{'x': 45, 'y': 20}",3,Missed 3PT,171.0
401873197722,722,"{'id': '156', 'text': 'Offensive Rebound'}",Victor Wembanyama offensive rebound,103,101,5,2:47,False,0,{'id': '24'},[{'athlete': {'id': '5104157'}}],2026-05-19T03:15:28Z,False,"{'x': 45, 'y': 20}",0,Rebound,167.0
401873197723,723,"{'id': '125', 'text': 'Layup Shot Putback'}",Victor Wembanyama makes two point shot,105,101,5,2:47,True,2,{'id': '24'},[{'athlete': {'id': '5104157'}}],2026-05-19T03:15:29Z,True,"{'x': 27, 'y': 1}",2,+2 Points,167.0
401873197724,724,"{'id': '92', 'text': 'Jump Shot'}",Alex Caruso misses 26-foot three point jumper,105,101,5,2:32,False,0,{'id': '25'},[{'athlete': {'id': '2991350'}}],2026-05-19T03:15:43Z,True,"{'x': 32, 'y': 26}",3,Missed 3PT,152.0
401873197725,725,"{'id': '156', 'text': 'Offensive Rebound'}",Thunder offensive team rebound,105,101,5,2:31,False,0,{'id': '25'},,2026-05-19T03:15:48Z,False,"{'x': 32, 'y': 26}",0,Rebound,151.0
401873197726,726,"{'id': '43', 'text': 'Loose Ball Foul'}",Victor Wembanyama loose ball foul,105,101,5,2:31,False,0,{'id': '24'},[{'athlete': {'id': '5104157'}}],2026-05-19T03:15:49Z,False,"{'x': 25, 'y': 3}",0,Foul,151.0
401873197728,728,"{'id': '92', 'text': 'Jump Shot'}",Alex Caruso makes 22-foot three point jumper (Shai Gilgeous-Alexander assists),105,104,5,2:21,True,3,{'id': '25'},"[{'athlete': {'id': '2991350'}}, {'athlete': {'id': '4278073'}}]",2026-05-19T03:16:17Z,True,"{'x': 2, 'y': -1}",3,+3 Points,141.0
401873197730,730,"{'id': '62', 'text': 'Bad Pass\nTurnover'}","Stephon Castle bad pass
turnover (Alex Caruso steals)",105,104,5,1:55,False,0,{'id': '24'},"[{'athlete': {'id': '4845367'}}, {'athlete': {'id': '2991350'}}]",2026-05-19T03:16:43Z,False,"{'x': 24, 'y': 22}",0,Turnover,115.0
401873197732,732,"{'id': '116', 'text': 'Running Dunk Shot'}",Jalen Williams makes 1-foot running dunk,105,106,5,1:52,True,2,{'id': '25'},[{'athlete': {'id': '4593803'}}],2026-05-19T03:16:47Z,True,"{'x': 26, 'y': 2}",2,+2 Points,112.0
401873197733,733,"{'id': '63', 'text': 'Lost Ball Turnover'}",Victor Wembanyama lost ball turnover (Jalen Williams steals),105,106,5,1:35,False,0,{'id': '24'},"[{'athlete': {'id': '5104157'}}, {'athlete': {'id': '4593803'}}]",2026-05-19T03:17:06Z,False,"{'x': 26, 'y': 5}",0,Turnover,95.0
401873197735,735,"{'id': '113', 'text': 'Running Jump Shot'}",Ajay Mitchell misses 27-foot running jump shot,105,106,5,1:31,False,0,{'id': '25'},[{'athlete': {'id': '4900671'}}],2026-05-19T03:17:10Z,True,"{'x': 2, 'y': 14}",3,Missed 3PT,91.0
401873197736,736,"{'id': '155', 'text': 'Defensive Rebound'}",Spurs defensive team rebound,105,106,5,1:28,False,0,{'id': '24'},,2026-05-19T03:17:13Z,False,"{'x': 2, 'y': 14}",0,Rebound,88.0
401873197738,738,"{'id': '92', 'text': 'Jump Shot'}",Julian Champagnie misses 22-foot three point jumper,105,106,5,1:15,False,0,{'id': '24'},[{'athlete': {'id': '4592479'}}],2026-05-19T03:17:58Z,True,"{'x': 48, 'y': 1}",3,Missed 3PT,75.0
401873197739,739,"{'id': '156', 'text': 'Offensive Rebound'}",Victor Wembanyama offensive rebound,105,106,5,1:10,False,0,{'id': '24'},[{'athlete': {'id': '5104157'}}],2026-05-19T03:18:03Z,False,"{'x': 48, 'y': 1}",0,Rebound,70.0
401873197740,740,"{'id': '94', 'text': 'Tip Shot'}",Victor Wembanyama misses tip shot,105,106,5,1:10,False,0,{'id': '24'},[{'athlete': {'id': '5104157'}}],2026-05-19T03:18:02Z,True,"{'x': 25, 'y': 0}",2,Missed FG,70.0
401873197741,741,"{'id': '155', 'text': 'Defensive Rebound'}",Alex Caruso defensive rebound,105,106,5,1:08,False,0,{'id': '25'},[{'athlete': {'id': '2991350'}}],2026-05-19T03:18:06Z,False,"{'x': 25, 'y': 0}",0,Rebound,68.0
401873197743,743,"{'id': '115', 'text': 'Driving Dunk Shot'}",Shai Gilgeous-Alexander makes 1-foot driving dunk,105,108,5,57.6,True,2,{'id': '25'},[{'athlete': {'id': '4278073'}}],2026-05-19T03:18:45Z,True,"{'x': 25, 'y': 2}",2,+2 Points,57.6
401873197744,744,"{'id': '92', 'text': 'Jump Shot'}",Julian Champagnie misses 25-foot three point jumper,105,108,5,50.5,False,0,{'id': '24'},[{'athlete': {'id': '4592479'}}],2026-05-19T03:18:56Z,True,"{'x': 8, 'y': 18}",3,Missed 3PT,50.5
401873197745,745,"{'id': '155', 'text': 'Defensive Rebound'}",Ajay Mitchell defensive rebound,105,108,5,46.3,False,0,{'id': '25'},[{'athlete': {'id': '4900671'}}],2026-05-19T03:19:00Z,False,"{'x': 8, 'y': 18}",0,Rebound,46.3
401873197746,746,"{'id': '133', 'text': 'Pullup Bank Jump Shot'}",Jalen Williams misses 13-foot two point shot,105,108,5,33.6,False,0,{'id': '25'},[{'athlete': {'id': '4593803'}}],2026-05-19T03:19:13Z,True,"{'x': 16, 'y': 11}",2,Missed FG,33.6
401873197747,747,"{'id': '155', 'text': 'Defensive Rebound'}",Julian Champagnie defensive rebound,105,108,5,31.3,False,0,{'id': '24'},[{'athlete': {'id': '4592479'}}],2026-05-19T03:19:15Z,False,"{'x': 16, 'y': 11}",0,Rebound,31.3
401873197748,748,"{'id': '113', 'text': 'Running Jump Shot'}",Victor Wembanyama makes 27-foot running jump shot (Stephon Castle assists),108,108,5,27.0,True,3,{'id': '24'},"[{'athlete': {'id': '5104157'}}, {'athlete': {'id': '4845367'}}]",2026-05-19T03:19:20Z,True,"{'x': 14, 'y': 26}",3,+3 Points,27.0
401873197750,750,"{'id': '16', 'text': 'Full Timeout'}",Thunder Full timeout,108,108,5,26.3,False,0,{'id': '25'},,2026-05-19T03:19:34Z,False,"{'x': -214748340, 'y': -214748365}",0,Timeout,26.3
401873197751,751,"{'id': '92', 'text': 'Jump Shot'}",Jalen Williams misses 26-foot three point jumper,108,108,5,4.3,False,0,{'id': '25'},[{'athlete': {'id': '4593803'}}],2026-05-19T03:21:52Z,True,"{'x': 43, 'y': 20}",3,Missed 3PT,4.3
401873197752,752,"{'id': '155', 'text': 'Defensive Rebound'}",Dylan Harper defensive rebound,108,108,5,0.7,False,0,{'id': '24'},[{'athlete': {'id': '5037871'}}],2026-05-19T03:21:55Z,False,"{'x': 43, 'y': 20}",0,Rebound,0.7
401873197753,753,"{'id': '16', 'text': 'Full Timeout'}",Spurs Full timeout,108,108,5,0.7,False,0,{'id': '24'},,2026-05-19T03:22:09Z,False,"{'x': -214748340, 'y': -214748365}",0,Timeout,0.7
401873197754,754,"{'id': '584', 'text': 'Substitution'}",Isaiah Hartenstein enters the game for Ajay Mitchell,108,108,5,0.7,False,0,{'id': '25'},"[{'athlete': {'id': '4222252'}}, {'athlete': {'id': '4900671'}}]",2026-05-19T03:23:27Z,False,"{'x': -214748340, 'y': -214748365}",0,Substitution,0.7
401873197756,756,"{'id': '412', 'text': 'End Period'}",End of the 1st  Overtime,108,108,5,0.0,False,0,,,2026-05-19T03:24:28Z,False,"{'x': -214748340, 'y': -214748365}",0,End of 1st OT,0.0
401873197757,757,"{'id': '584', 'text': 'Substitution'}",Luguentz Dort enters the game for Jalen Williams,108,108,6,5:00,False,0,{'id': '25'},"[{'athlete': {'id': '4397020'}}, {'athlete': {'id': '4593803'}}]",2026-05-19T03:24:33Z,False,"{'x': -214748340, 'y': -214748365}",0,Substitution,300.0
401873197758,758,"{'id': '584', 'text': 'Substitution'}",Cason Wallace enters the game for Alex Caruso,108,108,6,5:00,False,0,{'id': '25'},"[{'athlete': {'id': '4683692'}}, {'athlete': {'id': '2991350'}}]",2026-05-19T03:24:33Z,False,"{'x': -214748340, 'y': -214748365}",0,Substitution,300.0
401873197759,759,"{'id': '584', 'text': 'Substitution'}",Ajay Mitchell enters the game for Isaiah Hartenstein,108,108,6,5:00,False,0,{'id': '25'},"[{'athlete': {'id': '4900671'}}, {'athlete': {'id': '4222252'}}]",2026-05-19T03:24:33Z,False,"{'x': -214748340, 'y': -214748365}",0,Substitution,300.0
401873197765,765,"{'id': '615', 'text': 'Jumpball'}",Victor Wembanyama vs. Chet Holmgren (Dylan Harper gains possession),108,108,6,5:00,False,0,{'id': '24'},"[{'athlete': {'id': '5104157'}}, {'athlete': {'id': '4433255'}}, {'athlete': {'id': '5037871'}}]",2026-05-19T03:27:00Z,False,"{'x': -214748340, 'y': -214748365}",0,Jump Ball,300.0
401873197768,768,"{'id': '144', 'text': 'Driving Floating Jump Shot'}",Stephon Castle misses driving floating jump shot,108,108,6,4:46,False,0,{'id': '24'},[{'athlete': {'id': '4845367'}}],2026-05-19T03:27:11Z,True,"{'x': 22, 'y': 1}",2,Missed FG,286.0
401873197769,769,"{'id': '156', 'text': 'Offensive Rebound'}",Dylan Harper offensive rebound,108,108,6,4:44,False,0,{'id': '24'},[{'athlete': {'id': '5037871'}}],2026-05-19T03:27:13Z,False,"{'x': 22, 'y': 1}",0,Rebound,284.0
401873197770,770,"{'id': '125', 'text': 'Layup Shot Putback'}",Shai Gilgeous-Alexander blocks Dylan Harper 's 1-foot two point shot,108,108,6,4:44,False,0,{'id': '24'},"[{'athlete': {'id': '5037871'}}, {'athlete': {'id': '4278073'}}]",2026-05-19T03:27:14Z,True,"{'x': 24, 'y': 0}",2,Missed FG,284.0
401873197772,772,"{'id': '155', 'text': 'Defensive Rebound'}",Luguentz Dort defensive rebound,108,108,6,4:41,False,0,{'id': '25'},[{'athlete': {'id': '4397020'}}],2026-05-19T03:27:17Z,False,"{'x': 24, 'y': 0}",0,Rebound,281.0
401873197773,773,"{'id': '70', 'text': 'Shot Clock Turnover'}",shot clock turnover ,108,108,6,4:19,False,0,{'id': '25'},,2026-05-19T03:27:41Z,False,"{'x': 19, 'y': 14}",0,Turnover,259.0
401873197774,774,"{'id': '63', 'text': 'Lost Ball Turnover'}",Julian Champagnie lost ball turnover (Cason Wallace steals),108,108,6,4:05,False,0,{'id': '24'},"[{'athlete': {'id': '4592479'}}, {'athlete': {'id': '4683692'}}]",2026-05-19T03:28:15Z,False,"{'x': 20, 'y': 2}",0,Turnover,245.0
401873197776,776,"{'id': '132', 'text': 'Step Back Jump Shot'}",Chet Holmgren misses 22-foot three point step back jumpshot,108,108,6,3:51,False,0,{'id': '25'},[{'athlete': {'id': '4433255'}}],2026-05-19T03:28:29Z,True,"{'x': 48, 'y': 4}",3,Missed 3PT,231.0
401873197777,777,"{'id': '155', 'text': 'Defensive Rebound'}",Dylan Harper defensive rebound,108,108,6,3:49,False,0,{'id': '24'},[{'athlete': {'id': '5037871'}}],2026-05-19T03:28:31Z,False,"{'x': 48, 'y': 4}",0,Rebound,229.0
401873197778,778,"{'id': '115', 'text': 'Driving Dunk Shot'}",Victor Wembanyama makes 1-foot driving dunk (Dylan Harper assists),110,108,6,3:40,True,2,{'id': '24'},"[{'athlete': {'id': '5104157'}}, {'athlete': {'id': '5037871'}}]",2026-05-19T03:28:41Z,True,"{'x': 26, 'y': 1}",2,+2 Points,220.0
401873197780,780,"{'id': '132', 'text': 'Step Back Jump Shot'}",Shai Gilgeous-Alexander misses 25-foot three point step back jumpshot,110,108,6,3:23,False,0,{'id': '25'},[{'athlete': {'id': '4278073'}}],2026-05-19T03:28:58Z,True,"{'x': 5, 'y': 16}",3,Missed 3PT,203.0
401873197781,781,"{'id': '155', 'text': 'Defensive Rebound'}",Victor Wembanyama defensive rebound,110,108,6,3:19,False,0,{'id': '24'},[{'athlete': {'id': '5104157'}}],2026-05-19T03:29:02Z,False,"{'x': 5, 'y': 16}",0,Rebound,199.0
401873197782,782,"{'id': '45', 'text': 'Personal Foul'}",Ajay Mitchell personal foul,110,108,6,3:16,False,0,{'id': '25'},[{'athlete': {'id': '4900671'}}],2026-05-19T03:29:12Z,False,"{'x': 27, 'y': 4}",0,Foul,196.0
401873197784,784,"{'id': '98', 'text': 'Free Throw - 1 of 2'}",Victor Wembanyama makes free throw 1 of 2,111,108,6,3:16,True,1,{'id': '24'},[{'athlete': {'id': '5104157'}}],2026-05-19T03:29:52Z,True,"{'x': -214748340, 'y': -214748365}",1,+1 Point,196.0
401873197785,785,"{'id': '584', 'text': 'Substitution'}",Jalen Williams enters the game for Luguentz Dort,111,108,6,3:16,False,0,{'id': '25'},"[{'athlete': {'id': '4593803'}}, {'athlete': {'id': '4397020'}}]",2026-05-19T03:29:52Z,False,"{'x': -214748340, 'y': -214748365}",0,Substitution,196.0
401873197789,789,"{'id': '584', 'text': 'Substitution'}",Alex Caruso enters the game for Ajay Mitchell,111,108,6,3:16,False,0,{'id': '25'},"[{'athlete': {'id': '2991350'}}, {'athlete': {'id': '4900671'}}]",2026-05-19T03:29:52Z,False,"{'x': -214748340, 'y': -214748365}",0,Substitution,196.0
401873197790,790,"{'id': '99', 'text': 'Free Throw - 2 of 2'}",Victor Wembanyama makes free throw 2 of 2,112,108,6,3:16,True,1,{'id': '24'},[{'athlete': {'id': '5104157'}}],2026-05-19T03:30:21Z,True,"{'x': -214748340, 'y': -214748365}",1,+1 Point,196.0
401873197791,791,"{'id': '132', 'text': 'Step Back Jump Shot'}",Alex Caruso misses 23-foot three point step back jumpshot,112,108,6,2:57,False,0,{'id': '25'},[{'athlete': {'id': '2991350'}}],2026-05-19T03:30:41Z,True,"{'x': 2, 'y': 0}",3,Missed 3PT,177.0
401873197792,792,"{'id': '155', 'text': 'Defensive Rebound'}",Victor Wembanyama defensive rebound,112,108,6,2:55,False,0,{'id': '24'},[{'athlete': {'id': '5104157'}}],2026-05-19T03:30:43Z,False,"{'x': 2, 'y': 0}",0,Rebound,175.0
401873197793,793,"{'id': '131', 'text': 'Pullup Jump Shot'}",Dylan Harper misses 31-foot three point pullup jump shot,112,108,6,2:34,False,0,{'id': '24'},[{'athlete': {'id': '5037871'}}],2026-05-19T03:31:05Z,True,"{'x': 14, 'y': 30}",3,Missed 3PT,154.0
401873197794,794,"{'id': '156', 'text': 'Offensive Rebound'}",Spurs offensive team rebound,112,108,6,2:33,False,0,{'id': '24'},,2026-05-19T03:31:06Z,False,"{'x': 14, 'y': 30}",0,Rebound,153.0
401873197795,795,"{'id': '70', 'text': 'Shot Clock Turnover'}",shot clock turnover ,112,108,6,2:33,False,0,{'id': '24'},,2026-05-19T03:31:10Z,False,"{'x': 20, 'y': 5}",0,Turnover,153.0
401873197796,796,"{'id': '92', 'text': 'Jump Shot'}",Cason Wallace makes 27-foot three point jumper (Shai Gilgeous-Alexander assists),112,111,6,2:24,True,3,{'id': '25'},"[{'athlete': {'id': '4683692'}}, {'athlete': {'id': '4278073'}}]",2026-05-19T03:31:28Z,True,"{'x': 8, 'y': 22}",3,+3 Points,144.0
401873197798,798,"{'id': '128', 'text': 'Driving Finger Roll Layup'}",Dylan Harper makes 1-foot two point shot (Stephon Castle assists),114,111,6,2:04,True,2,{'id': '24'},"[{'athlete': {'id': '5037871'}}, {'athlete': {'id': '4845367'}}]",2026-05-19T03:31:49Z,True,"{'x': 26, 'y': 1}",2,+2 Points,124.0
401873197800,800,"{'id': '44', 'text': 'Shooting Foul'}",Alex Caruso shooting foul,114,111,6,2:04,False,0,{'id': '25'},[{'athlete': {'id': '2991350'}}],2026-05-19T03:32:49Z,False,"{'x': 25, 'y': 2}",0,Foul,124.0
401873197802,802,"{'id': '280', 'text': 'Ref-Initiated Review (Stands)'}",(02:04) [Spurs] REF-INITIATED REVIEW (CALL STANDS),114,111,6,2:04,False,0,,,2026-05-19T03:33:00Z,False,"{'x': -214748340, 'y': -214748365}",0,Challenge,124.0
401873197803,803,"{'id': '97', 'text': 'Free Throw - 1 of 1'}",Dylan Harper makes free throw 1 of 1,115,111,6,2:04,True,1,{'id': '24'},[{'athlete': {'id': '5037871'}}],2026-05-19T03:35:24Z,True,"{'x': -214748340, 'y': -214748365}",1,+1 Point,124.0
401873197804,804,"{'id': '62', 'text': 'Bad Pass\nTurnover'}","Shai Gilgeous-Alexander bad pass
turnover (Dylan Harper steals)",115,111,6,1:48,False,0,{'id': '25'},"[{'athlete': {'id': '4278073'}}, {'athlete': {'id': '5037871'}}]",2026-05-19T03:35:40Z,False,"{'x': 10, 'y': 20}",0,Turnover,108.0
401873197806,806,"{'id': '110', 'text': 'Driving Layup Shot'}",Jalen Williams blocks Dylan Harper 's 3-foot driving layup,115,111,6,1:30,False,0,{'id': '24'},"[{'athlete': {'id': '5037871'}}, {'athlete': {'id': '4593803'}}]",2026-05-19T03:35:59Z,True,"{'x': 28, 'y': 2}",2,Missed FG,90.0
401873197808,808,"{'id': '155', 'text': 'Defensive Rebound'}",Jalen Williams defensive rebound,115,111,6,1:25,False,0,{'id': '25'},[{'athlete': {'id': '4593803'}}],2026-05-19T03:36:04Z,False,"{'x': 28, 'y': 2}",0,Rebound,85.0
401873197809,809,"{'id': '92', 'text': 'Jump Shot'}",Jalen Williams makes 27-foot three point jumper (Shai Gilgeous-Alexander assists),115,114,6,1:21,True,3,{'id': '25'},"[{'athlete': {'id': '4593803'}}, {'athlete': {'id': '4278073'}}]",2026-05-19T03:36:07Z,True,"{'x': 30, 'y': 28}",3,+3 Points,81.0
401873197811,811,"{'id': '96', 'text': 'Dunk Shot'}",Victor Wembanyama makes dunk (Dylan Harper assists),117,114,6,1:01,True,2,{'id': '24'},"[{'athlete': {'id': '5104157'}}, {'athlete': {'id': '5037871'}}]",2026-05-19T03:36:38Z,True,"{'x': 25, 'y': 0}",2,+2 Points,61.0
401873197813,813,"{'id': '44', 'text': 'Shooting Foul'}",Chet Holmgren shooting foul,117,114,6,1:01,False,0,{'id': '25'},[{'athlete': {'id': '4433255'}}],2026-05-19T03:36:40Z,False,"{'x': 25, 'y': 1}",0,Foul,61.0
401873197815,815,"{'id': '584', 'text': 'Substitution'}",Ajay Mitchell enters the game for Cason Wallace,117,114,6,1:01,False,0,{'id': '25'},"[{'athlete': {'id': '4900671'}}, {'athlete': {'id': '4683692'}}]",2026-05-19T03:36:56Z,False,"{'x': -214748340, 'y': -214748365}",0,Substitution,61.0
401873197817,817,"{'id': '97', 'text': 'Free Throw - 1 of 1'}",Victor Wembanyama makes free throw 1 of 1,118,114,6,1:01,True,1,{'id': '24'},[{'athlete': {'id': '5104157'}}],2026-05-19T03:37:28Z,True,"{'x': -214748340, 'y': -214748365}",1,+1 Point,61.0
401873197818,818,"{'id': '126', 'text': 'Layup Driving Reverse'}",Alex Caruso misses two point shot,118,114,6,46.1,False,0,{'id': '25'},[{'athlete': {'id': '2991350'}}],2026-05-19T03:37:45Z,True,"{'x': 24, 'y': 1}",2,Missed FG,46.1
401873197819,819,"{'id': '156', 'text': 'Offensive Rebound'}",Chet Holmgren offensive rebound,118,114,6,44.2,False,0,{'id': '25'},[{'athlete': {'id': '4433255'}}],2026-05-19T03:37:47Z,False,"{'x': 24, 'y': 1}",0,Rebound,44.2
401873197820,820,"{'id': '125', 'text': 'Layup Shot Putback'}",Devin Vassell blocks Chet Holmgren 's 1-foot two point shot,118,114,6,43.8,False,0,{'id': '25'},"[{'athlete': {'id': '4433255'}}, {'athlete': {'id': '4395630'}}]",2026-05-19T03:37:47Z,True,"{'x': 23, 'y': 0}",2,Missed FG,43.8
401873197822,822,"{'id': '156', 'text': 'Offensive Rebound'}",Jalen Williams offensive rebound,118,114,6,40.0,False,0,{'id': '25'},[{'athlete': {'id': '4593803'}}],2026-05-19T03:37:51Z,False,"{'x': 23, 'y': 0}",0,Rebound,40.0
401873197823,823,"{'id': '125', 'text': 'Layup Shot Putback'}",Jalen Williams misses two point shot,118,114,6,39.5,False,0,{'id': '25'},[{'athlete': {'id': '4593803'}}],2026-05-19T03:37:52Z,True,"{'x': 22, 'y': 1}",2,Missed FG,39.5
401873197824,824,"{'id': '155', 'text': 'Defensive Rebound'}",Dylan Harper defensive rebound,118,114,6,37.6,False,0,{'id': '24'},[{'athlete': {'id': '5037871'}}],2026-05-19T03:37:53Z,False,"{'x': 22, 'y': 1}",0,Rebound,37.6
401873197825,825,"{'id': '118', 'text': 'Alley Oop Dunk Shot'}",Victor Wembanyama makes 1-foot alley oop dunk (Stephon Castle assists),120,114,6,22.0,True,2,{'id': '24'},"[{'athlete': {'id': '5104157'}}, {'athlete': {'id': '4845367'}}]",2026-05-19T03:38:10Z,True,"{'x': 27, 'y': 0}",2,+2 Points,22.0
401873197827,827,"{'id': '16', 'text': 'Full Timeout'}",Thunder Full timeout,120,114,6,22.0,False,0,{'id': '25'},,2026-05-19T03:38:13Z,False,"{'x': -214748340, 'y': -214748365}",0,Timeout,22.0
401873197828,828,"{'id': '584', 'text': 'Substitution'}",Jared McCain enters the game for Chet Holmgren,120,114,6,22.0,False,0,{'id': '25'},"[{'athlete': {'id': '4683778'}}, {'athlete': {'id': '4433255'}}]",2026-05-19T03:39:35Z,False,"{'x': -214748340, 'y': -214748365}",0,Substitution,22.0
401873197830,830,"{'id': '128', 'text': 'Driving Finger Roll Layup'}",Victor Wembanyama blocks Jalen Williams's two point shot,120,114,6,17.9,False,0,{'id': '25'},"[{'athlete': {'id': '4593803'}}, {'athlete': {'id': '5104157'}}]",2026-05-19T03:40:04Z,True,"{'x': 24, 'y': 1}",2,Missed FG,17.9
401873197832,832,"{'id': '155', 'text': 'Defensive Rebound'}",Victor Wembanyama defensive rebound,120,114,6,15.1,False,0,{'id': '24'},[{'athlete': {'id': '5104157'}}],2026-05-19T03:40:07Z,False,"{'x': 24, 'y': 1}",0,Rebound,15.1
401873197833,833,"{'id': '45', 'text': 'Personal Foul'}",Jared McCain personal foul,120,114,6,14.5,False,0,{'id': '25'},[{'athlete': {'id': '4683778'}}],2026-05-19T03:40:10Z,False,"{'x': 46, 'y': 26}",0,Foul,14.5
401873197835,835,"{'id': '98', 'text': 'Free Throw - 1 of 2'}",Dylan Harper makes free throw 1 of 2,121,114,6,14.5,True,1,{'id': '24'},[{'athlete': {'id': '5037871'}}],2026-05-19T03:40:44Z,True,"{'x': -214748340, 'y': -214748365}",1,+1 Point,14.5
401873197836,836,"{'id': '99', 'text': 'Free Throw - 2 of 2'}",Dylan Harper makes free throw 2 of 2,122,114,6,14.5,True,1,{'id': '24'},[{'athlete': {'id': '5037871'}}],2026-05-19T03:41:06Z,True,"{'x': -214748340, 'y': -214748365}",1,+1 Point,14.5
401873197837,837,"{'id': '44', 'text': 'Shooting Foul'}",Julian Champagnie shooting foul,122,114,6,9.8,False,0,{'id': '24'},[{'athlete': {'id': '4592479'}}],2026-05-19T03:41:14Z,False,"{'x': 38, 'y': 24}",0,Foul,9.8
401873197839,839,"{'id': '100', 'text': 'Free Throw - 1 of 3'}",Alex Caruso makes free throw 1 of 3,122,115,6,9.8,True,1,{'id': '25'},[{'athlete': {'id': '2991350'}}],2026-05-19T03:41:43Z,True,"{'x': -214748340, 'y': -214748365}",1,+1 Point,9.8
401873197840,840,"{'id': '101', 'text': 'Free Throw - 2 of 3'}",Alex Caruso misses free throw 2 of 3,122,115,6,9.8,False,0,{'id': '25'},[{'athlete': {'id': '2991350'}}],2026-05-19T03:41:43Z,True,"{'x': -214748340, 'y': -214748365}",1,Missed FT,9.8
401873197841,841,"{'id': '156', 'text': 'Offensive Rebound'}",Thunder offensive team rebound,122,115,6,9.8,False,0,{'id': '25'},,2026-05-19T03:41:43Z,False,"{'x': -214748340, 'y': -214748365}",0,Rebound,9.8
401873197842,842,"{'id': '584', 'text': 'Substitution'}",Isaiah Hartenstein enters the game for Jared McCain,122,115,6,9.8,False,0,{'id': '25'},"[{'athlete': {'id': '4222252'}}, {'athlete': {'id': '4683778'}}]",2026-05-19T03:42:14Z,False,"{'x': -214748340, 'y': -214748365}",0,Substitution,9.8
401873197843,843,"{'id': '584', 'text': 'Substitution'}",Carter Bryant enters the game for Dylan Harper,122,115,6,9.8,False,0,{'id': '24'},"[{'athlete': {'id': '5061568'}}, {'athlete': {'id': '5037871'}}]",2026-05-19T03:42:14Z,False,"{'x': -214748340, 'y': -214748365}",0,Substitution,9.8
401873197844,844,"{'id': '584', 'text': 'Substitution'}",Luke Kornet enters the game for Stephon Castle,122,115,6,9.8,False,0,{'id': '24'},"[{'athlete': {'id': '3064560'}}, {'athlete': {'id': '4845367'}}]",2026-05-19T03:42:14Z,False,"{'x': -214748340, 'y': -214748365}",0,Substitution,9.8
401873197848,848,"{'id': '102', 'text': 'Free Throw - 3 of 3'}",Alex Caruso misses free throw 3 of 3,122,115,6,9.8,False,0,{'id': '25'},[{'athlete': {'id': '2991350'}}],2026-05-19T03:41:43Z,True,"{'x': -214748340, 'y': -214748365}",1,Missed FT,9.8
401873197849,849,"{'id': '155', 'text': 'Defensive Rebound'}",Victor Wembanyama defensive rebound,122,115,6,6.9,False,0,{'id': '24'},[{'athlete': {'id': '5104157'}}],2026-05-19T03:41:46Z,False,"{'x': -214748340, 'y': -214748365}",0,Rebound,6.9
401873197850,850,"{'id': '412', 'text': 'End Period'}",End of the 2nd  Overtime,122,115,6,0.0,False,0,,,2026-05-19T03:43:06Z,False,"{'x': -214748340, 'y': -214748365}",0,End of 2nd OT,0.0
401873197851,851,"{'id': '402', 'text': 'End Game'}",End of Game,122,115,6,0.0,False,0,,,2026-05-19T03:43:09Z,False,"{'x': -214748340, 'y': -214748365}",0,End of Game,0.0
