id,sequenceNumber,type,text,awayScore,homeScore,period,clock,scoringPlay,scoreValue,team,participants,wallclock,shootingPlay,coordinate,pointsAttempted,shortDescription,clockSec
4018733434,4,"{'id': '615', 'text': 'Jumpball'}",Karl-Anthony Towns vs. Jarrett Allen (James Harden gains possession),0,0,1,12:00,False,0,{'id': '5'},"[{'athlete': {'id': '4066328'}}, {'athlete': {'id': '3136195'}}, {'athlete': {'id': '3992'}}]",2026-05-24T00:13:43Z,False,"{'x': -214748340, 'y': -214748365}",0,Jump Ball,720.0
4018733437,7,"{'id': '92', 'text': 'Jump Shot'}",Evan Mobley misses 25-foot three point jumper,0,0,1,11:36,False,0,{'id': '5'},[{'athlete': {'id': '4432158'}}],2026-05-24T00:14:02Z,True,"{'x': 4, 'y': 15}",3,Missed 3PT,696.0
4018733438,8,"{'id': '155', 'text': 'Defensive Rebound'}",OG Anunoby defensive rebound,0,0,1,11:34,False,0,{'id': '18'},[{'athlete': {'id': '3934719'}}],2026-05-24T00:14:04Z,False,"{'x': 4, 'y': 15}",0,Rebound,694.0
4018733439,9,"{'id': '92', 'text': 'Jump Shot'}",Karl-Anthony Towns makes 25-foot three point jumper (Mikal Bridges assists),3,0,1,11:26,True,3,{'id': '18'},"[{'athlete': {'id': '3136195'}}, {'athlete': {'id': '3147657'}}]",2026-05-24T00:14:13Z,True,"{'x': 24, 'y': 26}",3,+3 Points,686.0
40187334311,11,"{'id': '62', 'text': 'Bad Pass\nTurnover'}","James Harden bad pass
turnover (Mikal Bridges steals)",3,0,1,11:14,False,0,{'id': '5'},"[{'athlete': {'id': '3992'}}, {'athlete': {'id': '3147657'}}]",2026-05-24T00:14:24Z,False,"{'x': 15, 'y': 12}",0,Turnover,674.0
40187334313,13,"{'id': '110', 'text': 'Driving Layup Shot'}",Mikal Bridges makes driving layup,5,0,1,10:54,True,2,{'id': '18'},[{'athlete': {'id': '3147657'}}],2026-05-24T00:14:45Z,True,"{'x': 25, 'y': 3}",2,+2 Points,654.0
40187334314,14,"{'id': '44', 'text': 'Shooting Foul'}",OG Anunoby shooting foul,5,0,1,10:46,False,0,{'id': '18'},[{'athlete': {'id': '3934719'}}],2026-05-24T00:14:55Z,False,"{'x': 22, 'y': 0}",0,Foul,646.0
40187334316,16,"{'id': '98', 'text': 'Free Throw - 1 of 2'}",Donovan Mitchell misses free throw 1 of 2,5,0,1,10:46,False,0,{'id': '5'},[{'athlete': {'id': '3908809'}}],2026-05-24T00:15:21Z,True,"{'x': -214748340, 'y': -214748365}",1,Missed FT,646.0
40187334317,17,"{'id': '156', 'text': 'Offensive Rebound'}",Cavaliers offensive team rebound,5,0,1,10:46,False,0,{'id': '5'},,2026-05-24T00:15:21Z,False,"{'x': -214748340, 'y': -214748365}",0,Rebound,646.0
40187334318,18,"{'id': '99', 'text': 'Free Throw - 2 of 2'}",Donovan Mitchell makes free throw 2 of 2,5,1,1,10:46,True,1,{'id': '5'},[{'athlete': {'id': '3908809'}}],2026-05-24T00:15:40Z,True,"{'x': -214748340, 'y': -214748365}",1,+1 Point,646.0
40187334319,19,"{'id': '110', 'text': 'Driving Layup Shot'}",Jalen Brunson makes driving layup (Karl-Anthony Towns assists),7,1,1,10:31,True,2,{'id': '18'},"[{'athlete': {'id': '3934672'}}, {'athlete': {'id': '3136195'}}]",2026-05-24T00:15:56Z,True,"{'x': 22, 'y': 1}",2,+2 Points,631.0
40187334321,21,"{'id': '120', 'text': 'Turnaround Hook Shot'}",Evan Mobley misses 6-foot two point shot,7,1,1,10:13,False,0,{'id': '5'},[{'athlete': {'id': '4432158'}}],2026-05-24T00:16:15Z,True,"{'x': 25, 'y': 6}",2,Missed FG,613.0
40187334322,22,"{'id': '155', 'text': 'Defensive Rebound'}",Josh Hart defensive rebound,7,1,1,10:09,False,0,{'id': '18'},[{'athlete': {'id': '3062679'}}],2026-05-24T00:16:17Z,False,"{'x': 25, 'y': 6}",0,Rebound,609.0
40187334323,23,"{'id': '109', 'text': 'Running Layup Shot'}",Mikal Bridges makes running layup (Josh Hart assists),9,1,1,10:06,True,2,{'id': '18'},"[{'athlete': {'id': '3147657'}}, {'athlete': {'id': '3062679'}}]",2026-05-24T00:16:22Z,True,"{'x': 25, 'y': 1}",2,+2 Points,606.0
40187334325,25,"{'id': '16', 'text': 'Full Timeout'}",Cavaliers Full timeout,9,1,1,10:06,False,0,{'id': '5'},,2026-05-24T00:16:28Z,False,"{'x': -214748340, 'y': -214748365}",0,Timeout,606.0
40187334326,26,"{'id': '132', 'text': 'Step Back Jump Shot'}",Donovan Mitchell makes 22-foot step back jumpshot,9,3,1,9:41,True,2,{'id': '5'},[{'athlete': {'id': '3908809'}}],2026-05-24T00:20:37Z,True,"{'x': 9, 'y': 16}",2,+2 Points,581.0
40187334327,27,"{'id': '92', 'text': 'Jump Shot'}",Jalen Brunson misses 25-foot three point jumper,9,3,1,9:26,False,0,{'id': '18'},[{'athlete': {'id': '3934672'}}],2026-05-24T00:20:51Z,True,"{'x': 2, 'y': 11}",3,Missed 3PT,566.0
40187334328,28,"{'id': '155', 'text': 'Defensive Rebound'}",James Harden defensive rebound,9,3,1,9:24,False,0,{'id': '5'},[{'athlete': {'id': '3992'}}],2026-05-24T00:20:53Z,False,"{'x': 2, 'y': 11}",0,Rebound,564.0
40187334329,29,"{'id': '95', 'text': 'Layup Shot'}",Jarrett Allen makes layup (James Harden assists),9,5,1,9:15,True,2,{'id': '5'},"[{'athlete': {'id': '4066328'}}, {'athlete': {'id': '3992'}}]",2026-05-24T00:21:02Z,True,"{'x': 25, 'y': 1}",2,+2 Points,555.0
40187334331,31,"{'id': '64', 'text': 'Traveling'}",Josh Hart traveling turnover,9,5,1,8:56,False,0,{'id': '18'},[{'athlete': {'id': '3062679'}}],2026-05-24T00:21:25Z,False,"{'x': 24, 'y': 6}",0,Turnover,536.0
40187334332,32,"{'id': '151', 'text': 'Cutting Dunk Shot'}",Jarrett Allen makes dunk (Evan Mobley assists),9,7,1,8:43,True,2,{'id': '5'},"[{'athlete': {'id': '4066328'}}, {'athlete': {'id': '4432158'}}]",2026-05-24T00:21:46Z,True,"{'x': 25, 'y': 1}",2,+2 Points,523.0
40187334334,34,"{'id': '45', 'text': 'Personal Foul'}",Donovan Mitchell personal foul,9,7,1,8:33,False,0,{'id': '5'},[{'athlete': {'id': '3908809'}}],2026-05-24T00:22:01Z,False,"{'x': 24, 'y': 25}",0,Foul,513.0
40187334336,36,"{'id': '44', 'text': 'Shooting Foul'}",Evan Mobley shooting foul,9,7,1,8:22,False,0,{'id': '5'},[{'athlete': {'id': '4432158'}}],2026-05-24T00:22:42Z,False,"{'x': 17, 'y': 4}",0,Foul,502.0
40187334338,38,"{'id': '98', 'text': 'Free Throw - 1 of 2'}",Jalen Brunson makes free throw 1 of 2,10,7,1,8:22,True,1,{'id': '18'},[{'athlete': {'id': '3934672'}}],2026-05-24T00:23:12Z,True,"{'x': -214748340, 'y': -214748365}",1,+1 Point,502.0
40187334339,39,"{'id': '99', 'text': 'Free Throw - 2 of 2'}",Jalen Brunson misses free throw 2 of 2,10,7,1,8:22,False,0,{'id': '18'},[{'athlete': {'id': '3934672'}}],2026-05-24T00:23:12Z,True,"{'x': -214748340, 'y': -214748365}",1,Missed FT,502.0
40187334340,40,"{'id': '155', 'text': 'Defensive Rebound'}",James Harden defensive rebound,10,7,1,8:20,False,0,{'id': '5'},[{'athlete': {'id': '3992'}}],2026-05-24T00:23:14Z,False,"{'x': -214748340, 'y': -214748365}",0,Rebound,500.0
40187334341,41,"{'id': '144', 'text': 'Driving Floating Jump Shot'}",Karl-Anthony Towns blocks James Harden's driving floating jump shot,10,7,1,8:12,False,0,{'id': '5'},"[{'athlete': {'id': '3992'}}, {'athlete': {'id': '3136195'}}]",2026-05-24T00:23:42Z,True,"{'x': 25, 'y': 2}",2,Missed FG,492.0
40187334343,43,"{'id': '156', 'text': 'Offensive Rebound'}",Evan Mobley offensive rebound,10,7,1,8:09,False,0,{'id': '5'},[{'athlete': {'id': '4432158'}}],2026-05-24T00:23:45Z,False,"{'x': 25, 'y': 2}",0,Rebound,489.0
40187334344,44,"{'id': '138', 'text': 'Putback Dunk Shot'}",Evan Mobley makes 1-foot dunk,10,9,1,8:08,True,2,{'id': '5'},[{'athlete': {'id': '4432158'}}],2026-05-24T00:23:46Z,True,"{'x': 25, 'y': 1}",2,+2 Points,488.0
40187334345,45,"{'id': '131', 'text': 'Pullup Jump Shot'}",Jalen Brunson misses 29-foot three point pullup jump shot,10,9,1,7:58,False,0,{'id': '18'},[{'athlete': {'id': '3934672'}}],2026-05-24T00:23:57Z,True,"{'x': 43, 'y': 23}",3,Missed 3PT,478.0
40187334346,46,"{'id': '156', 'text': 'Offensive Rebound'}",Mikal Bridges offensive rebound,10,9,1,7:54,False,0,{'id': '18'},[{'athlete': {'id': '3147657'}}],2026-05-24T00:24:01Z,False,"{'x': 43, 'y': 23}",0,Rebound,474.0
40187334347,47,"{'id': '132', 'text': 'Step Back Jump Shot'}",OG Anunoby makes 16-foot step back jumpshot,12,9,1,7:44,True,2,{'id': '18'},[{'athlete': {'id': '3934719'}}],2026-05-24T00:24:10Z,True,"{'x': 17, 'y': 15}",2,+2 Points,464.0
40187334348,48,"{'id': '131', 'text': 'Pullup Jump Shot'}",Donovan Mitchell misses 23-foot three point pullup jump shot,12,9,1,7:33,False,0,{'id': '5'},[{'athlete': {'id': '3908809'}}],2026-05-24T00:24:22Z,True,"{'x': 48, 'y': 6}",3,Missed 3PT,453.0
40187334349,49,"{'id': '155', 'text': 'Defensive Rebound'}",Karl-Anthony Towns defensive rebound,12,9,1,7:30,False,0,{'id': '18'},[{'athlete': {'id': '3136195'}}],2026-05-24T00:24:25Z,False,"{'x': 48, 'y': 6}",0,Rebound,450.0
40187334350,50,"{'id': '131', 'text': 'Pullup Jump Shot'}",Mikal Bridges makes 19-foot pullup jump shot (Jalen Brunson assists),14,9,1,7:22,True,2,{'id': '18'},"[{'athlete': {'id': '3147657'}}, {'athlete': {'id': '3934672'}}]",2026-05-24T00:24:34Z,True,"{'x': 40, 'y': 12}",2,+2 Points,442.0
40187334352,52,"{'id': '120', 'text': 'Turnaround Hook Shot'}",Evan Mobley makes 11-foot two point shot,14,11,1,7:05,True,2,{'id': '5'},[{'athlete': {'id': '4432158'}}],2026-05-24T00:24:49Z,True,"{'x': 17, 'y': 9}",2,+2 Points,425.0
40187334353,53,"{'id': '132', 'text': 'Step Back Jump Shot'}",OG Anunoby makes 12-foot step back jumpshot,16,11,1,6:46,True,2,{'id': '18'},[{'athlete': {'id': '3934719'}}],2026-05-24T00:25:08Z,True,"{'x': 12, 'y': 2}",2,+2 Points,406.0
40187334354,54,"{'id': '110', 'text': 'Driving Layup Shot'}",Donovan Mitchell makes driving layup,16,13,1,6:33,True,2,{'id': '5'},[{'athlete': {'id': '3908809'}}],2026-05-24T00:25:21Z,True,"{'x': 25, 'y': 2}",2,+2 Points,393.0
40187334356,56,"{'id': '44', 'text': 'Shooting Foul'}",Jarrett Allen shooting foul,16,13,1,6:18,False,0,{'id': '5'},[{'athlete': {'id': '4066328'}}],2026-05-24T00:25:48Z,False,"{'x': 23, 'y': 7}",0,Foul,378.0
40187334358,58,"{'id': '98', 'text': 'Free Throw - 1 of 2'}",Karl-Anthony Towns makes free throw 1 of 2,17,13,1,6:18,True,1,{'id': '18'},[{'athlete': {'id': '3136195'}}],2026-05-24T00:26:12Z,True,"{'x': -214748340, 'y': -214748365}",1,+1 Point,378.0
40187334359,59,"{'id': '584', 'text': 'Substitution'}",Sam Merrill enters the game for Donovan Mitchell,17,13,1,6:18,False,0,{'id': '5'},"[{'athlete': {'id': '4066757'}}, {'athlete': {'id': '3908809'}}]",2026-05-24T00:26:12Z,False,"{'x': -214748340, 'y': -214748365}",0,Substitution,378.0
40187334360,60,"{'id': '584', 'text': 'Substitution'}",Max Strus enters the game for Evan Mobley,17,13,1,6:18,False,0,{'id': '5'},"[{'athlete': {'id': '4065778'}}, {'athlete': {'id': '4432158'}}]",2026-05-24T00:26:12Z,False,"{'x': -214748340, 'y': -214748365}",0,Substitution,378.0
40187334363,63,"{'id': '99', 'text': 'Free Throw - 2 of 2'}",Karl-Anthony Towns makes free throw 2 of 2,18,13,1,6:18,True,1,{'id': '18'},[{'athlete': {'id': '3136195'}}],2026-05-24T00:26:46Z,True,"{'x': -214748340, 'y': -214748365}",1,+1 Point,378.0
40187334364,64,"{'id': '132', 'text': 'Step Back Jump Shot'}",James Harden makes 10-foot step back jumpshot,18,15,1,6:01,True,2,{'id': '5'},[{'athlete': {'id': '3992'}}],2026-05-24T00:27:06Z,True,"{'x': 33, 'y': 7}",2,+2 Points,361.0
40187334365,65,"{'id': '44', 'text': 'Shooting Foul'}",Sam Merrill shooting foul,18,15,1,5:57,False,0,{'id': '5'},[{'athlete': {'id': '4066757'}}],2026-05-24T00:27:16Z,False,"{'x': 25, 'y': 8}",0,Foul,357.0
40187334367,67,"{'id': '98', 'text': 'Free Throw - 1 of 2'}",Karl-Anthony Towns makes free throw 1 of 2,19,15,1,5:57,True,1,{'id': '18'},[{'athlete': {'id': '3136195'}}],2026-05-24T00:27:46Z,True,"{'x': -214748340, 'y': -214748365}",1,+1 Point,357.0
40187334368,68,"{'id': '99', 'text': 'Free Throw - 2 of 2'}",Karl-Anthony Towns makes free throw 2 of 2,20,15,1,5:57,True,1,{'id': '18'},[{'athlete': {'id': '3136195'}}],2026-05-24T00:28:09Z,True,"{'x': -214748340, 'y': -214748365}",1,+1 Point,357.0
40187334369,69,"{'id': '128', 'text': 'Driving Finger Roll Layup'}",James Harden makes two point shot,20,17,1,5:44,True,2,{'id': '5'},[{'athlete': {'id': '3992'}}],2026-05-24T00:28:24Z,True,"{'x': 25, 'y': 0}",2,+2 Points,344.0
40187334370,70,"{'id': '44', 'text': 'Shooting Foul'}",Dean Wade shooting foul,20,17,1,5:40,False,0,{'id': '5'},[{'athlete': {'id': '3912848'}}],2026-05-24T00:28:32Z,False,"{'x': 20, 'y': 5}",0,Foul,340.0
40187334372,72,"{'id': '98', 'text': 'Free Throw - 1 of 2'}",OG Anunoby makes free throw 1 of 2,21,17,1,5:40,True,1,{'id': '18'},[{'athlete': {'id': '3934719'}}],2026-05-24T00:28:59Z,True,"{'x': -214748340, 'y': -214748365}",1,+1 Point,340.0
40187334373,73,"{'id': '99', 'text': 'Free Throw - 2 of 2'}",OG Anunoby makes free throw 2 of 2,22,17,1,5:40,True,1,{'id': '18'},[{'athlete': {'id': '3934719'}}],2026-05-24T00:29:14Z,True,"{'x': -214748340, 'y': -214748365}",1,+1 Point,340.0
40187334374,74,"{'id': '132', 'text': 'Step Back Jump Shot'}",James Harden misses 24-foot three point step back jumpshot,22,17,1,5:25,False,0,{'id': '5'},[{'athlete': {'id': '3992'}}],2026-05-24T00:29:34Z,True,"{'x': 46, 'y': 13}",3,Missed 3PT,325.0
40187334375,75,"{'id': '156', 'text': 'Offensive Rebound'}",Max Strus offensive rebound,22,17,1,5:23,False,0,{'id': '5'},[{'athlete': {'id': '4065778'}}],2026-05-24T00:29:36Z,False,"{'x': 46, 'y': 13}",0,Rebound,323.0
40187334376,76,"{'id': '131', 'text': 'Pullup Jump Shot'}",Sam Merrill misses 23-foot three point pullup jump shot,22,17,1,5:21,False,0,{'id': '5'},[{'athlete': {'id': '4066757'}}],2026-05-24T00:29:38Z,True,"{'x': 48, 'y': 3}",3,Missed 3PT,321.0
40187334377,77,"{'id': '155', 'text': 'Defensive Rebound'}",Josh Hart defensive rebound,22,17,1,5:17,False,0,{'id': '18'},[{'athlete': {'id': '3062679'}}],2026-05-24T00:29:42Z,False,"{'x': 48, 'y': 3}",0,Rebound,317.0
40187334378,78,"{'id': '92', 'text': 'Jump Shot'}",Jalen Brunson misses 26-foot three point jumper,22,17,1,4:59,False,0,{'id': '18'},[{'athlete': {'id': '3934672'}}],2026-05-24T00:30:00Z,True,"{'x': 0, 'y': 8}",3,Missed 3PT,299.0
40187334379,79,"{'id': '155', 'text': 'Defensive Rebound'}",Cavaliers defensive team rebound,22,17,1,4:59,False,0,{'id': '5'},,2026-05-24T00:30:00Z,False,"{'x': 0, 'y': 8}",0,Rebound,299.0
40187334381,81,"{'id': '584', 'text': 'Substitution'}",Miles McBride enters the game for Josh Hart,22,17,1,4:59,False,0,{'id': '18'},"[{'athlete': {'id': '4431823'}}, {'athlete': {'id': '3062679'}}]",2026-05-24T00:30:07Z,False,"{'x': -214748340, 'y': -214748365}",0,Substitution,299.0
40187334382,82,"{'id': '584', 'text': 'Substitution'}",Landry Shamet enters the game for OG Anunoby,22,17,1,4:59,False,0,{'id': '18'},"[{'athlete': {'id': '3914044'}}, {'athlete': {'id': '3934719'}}]",2026-05-24T00:30:07Z,False,"{'x': -214748340, 'y': -214748365}",0,Substitution,299.0
40187334385,85,"{'id': '110', 'text': 'Driving Layup Shot'}",Jarrett Allen makes driving layup (Dean Wade assists),22,19,1,4:51,True,2,{'id': '5'},"[{'athlete': {'id': '4066328'}}, {'athlete': {'id': '3912848'}}]",2026-05-24T00:30:40Z,True,"{'x': 25, 'y': 1}",2,+2 Points,291.0
40187334387,87,"{'id': '9', 'text': 'Defensive Goaltending'}",Karl-Anthony Towns defensive goaltending violation,22,19,1,4:51,False,0,{'id': '18'},[{'athlete': {'id': '3136195'}}],2026-05-24T00:30:52Z,False,"{'x': -214748340, 'y': -214748365}",0,Goaltending,291.0
40187334389,89,"{'id': '16', 'text': 'Full Timeout'}",Knicks Full timeout,22,19,1,4:51,False,0,{'id': '18'},,2026-05-24T00:31:06Z,False,"{'x': -214748340, 'y': -214748365}",0,Timeout,291.0
40187334392,92,"{'id': '216', 'text': ""Coach's Challenge (Stands)""}",(04:51) [Knicks] COACH'S CHALLENGE (CALL STANDS) [Knicks] charged with a timeout,22,19,1,4:51,False,0,{'id': '18'},,2026-05-24T00:34:14Z,False,"{'x': -214748340, 'y': -214748365}",0,Challenge,291.0
40187334393,93,"{'id': '584', 'text': 'Substitution'}",Donovan Mitchell enters the game for Jarrett Allen,22,19,1,4:51,False,0,{'id': '5'},"[{'athlete': {'id': '3908809'}}, {'athlete': {'id': '4066328'}}]",2026-05-24T00:34:55Z,False,"{'x': -214748340, 'y': -214748365}",0,Substitution,291.0
40187334394,94,"{'id': '584', 'text': 'Substitution'}",Evan Mobley enters the game for Dean Wade,22,19,1,4:51,False,0,{'id': '5'},"[{'athlete': {'id': '4432158'}}, {'athlete': {'id': '3912848'}}]",2026-05-24T00:34:55Z,False,"{'x': -214748340, 'y': -214748365}",0,Substitution,291.0
401873343100,100,"{'id': '137', 'text': 'Turnaround Fade Away Jump Shot'}",Karl-Anthony Towns makes 10-foot two point shot,24,19,1,4:24,True,2,{'id': '18'},[{'athlete': {'id': '3136195'}}],2026-05-24T00:35:16Z,True,"{'x': 15, 'y': 5}",2,+2 Points,264.0
401873343101,101,"{'id': '92', 'text': 'Jump Shot'}",Evan Mobley misses 26-foot three point jumper,24,19,1,4:12,False,0,{'id': '5'},[{'athlete': {'id': '4432158'}}],2026-05-24T00:35:29Z,True,"{'x': 26, 'y': 26}",3,Missed 3PT,252.0
401873343102,102,"{'id': '156', 'text': 'Offensive Rebound'}",Max Strus offensive rebound,24,19,1,4:09,False,0,{'id': '5'},[{'athlete': {'id': '4065778'}}],2026-05-24T00:35:32Z,False,"{'x': 26, 'y': 26}",0,Rebound,249.0
401873343104,104,"{'id': '90', 'text': 'Out of Bounds - Bad Pass Turnover'}",Donovan Mitchell out of bounds bad pass turnover,24,19,1,4:05,False,0,{'id': '5'},[{'athlete': {'id': '3908809'}}],2026-05-24T00:35:58Z,False,"{'x': 4, 'y': 1}",0,Turnover,245.0
401873343105,105,"{'id': '145', 'text': 'Driving Floating Bank Jump Shot'}",Karl-Anthony Towns makes 1-foot two point shot (Jalen Brunson assists),26,19,1,3:46,True,2,{'id': '18'},"[{'athlete': {'id': '3136195'}}, {'athlete': {'id': '3934672'}}]",2026-05-24T00:36:18Z,True,"{'x': 25, 'y': 2}",2,+2 Points,226.0
401873343157,157,"{'id': '110', 'text': 'Driving Layup Shot'}",Miles McBride blocks Evan Mobley's driving layup,26,19,1,3:36,False,0,{'id': '5'},"[{'athlete': {'id': '4432158'}}, {'athlete': {'id': '4431823'}}]",2026-05-24T00:36:24Z,True,"{'x': 25, 'y': 5}",2,Missed FG,216.0
401873343159,159,"{'id': '155', 'text': 'Defensive Rebound'}",Mikal Bridges defensive rebound,26,19,1,3:36,False,0,{'id': '18'},[{'athlete': {'id': '3147657'}}],2026-05-24T00:36:24Z,False,"{'x': 25, 'y': 5}",0,Rebound,216.0
401873343109,109,"{'id': '113', 'text': 'Running Jump Shot'}",Landry Shamet makes 22-foot running jump shot (Mikal Bridges assists),29,19,1,3:29,True,3,{'id': '18'},"[{'athlete': {'id': '3914044'}}, {'athlete': {'id': '3147657'}}]",2026-05-24T00:36:36Z,True,"{'x': 48, 'y': 1}",3,+3 Points,209.0
401873343111,111,"{'id': '16', 'text': 'Full Timeout'}",Cavaliers Full timeout,29,19,1,3:29,False,0,{'id': '5'},,2026-05-24T00:36:44Z,False,"{'x': -214748340, 'y': -214748365}",0,Timeout,209.0
401873343112,112,"{'id': '92', 'text': 'Jump Shot'}",Max Strus makes 26-foot three point jumper (Donovan Mitchell assists),29,22,1,3:13,True,3,{'id': '5'},"[{'athlete': {'id': '4065778'}}, {'athlete': {'id': '3908809'}}]",2026-05-24T00:38:38Z,True,"{'x': 5, 'y': 18}",3,+3 Points,193.0
401873343114,114,"{'id': '44', 'text': 'Shooting Foul'}",Max Strus shooting foul,29,22,1,3:05,False,0,{'id': '5'},[{'athlete': {'id': '4065778'}}],2026-05-24T00:38:51Z,False,"{'x': 24, 'y': 6}",0,Foul,185.0
401873343116,116,"{'id': '98', 'text': 'Free Throw - 1 of 2'}",Jalen Brunson makes free throw 1 of 2,30,22,1,3:05,True,1,{'id': '18'},[{'athlete': {'id': '3934672'}}],2026-05-24T00:39:20Z,True,"{'x': -214748340, 'y': -214748365}",1,+1 Point,185.0
401873343117,117,"{'id': '584', 'text': 'Substitution'}",Dennis Schroder enters the game for James Harden,30,22,1,3:05,False,0,{'id': '5'},"[{'athlete': {'id': '3032979'}}, {'athlete': {'id': '3992'}}]",2026-05-24T00:39:23Z,False,"{'x': -214748340, 'y': -214748365}",0,Substitution,185.0
401873343118,118,"{'id': '584', 'text': 'Substitution'}",Josh Hart enters the game for Mikal Bridges,30,22,1,3:05,False,0,{'id': '18'},"[{'athlete': {'id': '3062679'}}, {'athlete': {'id': '3147657'}}]",2026-05-24T00:39:23Z,False,"{'x': -214748340, 'y': -214748365}",0,Substitution,185.0
401873343121,121,"{'id': '99', 'text': 'Free Throw - 2 of 2'}",Jalen Brunson makes free throw 2 of 2,31,22,1,3:05,True,1,{'id': '18'},[{'athlete': {'id': '3934672'}}],2026-05-24T00:39:52Z,True,"{'x': -214748340, 'y': -214748365}",1,+1 Point,185.0
401873343122,122,"{'id': '132', 'text': 'Step Back Jump Shot'}",Donovan Mitchell makes 13-foot step back jumpshot,31,24,1,2:44,True,2,{'id': '5'},[{'athlete': {'id': '3908809'}}],2026-05-24T00:40:13Z,True,"{'x': 35, 'y': 10}",2,+2 Points,164.0
401873343123,123,"{'id': '92', 'text': 'Jump Shot'}",Miles McBride makes 24-foot three point jumper (Landry Shamet assists),34,24,1,2:18,True,3,{'id': '18'},"[{'athlete': {'id': '4431823'}}, {'athlete': {'id': '3914044'}}]",2026-05-24T00:40:39Z,True,"{'x': 0, 'y': 0}",3,+3 Points,138.0
401873343125,125,"{'id': '92', 'text': 'Jump Shot'}",Max Strus misses 25-foot three point jumper,34,24,1,1:51,False,0,{'id': '5'},[{'athlete': {'id': '4065778'}}],2026-05-24T00:41:05Z,True,"{'x': 48, 'y': 11}",3,Missed 3PT,111.0
401873343126,126,"{'id': '155', 'text': 'Defensive Rebound'}",Jalen Brunson defensive rebound,34,24,1,1:49,False,0,{'id': '18'},[{'athlete': {'id': '3934672'}}],2026-05-24T00:41:07Z,False,"{'x': 48, 'y': 11}",0,Rebound,109.0
401873343127,127,"{'id': '113', 'text': 'Running Jump Shot'}",Karl-Anthony Towns misses 26-foot running jump shot,34,24,1,1:43,False,0,{'id': '18'},[{'athlete': {'id': '3136195'}}],2026-05-24T00:41:14Z,True,"{'x': 26, 'y': 27}",3,Missed 3PT,103.0
401873343128,128,"{'id': '155', 'text': 'Defensive Rebound'}",Max Strus defensive rebound,34,24,1,1:40,False,0,{'id': '5'},[{'athlete': {'id': '4065778'}}],2026-05-24T00:41:16Z,False,"{'x': 26, 'y': 27}",0,Rebound,100.0
401873343129,129,"{'id': '45', 'text': 'Personal Foul'}",Miles McBride personal foul,34,24,1,1:33,False,0,{'id': '18'},[{'athlete': {'id': '4431823'}}],2026-05-24T00:41:30Z,False,"{'x': 40, 'y': 6}",0,Foul,93.0
401873343131,131,"{'id': '584', 'text': 'Substitution'}",Mitchell Robinson enters the game for Karl-Anthony Towns,34,24,1,1:33,False,0,{'id': '18'},"[{'athlete': {'id': '4351852'}}, {'athlete': {'id': '3136195'}}]",2026-05-24T00:41:36Z,False,"{'x': -214748340, 'y': -214748365}",0,Substitution,93.0
401873343133,133,"{'id': '92', 'text': 'Jump Shot'}",Max Strus misses 23-foot three point jumper,34,24,1,1:21,False,0,{'id': '5'},[{'athlete': {'id': '4065778'}}],2026-05-24T00:42:04Z,True,"{'x': 1, 'y': 2}",3,Missed 3PT,81.0
401873343134,134,"{'id': '155', 'text': 'Defensive Rebound'}",Knicks defensive team rebound,34,24,1,1:21,False,0,{'id': '18'},,2026-05-24T00:42:04Z,False,"{'x': 1, 'y': 2}",0,Rebound,81.0
401873343136,136,"{'id': '42', 'text': 'Offensive Foul'}",Jalen Brunson offensive foul,34,24,1,1:13,False,0,{'id': '18'},[{'athlete': {'id': '3934672'}}],2026-05-24T00:42:26Z,False,"{'x': 23, 'y': 28}",0,Foul,73.0
401873343138,138,"{'id': '84', 'text': 'Offensive Foul Turnover'}",Jalen Brunson offensive foul turnover,34,24,1,1:13,False,0,{'id': '18'},[{'athlete': {'id': '3934672'}}],2026-05-24T00:42:26Z,False,"{'x': 23, 'y': 28}",0,Turnover,73.0
401873343139,139,"{'id': '92', 'text': 'Jump Shot'}",Dennis Schroder makes 25-foot three point jumper (Max Strus assists),34,27,1,49.1,True,3,{'id': '5'},"[{'athlete': {'id': '3032979'}}, {'athlete': {'id': '4065778'}}]",2026-05-24T00:43:06Z,True,"{'x': 48, 'y': 12}",3,+3 Points,49.1
401873343141,141,"{'id': '92', 'text': 'Jump Shot'}",Josh Hart makes 25-foot three point jumper (Landry Shamet assists),37,27,1,37.1,True,3,{'id': '18'},"[{'athlete': {'id': '3062679'}}, {'athlete': {'id': '3914044'}}]",2026-05-24T00:43:22Z,True,"{'x': 37, 'y': 23}",3,+3 Points,37.1
401873343143,143,"{'id': '42', 'text': 'Offensive Foul'}",Evan Mobley offensive foul,37,27,1,29.0,False,0,{'id': '5'},[{'athlete': {'id': '4432158'}}],2026-05-24T00:43:35Z,False,"{'x': 26, 'y': 26}",0,Foul,29.0
401873343145,145,"{'id': '84', 'text': 'Offensive Foul Turnover'}",Evan Mobley offensive foul turnover,37,27,1,29.0,False,0,{'id': '5'},[{'athlete': {'id': '4432158'}}],2026-05-24T00:43:35Z,False,"{'x': 26, 'y': 26}",0,Turnover,29.0
401873343146,146,"{'id': '584', 'text': 'Substitution'}",Dean Wade enters the game for Donovan Mitchell,37,27,1,29.0,False,0,{'id': '5'},"[{'athlete': {'id': '3912848'}}, {'athlete': {'id': '3908809'}}]",2026-05-24T00:43:44Z,False,"{'x': -214748340, 'y': -214748365}",0,Substitution,29.0
401873343147,147,"{'id': '584', 'text': 'Substitution'}",Karl-Anthony Towns enters the game for Mitchell Robinson,37,27,1,29.0,False,0,{'id': '18'},"[{'athlete': {'id': '3136195'}}, {'athlete': {'id': '4351852'}}]",2026-05-24T00:43:44Z,False,"{'x': -214748340, 'y': -214748365}",0,Substitution,29.0
401873343150,150,"{'id': '121', 'text': 'Fade Away Jump Shot'}",Miles McBride misses 8-foot fade away jump shot,37,27,1,4.4,False,0,{'id': '18'},[{'athlete': {'id': '4431823'}}],2026-05-24T00:44:34Z,True,"{'x': 16, 'y': 0}",2,Missed FG,4.4
401873343151,151,"{'id': '156', 'text': 'Offensive Rebound'}",Karl-Anthony Towns offensive rebound,37,27,1,4.3,False,0,{'id': '18'},[{'athlete': {'id': '3136195'}}],2026-05-24T00:44:34Z,False,"{'x': 16, 'y': 0}",0,Rebound,4.3
401873343156,156,"{'id': '70', 'text': 'Shot Clock Turnover'}",shot clock turnover ,37,27,1,4.2,False,0,{'id': '18'},,2026-05-24T00:44:42Z,False,"{'x': 28, 'y': 7}",0,Turnover,4.2
401873343153,153,"{'id': '144', 'text': 'Driving Floating Jump Shot'}",Sam Merrill misses driving floating jump shot,37,27,1,0.0,False,0,{'id': '5'},[{'athlete': {'id': '4066757'}}],2026-05-24T00:44:45Z,True,"{'x': 33, 'y': 4}",2,Missed FG,0.0
401873343154,154,"{'id': '156', 'text': 'Offensive Rebound'}",Cavaliers offensive team rebound,37,27,1,0.0,False,0,{'id': '5'},,2026-05-24T00:44:47Z,False,"{'x': 33, 'y': 4}",0,Rebound,0.0
401873343202,202,"{'id': '277', 'text': ""Coach's Challenge (replaycenter)""}",(00:00) [Knicks] COACH'S CHALLENGE (CALL REPLAYCENTER),37,27,1,0.0,False,0,,,2026-05-24T00:44:47Z,False,"{'x': -214748340, 'y': -214748365}",0,Challenge,0.0
401873343155,155,"{'id': '412', 'text': 'End Period'}",End of the 1st Quarter,37,27,1,0.0,False,0,,,2026-05-24T00:44:49Z,False,"{'x': -214748340, 'y': -214748365}",0,End of 1st,0.0
401873343160,160,"{'id': '584', 'text': 'Substitution'}",Jaylon Tyson enters the game for Max Strus,37,27,2,12:00,False,0,{'id': '5'},"[{'athlete': {'id': '4683747'}}, {'athlete': {'id': '4065778'}}]",2026-05-24T00:46:04Z,False,"{'x': -214748340, 'y': -214748365}",0,Substitution,720.0
401873343161,161,"{'id': '584', 'text': 'Substitution'}",Donovan Mitchell enters the game for Dean Wade,37,27,2,12:00,False,0,{'id': '5'},"[{'athlete': {'id': '3908809'}}, {'athlete': {'id': '3912848'}}]",2026-05-24T00:46:04Z,False,"{'x': -214748340, 'y': -214748365}",0,Substitution,720.0
401873343162,162,"{'id': '584', 'text': 'Substitution'}",Jose Alvarado enters the game for Jalen Brunson,37,27,2,12:00,False,0,{'id': '18'},"[{'athlete': {'id': '4277869'}}, {'athlete': {'id': '3934672'}}]",2026-05-24T00:46:04Z,False,"{'x': -214748340, 'y': -214748365}",0,Substitution,720.0
401873343168,168,"{'id': '128', 'text': 'Driving Finger Roll Layup'}",Karl-Anthony Towns misses two point shot,37,27,2,11:43,False,0,{'id': '18'},[{'athlete': {'id': '3136195'}}],2026-05-24T00:48:56Z,True,"{'x': 24, 'y': 4}",2,Missed FG,703.0
401873343169,169,"{'id': '155', 'text': 'Defensive Rebound'}",Evan Mobley defensive rebound,37,27,2,11:42,False,0,{'id': '5'},[{'athlete': {'id': '4432158'}}],2026-05-24T00:48:57Z,False,"{'x': 24, 'y': 4}",0,Rebound,702.0
401873343170,170,"{'id': '45', 'text': 'Personal Foul'}",Landry Shamet personal foul,37,27,2,11:37,False,0,{'id': '18'},[{'athlete': {'id': '3914044'}}],2026-05-24T00:49:04Z,False,"{'x': 24, 'y': 2}",0,Foul,697.0
401873343172,172,"{'id': '62', 'text': 'Bad Pass\nTurnover'}","Evan Mobley bad pass
turnover (Josh Hart steals)",37,27,2,11:30,False,0,{'id': '5'},"[{'athlete': {'id': '4432158'}}, {'athlete': {'id': '3062679'}}]",2026-05-24T00:49:33Z,False,"{'x': 18, 'y': 5}",0,Turnover,690.0
401873343174,174,"{'id': '109', 'text': 'Running Layup Shot'}",Josh Hart misses running layup,37,27,2,11:25,False,0,{'id': '18'},[{'athlete': {'id': '3062679'}}],2026-05-24T00:49:38Z,True,"{'x': 24, 'y': 2}",2,Missed FG,685.0
401873343175,175,"{'id': '155', 'text': 'Defensive Rebound'}",Jaylon Tyson defensive rebound,37,27,2,11:23,False,0,{'id': '5'},[{'athlete': {'id': '4683747'}}],2026-05-24T00:49:40Z,False,"{'x': 24, 'y': 2}",0,Rebound,683.0
401873343176,176,"{'id': '145', 'text': 'Driving Floating Bank Jump Shot'}",Donovan Mitchell makes 9-foot two point shot,37,29,2,11:09,True,2,{'id': '5'},[{'athlete': {'id': '3908809'}}],2026-05-24T00:49:53Z,True,"{'x': 33, 'y': 5}",2,+2 Points,669.0
401873343177,177,"{'id': '92', 'text': 'Jump Shot'}",Jose Alvarado misses 25-foot three point jumper,37,29,2,10:54,False,0,{'id': '18'},[{'athlete': {'id': '4277869'}}],2026-05-24T00:50:09Z,True,"{'x': 16, 'y': 24}",3,Missed 3PT,654.0
401873343178,178,"{'id': '155', 'text': 'Defensive Rebound'}",Jaylon Tyson defensive rebound,37,29,2,10:52,False,0,{'id': '5'},[{'athlete': {'id': '4683747'}}],2026-05-24T00:50:11Z,False,"{'x': 16, 'y': 24}",0,Rebound,652.0
401873343179,179,"{'id': '96', 'text': 'Dunk Shot'}",Evan Mobley makes dunk (Dennis Schroder assists),37,31,2,10:39,True,2,{'id': '5'},"[{'athlete': {'id': '4432158'}}, {'athlete': {'id': '3032979'}}]",2026-05-24T00:50:24Z,True,"{'x': 26, 'y': 0}",2,+2 Points,639.0
401873343181,181,"{'id': '142', 'text': 'Cutting Finger Roll Layup Shot'}",Jose Alvarado makes layup (Karl-Anthony Towns assists),39,31,2,10:19,True,2,{'id': '18'},"[{'athlete': {'id': '4277869'}}, {'athlete': {'id': '3136195'}}]",2026-05-24T00:50:44Z,True,"{'x': 24, 'y': 0}",2,+2 Points,619.0
401873343183,183,"{'id': '45', 'text': 'Personal Foul'}",Miles McBride personal foul,39,31,2,10:14,False,0,{'id': '18'},[{'athlete': {'id': '4431823'}}],2026-05-24T00:50:53Z,False,"{'x': 17, 'y': 13}",0,Foul,614.0
401873343185,185,"{'id': '44', 'text': 'Shooting Foul'}",Karl-Anthony Towns shooting foul,39,31,2,10:05,False,0,{'id': '18'},[{'athlete': {'id': '3136195'}}],2026-05-24T00:51:18Z,False,"{'x': 23, 'y': 1}",0,Foul,605.0
401873343187,187,"{'id': '98', 'text': 'Free Throw - 1 of 2'}",Evan Mobley makes free throw 1 of 2,39,32,2,10:05,True,1,{'id': '5'},[{'athlete': {'id': '4432158'}}],2026-05-24T00:51:50Z,True,"{'x': -214748340, 'y': -214748365}",1,+1 Point,605.0
401873343188,188,"{'id': '99', 'text': 'Free Throw - 2 of 2'}",Evan Mobley misses free throw 2 of 2,39,32,2,10:05,False,0,{'id': '5'},[{'athlete': {'id': '4432158'}}],2026-05-24T00:51:50Z,True,"{'x': -214748340, 'y': -214748365}",1,Missed FT,605.0
401873343189,189,"{'id': '155', 'text': 'Defensive Rebound'}",Landry Shamet defensive rebound,39,32,2,10:02,False,0,{'id': '18'},[{'athlete': {'id': '3914044'}}],2026-05-24T00:51:53Z,False,"{'x': -214748340, 'y': -214748365}",0,Rebound,602.0
401873343190,190,"{'id': '128', 'text': 'Driving Finger Roll Layup'}",Josh Hart makes 1-foot two point shot (Karl-Anthony Towns assists),41,32,2,9:47,True,2,{'id': '18'},"[{'athlete': {'id': '3062679'}}, {'athlete': {'id': '3136195'}}]",2026-05-24T00:52:31Z,True,"{'x': 26, 'y': 0}",2,+2 Points,587.0
401873343192,192,"{'id': '45', 'text': 'Personal Foul'}",Jose Alvarado personal foul,41,32,2,9:41,False,0,{'id': '18'},[{'athlete': {'id': '4277869'}}],2026-05-24T00:52:41Z,False,"{'x': 36, 'y': 22}",0,Foul,581.0
401873343194,194,"{'id': '584', 'text': 'Substitution'}",Jarrett Allen enters the game for Evan Mobley,41,32,2,9:41,False,0,{'id': '5'},"[{'athlete': {'id': '4066328'}}, {'athlete': {'id': '4432158'}}]",2026-05-24T00:52:48Z,False,"{'x': -214748340, 'y': -214748365}",0,Substitution,581.0
401873343195,195,"{'id': '584', 'text': 'Substitution'}",James Harden enters the game for Dennis Schroder,41,32,2,9:41,False,0,{'id': '5'},"[{'athlete': {'id': '3992'}}, {'athlete': {'id': '3032979'}}]",2026-05-24T00:52:48Z,False,"{'x': -214748340, 'y': -214748365}",0,Substitution,581.0
401873343199,199,"{'id': '44', 'text': 'Shooting Foul'}",Karl-Anthony Towns shooting foul,41,32,2,9:29,False,0,{'id': '18'},[{'athlete': {'id': '3136195'}}],2026-05-24T00:53:45Z,False,"{'x': 26, 'y': 3}",0,Foul,569.0
401873343201,201,"{'id': '98', 'text': 'Free Throw - 1 of 2'}",Jarrett Allen makes free throw 1 of 2,41,33,2,9:29,True,1,{'id': '5'},[{'athlete': {'id': '4066328'}}],2026-05-24T00:54:09Z,True,"{'x': -214748340, 'y': -214748365}",1,+1 Point,569.0
401873343203,203,"{'id': '584', 'text': 'Substitution'}",Jordan Clarkson enters the game for Miles McBride,41,33,2,9:29,False,0,{'id': '18'},"[{'athlete': {'id': '2528426'}}, {'athlete': {'id': '4431823'}}]",2026-05-24T00:54:18Z,False,"{'x': -214748340, 'y': -214748365}",0,Substitution,569.0
401873343204,204,"{'id': '584', 'text': 'Substitution'}",Mitchell Robinson enters the game for Karl-Anthony Towns,41,33,2,9:29,False,0,{'id': '18'},"[{'athlete': {'id': '4351852'}}, {'athlete': {'id': '3136195'}}]",2026-05-24T00:54:18Z,False,"{'x': -214748340, 'y': -214748365}",0,Substitution,569.0
401873343205,205,"{'id': '584', 'text': 'Substitution'}",Mikal Bridges enters the game for Landry Shamet,41,33,2,9:29,False,0,{'id': '18'},"[{'athlete': {'id': '3147657'}}, {'athlete': {'id': '3914044'}}]",2026-05-24T00:54:18Z,False,"{'x': -214748340, 'y': -214748365}",0,Substitution,569.0
401873343209,209,"{'id': '99', 'text': 'Free Throw - 2 of 2'}",Jarrett Allen makes free throw 2 of 2,41,34,2,9:29,True,1,{'id': '5'},[{'athlete': {'id': '4066328'}}],2026-05-24T00:54:50Z,True,"{'x': -214748340, 'y': -214748365}",1,+1 Point,569.0
401873343210,210,"{'id': '63', 'text': 'Lost Ball Turnover'}",Jose Alvarado lost ball turnover (Donovan Mitchell steals),41,34,2,9:06,False,0,{'id': '18'},"[{'athlete': {'id': '4277869'}}, {'athlete': {'id': '3908809'}}]",2026-05-24T00:55:14Z,False,"{'x': 23, 'y': 1}",0,Turnover,546.0
401873343212,212,"{'id': '87', 'text': 'Out of Bounds - Lost Ball Turnover'}",Donovan Mitchell out of bounds lost ball turnover,41,34,2,9:02,False,0,{'id': '5'},[{'athlete': {'id': '3908809'}}],2026-05-24T00:55:22Z,False,"{'x': 9, 'y': 20}",0,Turnover,542.0
401873343213,213,"{'id': '121', 'text': 'Fade Away Jump Shot'}",Mikal Bridges makes 14-foot fade away jump shot,43,34,2,8:44,True,2,{'id': '18'},[{'athlete': {'id': '3147657'}}],2026-05-24T00:55:44Z,True,"{'x': 37, 'y': 7}",2,+2 Points,524.0
401873343214,214,"{'id': '95', 'text': 'Layup Shot'}",Jarrett Allen makes layup (Jaylon Tyson assists),43,36,2,8:28,True,2,{'id': '5'},"[{'athlete': {'id': '4066328'}}, {'athlete': {'id': '4683747'}}]",2026-05-24T00:56:01Z,True,"{'x': 24, 'y': 1}",2,+2 Points,508.0
401873343216,216,"{'id': '92', 'text': 'Jump Shot'}",Jose Alvarado misses 25-foot three point jumper,43,36,2,8:15,False,0,{'id': '18'},[{'athlete': {'id': '4277869'}}],2026-05-24T00:56:14Z,True,"{'x': 23, 'y': 25}",3,Missed 3PT,495.0
401873343217,217,"{'id': '155', 'text': 'Defensive Rebound'}",Sam Merrill defensive rebound,43,36,2,8:12,False,0,{'id': '5'},[{'athlete': {'id': '4066757'}}],2026-05-24T00:56:16Z,False,"{'x': 23, 'y': 25}",0,Rebound,492.0
401873343218,218,"{'id': '131', 'text': 'Pullup Jump Shot'}",Donovan Mitchell misses 30-foot three point pullup jump shot,43,36,2,8:04,False,0,{'id': '5'},[{'athlete': {'id': '3908809'}}],2026-05-24T00:56:25Z,True,"{'x': 16, 'y': 30}",3,Missed 3PT,484.0
401873343219,219,"{'id': '156', 'text': 'Offensive Rebound'}",Jarrett Allen offensive rebound,43,36,2,8:02,False,0,{'id': '5'},[{'athlete': {'id': '4066328'}}],2026-05-24T00:56:27Z,False,"{'x': 16, 'y': 30}",0,Rebound,482.0
401873343220,220,"{'id': '87', 'text': 'Out of Bounds - Lost Ball Turnover'}",Jaylon Tyson out of bounds lost ball turnover,43,36,2,7:57,False,0,{'id': '5'},[{'athlete': {'id': '4683747'}}],2026-05-24T00:56:34Z,False,"{'x': 14, 'y': 10}",0,Turnover,477.0
401873343221,221,"{'id': '584', 'text': 'Substitution'}",Jalen Brunson enters the game for Josh Hart,43,36,2,7:57,False,0,{'id': '18'},"[{'athlete': {'id': '3934672'}}, {'athlete': {'id': '3062679'}}]",2026-05-24T00:56:37Z,False,"{'x': -214748340, 'y': -214748365}",0,Substitution,477.0
401873343222,222,"{'id': '584', 'text': 'Substitution'}",OG Anunoby enters the game for Jose Alvarado,43,36,2,7:57,False,0,{'id': '18'},"[{'athlete': {'id': '3934719'}}, {'athlete': {'id': '4277869'}}]",2026-05-24T00:56:37Z,False,"{'x': -214748340, 'y': -214748365}",0,Substitution,477.0
401873343225,225,"{'id': '45', 'text': 'Personal Foul'}",Sam Merrill personal foul,43,36,2,7:46,False,0,{'id': '5'},[{'athlete': {'id': '4066757'}}],2026-05-24T00:57:13Z,False,"{'x': 36, 'y': 37}",0,Foul,466.0
401873343227,227,"{'id': '584', 'text': 'Substitution'}",Dean Wade enters the game for Sam Merrill,43,36,2,7:46,False,0,{'id': '5'},"[{'athlete': {'id': '3912848'}}, {'athlete': {'id': '4066757'}}]",2026-05-24T00:57:22Z,False,"{'x': -214748340, 'y': -214748365}",0,Substitution,466.0
401873343229,229,"{'id': '62', 'text': 'Bad Pass\nTurnover'}","Jalen Brunson bad pass
turnover (Dean Wade steals)",43,36,2,7:44,False,0,{'id': '18'},"[{'athlete': {'id': '3934672'}}, {'athlete': {'id': '3912848'}}]",2026-05-24T00:57:43Z,False,"{'x': 41, 'y': 27}",0,Turnover,464.0
401873343232,232,"{'id': '584', 'text': 'Substitution'}",Max Strus enters the game for Donovan Mitchell,43,36,2,7:39,False,0,{'id': '5'},"[{'athlete': {'id': '4065778'}}, {'athlete': {'id': '3908809'}}]",2026-05-24T00:57:55Z,False,"{'x': -214748340, 'y': -214748365}",0,Substitution,459.0
401873343234,234,"{'id': '110', 'text': 'Driving Layup Shot'}",Jaylon Tyson makes driving layup,43,38,2,7:31,True,2,{'id': '5'},[{'athlete': {'id': '4683747'}}],2026-05-24T00:58:25Z,True,"{'x': 26, 'y': 0}",2,+2 Points,451.0
401873343235,235,"{'id': '44', 'text': 'Shooting Foul'}",Mitchell Robinson shooting foul,43,38,2,7:31,False,0,{'id': '18'},[{'athlete': {'id': '4351852'}}],2026-05-24T00:58:28Z,False,"{'x': 25, 'y': 2}",0,Foul,451.0
401873343237,237,"{'id': '97', 'text': 'Free Throw - 1 of 1'}",Jaylon Tyson makes free throw 1 of 1,43,39,2,7:31,True,1,{'id': '5'},[{'athlete': {'id': '4683747'}}],2026-05-24T00:58:53Z,True,"{'x': -214748340, 'y': -214748365}",1,+1 Point,451.0
401873343238,238,"{'id': '132', 'text': 'Step Back Jump Shot'}",Mikal Bridges misses 11-foot step back jumpshot,43,39,2,7:13,False,0,{'id': '18'},[{'athlete': {'id': '3147657'}}],2026-05-24T00:59:13Z,True,"{'x': 18, 'y': 9}",2,Missed FG,433.0
401873343239,239,"{'id': '155', 'text': 'Defensive Rebound'}",Jaylon Tyson defensive rebound,43,39,2,7:10,False,0,{'id': '5'},[{'athlete': {'id': '4683747'}}],2026-05-24T00:59:16Z,False,"{'x': 18, 'y': 9}",0,Rebound,430.0
401873343240,240,"{'id': '128', 'text': 'Driving Finger Roll Layup'}",James Harden makes two point shot,43,41,2,7:04,True,2,{'id': '5'},[{'athlete': {'id': '3992'}}],2026-05-24T00:59:23Z,True,"{'x': 25, 'y': 1}",2,+2 Points,424.0
401873343245,245,"{'id': '16', 'text': 'Full Timeout'}",Cavaliers Full timeout,43,41,2,6:42,False,0,{'id': '5'},,2026-05-24T00:59:58Z,False,"{'x': -214748340, 'y': -214748365}",0,Timeout,402.0
401873343246,246,"{'id': '584', 'text': 'Substitution'}",Josh Hart enters the game for Jordan Clarkson,43,41,2,6:42,False,0,{'id': '18'},"[{'athlete': {'id': '3062679'}}, {'athlete': {'id': '2528426'}}]",2026-05-24T00:59:59Z,False,"{'x': -214748340, 'y': -214748365}",0,Substitution,402.0
401873343247,247,"{'id': '584', 'text': 'Substitution'}",Karl-Anthony Towns enters the game for Mitchell Robinson,43,41,2,6:42,False,0,{'id': '18'},"[{'athlete': {'id': '3136195'}}, {'athlete': {'id': '4351852'}}]",2026-05-24T00:59:59Z,False,"{'x': -214748340, 'y': -214748365}",0,Substitution,402.0
401873343251,251,"{'id': '122', 'text': 'Jump Shot Bank'}",Mikal Bridges makes 8-foot jump bank shot (Josh Hart assists),45,41,2,6:38,True,2,{'id': '18'},"[{'athlete': {'id': '3147657'}}, {'athlete': {'id': '3062679'}}]",2026-05-24T01:03:49Z,True,"{'x': 17, 'y': 4}",2,+2 Points,398.0
401873343253,253,"{'id': '131', 'text': 'Pullup Jump Shot'}",James Harden makes 25-foot three pointer,45,44,2,6:28,True,3,{'id': '5'},[{'athlete': {'id': '3992'}}],2026-05-24T01:03:59Z,True,"{'x': 43, 'y': 19}",3,+3 Points,388.0
401873343254,254,"{'id': '92', 'text': 'Jump Shot'}",OG Anunoby makes 27-foot three point jumper (Josh Hart assists),48,44,2,6:16,True,3,{'id': '18'},"[{'athlete': {'id': '3934719'}}, {'athlete': {'id': '3062679'}}]",2026-05-24T01:04:11Z,True,"{'x': 48, 'y': 16}",3,+3 Points,376.0
401873343256,256,"{'id': '132', 'text': 'Step Back Jump Shot'}",James Harden misses 25-foot three point step back jumpshot,48,44,2,6:05,False,0,{'id': '5'},[{'athlete': {'id': '3992'}}],2026-05-24T01:04:22Z,True,"{'x': 2, 'y': 13}",3,Missed 3PT,365.0
401873343257,257,"{'id': '156', 'text': 'Offensive Rebound'}",Jarrett Allen offensive rebound,48,44,2,6:02,False,0,{'id': '5'},[{'athlete': {'id': '4066328'}}],2026-05-24T01:04:25Z,False,"{'x': 2, 'y': 13}",0,Rebound,362.0
401873343258,258,"{'id': '126', 'text': 'Layup Driving Reverse'}",Jarrett Allen makes two point shot,48,46,2,6:01,True,2,{'id': '5'},[{'athlete': {'id': '4066328'}}],2026-05-24T01:04:26Z,True,"{'x': 25, 'y': 1}",2,+2 Points,361.0
401873343259,259,"{'id': '136', 'text': 'Turnaround Bank Jump Shot'}",OG Anunoby misses 6-foot two point shot,48,46,2,5:47,False,0,{'id': '18'},[{'athlete': {'id': '3934719'}}],2026-05-24T01:04:40Z,True,"{'x': 20, 'y': 4}",2,Missed FG,347.0
401873343260,260,"{'id': '155', 'text': 'Defensive Rebound'}",James Harden defensive rebound,48,46,2,5:46,False,0,{'id': '5'},[{'athlete': {'id': '3992'}}],2026-05-24T01:04:41Z,False,"{'x': 20, 'y': 4}",0,Rebound,346.0
401873343261,261,"{'id': '128', 'text': 'Driving Finger Roll Layup'}",James Harden makes 1-foot two point shot (Max Strus assists),48,48,2,5:40,True,2,{'id': '5'},"[{'athlete': {'id': '3992'}}, {'athlete': {'id': '4065778'}}]",2026-05-24T01:04:47Z,True,"{'x': 26, 'y': 2}",2,+2 Points,340.0
401873343263,263,"{'id': '145', 'text': 'Driving Floating Bank Jump Shot'}",Mikal Bridges misses two point shot,48,48,2,5:25,False,0,{'id': '18'},[{'athlete': {'id': '3147657'}}],2026-05-24T01:05:02Z,True,"{'x': 33, 'y': 5}",2,Missed FG,325.0
401873343264,264,"{'id': '155', 'text': 'Defensive Rebound'}",James Harden defensive rebound,48,48,2,5:23,False,0,{'id': '5'},[{'athlete': {'id': '3992'}}],2026-05-24T01:05:04Z,False,"{'x': 33, 'y': 5}",0,Rebound,323.0
401873343265,265,"{'id': '92', 'text': 'Jump Shot'}",Jaylon Tyson misses 27-foot three point jumper,48,48,2,5:17,False,0,{'id': '5'},[{'athlete': {'id': '4683747'}}],2026-05-24T01:05:11Z,True,"{'x': 12, 'y': 25}",3,Missed 3PT,317.0
401873343266,266,"{'id': '155', 'text': 'Defensive Rebound'}",Mikal Bridges defensive rebound,48,48,2,5:13,False,0,{'id': '18'},[{'athlete': {'id': '3147657'}}],2026-05-24T01:05:15Z,False,"{'x': 12, 'y': 25}",0,Rebound,313.0
401873343267,267,"{'id': '44', 'text': 'Shooting Foul'}",Jaylon Tyson shooting foul,48,48,2,5:09,False,0,{'id': '5'},[{'athlete': {'id': '4683747'}}],2026-05-24T01:05:20Z,False,"{'x': 24, 'y': 1}",0,Foul,309.0
401873343269,269,"{'id': '98', 'text': 'Free Throw - 1 of 2'}",OG Anunoby makes free throw 1 of 2,49,48,2,5:09,True,1,{'id': '18'},[{'athlete': {'id': '3934719'}}],2026-05-24T01:05:48Z,True,"{'x': -214748340, 'y': -214748365}",1,+1 Point,309.0
401873343270,270,"{'id': '584', 'text': 'Substitution'}",Evan Mobley enters the game for Jaylon Tyson,49,48,2,5:09,False,0,{'id': '5'},"[{'athlete': {'id': '4432158'}}, {'athlete': {'id': '4683747'}}]",2026-05-24T01:05:51Z,False,"{'x': -214748340, 'y': -214748365}",0,Substitution,309.0
401873343272,272,"{'id': '99', 'text': 'Free Throw - 2 of 2'}",OG Anunoby makes free throw 2 of 2,50,48,2,5:09,True,1,{'id': '18'},[{'athlete': {'id': '3934719'}}],2026-05-24T01:06:11Z,True,"{'x': -214748340, 'y': -214748365}",1,+1 Point,309.0
401873343273,273,"{'id': '144', 'text': 'Driving Floating Jump Shot'}",James Harden makes 10-foot driving floating jump shot,50,50,2,4:54,True,2,{'id': '5'},[{'athlete': {'id': '3992'}}],2026-05-24T01:06:30Z,True,"{'x': 32, 'y': 9}",2,+2 Points,294.0
401873343274,274,"{'id': '92', 'text': 'Jump Shot'}",OG Anunoby misses 26-foot three point jumper,50,50,2,4:28,False,0,{'id': '18'},[{'athlete': {'id': '3934719'}}],2026-05-24T01:06:56Z,True,"{'x': 45, 'y': 18}",3,Missed 3PT,268.0
401873343275,275,"{'id': '155', 'text': 'Defensive Rebound'}",Jarrett Allen defensive rebound,50,50,2,4:25,False,0,{'id': '5'},[{'athlete': {'id': '4066328'}}],2026-05-24T01:06:59Z,False,"{'x': 45, 'y': 18}",0,Rebound,265.0
401873343276,276,"{'id': '92', 'text': 'Jump Shot'}",Dean Wade misses 24-foot three point jumper,50,50,2,4:13,False,0,{'id': '5'},[{'athlete': {'id': '3912848'}}],2026-05-24T01:07:11Z,True,"{'x': 2, 'y': 9}",3,Missed 3PT,253.0
401873343277,277,"{'id': '155', 'text': 'Defensive Rebound'}",Jalen Brunson defensive rebound,50,50,2,4:10,False,0,{'id': '18'},[{'athlete': {'id': '3934672'}}],2026-05-24T01:07:14Z,False,"{'x': 2, 'y': 9}",0,Rebound,250.0
401873343278,278,"{'id': '109', 'text': 'Running Layup Shot'}",Jalen Brunson makes running layup,52,50,2,4:04,True,2,{'id': '18'},[{'athlete': {'id': '3934672'}}],2026-05-24T01:07:20Z,True,"{'x': 25, 'y': 2}",2,+2 Points,244.0
401873343279,279,"{'id': '42', 'text': 'Offensive Foul'}",James Harden offensive foul,52,50,2,3:53,False,0,{'id': '5'},[{'athlete': {'id': '3992'}}],2026-05-24T01:07:35Z,False,"{'x': 15, 'y': 9}",0,Foul,233.0
401873343281,281,"{'id': '84', 'text': 'Offensive Foul Turnover'}",James Harden offensive foul turnover,52,50,2,3:53,False,0,{'id': '5'},[{'athlete': {'id': '3992'}}],2026-05-24T01:07:35Z,False,"{'x': 15, 'y': 9}",0,Turnover,233.0
401873343282,282,"{'id': '584', 'text': 'Substitution'}",Donovan Mitchell enters the game for Dean Wade,52,50,2,3:53,False,0,{'id': '5'},"[{'athlete': {'id': '3908809'}}, {'athlete': {'id': '3912848'}}]",2026-05-24T01:07:46Z,False,"{'x': -214748340, 'y': -214748365}",0,Substitution,233.0
401873343284,284,"{'id': '64', 'text': 'Traveling'}",Jalen Brunson traveling turnover,52,50,2,3:40,False,0,{'id': '18'},[{'athlete': {'id': '3934672'}}],2026-05-24T01:08:21Z,False,"{'x': 37, 'y': 15}",0,Turnover,220.0
401873343285,285,"{'id': '44', 'text': 'Shooting Foul'}",Jalen Brunson shooting foul,52,50,2,3:25,False,0,{'id': '18'},[{'athlete': {'id': '3934672'}}],2026-05-24T01:08:50Z,False,"{'x': 14, 'y': 6}",0,Foul,205.0
401873343287,287,"{'id': '98', 'text': 'Free Throw - 1 of 2'}",James Harden misses free throw 1 of 2,52,50,2,3:25,False,0,{'id': '5'},[{'athlete': {'id': '3992'}}],2026-05-24T01:09:21Z,True,"{'x': -214748340, 'y': -214748365}",1,Missed FT,205.0
401873343288,288,"{'id': '156', 'text': 'Offensive Rebound'}",Cavaliers offensive team rebound,52,50,2,3:25,False,0,{'id': '5'},,2026-05-24T01:09:21Z,False,"{'x': -214748340, 'y': -214748365}",0,Rebound,205.0
401873343289,289,"{'id': '16', 'text': 'Full Timeout'}",Knicks Full timeout,52,50,2,3:25,False,0,{'id': '18'},,2026-05-24T01:09:33Z,False,"{'x': -214748340, 'y': -214748365}",0,Timeout,205.0
401873343290,290,"{'id': '99', 'text': 'Free Throw - 2 of 2'}",James Harden makes free throw 2 of 2,52,51,2,3:25,True,1,{'id': '5'},[{'athlete': {'id': '3992'}}],2026-05-24T01:13:21Z,True,"{'x': -214748340, 'y': -214748365}",1,+1 Point,205.0
401873343291,291,"{'id': '132', 'text': 'Step Back Jump Shot'}",Josh Hart misses 26-foot three point step back jumpshot,52,51,2,3:05,False,0,{'id': '18'},[{'athlete': {'id': '3062679'}}],2026-05-24T01:13:43Z,True,"{'x': 39, 'y': 22}",3,Missed 3PT,185.0
401873343292,292,"{'id': '155', 'text': 'Defensive Rebound'}",Evan Mobley defensive rebound,52,51,2,3:02,False,0,{'id': '5'},[{'athlete': {'id': '4432158'}}],2026-05-24T01:13:46Z,False,"{'x': 39, 'y': 22}",0,Rebound,182.0
401873343293,293,"{'id': '63', 'text': 'Lost Ball Turnover'}",Donovan Mitchell lost ball turnover (Josh Hart steals),52,51,2,2:55,False,0,{'id': '5'},"[{'athlete': {'id': '3908809'}}, {'athlete': {'id': '3062679'}}]",2026-05-24T01:13:52Z,False,"{'x': 14, 'y': 15}",0,Turnover,175.0
401873343295,295,"{'id': '109', 'text': 'Running Layup Shot'}",Josh Hart makes running layup (OG Anunoby assists),54,51,2,2:52,True,2,{'id': '18'},"[{'athlete': {'id': '3062679'}}, {'athlete': {'id': '3934719'}}]",2026-05-24T01:13:56Z,True,"{'x': 25, 'y': 1}",2,+2 Points,172.0
401873343298,298,"{'id': '92', 'text': 'Jump Shot'}",Max Strus misses 24-foot three point jumper,54,51,2,2:37,False,0,{'id': '5'},[{'athlete': {'id': '4065778'}}],2026-05-24T01:14:10Z,True,"{'x': 37, 'y': 22}",3,Missed 3PT,157.0
401873343299,299,"{'id': '155', 'text': 'Defensive Rebound'}",Karl-Anthony Towns defensive rebound,54,51,2,2:33,False,0,{'id': '18'},[{'athlete': {'id': '3136195'}}],2026-05-24T01:14:14Z,False,"{'x': 37, 'y': 22}",0,Rebound,153.0
401873343300,300,"{'id': '144', 'text': 'Driving Floating Jump Shot'}",OG Anunoby misses driving floating jump shot,54,51,2,2:29,False,0,{'id': '18'},[{'athlete': {'id': '3934719'}}],2026-05-24T01:14:19Z,True,"{'x': 25, 'y': 7}",2,Missed FG,149.0
401873343301,301,"{'id': '156', 'text': 'Offensive Rebound'}",OG Anunoby offensive rebound,54,51,2,2:26,False,0,{'id': '18'},[{'athlete': {'id': '3934719'}}],2026-05-24T01:14:21Z,False,"{'x': 25, 'y': 7}",0,Rebound,146.0
401873343302,302,"{'id': '130', 'text': 'Floating Jump Shot'}",Karl-Anthony Towns misses 7-foot floating jump shot,54,51,2,2:23,False,0,{'id': '18'},[{'athlete': {'id': '3136195'}}],2026-05-24T01:14:24Z,True,"{'x': 18, 'y': 3}",2,Missed FG,143.0
401873343303,303,"{'id': '155', 'text': 'Defensive Rebound'}",Jarrett Allen defensive rebound,54,51,2,2:21,False,0,{'id': '5'},[{'athlete': {'id': '4066328'}}],2026-05-24T01:14:26Z,False,"{'x': 18, 'y': 3}",0,Rebound,141.0
401873343304,304,"{'id': '615', 'text': 'Jumpball'}",Karl-Anthony Towns vs. James Harden (Jalen Brunson gains possession),54,51,2,2:12,False,0,{'id': '18'},"[{'athlete': {'id': '3136195'}}, {'athlete': {'id': '3992'}}, {'athlete': {'id': '3934672'}}]",2026-05-24T01:15:34Z,False,"{'x': -214748340, 'y': -214748365}",0,Jump Ball,132.0
401873343307,307,"{'id': '62', 'text': 'Bad Pass\nTurnover'}","James Harden bad pass
turnover (Karl-Anthony Towns steals)",54,51,2,2:12,False,0,{'id': '5'},"[{'athlete': {'id': '3992'}}, {'athlete': {'id': '3136195'}}]",2026-05-24T01:15:34Z,False,"{'x': 26, 'y': 40}",0,Turnover,132.0
401873343309,309,"{'id': '131', 'text': 'Pullup Jump Shot'}",Jalen Brunson makes 12-foot pullup jump shot,56,51,2,1:59,True,2,{'id': '18'},[{'athlete': {'id': '3934672'}}],2026-05-24T01:15:40Z,True,"{'x': 14, 'y': 5}",2,+2 Points,119.0
401873343310,310,"{'id': '44', 'text': 'Shooting Foul'}",Josh Hart shooting foul,56,51,2,1:39,False,0,{'id': '18'},[{'athlete': {'id': '3062679'}}],2026-05-24T01:16:03Z,False,"{'x': 28, 'y': 8}",0,Foul,99.0
401873343312,312,"{'id': '98', 'text': 'Free Throw - 1 of 2'}",Donovan Mitchell misses free throw 1 of 2,56,51,2,1:39,False,0,{'id': '5'},[{'athlete': {'id': '3908809'}}],2026-05-24T01:16:38Z,True,"{'x': -214748340, 'y': -214748365}",1,Missed FT,99.0
401873343313,313,"{'id': '156', 'text': 'Offensive Rebound'}",Cavaliers offensive team rebound,56,51,2,1:39,False,0,{'id': '5'},,2026-05-24T01:16:38Z,False,"{'x': -214748340, 'y': -214748365}",0,Rebound,99.0
401873343314,314,"{'id': '99', 'text': 'Free Throw - 2 of 2'}",Donovan Mitchell misses free throw 2 of 2,56,51,2,1:39,False,0,{'id': '5'},[{'athlete': {'id': '3908809'}}],2026-05-24T01:16:38Z,True,"{'x': -214748340, 'y': -214748365}",1,Missed FT,99.0
401873343315,315,"{'id': '155', 'text': 'Defensive Rebound'}",OG Anunoby defensive rebound,56,51,2,1:37,False,0,{'id': '18'},[{'athlete': {'id': '3934719'}}],2026-05-24T01:16:40Z,False,"{'x': -214748340, 'y': -214748365}",0,Rebound,97.0
401873343316,316,"{'id': '137', 'text': 'Turnaround Fade Away Jump Shot'}",Josh Hart makes 8-foot two point shot,58,51,2,1:13,True,2,{'id': '18'},[{'athlete': {'id': '3062679'}}],2026-05-24T01:17:26Z,True,"{'x': 19, 'y': 6}",2,+2 Points,73.0
401873343317,317,"{'id': '132', 'text': 'Step Back Jump Shot'}",James Harden misses 26-foot three point step back jumpshot,58,51,2,58.8,False,0,{'id': '5'},[{'athlete': {'id': '3992'}}],2026-05-24T01:17:41Z,True,"{'x': 28, 'y': 27}",3,Missed 3PT,58.8
401873343318,318,"{'id': '155', 'text': 'Defensive Rebound'}",Karl-Anthony Towns defensive rebound,58,51,2,56.7,False,0,{'id': '18'},[{'athlete': {'id': '3136195'}}],2026-05-24T01:17:43Z,False,"{'x': 28, 'y': 27}",0,Rebound,56.7
401873343319,319,"{'id': '62', 'text': 'Bad Pass\nTurnover'}","Josh Hart bad pass
turnover (James Harden steals)",58,51,2,53.2,False,0,{'id': '18'},"[{'athlete': {'id': '3062679'}}, {'athlete': {'id': '3992'}}]",2026-05-24T01:17:47Z,False,"{'x': 36, 'y': 16}",0,Turnover,53.2
401873343321,321,"{'id': '92', 'text': 'Jump Shot'}",Max Strus misses 23-foot three point jumper,58,51,2,44.9,False,0,{'id': '5'},[{'athlete': {'id': '4065778'}}],2026-05-24T01:17:55Z,True,"{'x': 48, 'y': 0}",3,Missed 3PT,44.9
401873343322,322,"{'id': '155', 'text': 'Defensive Rebound'}",Josh Hart defensive rebound,58,51,2,42.5,False,0,{'id': '18'},[{'athlete': {'id': '3062679'}}],2026-05-24T01:17:57Z,False,"{'x': 48, 'y': 0}",0,Rebound,42.5
401873343323,323,"{'id': '44', 'text': 'Shooting Foul'}",Donovan Mitchell shooting foul,58,51,2,38.3,False,0,{'id': '5'},[{'athlete': {'id': '3908809'}}],2026-05-24T01:18:04Z,False,"{'x': 27, 'y': 0}",0,Foul,38.3
401873343325,325,"{'id': '98', 'text': 'Free Throw - 1 of 2'}",OG Anunoby makes free throw 1 of 2,59,51,2,38.3,True,1,{'id': '18'},[{'athlete': {'id': '3934719'}}],2026-05-24T01:18:25Z,True,"{'x': -214748340, 'y': -214748365}",1,+1 Point,38.3
401873343326,326,"{'id': '584', 'text': 'Substitution'}",Landry Shamet enters the game for Karl-Anthony Towns,59,51,2,38.3,False,0,{'id': '18'},"[{'athlete': {'id': '3914044'}}, {'athlete': {'id': '3136195'}}]",2026-05-24T01:18:26Z,False,"{'x': -214748340, 'y': -214748365}",0,Substitution,38.3
401873343328,328,"{'id': '99', 'text': 'Free Throw - 2 of 2'}",OG Anunoby makes free throw 2 of 2,60,51,2,38.3,True,1,{'id': '18'},[{'athlete': {'id': '3934719'}}],2026-05-24T01:18:25Z,True,"{'x': -214748340, 'y': -214748365}",1,+1 Point,38.3
401873343329,329,"{'id': '131', 'text': 'Pullup Jump Shot'}",Donovan Mitchell makes 25-foot three pointer,60,54,2,30.3,True,3,{'id': '5'},[{'athlete': {'id': '3908809'}}],2026-05-24T01:19:05Z,True,"{'x': 45, 'y': 16}",3,+3 Points,30.3
401873343330,330,"{'id': '90', 'text': 'Out of Bounds - Bad Pass Turnover'}",OG Anunoby out of bounds bad pass turnover,60,54,2,9.7,False,0,{'id': '18'},[{'athlete': {'id': '3934719'}}],2026-05-24T01:19:30Z,False,"{'x': 37, 'y': 9}",0,Turnover,9.7
401873343331,331,"{'id': '584', 'text': 'Substitution'}",Miles McBride enters the game for Jalen Brunson,60,54,2,9.7,False,0,{'id': '18'},"[{'athlete': {'id': '4431823'}}, {'athlete': {'id': '3934672'}}]",2026-05-24T01:19:36Z,False,"{'x': -214748340, 'y': -214748365}",0,Substitution,9.7
401873343333,333,"{'id': '92', 'text': 'Jump Shot'}",James Harden misses 24-foot three point jumper,60,54,2,0.0,False,0,{'id': '5'},[{'athlete': {'id': '3992'}}],2026-05-24T01:20:12Z,True,"{'x': 12, 'y': 21}",3,Missed 3PT,0.0
401873343334,334,"{'id': '156', 'text': 'Offensive Rebound'}",Cavaliers offensive team rebound,60,54,2,0.0,False,0,{'id': '5'},,2026-05-24T01:20:15Z,False,"{'x': 12, 'y': 21}",0,Rebound,0.0
401873343337,337,"{'id': '412', 'text': 'End Period'}",End of the 2nd Quarter,60,54,2,0.0,False,0,,,2026-05-24T01:20:32Z,False,"{'x': -214748340, 'y': -214748365}",0,Halftime,0.0
401873343338,338,"{'id': '584', 'text': 'Substitution'}",Dean Wade enters the game for Max Strus,60,54,3,12:00,False,0,{'id': '5'},"[{'athlete': {'id': '3912848'}}, {'athlete': {'id': '4065778'}}]",2026-05-24T01:20:36Z,False,"{'x': -214748340, 'y': -214748365}",0,Substitution,720.0
401873343339,339,"{'id': '584', 'text': 'Substitution'}",Karl-Anthony Towns enters the game for Landry Shamet,60,54,3,12:00,False,0,{'id': '18'},"[{'athlete': {'id': '3136195'}}, {'athlete': {'id': '3914044'}}]",2026-05-24T01:20:36Z,False,"{'x': -214748340, 'y': -214748365}",0,Substitution,720.0
401873343340,340,"{'id': '584', 'text': 'Substitution'}",Jalen Brunson enters the game for Miles McBride,60,54,3,12:00,False,0,{'id': '18'},"[{'athlete': {'id': '3934672'}}, {'athlete': {'id': '4431823'}}]",2026-05-24T01:20:36Z,False,"{'x': -214748340, 'y': -214748365}",0,Substitution,720.0
401873343345,345,"{'id': '92', 'text': 'Jump Shot'}",OG Anunoby makes 27-foot three point jumper (Karl-Anthony Towns assists),63,54,3,11:46,True,3,{'id': '18'},"[{'athlete': {'id': '3934719'}}, {'athlete': {'id': '3136195'}}]",2026-05-24T01:37:22Z,True,"{'x': 2, 'y': 15}",3,+3 Points,706.0
401873343347,347,"{'id': '62', 'text': 'Bad Pass\nTurnover'}","Evan Mobley bad pass
turnover (Josh Hart steals)",63,54,3,11:32,False,0,{'id': '5'},"[{'athlete': {'id': '4432158'}}, {'athlete': {'id': '3062679'}}]",2026-05-24T01:37:36Z,False,"{'x': 34, 'y': 1}",0,Turnover,692.0
401873343349,349,"{'id': '90', 'text': 'Out of Bounds - Bad Pass Turnover'}",Josh Hart out of bounds bad pass turnover,63,54,3,11:20,False,0,{'id': '18'},[{'athlete': {'id': '3062679'}}],2026-05-24T01:37:50Z,False,"{'x': 16, 'y': 18}",0,Turnover,680.0
401873343350,350,"{'id': '92', 'text': 'Jump Shot'}",Evan Mobley makes 24-foot three point jumper (Donovan Mitchell assists),63,57,3,11:06,True,3,{'id': '5'},"[{'athlete': {'id': '4432158'}}, {'athlete': {'id': '3908809'}}]",2026-05-24T01:38:10Z,True,"{'x': 45, 'y': 15}",3,+3 Points,666.0
401873343352,352,"{'id': '132', 'text': 'Step Back Jump Shot'}",Jalen Brunson makes 14-foot step back jumpshot,65,57,3,10:49,True,2,{'id': '18'},[{'athlete': {'id': '3934672'}}],2026-05-24T01:38:27Z,True,"{'x': 37, 'y': 7}",2,+2 Points,649.0
401873343353,353,"{'id': '137', 'text': 'Turnaround Fade Away Jump Shot'}",Donovan Mitchell makes 13-foot two point shot,65,59,3,10:34,True,2,{'id': '5'},[{'athlete': {'id': '3908809'}}],2026-05-24T01:38:43Z,True,"{'x': 36, 'y': 7}",2,+2 Points,634.0
401873343354,354,"{'id': '92', 'text': 'Jump Shot'}",Josh Hart misses 28-foot three point jumper,65,59,3,10:08,False,0,{'id': '18'},[{'athlete': {'id': '3062679'}}],2026-05-24T01:39:07Z,True,"{'x': 7, 'y': 23}",3,Missed 3PT,608.0
401873343355,355,"{'id': '155', 'text': 'Defensive Rebound'}",Dean Wade defensive rebound,65,59,3,10:04,False,0,{'id': '5'},[{'athlete': {'id': '3912848'}}],2026-05-24T01:39:11Z,False,"{'x': 7, 'y': 23}",0,Rebound,604.0
401873343356,356,"{'id': '62', 'text': 'Bad Pass\nTurnover'}","James Harden bad pass
turnover (Josh Hart steals)",65,59,3,10:00,False,0,{'id': '5'},"[{'athlete': {'id': '3992'}}, {'athlete': {'id': '3062679'}}]",2026-05-24T01:39:16Z,False,"{'x': 33, 'y': 2}",0,Turnover,600.0
401873343359,359,"{'id': '95', 'text': 'Layup Shot'}",Mikal Bridges makes layup (OG Anunoby assists),67,59,3,9:53,True,2,{'id': '18'},"[{'athlete': {'id': '3147657'}}, {'athlete': {'id': '3934719'}}]",2026-05-24T01:39:35Z,True,"{'x': 26, 'y': 2}",2,+2 Points,593.0
401873343361,361,"{'id': '62', 'text': 'Bad Pass\nTurnover'}","Evan Mobley bad pass
turnover (Karl-Anthony Towns steals)",67,59,3,9:26,False,0,{'id': '5'},"[{'athlete': {'id': '4432158'}}, {'athlete': {'id': '3136195'}}]",2026-05-24T01:39:50Z,False,"{'x': 31, 'y': -1}",0,Turnover,566.0
401873343363,363,"{'id': '63', 'text': 'Lost Ball Turnover'}",Josh Hart lost ball turnover (Donovan Mitchell steals),67,59,3,9:17,False,0,{'id': '18'},"[{'athlete': {'id': '3062679'}}, {'athlete': {'id': '3908809'}}]",2026-05-24T01:39:59Z,False,"{'x': 18, 'y': 9}",0,Turnover,557.0
401873343365,365,"{'id': '144', 'text': 'Driving Floating Jump Shot'}",Mikal Bridges blocks Donovan Mitchell 's 2-foot driving floating jump shot,67,59,3,9:09,False,0,{'id': '5'},"[{'athlete': {'id': '3908809'}}, {'athlete': {'id': '3147657'}}]",2026-05-24T01:40:12Z,True,"{'x': 26, 'y': 1}",2,Missed FG,549.0
401873343367,367,"{'id': '156', 'text': 'Offensive Rebound'}",Cavaliers offensive team rebound,67,59,3,9:09,False,0,{'id': '5'},,2026-05-24T01:40:12Z,False,"{'x': 26, 'y': 1}",0,Rebound,549.0
401873343369,369,"{'id': '92', 'text': 'Jump Shot'}",Donovan Mitchell makes 22-foot three point jumper (James Harden assists),67,62,3,9:05,True,3,{'id': '5'},"[{'athlete': {'id': '3908809'}}, {'athlete': {'id': '3992'}}]",2026-05-24T01:40:34Z,True,"{'x': 48, 'y': 1}",3,+3 Points,545.0
401873343371,371,"{'id': '131', 'text': 'Pullup Jump Shot'}",Jalen Brunson misses 11-foot pullup jump shot,67,62,3,8:45,False,0,{'id': '18'},[{'athlete': {'id': '3934672'}}],2026-05-24T01:40:54Z,True,"{'x': 35, 'y': 5}",2,Missed FG,525.0
401873343372,372,"{'id': '155', 'text': 'Defensive Rebound'}",Dean Wade defensive rebound,67,62,3,8:43,False,0,{'id': '5'},[{'athlete': {'id': '3912848'}}],2026-05-24T01:40:56Z,False,"{'x': 35, 'y': 5}",0,Rebound,523.0
401873343373,373,"{'id': '44', 'text': 'Shooting Foul'}",OG Anunoby shooting foul,67,62,3,8:34,False,0,{'id': '18'},[{'athlete': {'id': '3934719'}}],2026-05-24T01:41:07Z,False,"{'x': 24, 'y': 2}",0,Foul,514.0
401873343375,375,"{'id': '98', 'text': 'Free Throw - 1 of 2'}",Evan Mobley makes free throw 1 of 2,67,63,3,8:34,True,1,{'id': '5'},[{'athlete': {'id': '4432158'}}],2026-05-24T01:41:32Z,True,"{'x': -214748340, 'y': -214748365}",1,+1 Point,514.0
401873343376,376,"{'id': '99', 'text': 'Free Throw - 2 of 2'}",Evan Mobley makes free throw 2 of 2,67,64,3,8:34,True,1,{'id': '5'},[{'athlete': {'id': '4432158'}}],2026-05-24T01:41:54Z,True,"{'x': -214748340, 'y': -214748365}",1,+1 Point,514.0
401873343377,377,"{'id': '92', 'text': 'Jump Shot'}",Josh Hart misses 26-foot three point jumper,67,64,3,8:17,False,0,{'id': '18'},[{'athlete': {'id': '3062679'}}],2026-05-24T01:42:12Z,True,"{'x': 45, 'y': 18}",3,Missed 3PT,497.0
401873343378,378,"{'id': '155', 'text': 'Defensive Rebound'}",James Harden defensive rebound,67,64,3,8:15,False,0,{'id': '5'},[{'athlete': {'id': '3992'}}],2026-05-24T01:42:14Z,False,"{'x': 45, 'y': 18}",0,Rebound,495.0
401873343379,379,"{'id': '131', 'text': 'Pullup Jump Shot'}",Donovan Mitchell misses 24-foot three point pullup jump shot,67,64,3,8:07,False,0,{'id': '5'},[{'athlete': {'id': '3908809'}}],2026-05-24T01:42:22Z,True,"{'x': 16, 'y': 23}",3,Missed 3PT,487.0
401873343380,380,"{'id': '155', 'text': 'Defensive Rebound'}",Karl-Anthony Towns defensive rebound,67,64,3,8:05,False,0,{'id': '18'},[{'athlete': {'id': '3136195'}}],2026-05-24T01:42:24Z,False,"{'x': 16, 'y': 23}",0,Rebound,485.0
401873343381,381,"{'id': '95', 'text': 'Layup Shot'}",Mikal Bridges makes layup (Karl-Anthony Towns assists),69,64,3,7:58,True,2,{'id': '18'},"[{'athlete': {'id': '3147657'}}, {'athlete': {'id': '3136195'}}]",2026-05-24T01:42:31Z,True,"{'x': 26, 'y': 1}",2,+2 Points,478.0
401873343383,383,"{'id': '62', 'text': 'Bad Pass\nTurnover'}","Donovan Mitchell bad pass
turnover (Karl-Anthony Towns steals)",69,64,3,7:32,False,0,{'id': '5'},"[{'athlete': {'id': '3908809'}}, {'athlete': {'id': '3136195'}}]",2026-05-24T01:42:57Z,False,"{'x': 27, 'y': 18}",0,Turnover,452.0
401873343385,385,"{'id': '109', 'text': 'Running Layup Shot'}",Mikal Bridges makes running layup (OG Anunoby assists),71,64,3,7:29,True,2,{'id': '18'},"[{'athlete': {'id': '3147657'}}, {'athlete': {'id': '3934719'}}]",2026-05-24T01:43:01Z,True,"{'x': 27, 'y': 0}",2,+2 Points,449.0
401873343387,387,"{'id': '16', 'text': 'Full Timeout'}",Cavaliers Full timeout,71,64,3,7:29,False,0,{'id': '5'},,2026-05-24T01:43:06Z,False,"{'x': -214748340, 'y': -214748365}",0,Timeout,449.0
401873343388,388,"{'id': '584', 'text': 'Substitution'}",Landry Shamet enters the game for Josh Hart,71,64,3,7:29,False,0,{'id': '18'},"[{'athlete': {'id': '3914044'}}, {'athlete': {'id': '3062679'}}]",2026-05-24T01:43:06Z,False,"{'x': -214748340, 'y': -214748365}",0,Substitution,449.0
401873343390,390,"{'id': '62', 'text': 'Bad Pass\nTurnover'}","Evan Mobley bad pass
turnover (Mikal Bridges steals)",71,64,3,7:10,False,0,{'id': '5'},"[{'athlete': {'id': '4432158'}}, {'athlete': {'id': '3147657'}}]",2026-05-24T01:47:06Z,False,"{'x': 32, 'y': 2}",0,Turnover,430.0
401873343392,392,"{'id': '128', 'text': 'Driving Finger Roll Layup'}",Jalen Brunson misses two point shot,71,64,3,6:59,False,0,{'id': '18'},[{'athlete': {'id': '3934672'}}],2026-05-24T01:47:19Z,True,"{'x': 21, 'y': 4}",2,Missed FG,419.0
401873343393,393,"{'id': '156', 'text': 'Offensive Rebound'}",Karl-Anthony Towns offensive rebound,71,64,3,6:58,False,0,{'id': '18'},[{'athlete': {'id': '3136195'}}],2026-05-24T01:47:20Z,False,"{'x': 21, 'y': 4}",0,Rebound,418.0
401873343394,394,"{'id': '94', 'text': 'Tip Shot'}",Karl-Anthony Towns misses tip shot,71,64,3,6:57,False,0,{'id': '18'},[{'athlete': {'id': '3136195'}}],2026-05-24T01:47:23Z,True,"{'x': 25, 'y': 0}",2,Missed FG,417.0
401873343395,395,"{'id': '156', 'text': 'Offensive Rebound'}",Karl-Anthony Towns offensive rebound,71,64,3,6:57,False,0,{'id': '18'},[{'athlete': {'id': '3136195'}}],2026-05-24T01:47:23Z,False,"{'x': 25, 'y': 0}",0,Rebound,417.0
401873343396,396,"{'id': '125', 'text': 'Layup Shot Putback'}",Karl-Anthony Towns makes two point shot,73,64,3,6:56,True,2,{'id': '18'},[{'athlete': {'id': '3136195'}}],2026-05-24T01:47:28Z,True,"{'x': 25, 'y': 0}",2,+2 Points,416.0
401873343397,397,"{'id': '45', 'text': 'Personal Foul'}",Landry Shamet personal foul,73,64,3,6:45,False,0,{'id': '18'},[{'athlete': {'id': '3914044'}}],2026-05-24T01:47:36Z,False,"{'x': 36, 'y': 11}",0,Foul,405.0
401873343399,399,"{'id': '584', 'text': 'Substitution'}",Max Strus enters the game for Evan Mobley,73,64,3,6:45,False,0,{'id': '5'},"[{'athlete': {'id': '4065778'}}, {'athlete': {'id': '4432158'}}]",2026-05-24T01:47:42Z,False,"{'x': -214748340, 'y': -214748365}",0,Substitution,405.0
401873343400,400,"{'id': '584', 'text': 'Substitution'}",Sam Merrill enters the game for Dean Wade,73,64,3,6:45,False,0,{'id': '5'},"[{'athlete': {'id': '4066757'}}, {'athlete': {'id': '3912848'}}]",2026-05-24T01:47:42Z,False,"{'x': -214748340, 'y': -214748365}",0,Substitution,405.0
401873343403,403,"{'id': '92', 'text': 'Jump Shot'}",Max Strus misses 26-foot three point jumper,73,64,3,6:36,False,0,{'id': '5'},[{'athlete': {'id': '4065778'}}],2026-05-24T01:48:11Z,True,"{'x': 46, 'y': 17}",3,Missed 3PT,396.0
401873343404,404,"{'id': '155', 'text': 'Defensive Rebound'}",Mikal Bridges defensive rebound,73,64,3,6:33,False,0,{'id': '18'},[{'athlete': {'id': '3147657'}}],2026-05-24T01:48:14Z,False,"{'x': 46, 'y': 17}",0,Rebound,393.0
401873343405,405,"{'id': '62', 'text': 'Bad Pass\nTurnover'}","Mikal Bridges bad pass
turnover (Max Strus steals)",73,64,3,6:29,False,0,{'id': '18'},"[{'athlete': {'id': '3147657'}}, {'athlete': {'id': '4065778'}}]",2026-05-24T01:48:16Z,False,"{'x': 10, 'y': 27}",0,Turnover,389.0
401873343407,407,"{'id': '144', 'text': 'Driving Floating Jump Shot'}",Donovan Mitchell makes 2-foot driving floating jump shot (Max Strus assists),73,66,3,6:25,True,2,{'id': '5'},"[{'athlete': {'id': '3908809'}}, {'athlete': {'id': '4065778'}}]",2026-05-24T01:48:20Z,True,"{'x': 27, 'y': 3}",2,+2 Points,385.0
401873343409,409,"{'id': '141', 'text': 'Cutting Layup Shot'}",Mikal Bridges makes 1-foot layup (Karl-Anthony Towns assists),75,66,3,6:09,True,2,{'id': '18'},"[{'athlete': {'id': '3147657'}}, {'athlete': {'id': '3136195'}}]",2026-05-24T01:48:36Z,True,"{'x': 25, 'y': 2}",2,+2 Points,369.0
401873343411,411,"{'id': '87', 'text': 'Out of Bounds - Lost Ball Turnover'}",James Harden out of bounds lost ball turnover,75,66,3,6:00,False,0,{'id': '5'},[{'athlete': {'id': '3992'}}],2026-05-24T01:48:53Z,False,"{'x': 18, 'y': 8}",0,Turnover,360.0
401873343412,412,"{'id': '131', 'text': 'Pullup Jump Shot'}",Karl-Anthony Towns misses 31-foot three point pullup jump shot,75,66,3,5:52,False,0,{'id': '18'},[{'athlete': {'id': '3136195'}}],2026-05-24T01:49:05Z,True,"{'x': 7, 'y': 26}",3,Missed 3PT,352.0
401873343413,413,"{'id': '155', 'text': 'Defensive Rebound'}",Sam Merrill defensive rebound,75,66,3,5:50,False,0,{'id': '5'},[{'athlete': {'id': '4066757'}}],2026-05-24T01:49:07Z,False,"{'x': 7, 'y': 26}",0,Rebound,350.0
401873343414,414,"{'id': '92', 'text': 'Jump Shot'}",Max Strus makes 22-foot three point jumper (Donovan Mitchell assists),75,69,3,5:39,True,3,{'id': '5'},"[{'athlete': {'id': '4065778'}}, {'athlete': {'id': '3908809'}}]",2026-05-24T01:49:18Z,True,"{'x': 2, 'y': -1}",3,+3 Points,339.0
401873343416,416,"{'id': '44', 'text': 'Shooting Foul'}",Donovan Mitchell shooting foul,75,69,3,5:28,False,0,{'id': '5'},[{'athlete': {'id': '3908809'}}],2026-05-24T01:49:32Z,False,"{'x': 37, 'y': 8}",0,Foul,328.0
401873343418,418,"{'id': '98', 'text': 'Free Throw - 1 of 2'}",Jalen Brunson makes free throw 1 of 2,76,69,3,5:28,True,1,{'id': '18'},[{'athlete': {'id': '3934672'}}],2026-05-24T01:50:19Z,True,"{'x': -214748340, 'y': -214748365}",1,+1 Point,328.0
401873343419,419,"{'id': '584', 'text': 'Substitution'}",Mitchell Robinson enters the game for Karl-Anthony Towns,76,69,3,5:28,False,0,{'id': '18'},"[{'athlete': {'id': '4351852'}}, {'athlete': {'id': '3136195'}}]",2026-05-24T01:50:20Z,False,"{'x': -214748340, 'y': -214748365}",0,Substitution,328.0
401873343421,421,"{'id': '99', 'text': 'Free Throw - 2 of 2'}",Jalen Brunson makes free throw 2 of 2,77,69,3,5:28,True,1,{'id': '18'},[{'athlete': {'id': '3934672'}}],2026-05-24T01:50:52Z,True,"{'x': -214748340, 'y': -214748365}",1,+1 Point,328.0
401873343422,422,"{'id': '92', 'text': 'Jump Shot'}",James Harden misses 26-foot three point jumper,77,69,3,5:17,False,0,{'id': '5'},[{'athlete': {'id': '3992'}}],2026-05-24T01:51:05Z,True,"{'x': 41, 'y': 21}",3,Missed 3PT,317.0
401873343423,423,"{'id': '155', 'text': 'Defensive Rebound'}",Mitchell Robinson defensive rebound,77,69,3,5:14,False,0,{'id': '18'},[{'athlete': {'id': '4351852'}}],2026-05-24T01:51:07Z,False,"{'x': 41, 'y': 21}",0,Rebound,314.0
401873343424,424,"{'id': '62', 'text': 'Bad Pass\nTurnover'}","Jalen Brunson bad pass
turnover (Sam Merrill steals)",77,69,3,5:02,False,0,{'id': '18'},"[{'athlete': {'id': '3934672'}}, {'athlete': {'id': '4066757'}}]",2026-05-24T01:51:20Z,False,"{'x': 9, 'y': 23}",0,Turnover,302.0
401873343426,426,"{'id': '128', 'text': 'Driving Finger Roll Layup'}",Donovan Mitchell misses two point shot,77,69,3,4:50,False,0,{'id': '5'},[{'athlete': {'id': '3908809'}}],2026-05-24T01:51:32Z,True,"{'x': 24, 'y': 2}",2,Missed FG,290.0
401873343427,427,"{'id': '155', 'text': 'Defensive Rebound'}",Mitchell Robinson defensive rebound,77,69,3,4:48,False,0,{'id': '18'},[{'athlete': {'id': '4351852'}}],2026-05-24T01:51:34Z,False,"{'x': 24, 'y': 2}",0,Rebound,288.0
401873343428,428,"{'id': '115', 'text': 'Driving Dunk Shot'}",OG Anunoby makes 1-foot driving dunk (Jalen Brunson assists),79,69,3,4:35,True,2,{'id': '18'},"[{'athlete': {'id': '3934719'}}, {'athlete': {'id': '3934672'}}]",2026-05-24T01:51:48Z,True,"{'x': 26, 'y': 1}",2,+2 Points,275.0
401873343431,431,"{'id': '131', 'text': 'Pullup Jump Shot'}",Donovan Mitchell misses 26-foot three point pullup jump shot,79,69,3,4:21,False,0,{'id': '5'},[{'athlete': {'id': '3908809'}}],2026-05-24T01:52:14Z,True,"{'x': 41, 'y': 21}",3,Missed 3PT,261.0
401873343432,432,"{'id': '155', 'text': 'Defensive Rebound'}",Jalen Brunson defensive rebound,79,69,3,4:17,False,0,{'id': '18'},[{'athlete': {'id': '3934672'}}],2026-05-24T01:52:18Z,False,"{'x': 41, 'y': 21}",0,Rebound,257.0
401873343433,433,"{'id': '146', 'text': 'Running Pullup Jump Shot'}",Jalen Brunson makes 8-foot running pullup jump shot,81,69,3,4:11,True,2,{'id': '18'},[{'athlete': {'id': '3934672'}}],2026-05-24T01:52:24Z,True,"{'x': 17, 'y': 4}",2,+2 Points,251.0
401873343434,434,"{'id': '44', 'text': 'Shooting Foul'}",Mitchell Robinson shooting foul,81,69,3,3:58,False,0,{'id': '18'},[{'athlete': {'id': '4351852'}}],2026-05-24T01:52:40Z,False,"{'x': 23, 'y': 1}",0,Foul,238.0
401873343436,436,"{'id': '98', 'text': 'Free Throw - 1 of 2'}",Jarrett Allen misses free throw 1 of 2,81,69,3,3:58,False,0,{'id': '5'},[{'athlete': {'id': '4066328'}}],2026-05-24T01:53:16Z,True,"{'x': -214748340, 'y': -214748365}",1,Missed FT,238.0
401873343437,437,"{'id': '156', 'text': 'Offensive Rebound'}",Cavaliers offensive team rebound,81,69,3,3:58,False,0,{'id': '5'},,2026-05-24T01:53:16Z,False,"{'x': -214748340, 'y': -214748365}",0,Rebound,238.0
401873343442,442,"{'id': '99', 'text': 'Free Throw - 2 of 2'}",Jarrett Allen makes free throw 2 of 2,81,70,3,3:58,True,1,{'id': '5'},[{'athlete': {'id': '4066328'}}],2026-05-24T01:53:16Z,True,"{'x': -214748340, 'y': -214748365}",1,+1 Point,238.0
401873343459,459,"{'id': '584', 'text': 'Substitution'}",Dennis Schroder enters the game for Donovan Mitchell,81,70,3,3:58,False,0,{'id': '5'},"[{'athlete': {'id': '3032979'}}, {'athlete': {'id': '3908809'}}]",2026-05-24T01:53:36Z,False,"{'x': -214748340, 'y': -214748365}",0,Substitution,238.0
401873343460,460,"{'id': '584', 'text': 'Substitution'}",Miles McBride enters the game for OG Anunoby,81,70,3,3:58,False,0,{'id': '18'},"[{'athlete': {'id': '4431823'}}, {'athlete': {'id': '3934719'}}]",2026-05-24T01:53:36Z,False,"{'x': -214748340, 'y': -214748365}",0,Substitution,238.0
401873343443,443,"{'id': '132', 'text': 'Step Back Jump Shot'}",Jalen Brunson makes 13-foot step back jumpshot,83,70,3,3:41,True,2,{'id': '18'},[{'athlete': {'id': '3934672'}}],2026-05-24T01:53:57Z,True,"{'x': 39, 'y': 2}",2,+2 Points,221.0
401873343444,444,"{'id': '132', 'text': 'Step Back Jump Shot'}",James Harden makes 14-foot step back jumpshot,83,72,3,3:28,True,2,{'id': '5'},[{'athlete': {'id': '3992'}}],2026-05-24T01:54:08Z,True,"{'x': 27, 'y': 15}",2,+2 Points,208.0
401873343445,445,"{'id': '131', 'text': 'Pullup Jump Shot'}",Mikal Bridges misses 16-foot pullup jump shot,83,72,3,3:14,False,0,{'id': '18'},[{'athlete': {'id': '3147657'}}],2026-05-24T01:54:22Z,True,"{'x': 36, 'y': 12}",2,Missed FG,194.0
401873343446,446,"{'id': '156', 'text': 'Offensive Rebound'}",Mitchell Robinson offensive rebound,83,72,3,3:12,False,0,{'id': '18'},[{'athlete': {'id': '4351852'}}],2026-05-24T01:54:24Z,False,"{'x': 36, 'y': 12}",0,Rebound,192.0
401873343447,447,"{'id': '44', 'text': 'Shooting Foul'}",Sam Merrill shooting foul,83,72,3,3:07,False,0,{'id': '5'},[{'athlete': {'id': '4066757'}}],2026-05-24T01:54:34Z,False,"{'x': 33, 'y': 0}",0,Foul,187.0
401873343449,449,"{'id': '98', 'text': 'Free Throw - 1 of 2'}",Miles McBride makes free throw 1 of 2,84,72,3,3:07,True,1,{'id': '18'},[{'athlete': {'id': '4431823'}}],2026-05-24T01:55:04Z,True,"{'x': -214748340, 'y': -214748365}",1,+1 Point,187.0
401873343450,450,"{'id': '584', 'text': 'Substitution'}",Evan Mobley enters the game for Jarrett Allen,84,72,3,3:07,False,0,{'id': '5'},"[{'athlete': {'id': '4432158'}}, {'athlete': {'id': '4066328'}}]",2026-05-24T01:55:04Z,False,"{'x': -214748340, 'y': -214748365}",0,Substitution,187.0
401873343451,451,"{'id': '584', 'text': 'Substitution'}",Josh Hart enters the game for Mikal Bridges,84,72,3,3:07,False,0,{'id': '18'},"[{'athlete': {'id': '3062679'}}, {'athlete': {'id': '3147657'}}]",2026-05-24T01:55:04Z,False,"{'x': -214748340, 'y': -214748365}",0,Substitution,187.0
401873343454,454,"{'id': '99', 'text': 'Free Throw - 2 of 2'}",Miles McBride makes free throw 2 of 2,85,72,3,3:07,True,1,{'id': '18'},[{'athlete': {'id': '4431823'}}],2026-05-24T01:55:28Z,True,"{'x': -214748340, 'y': -214748365}",1,+1 Point,187.0
401873343455,455,"{'id': '92', 'text': 'Jump Shot'}",Max Strus misses 22-foot three point jumper,85,72,3,2:48,False,0,{'id': '5'},[{'athlete': {'id': '4065778'}}],2026-05-24T01:55:50Z,True,"{'x': 2, 'y': 0}",3,Missed 3PT,168.0
401873343456,456,"{'id': '155', 'text': 'Defensive Rebound'}",Josh Hart defensive rebound,85,72,3,2:46,False,0,{'id': '18'},[{'athlete': {'id': '3062679'}}],2026-05-24T01:55:52Z,False,"{'x': 2, 'y': 0}",0,Rebound,166.0
401873343457,457,"{'id': '90', 'text': 'Out of Bounds - Bad Pass Turnover'}",Landry Shamet out of bounds bad pass turnover,85,72,3,2:36,False,0,{'id': '18'},[{'athlete': {'id': '3914044'}}],2026-05-24T01:56:05Z,False,"{'x': 42, 'y': 26}",0,Turnover,156.0
401873343458,458,"{'id': '16', 'text': 'Full Timeout'}",Knicks Full timeout,85,72,3,2:36,False,0,{'id': '18'},,2026-05-24T01:56:18Z,False,"{'x': -214748340, 'y': -214748365}",0,Timeout,156.0
401873343463,463,"{'id': '151', 'text': 'Cutting Dunk Shot'}",Evan Mobley makes dunk (Sam Merrill assists),85,74,3,2:24,True,2,{'id': '5'},"[{'athlete': {'id': '4432158'}}, {'athlete': {'id': '4066757'}}]",2026-05-24T02:00:09Z,True,"{'x': 26, 'y': 1}",2,+2 Points,144.0
401873343465,465,"{'id': '44', 'text': 'Shooting Foul'}",Dennis Schroder shooting foul,85,74,3,2:03,False,0,{'id': '5'},[{'athlete': {'id': '3032979'}}],2026-05-24T02:00:36Z,False,"{'x': 14, 'y': 14}",0,Foul,123.0
401873343467,467,"{'id': '98', 'text': 'Free Throw - 1 of 2'}",Jalen Brunson makes free throw 1 of 2,86,74,3,2:03,True,1,{'id': '18'},[{'athlete': {'id': '3934672'}}],2026-05-24T02:01:06Z,True,"{'x': -214748340, 'y': -214748365}",1,+1 Point,123.0
401873343468,468,"{'id': '99', 'text': 'Free Throw - 2 of 2'}",Jalen Brunson makes free throw 2 of 2,87,74,3,2:03,True,1,{'id': '18'},[{'athlete': {'id': '3934672'}}],2026-05-24T02:01:28Z,True,"{'x': -214748340, 'y': -214748365}",1,+1 Point,123.0
401873343469,469,"{'id': '122', 'text': 'Jump Shot Bank'}",Sam Merrill makes 25-foot jump bank shot (Dennis Schroder assists),87,77,3,1:39,True,3,{'id': '5'},"[{'athlete': {'id': '4066757'}}, {'athlete': {'id': '3032979'}}]",2026-05-24T02:01:55Z,True,"{'x': 3, 'y': 12}",3,+3 Points,99.0
401873343471,471,"{'id': '45', 'text': 'Personal Foul'}",Max Strus personal foul,87,77,3,1:33,False,0,{'id': '5'},[{'athlete': {'id': '4065778'}}],2026-05-24T02:02:06Z,False,"{'x': 4, 'y': 41}",0,Foul,93.0
401873343474,474,"{'id': '144', 'text': 'Driving Floating Jump Shot'}",Jalen Brunson misses driving floating jump shot,87,77,3,1:16,False,0,{'id': '18'},[{'athlete': {'id': '3934672'}}],2026-05-24T02:03:03Z,True,"{'x': 18, 'y': 16}",2,Missed FG,76.0
401873343475,475,"{'id': '156', 'text': 'Offensive Rebound'}",Knicks offensive team rebound,87,77,3,1:15,False,0,{'id': '18'},,2026-05-24T02:03:04Z,False,"{'x': 18, 'y': 16}",0,Rebound,75.0
401873343477,477,"{'id': '92', 'text': 'Jump Shot'}",Miles McBride misses 23-foot three point jumper,87,77,3,1:10,False,0,{'id': '18'},[{'athlete': {'id': '4431823'}}],2026-05-24T02:04:33Z,True,"{'x': 2, 'y': 7}",3,Missed 3PT,70.0
401873343478,478,"{'id': '155', 'text': 'Defensive Rebound'}",Max Strus defensive rebound,87,77,3,1:08,False,0,{'id': '5'},[{'athlete': {'id': '4065778'}}],2026-05-24T02:04:35Z,False,"{'x': 2, 'y': 7}",0,Rebound,68.0
401873343479,479,"{'id': '114', 'text': 'Turnaround Jump Shot'}",James Harden makes turnaround jump shot,87,79,3,54.5,True,2,{'id': '5'},[{'athlete': {'id': '3992'}}],2026-05-24T02:04:51Z,True,"{'x': 25, 'y': 0}",2,+2 Points,54.5
401873343480,480,"{'id': '44', 'text': 'Shooting Foul'}",Mitchell Robinson shooting foul,87,79,3,54.5,False,0,{'id': '18'},[{'athlete': {'id': '4351852'}}],2026-05-24T02:04:55Z,False,"{'x': 24, 'y': 1}",0,Foul,54.5
401873343482,482,"{'id': '97', 'text': 'Free Throw - 1 of 1'}",James Harden makes free throw 1 of 1,87,80,3,54.5,True,1,{'id': '5'},[{'athlete': {'id': '3992'}}],2026-05-24T02:05:28Z,True,"{'x': -214748340, 'y': -214748365}",1,+1 Point,54.5
401873343483,483,"{'id': '132', 'text': 'Step Back Jump Shot'}",Jalen Brunson makes 12-foot step back jumpshot,89,80,3,35.2,True,2,{'id': '18'},[{'athlete': {'id': '3934672'}}],2026-05-24T02:05:51Z,True,"{'x': 38, 'y': 1}",2,+2 Points,35.2
401873343484,484,"{'id': '92', 'text': 'Jump Shot'}",Evan Mobley misses 25-foot three point jumper,89,80,3,26.4,False,0,{'id': '5'},[{'athlete': {'id': '4432158'}}],2026-05-24T02:06:07Z,True,"{'x': 13, 'y': 23}",3,Missed 3PT,26.4
401873343485,485,"{'id': '156', 'text': 'Offensive Rebound'}",Max Strus offensive rebound,89,80,3,24.3,False,0,{'id': '5'},[{'athlete': {'id': '4065778'}}],2026-05-24T02:06:09Z,False,"{'x': 13, 'y': 23}",0,Rebound,24.3
401873343486,486,"{'id': '132', 'text': 'Step Back Jump Shot'}",James Harden misses 25-foot three point step back jumpshot,89,80,3,10.9,False,0,{'id': '5'},[{'athlete': {'id': '3992'}}],2026-05-24T02:06:23Z,True,"{'x': 11, 'y': 21}",3,Missed 3PT,10.9
401873343487,487,"{'id': '156', 'text': 'Offensive Rebound'}",Max Strus offensive rebound,89,80,3,8.7,False,0,{'id': '5'},[{'athlete': {'id': '4065778'}}],2026-05-24T02:06:25Z,False,"{'x': 11, 'y': 21}",0,Rebound,8.7
401873343488,488,"{'id': '151', 'text': 'Cutting Dunk Shot'}",Evan Mobley makes 1-foot dunk (Max Strus assists),89,82,3,6.9,True,2,{'id': '5'},"[{'athlete': {'id': '4432158'}}, {'athlete': {'id': '4065778'}}]",2026-05-24T02:06:27Z,True,"{'x': 24, 'y': 2}",2,+2 Points,6.9
401873343490,490,"{'id': '118', 'text': 'Alley Oop Dunk Shot'}",Mitchell Robinson makes 1-foot alley oop dunk (Jalen Brunson assists),91,82,3,0.1,True,2,{'id': '18'},"[{'athlete': {'id': '4351852'}}, {'athlete': {'id': '3934672'}}]",2026-05-24T02:06:38Z,True,"{'x': 26, 'y': 1}",2,+2 Points,0.1
401873343492,492,"{'id': '412', 'text': 'End Period'}",End of the 3rd Quarter,91,82,3,0.0,False,0,,,2026-05-24T02:06:43Z,False,"{'x': -214748340, 'y': -214748365}",0,End of 3rd,0.0
401873343493,493,"{'id': '584', 'text': 'Substitution'}",Donovan Mitchell enters the game for James Harden,91,82,4,12:00,False,0,{'id': '5'},"[{'athlete': {'id': '3908809'}}, {'athlete': {'id': '3992'}}]",2026-05-24T02:06:54Z,False,"{'x': -214748340, 'y': -214748365}",0,Substitution,720.0
401873343494,494,"{'id': '584', 'text': 'Substitution'}",Jaylon Tyson enters the game for Max Strus,91,82,4,12:00,False,0,{'id': '5'},"[{'athlete': {'id': '4683747'}}, {'athlete': {'id': '4065778'}}]",2026-05-24T02:06:54Z,False,"{'x': -214748340, 'y': -214748365}",0,Substitution,720.0
401873343495,495,"{'id': '584', 'text': 'Substitution'}",Jarrett Allen enters the game for Dennis Schroder,91,82,4,12:00,False,0,{'id': '5'},"[{'athlete': {'id': '4066328'}}, {'athlete': {'id': '3032979'}}]",2026-05-24T02:06:54Z,False,"{'x': -214748340, 'y': -214748365}",0,Substitution,720.0
401873343496,496,"{'id': '584', 'text': 'Substitution'}",Mikal Bridges enters the game for Jalen Brunson,91,82,4,12:00,False,0,{'id': '18'},"[{'athlete': {'id': '3147657'}}, {'athlete': {'id': '3934672'}}]",2026-05-24T02:06:54Z,False,"{'x': -214748340, 'y': -214748365}",0,Substitution,720.0
401873343497,497,"{'id': '584', 'text': 'Substitution'}",Karl-Anthony Towns enters the game for Mitchell Robinson,91,82,4,12:00,False,0,{'id': '18'},"[{'athlete': {'id': '3136195'}}, {'athlete': {'id': '4351852'}}]",2026-05-24T02:06:54Z,False,"{'x': -214748340, 'y': -214748365}",0,Substitution,720.0
401873343504,504,"{'id': '144', 'text': 'Driving Floating Jump Shot'}",Donovan Mitchell misses driving floating jump shot,91,82,4,11:44,False,0,{'id': '5'},[{'athlete': {'id': '3908809'}}],2026-05-24T02:10:55Z,True,"{'x': 23, 'y': 5}",2,Missed FG,704.0
401873343505,505,"{'id': '155', 'text': 'Defensive Rebound'}",Karl-Anthony Towns defensive rebound,91,82,4,11:41,False,0,{'id': '18'},[{'athlete': {'id': '3136195'}}],2026-05-24T02:10:58Z,False,"{'x': 23, 'y': 5}",0,Rebound,701.0
401873343506,506,"{'id': '92', 'text': 'Jump Shot'}",Landry Shamet misses 26-foot three point jumper,91,82,4,11:21,False,0,{'id': '18'},[{'athlete': {'id': '3914044'}}],2026-05-24T02:11:17Z,True,"{'x': 46, 'y': 17}",3,Missed 3PT,681.0
401873343507,507,"{'id': '155', 'text': 'Defensive Rebound'}",Evan Mobley defensive rebound,91,82,4,11:18,False,0,{'id': '5'},[{'athlete': {'id': '4432158'}}],2026-05-24T02:11:20Z,False,"{'x': 46, 'y': 17}",0,Rebound,678.0
401873343510,510,"{'id': '131', 'text': 'Pullup Jump Shot'}",Donovan Mitchell misses 26-foot three point pullup jump shot,91,82,4,10:57,False,0,{'id': '5'},[{'athlete': {'id': '3908809'}}],2026-05-24T02:11:43Z,True,"{'x': 11, 'y': 22}",3,Missed 3PT,657.0
401873343511,511,"{'id': '156', 'text': 'Offensive Rebound'}",Cavaliers offensive team rebound,91,82,4,10:57,False,0,{'id': '5'},,2026-05-24T02:11:43Z,False,"{'x': 11, 'y': 22}",0,Rebound,657.0
401873343512,512,"{'id': '70', 'text': 'Shot Clock Turnover'}",shot clock turnover ,91,82,4,10:57,False,0,{'id': '5'},,2026-05-24T02:11:47Z,False,"{'x': 23, 'y': 4}",0,Turnover,657.0
401873343513,513,"{'id': '92', 'text': 'Jump Shot'}",Josh Hart makes 24-foot three point jumper (Karl-Anthony Towns assists),94,82,4,10:40,True,3,{'id': '18'},"[{'athlete': {'id': '3062679'}}, {'athlete': {'id': '3136195'}}]",2026-05-24T02:12:14Z,True,"{'x': 1, 'y': 2}",3,+3 Points,640.0
401873343515,515,"{'id': '130', 'text': 'Floating Jump Shot'}",Jarrett Allen misses 9-foot floating jump shot,94,82,4,10:24,False,0,{'id': '5'},[{'athlete': {'id': '4066328'}}],2026-05-24T02:12:32Z,True,"{'x': 15, 'y': 2}",2,Missed FG,624.0
401873343516,516,"{'id': '155', 'text': 'Defensive Rebound'}",Josh Hart defensive rebound,94,82,4,10:21,False,0,{'id': '18'},[{'athlete': {'id': '3062679'}}],2026-05-24T02:12:35Z,False,"{'x': 15, 'y': 2}",0,Rebound,621.0
401873343517,517,"{'id': '129', 'text': 'Running Finger Roll Layup'}",Mikal Bridges makes two point shot (Josh Hart assists),96,82,4,10:19,True,2,{'id': '18'},"[{'athlete': {'id': '3147657'}}, {'athlete': {'id': '3062679'}}]",2026-05-24T02:12:36Z,True,"{'x': 25, 'y': 1}",2,+2 Points,619.0
401873343519,519,"{'id': '16', 'text': 'Full Timeout'}",Cavaliers Full timeout,96,82,4,10:19,False,0,{'id': '5'},,2026-05-24T02:12:41Z,False,"{'x': -214748340, 'y': -214748365}",0,Timeout,619.0
401873343520,520,"{'id': '584', 'text': 'Substitution'}",James Harden enters the game for Evan Mobley,96,82,4,10:19,False,0,{'id': '5'},"[{'athlete': {'id': '3992'}}, {'athlete': {'id': '4432158'}}]",2026-05-24T02:12:42Z,False,"{'x': -214748340, 'y': -214748365}",0,Substitution,619.0
401873343521,521,"{'id': '584', 'text': 'Substitution'}",Max Strus enters the game for Jaylon Tyson,96,82,4,10:19,False,0,{'id': '5'},"[{'athlete': {'id': '4065778'}}, {'athlete': {'id': '4683747'}}]",2026-05-24T02:12:42Z,False,"{'x': -214748340, 'y': -214748365}",0,Substitution,619.0
401873343524,524,"{'id': '45', 'text': 'Personal Foul'}",Karl-Anthony Towns personal foul,96,82,4,10:05,False,0,{'id': '18'},[{'athlete': {'id': '3136195'}}],2026-05-24T02:16:38Z,False,"{'x': 40, 'y': 11}",0,Foul,605.0
401873343526,526,"{'id': '141', 'text': 'Cutting Layup Shot'}",Mikal Bridges blocks Max Strus 's 1-foot layup,96,82,4,10:02,False,0,{'id': '5'},"[{'athlete': {'id': '4065778'}}, {'athlete': {'id': '3147657'}}]",2026-05-24T02:16:57Z,True,"{'x': 26, 'y': 2}",2,Missed FG,602.0
401873343528,528,"{'id': '156', 'text': 'Offensive Rebound'}",Cavaliers offensive team rebound,96,82,4,10:02,False,0,{'id': '5'},,2026-05-24T02:16:57Z,False,"{'x': 26, 'y': 2}",0,Rebound,602.0
401873343530,530,"{'id': '12', 'text': 'Kicked Ball'}",Karl-Anthony Towns kicked ball violation,96,82,4,9:59,False,0,{'id': '18'},[{'athlete': {'id': '3136195'}}],2026-05-24T02:17:20Z,False,"{'x': -214748340, 'y': -214748365}",0,Violation,599.0
401873343531,531,"{'id': '92', 'text': 'Jump Shot'}",Sam Merrill makes 25-foot three point jumper (Donovan Mitchell assists),96,85,4,9:49,True,3,{'id': '5'},"[{'athlete': {'id': '4066757'}}, {'athlete': {'id': '3908809'}}]",2026-05-24T02:17:40Z,True,"{'x': 48, 'y': 12}",3,+3 Points,589.0
401873343533,533,"{'id': '45', 'text': 'Personal Foul'}",Donovan Mitchell personal foul,96,85,4,9:34,False,0,{'id': '5'},[{'athlete': {'id': '3908809'}}],2026-05-24T02:18:03Z,False,"{'x': 27, 'y': 6}",0,Foul,574.0
401873343535,535,"{'id': '132', 'text': 'Step Back Jump Shot'}",Josh Hart misses 26-foot three point step back jumpshot,96,85,4,9:25,False,0,{'id': '18'},[{'athlete': {'id': '3062679'}}],2026-05-24T02:18:25Z,True,"{'x': 13, 'y': 23}",3,Missed 3PT,565.0
401873343536,536,"{'id': '155', 'text': 'Defensive Rebound'}",Sam Merrill defensive rebound,96,85,4,9:22,False,0,{'id': '5'},[{'athlete': {'id': '4066757'}}],2026-05-24T02:18:28Z,False,"{'x': 13, 'y': 23}",0,Rebound,562.0
401873343537,537,"{'id': '44', 'text': 'Shooting Foul'}",Landry Shamet shooting foul,96,85,4,9:18,False,0,{'id': '18'},[{'athlete': {'id': '3914044'}}],2026-05-24T02:18:35Z,False,"{'x': 18, 'y': 1}",0,Foul,558.0
401873343539,539,"{'id': '98', 'text': 'Free Throw - 1 of 2'}",Donovan Mitchell makes free throw 1 of 2,96,86,4,9:18,True,1,{'id': '5'},[{'athlete': {'id': '3908809'}}],2026-05-24T02:19:08Z,True,"{'x': -214748340, 'y': -214748365}",1,+1 Point,558.0
401873343540,540,"{'id': '16', 'text': 'Full Timeout'}",Knicks Full timeout,96,86,4,9:18,False,0,{'id': '18'},,2026-05-24T02:19:18Z,False,"{'x': -214748340, 'y': -214748365}",0,Timeout,558.0
401873343541,541,"{'id': '584', 'text': 'Substitution'}",Jalen Brunson enters the game for Miles McBride,96,86,4,9:18,False,0,{'id': '18'},"[{'athlete': {'id': '3934672'}}, {'athlete': {'id': '4431823'}}]",2026-05-24T02:19:21Z,False,"{'x': -214748340, 'y': -214748365}",0,Substitution,558.0
401873343543,543,"{'id': '99', 'text': 'Free Throw - 2 of 2'}",Donovan Mitchell misses free throw 2 of 2,96,86,4,9:18,False,0,{'id': '5'},[{'athlete': {'id': '3908809'}}],2026-05-24T02:19:08Z,True,"{'x': -214748340, 'y': -214748365}",1,Missed FT,558.0
401873343544,544,"{'id': '155', 'text': 'Defensive Rebound'}",Josh Hart defensive rebound,96,86,4,9:15,False,0,{'id': '18'},[{'athlete': {'id': '3062679'}}],2026-05-24T02:19:11Z,False,"{'x': -214748340, 'y': -214748365}",0,Rebound,555.0
401873343545,545,"{'id': '92', 'text': 'Jump Shot'}",Landry Shamet makes 23-foot three point jumper (Jalen Brunson assists),99,86,4,8:53,True,3,{'id': '18'},"[{'athlete': {'id': '3914044'}}, {'athlete': {'id': '3934672'}}]",2026-05-24T02:23:42Z,True,"{'x': 48, 'y': 0}",3,+3 Points,533.0
401873343547,547,"{'id': '130', 'text': 'Floating Jump Shot'}",Jarrett Allen misses 12-foot floating jump shot,99,86,4,8:39,False,0,{'id': '5'},[{'athlete': {'id': '4066328'}}],2026-05-24T02:23:56Z,True,"{'x': 31, 'y': 11}",2,Missed FG,519.0
401873343548,548,"{'id': '156', 'text': 'Offensive Rebound'}",Jarrett Allen offensive rebound,99,86,4,8:37,False,0,{'id': '5'},[{'athlete': {'id': '4066328'}}],2026-05-24T02:23:58Z,False,"{'x': 31, 'y': 11}",0,Rebound,517.0
401873343549,549,"{'id': '144', 'text': 'Driving Floating Jump Shot'}",Donovan Mitchell misses driving floating jump shot,99,86,4,8:30,False,0,{'id': '5'},[{'athlete': {'id': '3908809'}}],2026-05-24T02:24:05Z,True,"{'x': 25, 'y': 3}",2,Missed FG,510.0
401873343550,550,"{'id': '156', 'text': 'Offensive Rebound'}",Jarrett Allen offensive rebound,99,86,4,8:27,False,0,{'id': '5'},[{'athlete': {'id': '4066328'}}],2026-05-24T02:24:09Z,False,"{'x': 25, 'y': 3}",0,Rebound,507.0
401873343551,551,"{'id': '94', 'text': 'Tip Shot'}",Jarrett Allen makes tip shot,99,88,4,8:27,True,2,{'id': '5'},[{'athlete': {'id': '4066328'}}],2026-05-24T02:24:09Z,True,"{'x': 25, 'y': 0}",2,+2 Points,507.0
401873343552,552,"{'id': '135', 'text': 'Fade Away Bank Jump Shot'}",Josh Hart misses 15-foot two point shot,99,88,4,8:04,False,0,{'id': '18'},[{'athlete': {'id': '3062679'}}],2026-05-24T02:24:31Z,True,"{'x': 32, 'y': 14}",2,Missed FG,484.0
401873343553,553,"{'id': '156', 'text': 'Offensive Rebound'}",Josh Hart offensive rebound,99,88,4,8:00,False,0,{'id': '18'},[{'athlete': {'id': '3062679'}}],2026-05-24T02:24:35Z,False,"{'x': 32, 'y': 14}",0,Rebound,480.0
401873343554,554,"{'id': '92', 'text': 'Jump Shot'}",Landry Shamet makes 26-foot three point jumper (Josh Hart assists),102,88,4,7:58,True,3,{'id': '18'},"[{'athlete': {'id': '3914044'}}, {'athlete': {'id': '3062679'}}]",2026-05-24T02:24:37Z,True,"{'x': 5, 'y': 17}",3,+3 Points,478.0
401873343556,556,"{'id': '92', 'text': 'Jump Shot'}",Max Strus makes 26-foot three point jumper (James Harden assists),102,91,4,7:43,True,3,{'id': '5'},"[{'athlete': {'id': '4065778'}}, {'athlete': {'id': '3992'}}]",2026-05-24T02:24:52Z,True,"{'x': 46, 'y': 17}",3,+3 Points,463.0
401873343558,558,"{'id': '45', 'text': 'Personal Foul'}",Max Strus personal foul,102,91,4,7:35,False,0,{'id': '5'},[{'athlete': {'id': '4065778'}}],2026-05-24T02:25:04Z,False,"{'x': 44, 'y': 33}",0,Foul,455.0
401873343560,560,"{'id': '584', 'text': 'Substitution'}",Evan Mobley enters the game for Sam Merrill,102,91,4,7:35,False,0,{'id': '5'},"[{'athlete': {'id': '4432158'}}, {'athlete': {'id': '4066757'}}]",2026-05-24T02:25:11Z,False,"{'x': -214748340, 'y': -214748365}",0,Substitution,455.0
401873343561,561,"{'id': '584', 'text': 'Substitution'}",OG Anunoby enters the game for Josh Hart,102,91,4,7:35,False,0,{'id': '18'},"[{'athlete': {'id': '3934719'}}, {'athlete': {'id': '3062679'}}]",2026-05-24T02:25:11Z,False,"{'x': -214748340, 'y': -214748365}",0,Substitution,455.0
401873343564,564,"{'id': '132', 'text': 'Step Back Jump Shot'}",Landry Shamet makes 29-foot three point step back jumpshot (Jalen Brunson assists),105,91,4,7:14,True,3,{'id': '18'},"[{'athlete': {'id': '3914044'}}, {'athlete': {'id': '3934672'}}]",2026-05-24T02:25:47Z,True,"{'x': 7, 'y': 23}",3,+3 Points,434.0
401873343566,566,"{'id': '92', 'text': 'Jump Shot'}",Max Strus misses 25-foot three point jumper,105,91,4,7:00,False,0,{'id': '5'},[{'athlete': {'id': '4065778'}}],2026-05-24T02:26:01Z,True,"{'x': 3, 'y': 13}",3,Missed 3PT,420.0
401873343567,567,"{'id': '155', 'text': 'Defensive Rebound'}",Knicks defensive team rebound,105,91,4,6:59,False,0,{'id': '18'},,2026-05-24T02:26:02Z,False,"{'x': 3, 'y': 13}",0,Rebound,419.0
401873343568,568,"{'id': '43', 'text': 'Loose Ball Foul'}",Max Strus loose ball foul,105,91,4,6:59,False,0,{'id': '5'},[{'athlete': {'id': '4065778'}}],2026-05-24T02:26:08Z,False,"{'x': 19, 'y': 10}",0,Foul,419.0
401873343570,570,"{'id': '132', 'text': 'Step Back Jump Shot'}",Jalen Brunson misses 25-foot three point step back jumpshot,105,91,4,6:41,False,0,{'id': '18'},[{'athlete': {'id': '3934672'}}],2026-05-24T02:26:40Z,True,"{'x': 47, 'y': 13}",3,Missed 3PT,401.0
401873343571,571,"{'id': '155', 'text': 'Defensive Rebound'}",Cavaliers defensive team rebound,105,91,4,6:40,False,0,{'id': '5'},,2026-05-24T02:26:41Z,False,"{'x': 47, 'y': 13}",0,Rebound,400.0
401873343572,572,"{'id': '43', 'text': 'Loose Ball Foul'}",Karl-Anthony Towns loose ball foul,105,91,4,6:40,False,0,{'id': '18'},[{'athlete': {'id': '3136195'}}],2026-05-24T02:26:46Z,False,"{'x': 18, 'y': 6}",0,Foul,400.0
401873343575,575,"{'id': '145', 'text': 'Driving Floating Bank Jump Shot'}",Donovan Mitchell misses two point shot,105,91,4,6:30,False,0,{'id': '5'},[{'athlete': {'id': '3908809'}}],2026-05-24T02:27:19Z,True,"{'x': 33, 'y': 5}",2,Missed FG,390.0
401873343576,576,"{'id': '155', 'text': 'Defensive Rebound'}",OG Anunoby defensive rebound,105,91,4,6:28,False,0,{'id': '18'},[{'athlete': {'id': '3934719'}}],2026-05-24T02:27:21Z,False,"{'x': 33, 'y': 5}",0,Rebound,388.0
401873343577,577,"{'id': '145', 'text': 'Driving Floating Bank Jump Shot'}",Jalen Brunson makes 12-foot two point shot,107,91,4,6:06,True,2,{'id': '18'},[{'athlete': {'id': '3934672'}}],2026-05-24T02:27:43Z,True,"{'x': 14, 'y': 6}",2,+2 Points,366.0
401873343578,578,"{'id': '137', 'text': 'Turnaround Fade Away Jump Shot'}",Evan Mobley makes 12-foot two point shot,107,93,4,5:48,True,2,{'id': '5'},[{'athlete': {'id': '4432158'}}],2026-05-24T02:28:01Z,True,"{'x': 38, 'y': 3}",2,+2 Points,348.0
401873343579,579,"{'id': '92', 'text': 'Jump Shot'}",OG Anunoby makes 25-foot three point jumper (Landry Shamet assists),110,93,4,5:30,True,3,{'id': '18'},"[{'athlete': {'id': '3934719'}}, {'athlete': {'id': '3914044'}}]",2026-05-24T02:28:19Z,True,"{'x': 48, 'y': 13}",3,+3 Points,330.0
401873343581,581,"{'id': '92', 'text': 'Jump Shot'}",Evan Mobley misses 25-foot three point jumper,110,93,4,5:17,False,0,{'id': '5'},[{'athlete': {'id': '4432158'}}],2026-05-24T02:28:32Z,True,"{'x': 23, 'y': 25}",3,Missed 3PT,317.0
401873343582,582,"{'id': '155', 'text': 'Defensive Rebound'}",OG Anunoby defensive rebound,110,93,4,5:15,False,0,{'id': '18'},[{'athlete': {'id': '3934719'}}],2026-05-24T02:28:34Z,False,"{'x': 23, 'y': 25}",0,Rebound,315.0
401873343583,583,"{'id': '92', 'text': 'Jump Shot'}",Mikal Bridges misses 23-foot three point jumper,110,93,4,5:05,False,0,{'id': '18'},[{'athlete': {'id': '3147657'}}],2026-05-24T02:28:44Z,True,"{'x': 49, 'y': -1}",3,Missed 3PT,305.0
401873343584,584,"{'id': '155', 'text': 'Defensive Rebound'}",Max Strus defensive rebound,110,93,4,5:02,False,0,{'id': '5'},[{'athlete': {'id': '4065778'}}],2026-05-24T02:28:47Z,False,"{'x': 49, 'y': -1}",0,Rebound,302.0
401873343585,585,"{'id': '113', 'text': 'Running Jump Shot'}",Donovan Mitchell makes 28-foot running jump shot (Max Strus assists),110,96,4,4:57,True,3,{'id': '5'},"[{'athlete': {'id': '3908809'}}, {'athlete': {'id': '4065778'}}]",2026-05-24T02:28:53Z,True,"{'x': 47, 'y': 18}",3,+3 Points,297.0
401873343587,587,"{'id': '16', 'text': 'Full Timeout'}",Knicks Full timeout,110,96,4,4:57,False,0,{'id': '18'},,2026-05-24T02:29:02Z,False,"{'x': -214748340, 'y': -214748365}",0,Timeout,297.0
401873343588,588,"{'id': '584', 'text': 'Substitution'}",Mitchell Robinson enters the game for Karl-Anthony Towns,110,96,4,4:57,False,0,{'id': '18'},"[{'athlete': {'id': '4351852'}}, {'athlete': {'id': '3136195'}}]",2026-05-24T02:29:12Z,False,"{'x': -214748340, 'y': -214748365}",0,Substitution,297.0
401873343591,591,"{'id': '45', 'text': 'Personal Foul'}",Jarrett Allen personal foul,110,96,4,4:54,False,0,{'id': '5'},[{'athlete': {'id': '4066328'}}],2026-05-24T02:31:52Z,False,"{'x': 32, 'y': 6}",0,Foul,294.0
401873343593,593,"{'id': '584', 'text': 'Substitution'}",Karl-Anthony Towns enters the game for Mitchell Robinson,110,96,4,4:54,False,0,{'id': '18'},"[{'athlete': {'id': '3136195'}}, {'athlete': {'id': '4351852'}}]",2026-05-24T02:31:58Z,False,"{'x': -214748340, 'y': -214748365}",0,Substitution,294.0
401873343595,595,"{'id': '131', 'text': 'Pullup Jump Shot'}",Jalen Brunson misses 14-foot pullup jump shot,110,96,4,4:36,False,0,{'id': '18'},[{'athlete': {'id': '3934672'}}],2026-05-24T02:32:35Z,True,"{'x': 35, 'y': 10}",2,Missed FG,276.0
401873343596,596,"{'id': '155', 'text': 'Defensive Rebound'}",Donovan Mitchell defensive rebound,110,96,4,4:34,False,0,{'id': '5'},[{'athlete': {'id': '3908809'}}],2026-05-24T02:32:37Z,False,"{'x': 35, 'y': 10}",0,Rebound,274.0
401873343597,597,"{'id': '128', 'text': 'Driving Finger Roll Layup'}",Evan Mobley makes two point shot (James Harden assists),110,98,4,4:19,True,2,{'id': '5'},"[{'athlete': {'id': '4432158'}}, {'athlete': {'id': '3992'}}]",2026-05-24T02:32:51Z,True,"{'x': 24, 'y': 0}",2,+2 Points,259.0
401873343598,598,"{'id': '44', 'text': 'Shooting Foul'}",James Harden shooting foul,110,98,4,4:02,False,0,{'id': '5'},[{'athlete': {'id': '3992'}}],2026-05-24T02:33:09Z,False,"{'x': 49, 'y': 1}",0,Foul,242.0
401873343601,601,"{'id': '100', 'text': 'Free Throw - 1 of 3'}",Landry Shamet makes free throw 1 of 3,111,98,4,4:02,True,1,{'id': '18'},[{'athlete': {'id': '3914044'}}],2026-05-24T02:33:36Z,True,"{'x': -214748340, 'y': -214748365}",1,+1 Point,242.0
401873343602,602,"{'id': '101', 'text': 'Free Throw - 2 of 3'}",Landry Shamet makes free throw 2 of 3,112,98,4,4:02,True,1,{'id': '18'},[{'athlete': {'id': '3914044'}}],2026-05-24T02:33:36Z,True,"{'x': -214748340, 'y': -214748365}",1,+1 Point,242.0
401873343603,603,"{'id': '102', 'text': 'Free Throw - 3 of 3'}",Landry Shamet misses free throw 3 of 3,112,98,4,4:02,False,0,{'id': '18'},[{'athlete': {'id': '3914044'}}],2026-05-24T02:33:36Z,True,"{'x': -214748340, 'y': -214748365}",1,Missed FT,242.0
401873343604,604,"{'id': '155', 'text': 'Defensive Rebound'}",Evan Mobley defensive rebound,112,98,4,4:00,False,0,{'id': '5'},[{'athlete': {'id': '4432158'}}],2026-05-24T02:33:38Z,False,"{'x': -214748340, 'y': -214748365}",0,Rebound,240.0
401873343605,605,"{'id': '114', 'text': 'Turnaround Jump Shot'}",Evan Mobley makes 8-foot turnaround jump shot,112,100,4,3:43,True,2,{'id': '5'},[{'athlete': {'id': '4432158'}}],2026-05-24T02:34:23Z,True,"{'x': 25, 'y': 8}",2,+2 Points,223.0
401873343607,607,"{'id': '128', 'text': 'Driving Finger Roll Layup'}",Jalen Brunson makes 2-foot two point shot,114,100,4,3:22,True,2,{'id': '18'},[{'athlete': {'id': '3934672'}}],2026-05-24T02:34:45Z,True,"{'x': 26, 'y': 2}",2,+2 Points,202.0
401873343608,608,"{'id': '96', 'text': 'Dunk Shot'}",Jarrett Allen makes dunk (Evan Mobley assists),114,102,4,3:05,True,2,{'id': '5'},"[{'athlete': {'id': '4066328'}}, {'athlete': {'id': '4432158'}}]",2026-05-24T02:35:02Z,True,"{'x': 25, 'y': 1}",2,+2 Points,185.0
401873343610,610,"{'id': '92', 'text': 'Jump Shot'}",Evan Mobley blocks OG Anunoby 's 2-foot jumper,114,102,4,2:41,False,0,{'id': '18'},"[{'athlete': {'id': '3934719'}}, {'athlete': {'id': '4432158'}}]",2026-05-24T02:35:25Z,True,"{'x': 27, 'y': 2}",2,Missed FG,161.0
401873343612,612,"{'id': '155', 'text': 'Defensive Rebound'}",Jarrett Allen defensive rebound,114,102,4,2:39,False,0,{'id': '5'},[{'athlete': {'id': '4066328'}}],2026-05-24T02:35:27Z,False,"{'x': 27, 'y': 2}",0,Rebound,159.0
401873343613,613,"{'id': '92', 'text': 'Jump Shot'}",Evan Mobley misses 26-foot three point jumper,114,102,4,2:29,False,0,{'id': '5'},[{'athlete': {'id': '4432158'}}],2026-05-24T02:35:38Z,True,"{'x': 48, 'y': 15}",3,Missed 3PT,149.0
401873343614,614,"{'id': '155', 'text': 'Defensive Rebound'}",Mikal Bridges defensive rebound,114,102,4,2:27,False,0,{'id': '18'},[{'athlete': {'id': '3147657'}}],2026-05-24T02:35:40Z,False,"{'x': 48, 'y': 15}",0,Rebound,147.0
401873343615,615,"{'id': '130', 'text': 'Floating Jump Shot'}",Mikal Bridges makes 11-foot floating jump shot (OG Anunoby assists),116,102,4,2:13,True,2,{'id': '18'},"[{'athlete': {'id': '3147657'}}, {'athlete': {'id': '3934719'}}]",2026-05-24T02:35:54Z,True,"{'x': 26, 'y': 12}",2,+2 Points,133.0
401873343617,617,"{'id': '131', 'text': 'Pullup Jump Shot'}",Donovan Mitchell misses 25-foot three point pullup jump shot,116,102,4,1:59,False,0,{'id': '5'},[{'athlete': {'id': '3908809'}}],2026-05-24T02:36:07Z,True,"{'x': 26, 'y': 25}",3,Missed 3PT,119.0
401873343618,618,"{'id': '155', 'text': 'Defensive Rebound'}",Mikal Bridges defensive rebound,116,102,4,1:57,False,0,{'id': '18'},[{'athlete': {'id': '3147657'}}],2026-05-24T02:36:09Z,False,"{'x': 26, 'y': 25}",0,Rebound,117.0
401873343619,619,"{'id': '110', 'text': 'Driving Layup Shot'}",Jalen Brunson makes driving layup,118,102,4,1:49,True,2,{'id': '18'},[{'athlete': {'id': '3934672'}}],2026-05-24T02:36:20Z,True,"{'x': 26, 'y': 2}",2,+2 Points,109.0
401873343620,620,"{'id': '16', 'text': 'Full Timeout'}",Cavaliers Full timeout,118,102,4,1:49,False,0,{'id': '5'},,2026-05-24T02:36:24Z,False,"{'x': -214748340, 'y': -214748365}",0,Timeout,109.0
401873343621,621,"{'id': '584', 'text': 'Substitution'}",Sam Merrill enters the game for Jarrett Allen,118,102,4,1:49,False,0,{'id': '5'},"[{'athlete': {'id': '4066757'}}, {'athlete': {'id': '4066328'}}]",2026-05-24T02:36:26Z,False,"{'x': -214748340, 'y': -214748365}",0,Substitution,109.0
401873343622,622,"{'id': '584', 'text': 'Substitution'}",Josh Hart enters the game for Karl-Anthony Towns,118,102,4,1:49,False,0,{'id': '18'},"[{'athlete': {'id': '3062679'}}, {'athlete': {'id': '3136195'}}]",2026-05-24T02:36:26Z,False,"{'x': -214748340, 'y': -214748365}",0,Substitution,109.0
401873343625,625,"{'id': '92', 'text': 'Jump Shot'}",Sam Merrill misses 25-foot three point jumper,118,102,4,1:45,False,0,{'id': '5'},[{'athlete': {'id': '4066757'}}],2026-05-24T02:38:17Z,True,"{'x': 26, 'y': 26}",3,Missed 3PT,105.0
401873343626,626,"{'id': '155', 'text': 'Defensive Rebound'}",Josh Hart defensive rebound,118,102,4,1:43,False,0,{'id': '18'},[{'athlete': {'id': '3062679'}}],2026-05-24T02:38:20Z,False,"{'x': 26, 'y': 26}",0,Rebound,103.0
401873343627,627,"{'id': '62', 'text': 'Bad Pass\nTurnover'}","Landry Shamet bad pass
turnover (Donovan Mitchell steals)",118,102,4,1:29,False,0,{'id': '18'},"[{'athlete': {'id': '3914044'}}, {'athlete': {'id': '3908809'}}]",2026-05-24T02:38:34Z,False,"{'x': 8, 'y': 7}",0,Turnover,89.0
401873343629,629,"{'id': '62', 'text': 'Bad Pass\nTurnover'}","Donovan Mitchell bad pass
turnover (Jalen Brunson steals)",118,102,4,1:25,False,0,{'id': '5'},"[{'athlete': {'id': '3908809'}}, {'athlete': {'id': '3934672'}}]",2026-05-24T02:38:37Z,False,"{'x': 39, 'y': 26}",0,Turnover,85.0
401873343631,631,"{'id': '144', 'text': 'Driving Floating Jump Shot'}",Jalen Brunson misses driving floating jump shot,118,102,4,1:11,False,0,{'id': '18'},[{'athlete': {'id': '3934672'}}],2026-05-24T02:38:52Z,True,"{'x': 20, 'y': 9}",2,Missed FG,71.0
401873343632,632,"{'id': '155', 'text': 'Defensive Rebound'}",Evan Mobley defensive rebound,118,102,4,1:09,False,0,{'id': '5'},[{'athlete': {'id': '4432158'}}],2026-05-24T02:38:54Z,False,"{'x': 20, 'y': 9}",0,Rebound,69.0
401873343634,634,"{'id': '92', 'text': 'Jump Shot'}",Max Strus makes 25-foot three point jumper (James Harden assists),118,105,4,1:04,True,3,{'id': '5'},"[{'athlete': {'id': '4065778'}}, {'athlete': {'id': '3992'}}]",2026-05-24T02:39:24Z,True,"{'x': 27, 'y': 26}",3,+3 Points,64.0
401873343636,636,"{'id': '32', 'text': 'Flagrant Foul Type 1'}",Josh Hart flagrant foul type 1,118,105,4,1:04,False,0,{'id': '18'},[{'athlete': {'id': '3062679'}}],2026-05-24T02:39:28Z,False,"{'x': 26, 'y': 26}",0,Foul,64.0
401873343638,638,"{'id': '279', 'text': 'Ref-Initiated Review (Overturned)'}",(01:04) [Knicks] REF-INITIATED REVIEW (CALL OVERTURNED),118,105,4,1:04,False,0,,,2026-05-24T02:39:44Z,False,"{'x': -214748340, 'y': -214748365}",0,Challenge,64.0
401873343639,639,"{'id': '106', 'text': 'Free Throw - Flagrant 1 of 1'}",Max Strus makes free throw flagrant 1 of 1,118,106,4,1:04,True,1,{'id': '5'},[{'athlete': {'id': '4065778'}}],2026-05-24T02:41:33Z,True,"{'x': -214748340, 'y': -214748365}",1,+1 Point,64.0
401873343660,660,"{'id': '62', 'text': 'Bad Pass\nTurnover'}","James Harden bad pass
turnover (Mikal Bridges steals)",118,106,4,1:04,False,0,{'id': '5'},"[{'athlete': {'id': '3992'}}, {'athlete': {'id': '3147657'}}]",2026-05-24T02:41:39Z,False,"{'x': 48, 'y': 22}",0,Turnover,64.0
401873343662,662,"{'id': '90', 'text': 'Out of Bounds - Bad Pass Turnover'}",Mikal Bridges out of bounds bad pass turnover,118,106,4,1:03,False,0,{'id': '18'},[{'athlete': {'id': '3147657'}}],2026-05-24T02:41:42Z,False,"{'x': 48, 'y': 27}",0,Turnover,63.0
401873343641,641,"{'id': '144', 'text': 'Driving Floating Jump Shot'}",Evan Mobley misses driving floating jump shot,118,106,4,59.5,False,0,{'id': '5'},[{'athlete': {'id': '4432158'}}],2026-05-24T02:42:25Z,True,"{'x': 24, 'y': 8}",2,Missed FG,59.5
401873343642,642,"{'id': '155', 'text': 'Defensive Rebound'}",Josh Hart defensive rebound,118,106,4,57.5,False,0,{'id': '18'},[{'athlete': {'id': '3062679'}}],2026-05-24T02:42:27Z,False,"{'x': 24, 'y': 8}",0,Rebound,57.5
401873343643,643,"{'id': '92', 'text': 'Jump Shot'}",Josh Hart misses 32-foot three point jumper,118,106,4,41.5,False,0,{'id': '18'},[{'athlete': {'id': '3062679'}}],2026-05-24T02:42:43Z,True,"{'x': 4, 'y': 25}",3,Missed 3PT,41.5
401873343644,644,"{'id': '156', 'text': 'Offensive Rebound'}",OG Anunoby offensive rebound,118,106,4,38.9,False,0,{'id': '18'},[{'athlete': {'id': '3934719'}}],2026-05-24T02:42:46Z,False,"{'x': 4, 'y': 25}",0,Rebound,38.9
401873343645,645,"{'id': '45', 'text': 'Personal Foul'}",Max Strus personal foul,118,106,4,35.9,False,0,{'id': '5'},[{'athlete': {'id': '4065778'}}],2026-05-24T02:42:52Z,False,"{'x': 26, 'y': 31}",0,Foul,35.9
401873343647,647,"{'id': '98', 'text': 'Free Throw - 1 of 2'}",Jalen Brunson misses free throw 1 of 2,118,106,4,35.9,False,0,{'id': '18'},[{'athlete': {'id': '3934672'}}],2026-05-24T02:43:19Z,True,"{'x': -214748340, 'y': -214748365}",1,Missed FT,35.9
401873343648,648,"{'id': '156', 'text': 'Offensive Rebound'}",Knicks offensive team rebound,118,106,4,35.9,False,0,{'id': '18'},,2026-05-24T02:43:19Z,False,"{'x': -214748340, 'y': -214748365}",0,Rebound,35.9
401873343649,649,"{'id': '99', 'text': 'Free Throw - 2 of 2'}",Jalen Brunson makes free throw 2 of 2,119,106,4,35.9,True,1,{'id': '18'},[{'athlete': {'id': '3934672'}}],2026-05-24T02:43:41Z,True,"{'x': -214748340, 'y': -214748365}",1,+1 Point,35.9
401873343650,650,"{'id': '110', 'text': 'Driving Layup Shot'}",Evan Mobley makes driving layup (Max Strus assists),119,108,4,30.2,True,2,{'id': '5'},"[{'athlete': {'id': '4432158'}}, {'athlete': {'id': '4065778'}}]",2026-05-24T02:43:52Z,True,"{'x': 26, 'y': 0}",2,+2 Points,30.2
401873343652,652,"{'id': '45', 'text': 'Personal Foul'}",Sam Merrill personal foul,119,108,4,25.3,False,0,{'id': '5'},[{'athlete': {'id': '4066757'}}],2026-05-24T02:44:04Z,False,"{'x': 40, 'y': 32}",0,Foul,25.3
401873343654,654,"{'id': '98', 'text': 'Free Throw - 1 of 2'}",Jalen Brunson makes free throw 1 of 2,120,108,4,25.3,True,1,{'id': '18'},[{'athlete': {'id': '3934672'}}],2026-05-24T02:44:29Z,True,"{'x': -214748340, 'y': -214748365}",1,+1 Point,25.3
401873343655,655,"{'id': '99', 'text': 'Free Throw - 2 of 2'}",Jalen Brunson makes free throw 2 of 2,121,108,4,25.3,True,1,{'id': '18'},[{'athlete': {'id': '3934672'}}],2026-05-24T02:44:49Z,True,"{'x': -214748340, 'y': -214748365}",1,+1 Point,25.3
401873343656,656,"{'id': '92', 'text': 'Jump Shot'}",Donovan Mitchell misses 25-foot three point jumper,121,108,4,19.6,False,0,{'id': '5'},[{'athlete': {'id': '3908809'}}],2026-05-24T02:45:01Z,True,"{'x': 5, 'y': 17}",3,Missed 3PT,19.6
401873343657,657,"{'id': '155', 'text': 'Defensive Rebound'}",OG Anunoby defensive rebound,121,108,4,17.4,False,0,{'id': '18'},[{'athlete': {'id': '3934719'}}],2026-05-24T02:45:03Z,False,"{'x': 5, 'y': 17}",0,Rebound,17.4
401873343658,658,"{'id': '412', 'text': 'End Period'}",End of the 4th Quarter,121,108,4,0.0,False,0,,,2026-05-24T02:45:22Z,False,"{'x': -214748340, 'y': -214748365}",0,End of 4th,0.0
401873343659,659,"{'id': '402', 'text': 'End Game'}",End of Game,121,108,4,0.0,False,0,,,2026-05-24T02:45:50Z,False,"{'x': -214748340, 'y': -214748365}",0,End of Game,0.0
