id,sequenceNumber,type,text,awayScore,homeScore,period,clock,scoringPlay,scoreValue,team,participants,wallclock,shootingPlay,coordinate,pointsAttempted,shortDescription,clockSec
4018713394,4,"{'id': '615', 'text': 'Jumpball'}",Jarrett Allen vs. Jalen Duren (Donovan Mitchell gains possession),0,0,1,12:00,False,0,{'id': '5'},"[{'athlete': {'id': '4066328'}}, {'athlete': {'id': '4433621'}}, {'athlete': {'id': '3908809'}}]",2026-05-18T00:14:31Z,False,"{'x': -214748340, 'y': -214748365}",0,Jump Ball,720.0
4018713397,7,"{'id': '118', 'text': 'Alley Oop Dunk Shot'}",Evan Mobley makes 4-foot alley oop dunk (Donovan Mitchell assists),2,0,1,11:35,True,2,{'id': '5'},"[{'athlete': {'id': '4432158'}}, {'athlete': {'id': '3908809'}}]",2026-05-18T00:14:51Z,True,"{'x': 29, 'y': 2}",2,+2 Points,695.0
4018713399,9,"{'id': '92', 'text': 'Jump Shot'}",Daniss Jenkins makes 26-foot three point jumper (Cade Cunningham assists),2,3,1,11:14,True,3,{'id': '8'},"[{'athlete': {'id': '5107199'}}, {'athlete': {'id': '4432166'}}]",2026-05-18T00:15:11Z,True,"{'x': 3, 'y': 16}",3,+3 Points,674.0
40187133911,11,"{'id': '92', 'text': 'Jump Shot'}",Evan Mobley misses 26-foot three point jumper,2,3,1,11:04,False,0,{'id': '5'},[{'athlete': {'id': '4432158'}}],2026-05-18T00:15:21Z,True,"{'x': 19, 'y': 26}",3,Missed 3PT,664.0
40187133912,12,"{'id': '155', 'text': 'Defensive Rebound'}",Cade Cunningham defensive rebound,2,3,1,11:01,False,0,{'id': '8'},[{'athlete': {'id': '4432166'}}],2026-05-18T00:15:24Z,False,"{'x': 19, 'y': 26}",0,Rebound,661.0
40187133913,13,"{'id': '110', 'text': 'Driving Layup Shot'}",Tobias Harris misses driving layup,2,3,1,10:56,False,0,{'id': '8'},[{'athlete': {'id': '6440'}}],2026-05-18T00:15:33Z,True,"{'x': 19, 'y': 1}",2,Missed FG,656.0
40187133915,15,"{'id': '155', 'text': 'Defensive Rebound'}",Max Strus defensive rebound,2,3,1,10:53,False,0,{'id': '5'},[{'athlete': {'id': '4065778'}}],2026-05-18T00:15:36Z,False,"{'x': 19, 'y': 1}",0,Rebound,653.0
40187133916,16,"{'id': '96', 'text': 'Dunk Shot'}",Jarrett Allen makes 4-foot dunk (Donovan Mitchell assists),4,3,1,10:45,True,2,{'id': '5'},"[{'athlete': {'id': '4066328'}}, {'athlete': {'id': '3908809'}}]",2026-05-18T00:15:41Z,True,"{'x': 20, 'y': 1}",2,+2 Points,645.0
40187133918,18,"{'id': '144', 'text': 'Driving Floating Jump Shot'}",Daniss Jenkins misses driving floating jump shot,4,3,1,10:31,False,0,{'id': '8'},[{'athlete': {'id': '5107199'}}],2026-05-18T00:15:58Z,True,"{'x': 26, 'y': 6}",2,Missed FG,631.0
40187133919,19,"{'id': '155', 'text': 'Defensive Rebound'}",Evan Mobley defensive rebound,4,3,1,10:29,False,0,{'id': '5'},[{'athlete': {'id': '4432158'}}],2026-05-18T00:16:00Z,False,"{'x': 26, 'y': 6}",0,Rebound,629.0
40187133920,20,"{'id': '131', 'text': 'Pullup Jump Shot'}",Donovan Mitchell misses 25-foot three point pullup jump shot,4,3,1,10:12,False,0,{'id': '5'},[{'athlete': {'id': '3908809'}}],2026-05-18T00:16:14Z,True,"{'x': 49, 'y': 9}",3,Missed 3PT,612.0
40187133921,21,"{'id': '155', 'text': 'Defensive Rebound'}",Cade Cunningham defensive rebound,4,3,1,10:11,False,0,{'id': '8'},[{'athlete': {'id': '4432166'}}],2026-05-18T00:16:15Z,False,"{'x': 49, 'y': 9}",0,Rebound,611.0
40187133922,22,"{'id': '149', 'text': 'Running Alley Oop Dunk Shot'}",Ausar Thompson misses dunk,4,3,1,10:07,False,0,{'id': '8'},[{'athlete': {'id': '4684742'}}],2026-05-18T00:16:21Z,True,"{'x': 25, 'y': 4}",2,Missed FG,607.0
40187133923,23,"{'id': '155', 'text': 'Defensive Rebound'}",Donovan Mitchell defensive rebound,4,3,1,10:06,False,0,{'id': '5'},[{'athlete': {'id': '3908809'}}],2026-05-18T00:16:22Z,False,"{'x': 25, 'y': 4}",0,Rebound,606.0
40187133924,24,"{'id': '130', 'text': 'Floating Jump Shot'}",Jarrett Allen makes 6-foot floating jump shot (Max Strus assists),6,3,1,9:57,True,2,{'id': '5'},"[{'athlete': {'id': '4066328'}}, {'athlete': {'id': '4065778'}}]",2026-05-18T00:16:29Z,True,"{'x': 23, 'y': 6}",2,+2 Points,597.0
40187133926,26,"{'id': '131', 'text': 'Pullup Jump Shot'}",Cade Cunningham misses 8-foot pullup jump shot,6,3,1,9:31,False,0,{'id': '8'},[{'athlete': {'id': '4432166'}}],2026-05-18T00:16:55Z,True,"{'x': 27, 'y': 8}",2,Missed FG,571.0
40187133927,27,"{'id': '155', 'text': 'Defensive Rebound'}",Evan Mobley defensive rebound,6,3,1,9:29,False,0,{'id': '5'},[{'athlete': {'id': '4432158'}}],2026-05-18T00:16:57Z,False,"{'x': 27, 'y': 8}",0,Rebound,569.0
40187133928,28,"{'id': '111', 'text': 'Alley Oop Layup Shot'}",Jarrett Allen makes alley oop layup (Donovan Mitchell assists),8,3,1,9:24,True,2,{'id': '5'},"[{'athlete': {'id': '4066328'}}, {'athlete': {'id': '3908809'}}]",2026-05-18T00:17:03Z,True,"{'x': 21, 'y': 0}",2,+2 Points,564.0
40187133930,30,"{'id': '44', 'text': 'Shooting Foul'}",Daniss Jenkins shooting foul,8,3,1,9:24,False,0,{'id': '8'},[{'athlete': {'id': '5107199'}}],2026-05-18T00:17:07Z,False,"{'x': 20, 'y': 1}",0,Foul,564.0
40187133932,32,"{'id': '97', 'text': 'Free Throw - 1 of 1'}",Jarrett Allen misses free throw 1 of 1,8,3,1,9:24,False,0,{'id': '5'},[{'athlete': {'id': '4066328'}}],2026-05-18T00:17:31Z,True,"{'x': -214748340, 'y': -214748365}",1,Missed FT,564.0
40187133933,33,"{'id': '155', 'text': 'Defensive Rebound'}",Ausar Thompson defensive rebound,8,3,1,9:23,False,0,{'id': '8'},[{'athlete': {'id': '4684742'}}],2026-05-18T00:17:32Z,False,"{'x': -214748340, 'y': -214748365}",0,Rebound,563.0
40187133934,34,"{'id': '114', 'text': 'Turnaround Jump Shot'}",Tobias Harris misses 9-foot turnaround jump shot,8,3,1,8:58,False,0,{'id': '8'},[{'athlete': {'id': '6440'}}],2026-05-18T00:17:54Z,True,"{'x': 32, 'y': 7}",2,Missed FG,538.0
40187133935,35,"{'id': '155', 'text': 'Defensive Rebound'}",Evan Mobley defensive rebound,8,3,1,8:56,False,0,{'id': '5'},[{'athlete': {'id': '4432158'}}],2026-05-18T00:17:56Z,False,"{'x': 32, 'y': 7}",0,Rebound,536.0
40187133936,36,"{'id': '110', 'text': 'Driving Layup Shot'}",Donovan Mitchell misses driving layup,8,3,1,8:45,False,0,{'id': '5'},[{'athlete': {'id': '3908809'}}],2026-05-18T00:18:07Z,True,"{'x': 20, 'y': 2}",2,Missed FG,525.0
40187133937,37,"{'id': '155', 'text': 'Defensive Rebound'}",Jalen Duren defensive rebound,8,3,1,8:43,False,0,{'id': '8'},[{'athlete': {'id': '4433621'}}],2026-05-18T00:18:09Z,False,"{'x': 20, 'y': 2}",0,Rebound,523.0
40187133939,39,"{'id': '131', 'text': 'Pullup Jump Shot'}",Daniss Jenkins makes 24-foot three pointer,8,6,1,8:34,True,3,{'id': '8'},[{'athlete': {'id': '5107199'}}],2026-05-18T00:18:25Z,True,"{'x': 44, 'y': 16}",3,+3 Points,514.0
40187133940,40,"{'id': '92', 'text': 'Jump Shot'}",Evan Mobley misses 23-foot three point jumper,8,6,1,8:06,False,0,{'id': '5'},[{'athlete': {'id': '4432158'}}],2026-05-18T00:18:50Z,True,"{'x': 48, 'y': 3}",3,Missed 3PT,486.0
40187133941,41,"{'id': '155', 'text': 'Defensive Rebound'}",Ausar Thompson defensive rebound,8,6,1,8:03,False,0,{'id': '8'},[{'athlete': {'id': '4684742'}}],2026-05-18T00:18:53Z,False,"{'x': 48, 'y': 3}",0,Rebound,483.0
40187133943,43,"{'id': '92', 'text': 'Jump Shot'}",Jalen Duren misses 10-foot jumper,8,6,1,7:41,False,0,{'id': '8'},[{'athlete': {'id': '4433621'}}],2026-05-18T00:19:30Z,True,"{'x': 20, 'y': 9}",2,Missed FG,461.0
40187133944,44,"{'id': '155', 'text': 'Defensive Rebound'}",Evan Mobley defensive rebound,8,6,1,7:39,False,0,{'id': '5'},[{'athlete': {'id': '4432158'}}],2026-05-18T00:19:32Z,False,"{'x': 20, 'y': 9}",0,Rebound,459.0
40187133945,45,"{'id': '151', 'text': 'Cutting Dunk Shot'}",Ausar Thompson blocks Jarrett Allen 's 5-foot dunk,8,6,1,7:27,False,0,{'id': '5'},"[{'athlete': {'id': '4066328'}}, {'athlete': {'id': '4684742'}}]",2026-05-18T00:19:44Z,True,"{'x': 25, 'y': 5}",2,Missed FG,447.0
40187133947,47,"{'id': '155', 'text': 'Defensive Rebound'}",Tobias Harris defensive rebound,8,6,1,7:25,False,0,{'id': '8'},[{'athlete': {'id': '6440'}}],2026-05-18T00:19:46Z,False,"{'x': 25, 'y': 5}",0,Rebound,445.0
40187133948,48,"{'id': '44', 'text': 'Shooting Foul'}",Max Strus shooting foul,8,6,1,7:24,False,0,{'id': '5'},[{'athlete': {'id': '4065778'}}],2026-05-18T00:19:49Z,False,"{'x': 22, 'y': 2}",0,Foul,444.0
40187133950,50,"{'id': '277', 'text': ""Coach's Challenge (replaycenter)""}",(07:24) [Cavaliers] COACH'S CHALLENGE (CALL REPLAYCENTER),8,6,1,7:24,False,0,,,2026-05-18T00:20:04Z,False,"{'x': -214748340, 'y': -214748365}",0,Challenge,444.0
40187133951,51,"{'id': '98', 'text': 'Free Throw - 1 of 2'}",Tobias Harris misses free throw 1 of 2,8,6,1,7:24,False,0,{'id': '8'},[{'athlete': {'id': '6440'}}],2026-05-18T00:20:23Z,True,"{'x': -214748340, 'y': -214748365}",1,Missed FT,444.0
40187133952,52,"{'id': '156', 'text': 'Offensive Rebound'}",Pistons offensive team rebound,8,6,1,7:24,False,0,{'id': '8'},,2026-05-18T00:20:23Z,False,"{'x': -214748340, 'y': -214748365}",0,Rebound,444.0
40187133953,53,"{'id': '99', 'text': 'Free Throw - 2 of 2'}",Tobias Harris makes free throw 2 of 2,8,7,1,7:24,True,1,{'id': '8'},[{'athlete': {'id': '6440'}}],2026-05-18T00:20:23Z,True,"{'x': -214748340, 'y': -214748365}",1,+1 Point,444.0
40187133954,54,"{'id': '131', 'text': 'Pullup Jump Shot'}",James Harden misses 26-foot three point pullup jump shot,8,7,1,7:08,False,0,{'id': '5'},[{'athlete': {'id': '3992'}}],2026-05-18T00:21:03Z,True,"{'x': 39, 'y': 22}",3,Missed 3PT,428.0
40187133955,55,"{'id': '155', 'text': 'Defensive Rebound'}",Jalen Duren defensive rebound,8,7,1,7:06,False,0,{'id': '8'},[{'athlete': {'id': '4433621'}}],2026-05-18T00:21:05Z,False,"{'x': 39, 'y': 22}",0,Rebound,426.0
401871339123,123,"{'id': '63', 'text': 'Lost Ball Turnover'}",Jalen Duren lost ball turnover (Jarrett Allen steals),8,7,1,7:05,False,0,{'id': '8'},"[{'athlete': {'id': '4433621'}}, {'athlete': {'id': '4066328'}}]",2026-05-18T00:21:06Z,False,"{'x': 25, 'y': -1}",0,Turnover,425.0
40187133956,56,"{'id': '92', 'text': 'Jump Shot'}",Max Strus misses 27-foot three point jumper,8,7,1,6:58,False,0,{'id': '5'},[{'athlete': {'id': '4065778'}}],2026-05-18T00:21:09Z,True,"{'x': 2, 'y': 16}",3,Missed 3PT,418.0
40187133957,57,"{'id': '156', 'text': 'Offensive Rebound'}",Jarrett Allen offensive rebound,8,7,1,6:55,False,0,{'id': '5'},[{'athlete': {'id': '4066328'}}],2026-05-18T00:21:12Z,False,"{'x': 2, 'y': 16}",0,Rebound,415.0
40187133958,58,"{'id': '92', 'text': 'Jump Shot'}",Max Strus misses 27-foot three point jumper,8,7,1,6:52,False,0,{'id': '5'},[{'athlete': {'id': '4065778'}}],2026-05-18T00:21:15Z,True,"{'x': 4, 'y': 18}",3,Missed 3PT,412.0
40187133959,59,"{'id': '155', 'text': 'Defensive Rebound'}",Tobias Harris defensive rebound,8,7,1,6:50,False,0,{'id': '8'},[{'athlete': {'id': '6440'}}],2026-05-18T00:21:17Z,False,"{'x': 4, 'y': 18}",0,Rebound,410.0
40187133960,60,"{'id': '131', 'text': 'Pullup Jump Shot'}",Tobias Harris misses 27-foot three point pullup jump shot,8,7,1,6:35,False,0,{'id': '8'},[{'athlete': {'id': '6440'}}],2026-05-18T00:21:33Z,True,"{'x': 29, 'y': 28}",3,Missed 3PT,395.0
40187133961,61,"{'id': '155', 'text': 'Defensive Rebound'}",Cavaliers defensive team rebound,8,7,1,6:34,False,0,{'id': '5'},,2026-05-18T00:21:34Z,False,"{'x': 29, 'y': 28}",0,Rebound,394.0
40187133963,63,"{'id': '16', 'text': 'Full Timeout'}",Pistons Full timeout,8,7,1,6:34,False,0,{'id': '8'},,2026-05-18T00:21:42Z,False,"{'x': -214748340, 'y': -214748365}",0,Timeout,394.0
40187133964,64,"{'id': '584', 'text': 'Substitution'}",Caris LeVert enters the game for Cade Cunningham,8,7,1,6:34,False,0,{'id': '8'},"[{'athlete': {'id': '2991043'}}, {'athlete': {'id': '4432166'}}]",2026-05-18T00:21:42Z,False,"{'x': -214748340, 'y': -214748365}",0,Substitution,394.0
40187133965,65,"{'id': '584', 'text': 'Substitution'}",Sam Merrill enters the game for Donovan Mitchell,8,7,1,6:34,False,0,{'id': '5'},"[{'athlete': {'id': '4066757'}}, {'athlete': {'id': '3908809'}}]",2026-05-18T00:21:42Z,False,"{'x': -214748340, 'y': -214748365}",0,Substitution,394.0
40187133966,66,"{'id': '584', 'text': 'Substitution'}",Dean Wade enters the game for Evan Mobley,8,7,1,6:34,False,0,{'id': '5'},"[{'athlete': {'id': '3912848'}}, {'athlete': {'id': '4432158'}}]",2026-05-18T00:21:42Z,False,"{'x': -214748340, 'y': -214748365}",0,Substitution,394.0
40187133970,70,"{'id': '70', 'text': 'Shot Clock Turnover'}",shot clock turnover ,8,7,1,6:10,False,0,{'id': '5'},,2026-05-18T00:25:55Z,False,"{'x': 13, 'y': 24}",0,Turnover,370.0
40187133971,71,"{'id': '120', 'text': 'Turnaround Hook Shot'}",Jalen Duren misses 5-foot two point shot,8,7,1,5:55,False,0,{'id': '8'},[{'athlete': {'id': '4433621'}}],2026-05-18T00:26:21Z,True,"{'x': 25, 'y': 5}",2,Missed FG,355.0
40187133972,72,"{'id': '155', 'text': 'Defensive Rebound'}",James Harden defensive rebound,8,7,1,5:53,False,0,{'id': '5'},[{'athlete': {'id': '3992'}}],2026-05-18T00:26:23Z,False,"{'x': 25, 'y': 5}",0,Rebound,353.0
40187133973,73,"{'id': '92', 'text': 'Jump Shot'}",Dean Wade makes 27-foot three point jumper (James Harden assists),11,7,1,5:46,True,3,{'id': '5'},"[{'athlete': {'id': '3912848'}}, {'athlete': {'id': '3992'}}]",2026-05-18T00:26:30Z,True,"{'x': 6, 'y': 19}",3,+3 Points,346.0
40187133975,75,"{'id': '145', 'text': 'Driving Floating Bank Jump Shot'}",Jalen Duren makes 3-foot two point shot,11,9,1,5:30,True,2,{'id': '8'},[{'athlete': {'id': '4433621'}}],2026-05-18T00:26:46Z,True,"{'x': 28, 'y': 2}",2,+2 Points,330.0
40187133976,76,"{'id': '45', 'text': 'Personal Foul'}",Caris LeVert personal foul,11,9,1,5:16,False,0,{'id': '8'},[{'athlete': {'id': '2991043'}}],2026-05-18T00:27:07Z,False,"{'x': 10, 'y': 32}",0,Foul,316.0
40187133978,78,"{'id': '151', 'text': 'Cutting Dunk Shot'}",Dean Wade makes 4-foot dunk (Max Strus assists),13,9,1,5:08,True,2,{'id': '5'},"[{'athlete': {'id': '3912848'}}, {'athlete': {'id': '4065778'}}]",2026-05-18T00:27:32Z,True,"{'x': 29, 'y': 2}",2,+2 Points,308.0
40187133980,80,"{'id': '132', 'text': 'Step Back Jump Shot'}",Daniss Jenkins misses 27-foot three point step back jumpshot,13,9,1,4:50,False,0,{'id': '8'},[{'athlete': {'id': '5107199'}}],2026-05-18T00:27:52Z,True,"{'x': 19, 'y': 27}",3,Missed 3PT,290.0
40187133981,81,"{'id': '156', 'text': 'Offensive Rebound'}",Jalen Duren offensive rebound,13,9,1,4:49,False,0,{'id': '8'},[{'athlete': {'id': '4433621'}}],2026-05-18T00:27:53Z,False,"{'x': 19, 'y': 27}",0,Rebound,289.0
40187133982,82,"{'id': '94', 'text': 'Tip Shot'}",Jalen Duren makes tip shot,13,11,1,4:48,True,2,{'id': '8'},[{'athlete': {'id': '4433621'}}],2026-05-18T00:27:56Z,True,"{'x': 25, 'y': 0}",2,+2 Points,288.0
40187133983,83,"{'id': '63', 'text': 'Lost Ball Turnover'}",Jarrett Allen lost ball turnover (Caris LeVert steals),13,11,1,4:37,False,0,{'id': '5'},"[{'athlete': {'id': '4066328'}}, {'athlete': {'id': '2991043'}}]",2026-05-18T00:28:03Z,False,"{'x': 21, 'y': 33}",0,Turnover,277.0
40187133985,85,"{'id': '109', 'text': 'Running Layup Shot'}",Caris LeVert makes running layup (Jalen Duren assists),13,13,1,4:33,True,2,{'id': '8'},"[{'athlete': {'id': '2991043'}}, {'athlete': {'id': '4433621'}}]",2026-05-18T00:28:07Z,True,"{'x': 21, 'y': 2}",2,+2 Points,273.0
40187133986,86,"{'id': '16', 'text': 'Full Timeout'}",Cavaliers Full timeout,13,13,1,4:33,False,0,{'id': '5'},,2026-05-18T00:28:17Z,False,"{'x': -214748340, 'y': -214748365}",0,Timeout,273.0
40187133988,88,"{'id': '584', 'text': 'Substitution'}",Cade Cunningham enters the game for Jalen Duren,13,13,1,4:33,False,0,{'id': '8'},"[{'athlete': {'id': '4432166'}}, {'athlete': {'id': '4433621'}}]",2026-05-18T00:28:18Z,False,"{'x': -214748340, 'y': -214748365}",0,Substitution,273.0
40187133989,89,"{'id': '584', 'text': 'Substitution'}",Isaiah Stewart enters the game for Tobias Harris,13,13,1,4:33,False,0,{'id': '8'},"[{'athlete': {'id': '4432810'}}, {'athlete': {'id': '6440'}}]",2026-05-18T00:28:18Z,False,"{'x': -214748340, 'y': -214748365}",0,Substitution,273.0
40187133990,90,"{'id': '584', 'text': 'Substitution'}",Duncan Robinson enters the game for Daniss Jenkins,13,13,1,4:33,False,0,{'id': '8'},"[{'athlete': {'id': '3157465'}}, {'athlete': {'id': '5107199'}}]",2026-05-18T00:28:18Z,False,"{'x': -214748340, 'y': -214748365}",0,Substitution,273.0
40187133994,94,"{'id': '131', 'text': 'Pullup Jump Shot'}",Sam Merrill makes 24-foot three pointer (Jarrett Allen assists),16,13,1,4:14,True,3,{'id': '5'},"[{'athlete': {'id': '4066757'}}, {'athlete': {'id': '4066328'}}]",2026-05-18T00:32:16Z,True,"{'x': 1, 'y': 4}",3,+3 Points,254.0
40187133996,96,"{'id': '131', 'text': 'Pullup Jump Shot'}",Cade Cunningham makes 11-foot pullup jump shot (Caris LeVert assists),16,15,1,3:51,True,2,{'id': '8'},"[{'athlete': {'id': '4432166'}}, {'athlete': {'id': '2991043'}}]",2026-05-18T00:32:38Z,True,"{'x': 14, 'y': 5}",2,+2 Points,231.0
40187133997,97,"{'id': '130', 'text': 'Floating Jump Shot'}",Jarrett Allen misses 13-foot floating jump shot,16,15,1,3:44,False,0,{'id': '5'},[{'athlete': {'id': '4066328'}}],2026-05-18T00:32:49Z,True,"{'x': 14, 'y': 8}",2,Missed FG,224.0
40187133998,98,"{'id': '155', 'text': 'Defensive Rebound'}",Cade Cunningham defensive rebound,16,15,1,3:42,False,0,{'id': '8'},[{'athlete': {'id': '4432166'}}],2026-05-18T00:32:51Z,False,"{'x': 14, 'y': 8}",0,Rebound,222.0
40187133999,99,"{'id': '42', 'text': 'Offensive Foul'}",Ausar Thompson offensive foul,16,15,1,3:37,False,0,{'id': '8'},[{'athlete': {'id': '4684742'}}],2026-05-18T00:33:00Z,False,"{'x': 29, 'y': 6}",0,Foul,217.0
401871339101,101,"{'id': '84', 'text': 'Offensive Foul Turnover'}",Ausar Thompson offensive foul turnover,16,15,1,3:37,False,0,{'id': '8'},[{'athlete': {'id': '4684742'}}],2026-05-18T00:33:00Z,False,"{'x': 29, 'y': 6}",0,Turnover,217.0
401871339102,102,"{'id': '584', 'text': 'Substitution'}",Evan Mobley enters the game for Max Strus,16,15,1,3:37,False,0,{'id': '5'},"[{'athlete': {'id': '4432158'}}, {'athlete': {'id': '4065778'}}]",2026-05-18T00:33:21Z,False,"{'x': -214748340, 'y': -214748365}",0,Substitution,217.0
401871339103,103,"{'id': '584', 'text': 'Substitution'}",Donovan Mitchell enters the game for Jarrett Allen,16,15,1,3:37,False,0,{'id': '5'},"[{'athlete': {'id': '3908809'}}, {'athlete': {'id': '4066328'}}]",2026-05-18T00:33:21Z,False,"{'x': -214748340, 'y': -214748365}",0,Substitution,217.0
401871339107,107,"{'id': '584', 'text': 'Substitution'}",Marcus Sasser enters the game for Ausar Thompson,16,15,1,3:37,False,0,{'id': '8'},"[{'athlete': {'id': '4432107'}}, {'athlete': {'id': '4684742'}}]",2026-05-18T00:33:21Z,False,"{'x': -214748340, 'y': -214748365}",0,Substitution,217.0
401871339106,106,"{'id': '110', 'text': 'Driving Layup Shot'}",James Harden makes driving layup (Evan Mobley assists),18,15,1,3:22,True,2,{'id': '5'},"[{'athlete': {'id': '3992'}}, {'athlete': {'id': '4432158'}}]",2026-05-18T00:33:58Z,True,"{'x': 21, 'y': 0}",2,+2 Points,202.0
401871339109,109,"{'id': '92', 'text': 'Jump Shot'}",Cade Cunningham misses 26-foot three point jumper,18,15,1,2:57,False,0,{'id': '8'},[{'athlete': {'id': '4432166'}}],2026-05-18T00:34:25Z,True,"{'x': 7, 'y': 19}",3,Missed 3PT,177.0
401871339110,110,"{'id': '156', 'text': 'Offensive Rebound'}",Pistons offensive team rebound,18,15,1,2:56,False,0,{'id': '8'},,2026-05-18T00:34:26Z,False,"{'x': 7, 'y': 19}",0,Rebound,176.0
401871339111,111,"{'id': '70', 'text': 'Shot Clock Turnover'}",shot clock turnover ,18,15,1,2:56,False,0,{'id': '8'},,2026-05-18T00:34:30Z,False,"{'x': 5, 'y': 16}",0,Turnover,176.0
401871339113,113,"{'id': '132', 'text': 'Step Back Jump Shot'}",Sam Merrill misses 24-foot three point step back jumpshot,18,15,1,2:37,False,0,{'id': '5'},[{'athlete': {'id': '4066757'}}],2026-05-18T00:35:32Z,True,"{'x': 46, 'y': 13}",3,Missed 3PT,157.0
401871339114,114,"{'id': '156', 'text': 'Offensive Rebound'}",Dean Wade offensive rebound,18,15,1,2:36,False,0,{'id': '5'},[{'athlete': {'id': '3912848'}}],2026-05-18T00:35:33Z,False,"{'x': 46, 'y': 13}",0,Rebound,156.0
401871339115,115,"{'id': '131', 'text': 'Pullup Jump Shot'}",Evan Mobley makes 25-foot three pointer (Dean Wade assists),21,15,1,2:34,True,3,{'id': '5'},"[{'athlete': {'id': '4432158'}}, {'athlete': {'id': '3912848'}}]",2026-05-18T00:35:37Z,True,"{'x': 44, 'y': 18}",3,+3 Points,154.0
401871339117,117,"{'id': '144', 'text': 'Driving Floating Jump Shot'}",Cade Cunningham makes 5-foot driving floating jump shot,21,17,1,2:14,True,2,{'id': '8'},[{'athlete': {'id': '4432166'}}],2026-05-18T00:35:53Z,True,"{'x': 31, 'y': 1}",2,+2 Points,134.0
401871339118,118,"{'id': '44', 'text': 'Shooting Foul'}",Duncan Robinson shooting foul,21,17,1,2:01,False,0,{'id': '8'},[{'athlete': {'id': '3157465'}}],2026-05-18T00:36:09Z,False,"{'x': 18, 'y': 10}",0,Foul,121.0
401871339120,120,"{'id': '98', 'text': 'Free Throw - 1 of 2'}",James Harden misses free throw 1 of 2,21,17,1,2:01,False,0,{'id': '5'},[{'athlete': {'id': '3992'}}],2026-05-18T00:36:37Z,True,"{'x': -214748340, 'y': -214748365}",1,Missed FT,121.0
401871339121,121,"{'id': '156', 'text': 'Offensive Rebound'}",Cavaliers offensive team rebound,21,17,1,2:01,False,0,{'id': '5'},,2026-05-18T00:36:37Z,False,"{'x': -214748340, 'y': -214748365}",0,Rebound,121.0
401871339122,122,"{'id': '99', 'text': 'Free Throw - 2 of 2'}",James Harden makes free throw 2 of 2,22,17,1,2:01,True,1,{'id': '5'},[{'athlete': {'id': '3992'}}],2026-05-18T00:36:58Z,True,"{'x': -214748340, 'y': -214748365}",1,+1 Point,121.0
401871339125,125,"{'id': '44', 'text': 'Shooting Foul'}",James Harden shooting foul,22,17,1,1:49,False,0,{'id': '5'},[{'athlete': {'id': '3992'}}],2026-05-18T00:37:16Z,False,"{'x': 2, 'y': 2}",0,Foul,109.0
401871339127,127,"{'id': '100', 'text': 'Free Throw - 1 of 3'}",Duncan Robinson makes free throw 1 of 3,22,18,1,1:49,True,1,{'id': '8'},[{'athlete': {'id': '3157465'}}],2026-05-18T00:37:45Z,True,"{'x': -214748340, 'y': -214748365}",1,+1 Point,109.0
401871339128,128,"{'id': '101', 'text': 'Free Throw - 2 of 3'}",Duncan Robinson misses free throw 2 of 3,22,18,1,1:49,False,0,{'id': '8'},[{'athlete': {'id': '3157465'}}],2026-05-18T00:38:04Z,True,"{'x': -214748340, 'y': -214748365}",1,Missed FT,109.0
401871339129,129,"{'id': '156', 'text': 'Offensive Rebound'}",Pistons offensive team rebound,22,18,1,1:49,False,0,{'id': '8'},,2026-05-18T00:38:04Z,False,"{'x': -214748340, 'y': -214748365}",0,Rebound,109.0
401871339130,130,"{'id': '584', 'text': 'Substitution'}",Dennis Schroder enters the game for James Harden,22,18,1,1:49,False,0,{'id': '5'},"[{'athlete': {'id': '3032979'}}, {'athlete': {'id': '3992'}}]",2026-05-18T00:38:05Z,False,"{'x': -214748340, 'y': -214748365}",0,Substitution,109.0
401871339132,132,"{'id': '102', 'text': 'Free Throw - 3 of 3'}",Duncan Robinson makes free throw 3 of 3,22,19,1,1:49,True,1,{'id': '8'},[{'athlete': {'id': '3157465'}}],2026-05-18T00:38:23Z,True,"{'x': -214748340, 'y': -214748365}",1,+1 Point,109.0
401871339133,133,"{'id': '92', 'text': 'Jump Shot'}",Sam Merrill makes 24-foot three point jumper (Evan Mobley assists),25,19,1,1:34,True,3,{'id': '5'},"[{'athlete': {'id': '4066757'}}, {'athlete': {'id': '4432158'}}]",2026-05-18T00:38:39Z,True,"{'x': 1, 'y': 5}",3,+3 Points,94.0
401871339135,135,"{'id': '92', 'text': 'Jump Shot'}",Marcus Sasser misses 22-foot three point jumper,25,19,1,1:21,False,0,{'id': '8'},[{'athlete': {'id': '4432107'}}],2026-05-18T00:38:52Z,True,"{'x': 2, 'y': 2}",3,Missed 3PT,81.0
401871339136,136,"{'id': '155', 'text': 'Defensive Rebound'}",Dennis Schroder defensive rebound,25,19,1,1:20,False,0,{'id': '5'},[{'athlete': {'id': '3032979'}}],2026-05-18T00:38:53Z,False,"{'x': 2, 'y': 2}",0,Rebound,80.0
401871339137,137,"{'id': '131', 'text': 'Pullup Jump Shot'}",Donovan Mitchell makes 27-foot three pointer (Evan Mobley assists),28,19,1,1:12,True,3,{'id': '5'},"[{'athlete': {'id': '3908809'}}, {'athlete': {'id': '4432158'}}]",2026-05-18T00:39:05Z,True,"{'x': 29, 'y': 28}",3,+3 Points,72.0
401871339139,139,"{'id': '92', 'text': 'Jump Shot'}",Caris LeVert misses 28-foot three point jumper,28,19,1,43.2,False,0,{'id': '8'},[{'athlete': {'id': '2991043'}}],2026-05-18T00:39:31Z,True,"{'x': 34, 'y': 27}",3,Missed 3PT,43.2
401871339140,140,"{'id': '155', 'text': 'Defensive Rebound'}",Donovan Mitchell defensive rebound,28,19,1,41.0,False,0,{'id': '5'},[{'athlete': {'id': '3908809'}}],2026-05-18T00:39:33Z,False,"{'x': 34, 'y': 27}",0,Rebound,41.0
401871339141,141,"{'id': '144', 'text': 'Driving Floating Jump Shot'}",Donovan Mitchell misses driving floating jump shot,28,19,1,28.0,False,0,{'id': '5'},[{'athlete': {'id': '3908809'}}],2026-05-18T00:39:48Z,True,"{'x': 26, 'y': 7}",2,Missed FG,28.0
401871339142,142,"{'id': '155', 'text': 'Defensive Rebound'}",Caris LeVert defensive rebound,28,19,1,27.7,False,0,{'id': '8'},[{'athlete': {'id': '2991043'}}],2026-05-18T00:39:49Z,False,"{'x': 26, 'y': 7}",0,Rebound,27.7
401871339143,143,"{'id': '132', 'text': 'Step Back Jump Shot'}",Marcus Sasser makes 27-foot three point step back jumpshot,28,22,1,6.7,True,3,{'id': '8'},[{'athlete': {'id': '4432107'}}],2026-05-18T00:40:10Z,True,"{'x': 14, 'y': 26}",3,+3 Points,6.7
401871339144,144,"{'id': '133', 'text': 'Pullup Bank Jump Shot'}",Donovan Mitchell makes 38-foot three point shot,31,22,1,1.7,True,3,{'id': '5'},[{'athlete': {'id': '3908809'}}],2026-05-18T00:40:21Z,True,"{'x': 24, 'y': 38}",3,+3 Points,1.7
401871339145,145,"{'id': '278', 'text': 'Ref-Initiated Review (Supported)'}",(00:00) [Cavaliers] REF-INITIATED REVIEW (REPLAY SUPPORTS CALL),31,22,1,0.0,False,0,,,2026-05-18T00:40:27Z,False,"{'x': -214748340, 'y': -214748365}",0,Challenge,0.0
401871339146,146,"{'id': '412', 'text': 'End Period'}",End of the 1st Quarter,31,22,1,0.0,False,0,,,2026-05-18T00:41:09Z,False,"{'x': -214748340, 'y': -214748365}",0,End of 1st,0.0
401871339147,147,"{'id': '584', 'text': 'Substitution'}",Ausar Thompson enters the game for Caris LeVert,31,22,2,12:00,False,0,{'id': '8'},"[{'athlete': {'id': '4684742'}}, {'athlete': {'id': '2991043'}}]",2026-05-18T00:43:40Z,False,"{'x': -214748340, 'y': -214748365}",0,Substitution,720.0
401871339148,148,"{'id': '584', 'text': 'Substitution'}",Paul Reed enters the game for Isaiah Stewart,31,22,2,12:00,False,0,{'id': '8'},"[{'athlete': {'id': '4278562'}}, {'athlete': {'id': '4432810'}}]",2026-05-18T00:43:40Z,False,"{'x': -214748340, 'y': -214748365}",0,Substitution,720.0
401871339152,152,"{'id': '144', 'text': 'Driving Floating Jump Shot'}",Duncan Robinson makes 7-foot driving floating jump shot (Cade Cunningham assists),31,24,2,11:45,True,2,{'id': '8'},"[{'athlete': {'id': '3157465'}}, {'athlete': {'id': '4432166'}}]",2026-05-18T00:44:14Z,True,"{'x': 29, 'y': 6}",2,+2 Points,705.0
401871339154,154,"{'id': '63', 'text': 'Lost Ball Turnover'}",Sam Merrill lost ball turnover (Duncan Robinson steals),31,24,2,11:32,False,0,{'id': '5'},"[{'athlete': {'id': '4066757'}}, {'athlete': {'id': '3157465'}}]",2026-05-18T00:44:26Z,False,"{'x': 27, 'y': 38}",0,Turnover,692.0
401871339156,156,"{'id': '45', 'text': 'Personal Foul'}",Sam Merrill personal foul,31,24,2,11:29,False,0,{'id': '5'},[{'athlete': {'id': '4066757'}}],2026-05-18T00:44:33Z,False,"{'x': 31, 'y': 9}",0,Foul,689.0
401871339158,158,"{'id': '45', 'text': 'Personal Foul'}",Sam Merrill personal foul,31,24,2,11:25,False,0,{'id': '5'},[{'athlete': {'id': '4066757'}}],2026-05-18T00:45:08Z,False,"{'x': 10, 'y': 5}",0,Foul,685.0
401871339161,161,"{'id': '110', 'text': 'Driving Layup Shot'}",Cade Cunningham makes driving layup (Duncan Robinson assists),31,26,2,11:14,True,2,{'id': '8'},"[{'athlete': {'id': '4432166'}}, {'athlete': {'id': '3157465'}}]",2026-05-18T00:45:44Z,True,"{'x': 28, 'y': 2}",2,+2 Points,674.0
401871339163,163,"{'id': '128', 'text': 'Driving Finger Roll Layup'}",Donovan Mitchell makes 4-foot two point shot,33,26,2,11:00,True,2,{'id': '5'},[{'athlete': {'id': '3908809'}}],2026-05-18T00:45:55Z,True,"{'x': 20, 'y': 0}",2,+2 Points,660.0
401871339164,164,"{'id': '144', 'text': 'Driving Floating Jump Shot'}",Ausar Thompson misses driving floating jump shot,33,26,2,10:50,False,0,{'id': '8'},[{'athlete': {'id': '4684742'}}],2026-05-18T00:46:08Z,True,"{'x': 31, 'y': 2}",2,Missed FG,650.0
401871339165,165,"{'id': '155', 'text': 'Defensive Rebound'}",Cavaliers defensive team rebound,33,26,2,10:49,False,0,{'id': '5'},,2026-05-18T00:46:09Z,False,"{'x': 31, 'y': 2}",0,Rebound,649.0
401871339167,167,"{'id': '92', 'text': 'Jump Shot'}",Evan Mobley misses 26-foot three point jumper,33,26,2,10:43,False,0,{'id': '5'},[{'athlete': {'id': '4432158'}}],2026-05-18T00:46:24Z,True,"{'x': 37, 'y': 24}",3,Missed 3PT,643.0
401871339168,168,"{'id': '156', 'text': 'Offensive Rebound'}",Dean Wade offensive rebound,33,26,2,10:40,False,0,{'id': '5'},[{'athlete': {'id': '3912848'}}],2026-05-18T00:46:27Z,False,"{'x': 37, 'y': 24}",0,Rebound,640.0
401871339169,169,"{'id': '92', 'text': 'Jump Shot'}",Donovan Mitchell misses 26-foot three point jumper,33,26,2,10:35,False,0,{'id': '5'},[{'athlete': {'id': '3908809'}}],2026-05-18T00:46:28Z,True,"{'x': 6, 'y': 19}",3,Missed 3PT,635.0
401871339170,170,"{'id': '156', 'text': 'Offensive Rebound'}",Evan Mobley offensive rebound,33,26,2,10:34,False,0,{'id': '5'},[{'athlete': {'id': '4432158'}}],2026-05-18T00:46:30Z,False,"{'x': 6, 'y': 19}",0,Rebound,634.0
401871339172,172,"{'id': '44', 'text': 'Shooting Foul'}",Paul Reed shooting foul,33,26,2,10:34,False,0,{'id': '8'},[{'athlete': {'id': '4278562'}}],2026-05-18T00:46:51Z,False,"{'x': 25, 'y': 2}",0,Foul,634.0
401871339174,174,"{'id': '98', 'text': 'Free Throw - 1 of 2'}",Evan Mobley makes free throw 1 of 2,34,26,2,10:34,True,1,{'id': '5'},[{'athlete': {'id': '4432158'}}],2026-05-18T00:46:58Z,True,"{'x': -214748340, 'y': -214748365}",1,+1 Point,634.0
401871339175,175,"{'id': '99', 'text': 'Free Throw - 2 of 2'}",Evan Mobley misses free throw 2 of 2,34,26,2,10:34,False,0,{'id': '5'},[{'athlete': {'id': '4432158'}}],2026-05-18T00:46:58Z,True,"{'x': -214748340, 'y': -214748365}",1,Missed FT,634.0
401871339176,176,"{'id': '155', 'text': 'Defensive Rebound'}",Ausar Thompson defensive rebound,34,26,2,10:31,False,0,{'id': '8'},[{'athlete': {'id': '4684742'}}],2026-05-18T00:47:01Z,False,"{'x': -214748340, 'y': -214748365}",0,Rebound,631.0
401871339177,177,"{'id': '131', 'text': 'Pullup Jump Shot'}",Cade Cunningham misses 12-foot pullup jump shot,34,26,2,10:14,False,0,{'id': '8'},[{'athlete': {'id': '4432166'}}],2026-05-18T00:47:45Z,True,"{'x': 15, 'y': 9}",2,Missed FG,614.0
401871339178,178,"{'id': '155', 'text': 'Defensive Rebound'}",Evan Mobley defensive rebound,34,26,2,10:13,False,0,{'id': '5'},[{'athlete': {'id': '4432158'}}],2026-05-18T00:47:46Z,False,"{'x': 15, 'y': 9}",0,Rebound,613.0
401871339179,179,"{'id': '151', 'text': 'Cutting Dunk Shot'}",Evan Mobley makes 5-foot dunk (Donovan Mitchell assists),36,26,2,10:04,True,2,{'id': '5'},"[{'athlete': {'id': '4432158'}}, {'athlete': {'id': '3908809'}}]",2026-05-18T00:47:54Z,True,"{'x': 19, 'y': 1}",2,+2 Points,604.0
401871339181,181,"{'id': '45', 'text': 'Personal Foul'}",Donovan Mitchell personal foul,36,26,2,9:53,False,0,{'id': '5'},[{'athlete': {'id': '3908809'}}],2026-05-18T00:48:08Z,False,"{'x': 40, 'y': 28}",0,Foul,593.0
401871339183,183,"{'id': '584', 'text': 'Substitution'}",James Harden enters the game for Sam Merrill,36,26,2,9:53,False,0,{'id': '5'},"[{'athlete': {'id': '3992'}}, {'athlete': {'id': '4066757'}}]",2026-05-18T00:48:20Z,False,"{'x': -214748340, 'y': -214748365}",0,Substitution,593.0
401871339187,187,"{'id': '92', 'text': 'Jump Shot'}",Duncan Robinson misses 26-foot three point jumper,36,26,2,9:40,False,0,{'id': '8'},[{'athlete': {'id': '3157465'}}],2026-05-18T00:49:05Z,True,"{'x': 48, 'y': 15}",3,Missed 3PT,580.0
401871339188,188,"{'id': '156', 'text': 'Offensive Rebound'}",Paul Reed offensive rebound,36,26,2,9:37,False,0,{'id': '8'},[{'athlete': {'id': '4278562'}}],2026-05-18T00:49:08Z,False,"{'x': 48, 'y': 15}",0,Rebound,577.0
401871339189,189,"{'id': '92', 'text': 'Jump Shot'}",Marcus Sasser misses 27-foot three point jumper,36,26,2,9:32,False,0,{'id': '8'},[{'athlete': {'id': '4432107'}}],2026-05-18T00:49:12Z,True,"{'x': 28, 'y': 27}",3,Missed 3PT,572.0
401871339190,190,"{'id': '156', 'text': 'Offensive Rebound'}",Pistons offensive team rebound,36,26,2,9:31,False,0,{'id': '8'},,2026-05-18T00:49:13Z,False,"{'x': 28, 'y': 27}",0,Rebound,571.0
401871339191,191,"{'id': '43', 'text': 'Loose Ball Foul'}",Donovan Mitchell loose ball foul,36,26,2,9:31,False,0,{'id': '5'},[{'athlete': {'id': '3908809'}}],2026-05-18T00:49:16Z,False,"{'x': 28, 'y': 3}",0,Foul,571.0
401871339193,193,"{'id': '135', 'text': 'Fade Away Bank Jump Shot'}",Paul Reed misses 8-foot two point shot,36,26,2,9:21,False,0,{'id': '8'},[{'athlete': {'id': '4278562'}}],2026-05-18T00:49:46Z,True,"{'x': 27, 'y': 9}",2,Missed FG,561.0
401871339194,194,"{'id': '155', 'text': 'Defensive Rebound'}",Donovan Mitchell defensive rebound,36,26,2,9:19,False,0,{'id': '5'},[{'athlete': {'id': '3908809'}}],2026-05-18T00:49:48Z,False,"{'x': 27, 'y': 9}",0,Rebound,559.0
401871339195,195,"{'id': '44', 'text': 'Shooting Foul'}",Cade Cunningham shooting foul,36,26,2,9:11,False,0,{'id': '8'},[{'athlete': {'id': '4432166'}}],2026-05-18T00:49:57Z,False,"{'x': 31, 'y': 3}",0,Foul,551.0
401871339197,197,"{'id': '584', 'text': 'Substitution'}",Tobias Harris enters the game for Marcus Sasser,36,26,2,9:11,False,0,{'id': '8'},"[{'athlete': {'id': '6440'}}, {'athlete': {'id': '4432107'}}]",2026-05-18T00:50:13Z,False,"{'x': -214748340, 'y': -214748365}",0,Substitution,551.0
401871339199,199,"{'id': '98', 'text': 'Free Throw - 1 of 2'}",Donovan Mitchell misses free throw 1 of 2,36,26,2,9:11,False,0,{'id': '5'},[{'athlete': {'id': '3908809'}}],2026-05-18T00:50:27Z,True,"{'x': -214748340, 'y': -214748365}",1,Missed FT,551.0
401871339200,200,"{'id': '156', 'text': 'Offensive Rebound'}",Cavaliers offensive team rebound,36,26,2,9:11,False,0,{'id': '5'},,2026-05-18T00:50:27Z,False,"{'x': -214748340, 'y': -214748365}",0,Rebound,551.0
401871339201,201,"{'id': '584', 'text': 'Substitution'}",Jarrett Allen enters the game for Evan Mobley,36,26,2,9:11,False,0,{'id': '5'},"[{'athlete': {'id': '4066328'}}, {'athlete': {'id': '4432158'}}]",2026-05-18T00:50:31Z,False,"{'x': -214748340, 'y': -214748365}",0,Substitution,551.0
401871339202,202,"{'id': '584', 'text': 'Substitution'}",Max Strus enters the game for Dean Wade,36,26,2,9:11,False,0,{'id': '5'},"[{'athlete': {'id': '4065778'}}, {'athlete': {'id': '3912848'}}]",2026-05-18T00:50:31Z,False,"{'x': -214748340, 'y': -214748365}",0,Substitution,551.0
401871339205,205,"{'id': '99', 'text': 'Free Throw - 2 of 2'}",Donovan Mitchell makes free throw 2 of 2,37,26,2,9:11,True,1,{'id': '5'},[{'athlete': {'id': '3908809'}}],2026-05-18T00:51:03Z,True,"{'x': -214748340, 'y': -214748365}",1,+1 Point,551.0
401871339207,207,"{'id': '142', 'text': 'Cutting Finger Roll Layup Shot'}",Jarrett Allen blocks Paul Reed 's 3-foot layup,37,26,2,8:55,False,0,{'id': '8'},"[{'athlete': {'id': '4278562'}}, {'athlete': {'id': '4066328'}}]",2026-05-18T00:51:21Z,True,"{'x': 27, 'y': 4}",2,Missed FG,535.0
401871339209,209,"{'id': '155', 'text': 'Defensive Rebound'}",Donovan Mitchell defensive rebound,37,26,2,8:54,False,0,{'id': '5'},[{'athlete': {'id': '3908809'}}],2026-05-18T00:51:22Z,False,"{'x': 27, 'y': 4}",0,Rebound,534.0
401871339210,210,"{'id': '44', 'text': 'Shooting Foul'}",Tobias Harris shooting foul,37,26,2,8:41,False,0,{'id': '8'},[{'athlete': {'id': '6440'}}],2026-05-18T00:51:37Z,False,"{'x': 27, 'y': 5}",0,Foul,521.0
401871339212,212,"{'id': '98', 'text': 'Free Throw - 1 of 2'}",Jarrett Allen misses free throw 1 of 2,37,26,2,8:41,False,0,{'id': '5'},[{'athlete': {'id': '4066328'}}],2026-05-18T00:52:02Z,True,"{'x': -214748340, 'y': -214748365}",1,Missed FT,521.0
401871339213,213,"{'id': '156', 'text': 'Offensive Rebound'}",Cavaliers offensive team rebound,37,26,2,8:41,False,0,{'id': '5'},,2026-05-18T00:52:02Z,False,"{'x': -214748340, 'y': -214748365}",0,Rebound,521.0
401871339214,214,"{'id': '584', 'text': 'Substitution'}",Daniss Jenkins enters the game for Duncan Robinson,37,26,2,8:41,False,0,{'id': '8'},"[{'athlete': {'id': '5107199'}}, {'athlete': {'id': '3157465'}}]",2026-05-18T00:52:03Z,False,"{'x': -214748340, 'y': -214748365}",0,Substitution,521.0
401871339216,216,"{'id': '99', 'text': 'Free Throw - 2 of 2'}",Jarrett Allen makes free throw 2 of 2,38,26,2,8:41,True,1,{'id': '5'},[{'athlete': {'id': '4066328'}}],2026-05-18T00:52:19Z,True,"{'x': -214748340, 'y': -214748365}",1,+1 Point,521.0
401871339217,217,"{'id': '142', 'text': 'Cutting Finger Roll Layup Shot'}",Ausar Thompson misses layup,38,26,2,8:22,False,0,{'id': '8'},[{'athlete': {'id': '4684742'}}],2026-05-18T00:52:39Z,True,"{'x': 22, 'y': 4}",2,Missed FG,502.0
401871339218,218,"{'id': '155', 'text': 'Defensive Rebound'}",Jarrett Allen defensive rebound,38,26,2,8:20,False,0,{'id': '5'},[{'athlete': {'id': '4066328'}}],2026-05-18T00:52:41Z,False,"{'x': 22, 'y': 4}",0,Rebound,500.0
401871339219,219,"{'id': '144', 'text': 'Driving Floating Jump Shot'}",Ausar Thompson blocks Donovan Mitchell 's 12-foot driving floating jump shot,38,26,2,8:08,False,0,{'id': '5'},"[{'athlete': {'id': '3908809'}}, {'athlete': {'id': '4684742'}}]",2026-05-18T00:52:56Z,True,"{'x': 16, 'y': 8}",2,Missed FG,488.0
401871339221,221,"{'id': '156', 'text': 'Offensive Rebound'}",Cavaliers offensive team rebound,38,26,2,8:07,False,0,{'id': '5'},,2026-05-18T00:52:57Z,False,"{'x': 16, 'y': 8}",0,Rebound,487.0
401871339223,223,"{'id': '584', 'text': 'Substitution'}",Jalen Duren enters the game for Paul Reed,38,26,2,8:07,False,0,{'id': '8'},"[{'athlete': {'id': '4433621'}}, {'athlete': {'id': '4278562'}}]",2026-05-18T00:53:05Z,False,"{'x': -214748340, 'y': -214748365}",0,Substitution,487.0
401871339225,225,"{'id': '70', 'text': 'Shot Clock Turnover'}",shot clock turnover ,38,26,2,7:59,False,0,{'id': '5'},,2026-05-18T00:53:34Z,False,"{'x': 22, 'y': 23}",0,Turnover,479.0
401871339226,226,"{'id': '131', 'text': 'Pullup Jump Shot'}",Cade Cunningham misses 28-foot three point pullup jump shot,38,26,2,7:46,False,0,{'id': '8'},[{'athlete': {'id': '4432166'}}],2026-05-18T00:53:59Z,True,"{'x': 41, 'y': 24}",3,Missed 3PT,466.0
401871339227,227,"{'id': '155', 'text': 'Defensive Rebound'}",James Harden defensive rebound,38,26,2,7:45,False,0,{'id': '5'},[{'athlete': {'id': '3992'}}],2026-05-18T00:54:00Z,False,"{'x': 41, 'y': 24}",0,Rebound,465.0
401871339228,228,"{'id': '45', 'text': 'Personal Foul'}",Tobias Harris personal foul,38,26,2,7:44,False,0,{'id': '8'},[{'athlete': {'id': '6440'}}],2026-05-18T00:54:05Z,False,"{'x': 44, 'y': 26}",0,Foul,464.0
401871339230,230,"{'id': '584', 'text': 'Substitution'}",Sam Merrill enters the game for Donovan Mitchell,38,26,2,7:44,False,0,{'id': '5'},"[{'athlete': {'id': '4066757'}}, {'athlete': {'id': '3908809'}}]",2026-05-18T00:54:15Z,False,"{'x': -214748340, 'y': -214748365}",0,Substitution,464.0
401871339232,232,"{'id': '92', 'text': 'Jump Shot'}",Sam Merrill makes 23-foot three point jumper (Dennis Schroder assists),41,26,2,7:30,True,3,{'id': '5'},"[{'athlete': {'id': '4066757'}}, {'athlete': {'id': '3032979'}}]",2026-05-18T00:54:36Z,True,"{'x': 1, 'y': 0}",3,+3 Points,450.0
401871339234,234,"{'id': '16', 'text': 'Full Timeout'}",Pistons Full timeout,41,26,2,7:30,False,0,{'id': '8'},,2026-05-18T00:54:42Z,False,"{'x': -214748340, 'y': -214748365}",0,Timeout,450.0
401871339235,235,"{'id': '584', 'text': 'Substitution'}",Caris LeVert enters the game for Ausar Thompson,41,26,2,7:30,False,0,{'id': '8'},"[{'athlete': {'id': '2991043'}}, {'athlete': {'id': '4684742'}}]",2026-05-18T00:54:42Z,False,"{'x': -214748340, 'y': -214748365}",0,Substitution,450.0
401871339236,236,"{'id': '584', 'text': 'Substitution'}",Duncan Robinson enters the game for Tobias Harris,41,26,2,7:30,False,0,{'id': '8'},"[{'athlete': {'id': '3157465'}}, {'athlete': {'id': '6440'}}]",2026-05-18T00:54:42Z,False,"{'x': -214748340, 'y': -214748365}",0,Substitution,450.0
401871339239,239,"{'id': '92', 'text': 'Jump Shot'}",Caris LeVert makes 23-foot three point jumper (Cade Cunningham assists),41,29,2,7:14,True,3,{'id': '8'},"[{'athlete': {'id': '2991043'}}, {'athlete': {'id': '4432166'}}]",2026-05-18T00:58:36Z,True,"{'x': 1, 'y': 3}",3,+3 Points,434.0
401871339241,241,"{'id': '141', 'text': 'Cutting Layup Shot'}",Jalen Duren blocks Jarrett Allen 's 5-foot layup,41,29,2,7:05,False,0,{'id': '5'},"[{'athlete': {'id': '4066328'}}, {'athlete': {'id': '4433621'}}]",2026-05-18T00:58:50Z,True,"{'x': 20, 'y': 1}",2,Missed FG,425.0
401871339243,243,"{'id': '156', 'text': 'Offensive Rebound'}",Cavaliers offensive team rebound,41,29,2,7:04,False,0,{'id': '5'},,2026-05-18T00:58:51Z,False,"{'x': 20, 'y': 1}",0,Rebound,424.0
401871339245,245,"{'id': '62', 'text': 'Bad Pass\nTurnover'}","James Harden bad pass
turnover (Cade Cunningham steals)",41,29,2,7:01,False,0,{'id': '5'},"[{'athlete': {'id': '3992'}}, {'athlete': {'id': '4432166'}}]",2026-05-18T00:59:06Z,False,"{'x': 30, 'y': 2}",0,Turnover,421.0
401871339247,247,"{'id': '42', 'text': 'Offensive Foul'}",Duncan Robinson offensive foul,41,29,2,6:57,False,0,{'id': '8'},[{'athlete': {'id': '3157465'}}],2026-05-18T00:59:18Z,False,"{'x': 12, 'y': 7}",0,Foul,417.0
401871339249,249,"{'id': '84', 'text': 'Offensive Foul Turnover'}",Duncan Robinson offensive foul turnover,41,29,2,6:57,False,0,{'id': '8'},[{'athlete': {'id': '3157465'}}],2026-05-18T00:59:18Z,False,"{'x': 12, 'y': 7}",0,Turnover,417.0
401871339250,250,"{'id': '280', 'text': 'Ref-Initiated Review (Stands)'}",(06:57) [Cavaliers] REF-INITIATED REVIEW (CALL STANDS),41,29,2,6:57,False,0,,,2026-05-18T00:59:53Z,False,"{'x': -214748340, 'y': -214748365}",0,Challenge,417.0
401871339251,251,"{'id': '584', 'text': 'Substitution'}",Evan Mobley enters the game for Dennis Schroder,41,29,2,6:57,False,0,{'id': '5'},"[{'athlete': {'id': '4432158'}}, {'athlete': {'id': '3032979'}}]",2026-05-18T01:00:27Z,False,"{'x': -214748340, 'y': -214748365}",0,Substitution,417.0
401871339253,253,"{'id': '133', 'text': 'Pullup Bank Jump Shot'}",Sam Merrill makes 11-foot two point shot,43,29,2,6:41,True,2,{'id': '5'},[{'athlete': {'id': '4066757'}}],2026-05-18T01:00:53Z,True,"{'x': 15, 'y': 6}",2,+2 Points,401.0
401871339254,254,"{'id': '62', 'text': 'Bad Pass\nTurnover'}","Cade Cunningham bad pass
turnover (Max Strus steals)",43,29,2,6:29,False,0,{'id': '8'},"[{'athlete': {'id': '4432166'}}, {'athlete': {'id': '4065778'}}]",2026-05-18T01:01:05Z,False,"{'x': 19, 'y': 8}",0,Turnover,389.0
401871339256,256,"{'id': '112', 'text': 'Reverse Layup Shot'}",Jarrett Allen makes 4-foot reverse layup (James Harden assists),45,29,2,6:18,True,2,{'id': '5'},"[{'athlete': {'id': '4066328'}}, {'athlete': {'id': '3992'}}]",2026-05-18T01:01:16Z,True,"{'x': 21, 'y': 0}",2,+2 Points,378.0
401871339258,258,"{'id': '44', 'text': 'Shooting Foul'}",James Harden shooting foul,45,29,2,6:08,False,0,{'id': '5'},[{'athlete': {'id': '3992'}}],2026-05-18T01:01:28Z,False,"{'x': 38, 'y': -1}",0,Foul,368.0
401871339260,260,"{'id': '98', 'text': 'Free Throw - 1 of 2'}",Caris LeVert makes free throw 1 of 2,45,30,2,6:08,True,1,{'id': '8'},[{'athlete': {'id': '2991043'}}],2026-05-18T01:01:59Z,True,"{'x': -214748340, 'y': -214748365}",1,+1 Point,368.0
401871339261,261,"{'id': '584', 'text': 'Substitution'}",Tobias Harris enters the game for Cade Cunningham,45,30,2,6:08,False,0,{'id': '8'},"[{'athlete': {'id': '6440'}}, {'athlete': {'id': '4432166'}}]",2026-05-18T01:02:00Z,False,"{'x': -214748340, 'y': -214748365}",0,Substitution,368.0
401871339263,263,"{'id': '99', 'text': 'Free Throw - 2 of 2'}",Caris LeVert makes free throw 2 of 2,45,31,2,6:08,True,1,{'id': '8'},[{'athlete': {'id': '2991043'}}],2026-05-18T01:02:21Z,True,"{'x': -214748340, 'y': -214748365}",1,+1 Point,368.0
401871339264,264,"{'id': '45', 'text': 'Personal Foul'}",Daniss Jenkins personal foul,45,31,2,6:00,False,0,{'id': '8'},[{'athlete': {'id': '5107199'}}],2026-05-18T01:02:35Z,False,"{'x': 14, 'y': 24}",0,Foul,360.0
401871339266,266,"{'id': '98', 'text': 'Free Throw - 1 of 2'}",James Harden makes free throw 1 of 2,46,31,2,6:00,True,1,{'id': '5'},[{'athlete': {'id': '3992'}}],2026-05-18T01:03:06Z,True,"{'x': -214748340, 'y': -214748365}",1,+1 Point,360.0
401871339267,267,"{'id': '584', 'text': 'Substitution'}",Marcus Sasser enters the game for Duncan Robinson,46,31,2,6:00,False,0,{'id': '8'},"[{'athlete': {'id': '4432107'}}, {'athlete': {'id': '3157465'}}]",2026-05-18T01:03:07Z,False,"{'x': -214748340, 'y': -214748365}",0,Substitution,360.0
401871339269,269,"{'id': '99', 'text': 'Free Throw - 2 of 2'}",James Harden misses free throw 2 of 2,46,31,2,6:00,False,0,{'id': '5'},[{'athlete': {'id': '3992'}}],2026-05-18T01:03:06Z,True,"{'x': -214748340, 'y': -214748365}",1,Missed FT,360.0
401871339270,270,"{'id': '155', 'text': 'Defensive Rebound'}",Jalen Duren defensive rebound,46,31,2,5:57,False,0,{'id': '8'},[{'athlete': {'id': '4433621'}}],2026-05-18T01:03:09Z,False,"{'x': -214748340, 'y': -214748365}",0,Rebound,357.0
401871339271,271,"{'id': '63', 'text': 'Lost Ball Turnover'}",Caris LeVert lost ball turnover (Max Strus steals),46,31,2,5:43,False,0,{'id': '8'},"[{'athlete': {'id': '2991043'}}, {'athlete': {'id': '4065778'}}]",2026-05-18T01:03:43Z,False,"{'x': 13, 'y': 6}",0,Turnover,343.0
401871339273,273,"{'id': '63', 'text': 'Lost Ball Turnover'}",Evan Mobley lost ball turnover (Marcus Sasser steals),46,31,2,5:33,False,0,{'id': '5'},"[{'athlete': {'id': '4432158'}}, {'athlete': {'id': '4432107'}}]",2026-05-18T01:03:53Z,False,"{'x': 13, 'y': 26}",0,Turnover,333.0
401871339275,275,"{'id': '113', 'text': 'Running Jump Shot'}",Daniss Jenkins misses 23-foot running jump shot,46,31,2,5:27,False,0,{'id': '8'},[{'athlete': {'id': '5107199'}}],2026-05-18T01:03:59Z,True,"{'x': 1, 'y': 1}",3,Missed 3PT,327.0
401871339276,276,"{'id': '155', 'text': 'Defensive Rebound'}",Evan Mobley defensive rebound,46,31,2,5:25,False,0,{'id': '5'},[{'athlete': {'id': '4432158'}}],2026-05-18T01:04:01Z,False,"{'x': 1, 'y': 1}",0,Rebound,325.0
401871339277,277,"{'id': '132', 'text': 'Step Back Jump Shot'}",James Harden misses 28-foot three point step back jumpshot,46,31,2,5:14,False,0,{'id': '5'},[{'athlete': {'id': '3992'}}],2026-05-18T01:04:15Z,True,"{'x': 5, 'y': 21}",3,Missed 3PT,314.0
401871339278,278,"{'id': '156', 'text': 'Offensive Rebound'}",Sam Merrill offensive rebound,46,31,2,5:13,False,0,{'id': '5'},[{'athlete': {'id': '4066757'}}],2026-05-18T01:04:16Z,False,"{'x': 5, 'y': 21}",0,Rebound,313.0
401871339279,279,"{'id': '131', 'text': 'Pullup Jump Shot'}",Sam Merrill misses 24-foot three point pullup jump shot,46,31,2,5:11,False,0,{'id': '5'},[{'athlete': {'id': '4066757'}}],2026-05-18T01:04:19Z,True,"{'x': 1, 'y': 7}",3,Missed 3PT,311.0
401871339280,280,"{'id': '156', 'text': 'Offensive Rebound'}",Cavaliers offensive team rebound,46,31,2,5:10,False,0,{'id': '5'},,2026-05-18T01:04:20Z,False,"{'x': 1, 'y': 7}",0,Rebound,310.0
401871339281,281,"{'id': '43', 'text': 'Loose Ball Foul'}",Caris LeVert loose ball foul,46,31,2,5:07,False,0,{'id': '8'},[{'athlete': {'id': '2991043'}}],2026-05-18T01:04:27Z,False,"{'x': 17, 'y': 4}",0,Foul,307.0
401871339283,283,"{'id': '98', 'text': 'Free Throw - 1 of 2'}",Jarrett Allen makes free throw 1 of 2,47,31,2,5:07,True,1,{'id': '5'},[{'athlete': {'id': '4066328'}}],2026-05-18T01:04:53Z,True,"{'x': -214748340, 'y': -214748365}",1,+1 Point,307.0
401871339284,284,"{'id': '584', 'text': 'Substitution'}",Cade Cunningham enters the game for Caris LeVert,47,31,2,5:07,False,0,{'id': '8'},"[{'athlete': {'id': '4432166'}}, {'athlete': {'id': '2991043'}}]",2026-05-18T01:04:54Z,False,"{'x': -214748340, 'y': -214748365}",0,Substitution,307.0
401871339285,285,"{'id': '584', 'text': 'Substitution'}",Donovan Mitchell enters the game for Max Strus,47,31,2,5:07,False,0,{'id': '5'},"[{'athlete': {'id': '3908809'}}, {'athlete': {'id': '4065778'}}]",2026-05-18T01:04:54Z,False,"{'x': -214748340, 'y': -214748365}",0,Substitution,307.0
401871339288,288,"{'id': '99', 'text': 'Free Throw - 2 of 2'}",Jarrett Allen misses free throw 2 of 2,47,31,2,5:07,False,0,{'id': '5'},[{'athlete': {'id': '4066328'}}],2026-05-18T01:04:53Z,True,"{'x': -214748340, 'y': -214748365}",1,Missed FT,307.0
401871339289,289,"{'id': '155', 'text': 'Defensive Rebound'}",Jalen Duren defensive rebound,47,31,2,5:06,False,0,{'id': '8'},[{'athlete': {'id': '4433621'}}],2026-05-18T01:04:54Z,False,"{'x': -214748340, 'y': -214748365}",0,Rebound,306.0
401871339290,290,"{'id': '44', 'text': 'Shooting Foul'}",James Harden shooting foul,47,31,2,4:52,False,0,{'id': '5'},[{'athlete': {'id': '3992'}}],2026-05-18T01:05:36Z,False,"{'x': 30, 'y': 1}",0,Foul,292.0
401871339292,292,"{'id': '98', 'text': 'Free Throw - 1 of 2'}",Cade Cunningham makes free throw 1 of 2,47,32,2,4:52,True,1,{'id': '8'},[{'athlete': {'id': '4432166'}}],2026-05-18T01:06:04Z,True,"{'x': -214748340, 'y': -214748365}",1,+1 Point,292.0
401871339293,293,"{'id': '99', 'text': 'Free Throw - 2 of 2'}",Cade Cunningham makes free throw 2 of 2,47,33,2,4:52,True,1,{'id': '8'},[{'athlete': {'id': '4432166'}}],2026-05-18T01:06:24Z,True,"{'x': -214748340, 'y': -214748365}",1,+1 Point,292.0
401871339294,294,"{'id': '92', 'text': 'Jump Shot'}",Sam Merrill makes 25-foot three point jumper (Evan Mobley assists),50,33,2,4:41,True,3,{'id': '5'},"[{'athlete': {'id': '4066757'}}, {'athlete': {'id': '4432158'}}]",2026-05-18T01:06:45Z,True,"{'x': 36, 'y': 23}",3,+3 Points,281.0
401871339296,296,"{'id': '44', 'text': 'Shooting Foul'}",Marcus Sasser shooting foul,50,33,2,4:41,False,0,{'id': '8'},[{'athlete': {'id': '4432107'}}],2026-05-18T01:06:48Z,False,"{'x': 36, 'y': 24}",0,Foul,281.0
401871339298,298,"{'id': '97', 'text': 'Free Throw - 1 of 1'}",Sam Merrill makes free throw 1 of 1,51,33,2,4:41,True,1,{'id': '5'},[{'athlete': {'id': '4066757'}}],2026-05-18T01:07:09Z,True,"{'x': -214748340, 'y': -214748365}",1,+1 Point,281.0
401871339299,299,"{'id': '139', 'text': 'Hook Driving Bank'}",Jalen Duren makes 3-foot two point shot (Daniss Jenkins assists),51,35,2,4:18,True,2,{'id': '8'},"[{'athlete': {'id': '4433621'}}, {'athlete': {'id': '5107199'}}]",2026-05-18T01:07:32Z,True,"{'x': 29, 'y': 1}",2,+2 Points,258.0
401871339301,301,"{'id': '132', 'text': 'Step Back Jump Shot'}",James Harden misses 12-foot step back jumpshot,51,35,2,3:57,False,0,{'id': '5'},[{'athlete': {'id': '3992'}}],2026-05-18T01:07:57Z,True,"{'x': 26, 'y': 13}",2,Missed FG,237.0
401871339302,302,"{'id': '155', 'text': 'Defensive Rebound'}",Jalen Duren defensive rebound,51,35,2,3:54,False,0,{'id': '8'},[{'athlete': {'id': '4433621'}}],2026-05-18T01:08:00Z,False,"{'x': 26, 'y': 13}",0,Rebound,234.0
401871339303,303,"{'id': '615', 'text': 'Jumpball'}",Jarrett Allen vs. Jalen Duren,51,35,2,3:54,False,0,{'id': '8'},"[{'athlete': {'id': '4433621'}}, {'athlete': {'id': '4066328'}}]",2026-05-18T01:09:00Z,False,"{'x': -214748340, 'y': -214748365}",0,Jump Ball,234.0
401871339308,308,"{'id': '584', 'text': 'Substitution'}",Max Strus enters the game for Sam Merrill,51,35,2,3:54,False,0,{'id': '5'},"[{'athlete': {'id': '4065778'}}, {'athlete': {'id': '4066757'}}]",2026-05-18T01:08:29Z,False,"{'x': -214748340, 'y': -214748365}",0,Substitution,234.0
401871339306,306,"{'id': '92', 'text': 'Jump Shot'}",Marcus Sasser misses 28-foot three point jumper,51,35,2,3:39,False,0,{'id': '8'},[{'athlete': {'id': '4432107'}}],2026-05-18T01:09:21Z,True,"{'x': 11, 'y': 25}",3,Missed 3PT,219.0
401871339307,307,"{'id': '155', 'text': 'Defensive Rebound'}",James Harden defensive rebound,51,35,2,3:38,False,0,{'id': '5'},[{'athlete': {'id': '3992'}}],2026-05-18T01:09:22Z,False,"{'x': 11, 'y': 25}",0,Rebound,218.0
401871339310,310,"{'id': '44', 'text': 'Shooting Foul'}",Marcus Sasser shooting foul,51,35,2,3:30,False,0,{'id': '8'},[{'athlete': {'id': '4432107'}}],2026-05-18T01:09:34Z,False,"{'x': 20, 'y': 5}",0,Foul,210.0
401871339312,312,"{'id': '98', 'text': 'Free Throw - 1 of 2'}",Jarrett Allen makes free throw 1 of 2,52,35,2,3:30,True,1,{'id': '5'},[{'athlete': {'id': '4066328'}}],2026-05-18T01:10:02Z,True,"{'x': -214748340, 'y': -214748365}",1,+1 Point,210.0
401871339313,313,"{'id': '584', 'text': 'Substitution'}",Ausar Thompson enters the game for Marcus Sasser,52,35,2,3:30,False,0,{'id': '8'},"[{'athlete': {'id': '4684742'}}, {'athlete': {'id': '4432107'}}]",2026-05-18T01:10:03Z,False,"{'x': -214748340, 'y': -214748365}",0,Substitution,210.0
401871339315,315,"{'id': '99', 'text': 'Free Throw - 2 of 2'}",Jarrett Allen makes free throw 2 of 2,53,35,2,3:30,True,1,{'id': '5'},[{'athlete': {'id': '4066328'}}],2026-05-18T01:10:20Z,True,"{'x': -214748340, 'y': -214748365}",1,+1 Point,210.0
401871339316,316,"{'id': '121', 'text': 'Fade Away Jump Shot'}",Cade Cunningham misses 13-foot fade away jump shot,53,35,2,3:14,False,0,{'id': '8'},[{'athlete': {'id': '4432166'}}],2026-05-18T01:10:39Z,True,"{'x': 38, 'y': 3}",2,Missed FG,194.0
401871339317,317,"{'id': '156', 'text': 'Offensive Rebound'}",Pistons offensive team rebound,53,35,2,3:12,False,0,{'id': '8'},,2026-05-18T01:10:41Z,False,"{'x': 38, 'y': 3}",0,Rebound,192.0
401871339319,319,"{'id': '131', 'text': 'Pullup Jump Shot'}",Daniss Jenkins misses 14-foot pullup jump shot,53,35,2,3:06,False,0,{'id': '8'},[{'athlete': {'id': '5107199'}}],2026-05-18T01:11:02Z,True,"{'x': 33, 'y': 12}",2,Missed FG,186.0
401871339320,320,"{'id': '155', 'text': 'Defensive Rebound'}",Jarrett Allen defensive rebound,53,35,2,3:05,False,0,{'id': '5'},[{'athlete': {'id': '4066328'}}],2026-05-18T01:11:03Z,False,"{'x': 33, 'y': 12}",0,Rebound,185.0
401871339321,321,"{'id': '128', 'text': 'Driving Finger Roll Layup'}",Donovan Mitchell makes 4-foot two point shot,55,35,2,2:54,True,2,{'id': '5'},[{'athlete': {'id': '3908809'}}],2026-05-18T01:11:14Z,True,"{'x': 29, 'y': 2}",2,+2 Points,174.0
401871339322,322,"{'id': '16', 'text': 'Full Timeout'}",Pistons Full timeout,55,35,2,2:53,False,0,{'id': '8'},,2026-05-18T01:11:21Z,False,"{'x': -214748340, 'y': -214748365}",0,Timeout,173.0
401871339323,323,"{'id': '584', 'text': 'Substitution'}",Duncan Robinson enters the game for Daniss Jenkins,55,35,2,2:53,False,0,{'id': '8'},"[{'athlete': {'id': '3157465'}}, {'athlete': {'id': '5107199'}}]",2026-05-18T01:11:22Z,False,"{'x': -214748340, 'y': -214748365}",0,Substitution,173.0
401871339325,325,"{'id': '110', 'text': 'Driving Layup Shot'}",Cade Cunningham makes driving layup (Tobias Harris assists),55,37,2,2:35,True,2,{'id': '8'},"[{'athlete': {'id': '4432166'}}, {'athlete': {'id': '6440'}}]",2026-05-18T01:15:22Z,True,"{'x': 21, 'y': 2}",2,+2 Points,155.0
401871339327,327,"{'id': '144', 'text': 'Driving Floating Jump Shot'}",Donovan Mitchell misses driving floating jump shot,55,37,2,2:26,False,0,{'id': '5'},[{'athlete': {'id': '3908809'}}],2026-05-18T01:15:33Z,True,"{'x': 32, 'y': 1}",2,Missed FG,146.0
401871339328,328,"{'id': '155', 'text': 'Defensive Rebound'}",Ausar Thompson defensive rebound,55,37,2,2:24,False,0,{'id': '8'},[{'athlete': {'id': '4684742'}}],2026-05-18T01:15:35Z,False,"{'x': 32, 'y': 1}",0,Rebound,144.0
401871339329,329,"{'id': '146', 'text': 'Running Pullup Jump Shot'}",Duncan Robinson makes 27-foot running pullup jump shot (Cade Cunningham assists),55,40,2,2:17,True,3,{'id': '8'},"[{'athlete': {'id': '3157465'}}, {'athlete': {'id': '4432166'}}]",2026-05-18T01:15:39Z,True,"{'x': 7, 'y': 21}",3,+3 Points,137.0
401871339331,331,"{'id': '110', 'text': 'Driving Layup Shot'}",Evan Mobley makes driving layup (James Harden assists),57,40,2,1:53,True,2,{'id': '5'},"[{'athlete': {'id': '4432158'}}, {'athlete': {'id': '3992'}}]",2026-05-18T01:16:03Z,True,"{'x': 30, 'y': 0}",2,+2 Points,113.0
401871339333,333,"{'id': '110', 'text': 'Driving Layup Shot'}",Tobias Harris misses driving layup,57,40,2,1:41,False,0,{'id': '8'},[{'athlete': {'id': '6440'}}],2026-05-18T01:16:18Z,True,"{'x': 21, 'y': -1}",2,Missed FG,101.0
401871339334,334,"{'id': '155', 'text': 'Defensive Rebound'}",Cavaliers defensive team rebound,57,40,2,1:39,False,0,{'id': '5'},,2026-05-18T01:16:20Z,False,"{'x': 21, 'y': -1}",0,Rebound,99.0
401871339335,335,"{'id': '43', 'text': 'Loose Ball Foul'}",Jalen Duren loose ball foul,57,40,2,1:39,False,0,{'id': '8'},[{'athlete': {'id': '4433621'}}],2026-05-18T01:16:24Z,False,"{'x': 21, 'y': 1}",0,Foul,99.0
401871339337,337,"{'id': '98', 'text': 'Free Throw - 1 of 2'}",James Harden makes free throw 1 of 2,58,40,2,1:39,True,1,{'id': '5'},[{'athlete': {'id': '3992'}}],2026-05-18T01:16:57Z,True,"{'x': -214748340, 'y': -214748365}",1,+1 Point,99.0
401871339338,338,"{'id': '99', 'text': 'Free Throw - 2 of 2'}",James Harden makes free throw 2 of 2,59,40,2,1:39,True,1,{'id': '5'},[{'athlete': {'id': '3992'}}],2026-05-18T01:17:15Z,True,"{'x': -214748340, 'y': -214748365}",1,+1 Point,99.0
401871339339,339,"{'id': '92', 'text': 'Jump Shot'}",Tobias Harris misses 23-foot three point jumper,59,40,2,1:24,False,0,{'id': '8'},[{'athlete': {'id': '6440'}}],2026-05-18T01:17:34Z,True,"{'x': 48, 'y': 4}",3,Missed 3PT,84.0
401871339340,340,"{'id': '156', 'text': 'Offensive Rebound'}",Tobias Harris offensive rebound,59,40,2,1:23,False,0,{'id': '8'},[{'athlete': {'id': '6440'}}],2026-05-18T01:17:35Z,False,"{'x': 48, 'y': 4}",0,Rebound,83.0
401871339341,341,"{'id': '44', 'text': 'Shooting Foul'}",Evan Mobley shooting foul,59,40,2,1:20,False,0,{'id': '5'},[{'athlete': {'id': '4432158'}}],2026-05-18T01:17:40Z,False,"{'x': 30, 'y': 3}",0,Foul,80.0
401871339343,343,"{'id': '98', 'text': 'Free Throw - 1 of 2'}",Tobias Harris makes free throw 1 of 2,59,41,2,1:20,True,1,{'id': '8'},[{'athlete': {'id': '6440'}}],2026-05-18T01:18:09Z,True,"{'x': -214748340, 'y': -214748365}",1,+1 Point,80.0
401871339344,344,"{'id': '99', 'text': 'Free Throw - 2 of 2'}",Tobias Harris makes free throw 2 of 2,59,42,2,1:20,True,1,{'id': '8'},[{'athlete': {'id': '6440'}}],2026-05-18T01:18:27Z,True,"{'x': -214748340, 'y': -214748365}",1,+1 Point,80.0
401871339345,345,"{'id': '95', 'text': 'Layup Shot'}",Jarrett Allen makes layup (Donovan Mitchell assists),61,42,2,1:03,True,2,{'id': '5'},"[{'athlete': {'id': '4066328'}}, {'athlete': {'id': '3908809'}}]",2026-05-18T01:18:47Z,True,"{'x': 21, 'y': 2}",2,+2 Points,63.0
401871339347,347,"{'id': '44', 'text': 'Shooting Foul'}",Jalen Duren shooting foul,61,42,2,1:03,False,0,{'id': '8'},[{'athlete': {'id': '4433621'}}],2026-05-18T01:18:49Z,False,"{'x': 21, 'y': 2}",0,Foul,63.0
401871339349,349,"{'id': '584', 'text': 'Substitution'}",Dennis Schroder enters the game for James Harden,61,42,2,1:03,False,0,{'id': '5'},"[{'athlete': {'id': '3032979'}}, {'athlete': {'id': '3992'}}]",2026-05-18T01:19:02Z,False,"{'x': -214748340, 'y': -214748365}",0,Substitution,63.0
401871339351,351,"{'id': '97', 'text': 'Free Throw - 1 of 1'}",Jarrett Allen makes free throw 1 of 1,62,42,2,1:03,True,1,{'id': '5'},[{'athlete': {'id': '4066328'}}],2026-05-18T01:19:27Z,True,"{'x': -214748340, 'y': -214748365}",1,+1 Point,63.0
401871339352,352,"{'id': '144', 'text': 'Driving Floating Jump Shot'}",Cade Cunningham makes 10-foot driving floating jump shot,62,44,2,48.4,True,2,{'id': '8'},[{'athlete': {'id': '4432166'}}],2026-05-18T01:19:47Z,True,"{'x': 32, 'y': 8}",2,+2 Points,48.4
401871339353,353,"{'id': '145', 'text': 'Driving Floating Bank Jump Shot'}",Evan Mobley makes 5-foot two point shot (Donovan Mitchell assists),64,44,2,31.2,True,2,{'id': '5'},"[{'athlete': {'id': '4432158'}}, {'athlete': {'id': '3908809'}}]",2026-05-18T01:20:07Z,True,"{'x': 20, 'y': 2}",2,+2 Points,31.2
401871339355,355,"{'id': '44', 'text': 'Shooting Foul'}",Cade Cunningham shooting foul,64,44,2,31.2,False,0,{'id': '8'},[{'athlete': {'id': '4432166'}}],2026-05-18T01:20:11Z,False,"{'x': 20, 'y': 3}",0,Foul,31.2
401871339357,357,"{'id': '584', 'text': 'Substitution'}",Daniss Jenkins enters the game for Tobias Harris,64,44,2,31.2,False,0,{'id': '8'},"[{'athlete': {'id': '5107199'}}, {'athlete': {'id': '6440'}}]",2026-05-18T01:20:26Z,False,"{'x': -214748340, 'y': -214748365}",0,Substitution,31.2
401871339359,359,"{'id': '97', 'text': 'Free Throw - 1 of 1'}",Evan Mobley misses free throw 1 of 1,64,44,2,31.2,False,0,{'id': '5'},[{'athlete': {'id': '4432158'}}],2026-05-18T01:20:48Z,True,"{'x': -214748340, 'y': -214748365}",1,Missed FT,31.2
401871339360,360,"{'id': '155', 'text': 'Defensive Rebound'}",Ausar Thompson defensive rebound,64,44,2,30.2,False,0,{'id': '8'},[{'athlete': {'id': '4684742'}}],2026-05-18T01:20:49Z,False,"{'x': -214748340, 'y': -214748365}",0,Rebound,30.2
401871339361,361,"{'id': '92', 'text': 'Jump Shot'}",Ausar Thompson makes 24-foot three point jumper (Cade Cunningham assists),64,47,2,6.3,True,3,{'id': '8'},"[{'athlete': {'id': '4684742'}}, {'athlete': {'id': '4432166'}}]",2026-05-18T01:21:13Z,True,"{'x': 1, 'y': 3}",3,+3 Points,6.3
401871339363,363,"{'id': '141', 'text': 'Cutting Layup Shot'}",Jarrett Allen misses layup,64,47,2,2.9,False,0,{'id': '5'},[{'athlete': {'id': '4066328'}}],2026-05-18T01:21:20Z,True,"{'x': 29, 'y': 0}",2,Missed FG,2.9
401871339364,364,"{'id': '155', 'text': 'Defensive Rebound'}",Duncan Robinson defensive rebound,64,47,2,1.2,False,0,{'id': '8'},[{'athlete': {'id': '3157465'}}],2026-05-18T01:21:22Z,False,"{'x': 29, 'y': 0}",0,Rebound,1.2
401871339365,365,"{'id': '412', 'text': 'End Period'}",End of the 2nd Quarter,64,47,2,0.0,False,0,,,2026-05-18T01:21:29Z,False,"{'x': -214748340, 'y': -214748365}",0,Halftime,0.0
401871339367,367,"{'id': '584', 'text': 'Substitution'}",Tobias Harris enters the game for Duncan Robinson,64,47,3,12:00,False,0,{'id': '8'},"[{'athlete': {'id': '6440'}}, {'athlete': {'id': '3157465'}}]",2026-05-18T01:35:59Z,False,"{'x': -214748340, 'y': -214748365}",0,Substitution,720.0
401871339368,368,"{'id': '584', 'text': 'Substitution'}",James Harden enters the game for Dennis Schroder,64,47,3,12:00,False,0,{'id': '5'},"[{'athlete': {'id': '3992'}}, {'athlete': {'id': '3032979'}}]",2026-05-18T01:35:59Z,False,"{'x': -214748340, 'y': -214748365}",0,Substitution,720.0
401871339372,372,"{'id': '92', 'text': 'Jump Shot'}",Cade Cunningham misses 27-foot three point jumper,64,47,3,11:49,False,0,{'id': '8'},[{'athlete': {'id': '4432166'}}],2026-05-18T01:37:47Z,True,"{'x': 13, 'y': 25}",3,Missed 3PT,709.0
401871339373,373,"{'id': '155', 'text': 'Defensive Rebound'}",Evan Mobley defensive rebound,64,47,3,11:47,False,0,{'id': '5'},[{'athlete': {'id': '4432158'}}],2026-05-18T01:37:49Z,False,"{'x': 13, 'y': 25}",0,Rebound,707.0
401871339374,374,"{'id': '145', 'text': 'Driving Floating Bank Jump Shot'}",Donovan Mitchell makes 9-foot two point shot,66,47,3,11:38,True,2,{'id': '5'},[{'athlete': {'id': '3908809'}}],2026-05-18T01:37:58Z,True,"{'x': 34, 'y': 4}",2,+2 Points,698.0
401871339375,375,"{'id': '63', 'text': 'Lost Ball Turnover'}",Cade Cunningham lost ball turnover (Donovan Mitchell steals),66,47,3,11:29,False,0,{'id': '8'},"[{'athlete': {'id': '4432166'}}, {'athlete': {'id': '3908809'}}]",2026-05-18T01:38:09Z,False,"{'x': 18, 'y': 10}",0,Turnover,689.0
401871339377,377,"{'id': '44', 'text': 'Shooting Foul'}",Ausar Thompson shooting foul,66,47,3,11:24,False,0,{'id': '8'},[{'athlete': {'id': '4684742'}}],2026-05-18T01:38:17Z,False,"{'x': 30, 'y': 1}",0,Foul,684.0
401871339379,379,"{'id': '98', 'text': 'Free Throw - 1 of 2'}",Donovan Mitchell makes free throw 1 of 2,67,47,3,11:24,True,1,{'id': '5'},[{'athlete': {'id': '3908809'}}],2026-05-18T01:38:45Z,True,"{'x': -214748340, 'y': -214748365}",1,+1 Point,684.0
401871339380,380,"{'id': '99', 'text': 'Free Throw - 2 of 2'}",Donovan Mitchell makes free throw 2 of 2,68,47,3,11:24,True,1,{'id': '5'},[{'athlete': {'id': '3908809'}}],2026-05-18T01:39:06Z,True,"{'x': -214748340, 'y': -214748365}",1,+1 Point,684.0
401871339381,381,"{'id': '144', 'text': 'Driving Floating Jump Shot'}",Ausar Thompson misses driving floating jump shot,68,47,3,11:05,False,0,{'id': '8'},[{'athlete': {'id': '4684742'}}],2026-05-18T01:39:28Z,True,"{'x': 24, 'y': 5}",2,Missed FG,665.0
401871339382,382,"{'id': '156', 'text': 'Offensive Rebound'}",Ausar Thompson offensive rebound,68,47,3,11:04,False,0,{'id': '8'},[{'athlete': {'id': '4684742'}}],2026-05-18T01:39:29Z,False,"{'x': 24, 'y': 5}",0,Rebound,664.0
401871339383,383,"{'id': '94', 'text': 'Tip Shot'}",Ausar Thompson makes tip shot,68,49,3,11:03,True,2,{'id': '8'},[{'athlete': {'id': '4684742'}}],2026-05-18T01:39:30Z,True,"{'x': 25, 'y': 0}",2,+2 Points,663.0
401871339384,384,"{'id': '45', 'text': 'Personal Foul'}",Daniss Jenkins personal foul,68,49,3,10:50,False,0,{'id': '8'},[{'athlete': {'id': '5107199'}}],2026-05-18T01:39:49Z,False,"{'x': 36, 'y': 12}",0,Foul,650.0
401871339386,386,"{'id': '118', 'text': 'Alley Oop Dunk Shot'}",Jarrett Allen misses alley oop dunk,68,49,3,10:43,False,0,{'id': '5'},[{'athlete': {'id': '4066328'}}],2026-05-18T01:40:09Z,True,"{'x': 33, 'y': 3}",2,Missed FG,643.0
401871339387,387,"{'id': '156', 'text': 'Offensive Rebound'}",Max Strus offensive rebound,68,49,3,10:42,False,0,{'id': '5'},[{'athlete': {'id': '4065778'}}],2026-05-18T01:40:10Z,False,"{'x': 33, 'y': 3}",0,Rebound,642.0
401871339388,388,"{'id': '94', 'text': 'Tip Shot'}",Max Strus makes tip shot,70,49,3,10:41,True,2,{'id': '5'},[{'athlete': {'id': '4065778'}}],2026-05-18T01:40:12Z,True,"{'x': 25, 'y': 0}",2,+2 Points,641.0
401871339389,389,"{'id': '90', 'text': 'Out of Bounds - Bad Pass Turnover'}",Jalen Duren out of bounds bad pass turnover,70,49,3,10:28,False,0,{'id': '8'},[{'athlete': {'id': '4433621'}}],2026-05-18T01:40:25Z,False,"{'x': 20, 'y': 2}",0,Turnover,628.0
401871339390,390,"{'id': '128', 'text': 'Driving Finger Roll Layup'}",Jarrett Allen makes 5-foot two point shot,72,49,3,10:12,True,2,{'id': '5'},[{'athlete': {'id': '4066328'}}],2026-05-18T01:40:43Z,True,"{'x': 30, 'y': 1}",2,+2 Points,612.0
401871339392,392,"{'id': '16', 'text': 'Full Timeout'}",Pistons Full timeout,72,49,3,10:12,False,0,{'id': '8'},,2026-05-18T01:40:50Z,False,"{'x': -214748340, 'y': -214748365}",0,Timeout,612.0
401871339393,393,"{'id': '144', 'text': 'Driving Floating Jump Shot'}",Daniss Jenkins makes 13-foot driving floating jump shot (Jalen Duren assists),72,51,3,9:46,True,2,{'id': '8'},"[{'athlete': {'id': '5107199'}}, {'athlete': {'id': '4433621'}}]",2026-05-18T01:44:53Z,True,"{'x': 21, 'y': 13}",2,+2 Points,586.0
401871339395,395,"{'id': '63', 'text': 'Lost Ball Turnover'}",Jarrett Allen lost ball turnover (Tobias Harris steals),72,51,3,9:27,False,0,{'id': '5'},"[{'athlete': {'id': '4066328'}}, {'athlete': {'id': '6440'}}]",2026-05-18T01:45:13Z,False,"{'x': 19, 'y': 10}",0,Turnover,567.0
401871339397,397,"{'id': '44', 'text': 'Shooting Foul'}",Donovan Mitchell shooting foul,72,51,3,9:23,False,0,{'id': '5'},[{'athlete': {'id': '3908809'}}],2026-05-18T01:45:19Z,False,"{'x': 30, 'y': 0}",0,Foul,563.0
401871339399,399,"{'id': '8', 'text': 'Delay of Game'}",Cavaliers delay of game violation,72,51,3,9:23,False,0,{'id': '5'},,2026-05-18T01:45:43Z,False,"{'x': -214748340, 'y': -214748365}",0,Violation,563.0
401871339400,400,"{'id': '98', 'text': 'Free Throw - 1 of 2'}",Tobias Harris makes free throw 1 of 2,72,52,3,9:23,True,1,{'id': '8'},[{'athlete': {'id': '6440'}}],2026-05-18T01:46:02Z,True,"{'x': -214748340, 'y': -214748365}",1,+1 Point,563.0
401871339401,401,"{'id': '99', 'text': 'Free Throw - 2 of 2'}",Tobias Harris makes free throw 2 of 2,72,53,3,9:23,True,1,{'id': '8'},[{'athlete': {'id': '6440'}}],2026-05-18T01:46:21Z,True,"{'x': -214748340, 'y': -214748365}",1,+1 Point,563.0
401871339403,403,"{'id': '131', 'text': 'Pullup Jump Shot'}",James Harden misses 28-foot three point pullup jump shot,72,53,3,9:00,False,0,{'id': '5'},[{'athlete': {'id': '3992'}}],2026-05-18T01:47:10Z,True,"{'x': 42, 'y': 23}",3,Missed 3PT,540.0
401871339404,404,"{'id': '155', 'text': 'Defensive Rebound'}",Tobias Harris defensive rebound,72,53,3,8:59,False,0,{'id': '8'},[{'athlete': {'id': '6440'}}],2026-05-18T01:47:11Z,False,"{'x': 42, 'y': 23}",0,Rebound,539.0
401871339405,405,"{'id': '132', 'text': 'Step Back Jump Shot'}",Cade Cunningham misses 27-foot three point step back jumpshot,72,53,3,8:39,False,0,{'id': '8'},[{'athlete': {'id': '4432166'}}],2026-05-18T01:47:31Z,True,"{'x': 4, 'y': 18}",3,Missed 3PT,519.0
401871339406,406,"{'id': '155', 'text': 'Defensive Rebound'}",Cavaliers defensive team rebound,72,53,3,8:39,False,0,{'id': '5'},,2026-05-18T01:47:31Z,False,"{'x': 4, 'y': 18}",0,Rebound,519.0
401871339407,407,"{'id': '43', 'text': 'Loose Ball Foul'}",Jalen Duren loose ball foul,72,53,3,8:39,False,0,{'id': '8'},[{'athlete': {'id': '4433621'}}],2026-05-18T01:47:38Z,False,"{'x': 24, 'y': 2}",0,Foul,519.0
401871339409,409,"{'id': '44', 'text': 'Shooting Foul'}",Jalen Duren shooting foul,72,53,3,8:22,False,0,{'id': '8'},[{'athlete': {'id': '4433621'}}],2026-05-18T01:48:10Z,False,"{'x': 18, 'y': 2}",0,Foul,502.0
401871339411,411,"{'id': '98', 'text': 'Free Throw - 1 of 2'}",Evan Mobley makes free throw 1 of 2,73,53,3,8:22,True,1,{'id': '5'},[{'athlete': {'id': '4432158'}}],2026-05-18T01:48:37Z,True,"{'x': -214748340, 'y': -214748365}",1,+1 Point,502.0
401871339412,412,"{'id': '584', 'text': 'Substitution'}",Isaiah Stewart enters the game for Jalen Duren,73,53,3,8:22,False,0,{'id': '8'},"[{'athlete': {'id': '4432810'}}, {'athlete': {'id': '4433621'}}]",2026-05-18T01:48:38Z,False,"{'x': -214748340, 'y': -214748365}",0,Substitution,502.0
401871339414,414,"{'id': '99', 'text': 'Free Throw - 2 of 2'}",Evan Mobley makes free throw 2 of 2,74,53,3,8:22,True,1,{'id': '5'},[{'athlete': {'id': '4432158'}}],2026-05-18T01:49:02Z,True,"{'x': -214748340, 'y': -214748365}",1,+1 Point,502.0
401871339415,415,"{'id': '92', 'text': 'Jump Shot'}",Ausar Thompson misses 23-foot three point jumper,74,53,3,8:06,False,0,{'id': '8'},[{'athlete': {'id': '4684742'}}],2026-05-18T01:49:22Z,True,"{'x': 48, 'y': 4}",3,Missed 3PT,486.0
401871339416,416,"{'id': '155', 'text': 'Defensive Rebound'}",Jarrett Allen defensive rebound,74,53,3,8:05,False,0,{'id': '5'},[{'athlete': {'id': '4066328'}}],2026-05-18T01:49:23Z,False,"{'x': 48, 'y': 4}",0,Rebound,485.0
401871339417,417,"{'id': '92', 'text': 'Jump Shot'}",Donovan Mitchell misses 24-foot three point jumper,74,53,3,7:50,False,0,{'id': '5'},[{'athlete': {'id': '3908809'}}],2026-05-18T01:49:37Z,True,"{'x': 48, 'y': 9}",3,Missed 3PT,470.0
401871339418,418,"{'id': '155', 'text': 'Defensive Rebound'}",Tobias Harris defensive rebound,74,53,3,7:48,False,0,{'id': '8'},[{'athlete': {'id': '6440'}}],2026-05-18T01:49:39Z,False,"{'x': 48, 'y': 9}",0,Rebound,468.0
401871339419,419,"{'id': '45', 'text': 'Personal Foul'}",Donovan Mitchell personal foul,74,53,3,7:36,False,0,{'id': '5'},[{'athlete': {'id': '3908809'}}],2026-05-18T01:49:53Z,False,"{'x': 22, 'y': 3}",0,Foul,456.0
401871339421,421,"{'id': '584', 'text': 'Substitution'}",Caris LeVert enters the game for Ausar Thompson,74,53,3,7:36,False,0,{'id': '8'},"[{'athlete': {'id': '2991043'}}, {'athlete': {'id': '4684742'}}]",2026-05-18T01:50:05Z,False,"{'x': -214748340, 'y': -214748365}",0,Substitution,456.0
401871339422,422,"{'id': '584', 'text': 'Substitution'}",Dean Wade enters the game for Evan Mobley,74,53,3,7:36,False,0,{'id': '5'},"[{'athlete': {'id': '3912848'}}, {'athlete': {'id': '4432158'}}]",2026-05-18T01:50:05Z,False,"{'x': -214748340, 'y': -214748365}",0,Substitution,456.0
401871339423,423,"{'id': '584', 'text': 'Substitution'}",Sam Merrill enters the game for Donovan Mitchell,74,53,3,7:36,False,0,{'id': '5'},"[{'athlete': {'id': '4066757'}}, {'athlete': {'id': '3908809'}}]",2026-05-18T01:50:05Z,False,"{'x': -214748340, 'y': -214748365}",0,Substitution,456.0
401871339427,427,"{'id': '584', 'text': 'Substitution'}",Duncan Robinson enters the game for Tobias Harris,74,53,3,7:36,False,0,{'id': '8'},"[{'athlete': {'id': '3157465'}}, {'athlete': {'id': '6440'}}]",2026-05-18T01:50:25Z,False,"{'x': -214748340, 'y': -214748365}",0,Substitution,456.0
401871339429,429,"{'id': '131', 'text': 'Pullup Jump Shot'}",Cade Cunningham misses 26-foot three point pullup jump shot,74,53,3,7:29,False,0,{'id': '8'},[{'athlete': {'id': '4432166'}}],2026-05-18T01:50:51Z,True,"{'x': 30, 'y': 26}",3,Missed 3PT,449.0
401871339430,430,"{'id': '155', 'text': 'Defensive Rebound'}",Jarrett Allen defensive rebound,74,53,3,7:28,False,0,{'id': '5'},[{'athlete': {'id': '4066328'}}],2026-05-18T01:50:52Z,False,"{'x': 30, 'y': 26}",0,Rebound,448.0
401871339431,431,"{'id': '87', 'text': 'Out of Bounds - Lost Ball Turnover'}",Sam Merrill out of bounds lost ball turnover,74,53,3,7:14,False,0,{'id': '5'},[{'athlete': {'id': '4066757'}}],2026-05-18T01:51:09Z,False,"{'x': 43, 'y': 15}",0,Turnover,434.0
401871339432,432,"{'id': '141', 'text': 'Cutting Layup Shot'}",Isaiah Stewart makes 3-foot layup (Daniss Jenkins assists),74,55,3,7:05,True,2,{'id': '8'},"[{'athlete': {'id': '4432810'}}, {'athlete': {'id': '5107199'}}]",2026-05-18T01:51:22Z,True,"{'x': 27, 'y': 4}",2,+2 Points,425.0
401871339434,434,"{'id': '44', 'text': 'Shooting Foul'}",Jarrett Allen shooting foul,74,55,3,7:05,False,0,{'id': '5'},[{'athlete': {'id': '4066328'}}],2026-05-18T01:51:25Z,False,"{'x': 27, 'y': 3}",0,Foul,425.0
401871339436,436,"{'id': '97', 'text': 'Free Throw - 1 of 1'}",Isaiah Stewart makes free throw 1 of 1,74,56,3,7:05,True,1,{'id': '8'},[{'athlete': {'id': '4432810'}}],2026-05-18T01:51:47Z,True,"{'x': -214748340, 'y': -214748365}",1,+1 Point,425.0
401871339437,437,"{'id': '92', 'text': 'Jump Shot'}",Max Strus misses 27-foot three point jumper,74,56,3,6:45,False,0,{'id': '5'},[{'athlete': {'id': '4065778'}}],2026-05-18T01:52:09Z,True,"{'x': 11, 'y': 24}",3,Missed 3PT,405.0
401871339438,438,"{'id': '156', 'text': 'Offensive Rebound'}",Cavaliers offensive team rebound,74,56,3,6:44,False,0,{'id': '5'},,2026-05-18T01:52:15Z,False,"{'x': 11, 'y': 24}",0,Rebound,404.0
401871339439,439,"{'id': '43', 'text': 'Loose Ball Foul'}",Duncan Robinson loose ball foul,74,56,3,6:44,False,0,{'id': '8'},[{'athlete': {'id': '3157465'}}],2026-05-18T01:52:16Z,False,"{'x': 3, 'y': 5}",0,Foul,404.0
401871339441,441,"{'id': '98', 'text': 'Free Throw - 1 of 2'}",James Harden misses free throw 1 of 2,74,56,3,6:44,False,0,{'id': '5'},[{'athlete': {'id': '3992'}}],2026-05-18T01:52:48Z,True,"{'x': -214748340, 'y': -214748365}",1,Missed FT,404.0
401871339442,442,"{'id': '156', 'text': 'Offensive Rebound'}",Cavaliers offensive team rebound,74,56,3,6:44,False,0,{'id': '5'},,2026-05-18T01:52:48Z,False,"{'x': -214748340, 'y': -214748365}",0,Rebound,404.0
401871339443,443,"{'id': '99', 'text': 'Free Throw - 2 of 2'}",James Harden makes free throw 2 of 2,75,56,3,6:44,True,1,{'id': '5'},[{'athlete': {'id': '3992'}}],2026-05-18T01:53:24Z,True,"{'x': -214748340, 'y': -214748365}",1,+1 Point,404.0
401871339444,444,"{'id': '43', 'text': 'Loose Ball Foul'}",Isaiah Stewart loose ball foul,75,56,3,6:44,False,0,{'id': '8'},[{'athlete': {'id': '4432810'}}],2026-05-18T01:53:27Z,False,"{'x': 21, 'y': 6}",0,Foul,404.0
401871339447,447,"{'id': '97', 'text': 'Free Throw - 1 of 1'}",Jarrett Allen misses free throw 1 of 1,75,56,3,6:44,False,0,{'id': '5'},[{'athlete': {'id': '4066328'}}],2026-05-18T01:53:46Z,True,"{'x': -214748340, 'y': -214748365}",1,Missed FT,404.0
401871339448,448,"{'id': '156', 'text': 'Offensive Rebound'}",Jarrett Allen offensive rebound,75,56,3,6:43,False,0,{'id': '5'},[{'athlete': {'id': '4066328'}}],2026-05-18T01:53:47Z,False,"{'x': -214748340, 'y': -214748365}",0,Rebound,403.0
401871339449,449,"{'id': '125', 'text': 'Layup Shot Putback'}",Jarrett Allen misses two point shot,75,56,3,6:42,False,0,{'id': '5'},[{'athlete': {'id': '4066328'}}],2026-05-18T01:53:47Z,True,"{'x': 22, 'y': 2}",2,Missed FG,402.0
401871339450,450,"{'id': '156', 'text': 'Offensive Rebound'}",Jarrett Allen offensive rebound,75,56,3,6:40,False,0,{'id': '5'},[{'athlete': {'id': '4066328'}}],2026-05-18T01:53:49Z,False,"{'x': 22, 'y': 2}",0,Rebound,400.0
401871339451,451,"{'id': '44', 'text': 'Shooting Foul'}",Isaiah Stewart shooting foul,75,56,3,6:40,False,0,{'id': '8'},[{'athlete': {'id': '4432810'}}],2026-05-18T01:53:55Z,False,"{'x': 23, 'y': 2}",0,Foul,400.0
401871339453,453,"{'id': '98', 'text': 'Free Throw - 1 of 2'}",Jarrett Allen makes free throw 1 of 2,76,56,3,6:40,True,1,{'id': '5'},[{'athlete': {'id': '4066328'}}],2026-05-18T01:54:19Z,True,"{'x': -214748340, 'y': -214748365}",1,+1 Point,400.0
401871339454,454,"{'id': '584', 'text': 'Substitution'}",Paul Reed enters the game for Isaiah Stewart,76,56,3,6:40,False,0,{'id': '8'},"[{'athlete': {'id': '4278562'}}, {'athlete': {'id': '4432810'}}]",2026-05-18T01:54:20Z,False,"{'x': -214748340, 'y': -214748365}",0,Substitution,400.0
401871339456,456,"{'id': '99', 'text': 'Free Throw - 2 of 2'}",Jarrett Allen misses free throw 2 of 2,76,56,3,6:40,False,0,{'id': '5'},[{'athlete': {'id': '4066328'}}],2026-05-18T01:54:19Z,True,"{'x': -214748340, 'y': -214748365}",1,Missed FT,400.0
401871339457,457,"{'id': '155', 'text': 'Defensive Rebound'}",Paul Reed defensive rebound,76,56,3,6:39,False,0,{'id': '8'},[{'athlete': {'id': '4278562'}}],2026-05-18T01:54:20Z,False,"{'x': -214748340, 'y': -214748365}",0,Rebound,399.0
401871339458,458,"{'id': '146', 'text': 'Running Pullup Jump Shot'}",Caris LeVert makes 26-foot running pullup jump shot (Daniss Jenkins assists),76,59,3,6:32,True,3,{'id': '8'},"[{'athlete': {'id': '2991043'}}, {'athlete': {'id': '5107199'}}]",2026-05-18T01:54:46Z,True,"{'x': 3, 'y': 16}",3,+3 Points,392.0
401871339460,460,"{'id': '115', 'text': 'Driving Dunk Shot'}",Jarrett Allen makes 5-foot driving dunk (Sam Merrill assists),78,59,3,6:20,True,2,{'id': '5'},"[{'athlete': {'id': '4066328'}}, {'athlete': {'id': '4066757'}}]",2026-05-18T01:54:58Z,True,"{'x': 29, 'y': 4}",2,+2 Points,380.0
401871339462,462,"{'id': '62', 'text': 'Bad Pass\nTurnover'}","Cade Cunningham bad pass
turnover (Max Strus steals)",78,59,3,6:11,False,0,{'id': '8'},"[{'athlete': {'id': '4432166'}}, {'athlete': {'id': '4065778'}}]",2026-05-18T01:55:08Z,False,"{'x': 29, 'y': 18}",0,Turnover,371.0
401871339464,464,"{'id': '44', 'text': 'Shooting Foul'}",Caris LeVert shooting foul,78,59,3,6:05,False,0,{'id': '8'},[{'athlete': {'id': '2991043'}}],2026-05-18T01:55:15Z,False,"{'x': 29, 'y': 0}",0,Foul,365.0
401871339466,466,"{'id': '16', 'text': 'Full Timeout'}",Pistons Full timeout,78,59,3,6:05,False,0,{'id': '8'},,2026-05-18T01:55:33Z,False,"{'x': -214748340, 'y': -214748365}",0,Timeout,365.0
401871339467,467,"{'id': '584', 'text': 'Substitution'}",Marcus Sasser enters the game for Daniss Jenkins,78,59,3,6:05,False,0,{'id': '8'},"[{'athlete': {'id': '4432107'}}, {'athlete': {'id': '5107199'}}]",2026-05-18T01:55:34Z,False,"{'x': -214748340, 'y': -214748365}",0,Substitution,365.0
401871339469,469,"{'id': '98', 'text': 'Free Throw - 1 of 2'}",Jarrett Allen makes free throw 1 of 2,79,59,3,6:05,True,1,{'id': '5'},[{'athlete': {'id': '4066328'}}],2026-05-18T01:59:20Z,True,"{'x': -214748340, 'y': -214748365}",1,+1 Point,365.0
401871339470,470,"{'id': '99', 'text': 'Free Throw - 2 of 2'}",Jarrett Allen misses free throw 2 of 2,79,59,3,6:05,False,0,{'id': '5'},[{'athlete': {'id': '4066328'}}],2026-05-18T01:59:20Z,True,"{'x': -214748340, 'y': -214748365}",1,Missed FT,365.0
401871339471,471,"{'id': '155', 'text': 'Defensive Rebound'}",Caris LeVert defensive rebound,79,59,3,6:04,False,0,{'id': '8'},[{'athlete': {'id': '2991043'}}],2026-05-18T01:59:21Z,False,"{'x': -214748340, 'y': -214748365}",0,Rebound,364.0
401871339473,473,"{'id': '132', 'text': 'Step Back Jump Shot'}",Duncan Robinson makes 26-foot three point step back jumpshot (Marcus Sasser assists),79,62,3,5:48,True,3,{'id': '8'},"[{'athlete': {'id': '3157465'}}, {'athlete': {'id': '4432107'}}]",2026-05-18T01:59:51Z,True,"{'x': 5, 'y': 18}",3,+3 Points,348.0
401871339475,475,"{'id': '115', 'text': 'Driving Dunk Shot'}",Jarrett Allen makes 5-foot driving dunk (James Harden assists),81,62,3,5:32,True,2,{'id': '5'},"[{'athlete': {'id': '4066328'}}, {'athlete': {'id': '3992'}}]",2026-05-18T02:00:06Z,True,"{'x': 26, 'y': 5}",2,+2 Points,332.0
401871339477,477,"{'id': '144', 'text': 'Driving Floating Jump Shot'}",Cade Cunningham misses driving floating jump shot,81,62,3,5:16,False,0,{'id': '8'},[{'athlete': {'id': '4432166'}}],2026-05-18T02:00:26Z,True,"{'x': 25, 'y': 3}",2,Missed FG,316.0
401871339478,478,"{'id': '156', 'text': 'Offensive Rebound'}",Paul Reed offensive rebound,81,62,3,5:15,False,0,{'id': '8'},[{'athlete': {'id': '4278562'}}],2026-05-18T02:00:27Z,False,"{'x': 25, 'y': 3}",0,Rebound,315.0
401871339560,560,"{'id': '94', 'text': 'Tip Shot'}",Paul Reed misses 2-foot tip shot,81,62,3,5:08,False,0,{'id': '8'},[{'athlete': {'id': '4278562'}}],2026-05-18T02:00:28Z,True,"{'x': 25, 'y': 3}",2,Missed FG,308.0
401871339561,561,"{'id': '156', 'text': 'Offensive Rebound'}",Paul Reed offensive rebound,81,62,3,5:08,False,0,{'id': '8'},[{'athlete': {'id': '4278562'}}],2026-05-18T02:00:28Z,False,"{'x': 25, 'y': 3}",0,Rebound,308.0
401871339479,479,"{'id': '125', 'text': 'Layup Shot Putback'}",Paul Reed makes two point shot,81,64,3,5:07,True,2,{'id': '8'},[{'athlete': {'id': '4278562'}}],2026-05-18T02:00:29Z,True,"{'x': 27, 'y': 1}",2,+2 Points,307.0
401871339480,480,"{'id': '92', 'text': 'Jump Shot'}",James Harden misses 25-foot three point jumper,81,64,3,4:49,False,0,{'id': '5'},[{'athlete': {'id': '3992'}}],2026-05-18T02:00:49Z,True,"{'x': 21, 'y': 26}",3,Missed 3PT,289.0
401871339481,481,"{'id': '156', 'text': 'Offensive Rebound'}",Cavaliers offensive team rebound,81,64,3,4:45,False,0,{'id': '5'},,2026-05-18T02:00:53Z,False,"{'x': 21, 'y': 26}",0,Rebound,285.0
401871339482,482,"{'id': '43', 'text': 'Loose Ball Foul'}",Marcus Sasser loose ball foul,81,64,3,4:45,False,0,{'id': '8'},[{'athlete': {'id': '4432107'}}],2026-05-18T02:01:01Z,False,"{'x': 47, 'y': 15}",0,Foul,285.0
401871339484,484,"{'id': '98', 'text': 'Free Throw - 1 of 2'}",Sam Merrill makes free throw 1 of 2,82,64,3,4:45,True,1,{'id': '5'},[{'athlete': {'id': '4066757'}}],2026-05-18T02:01:22Z,True,"{'x': -214748340, 'y': -214748365}",1,+1 Point,285.0
401871339485,485,"{'id': '584', 'text': 'Substitution'}",Donovan Mitchell enters the game for Max Strus,82,64,3,4:45,False,0,{'id': '5'},"[{'athlete': {'id': '3908809'}}, {'athlete': {'id': '4065778'}}]",2026-05-18T02:01:23Z,False,"{'x': -214748340, 'y': -214748365}",0,Substitution,285.0
401871339486,486,"{'id': '584', 'text': 'Substitution'}",Evan Mobley enters the game for Jarrett Allen,82,64,3,4:45,False,0,{'id': '5'},"[{'athlete': {'id': '4432158'}}, {'athlete': {'id': '4066328'}}]",2026-05-18T02:01:23Z,False,"{'x': -214748340, 'y': -214748365}",0,Substitution,285.0
401871339489,489,"{'id': '99', 'text': 'Free Throw - 2 of 2'}",Sam Merrill makes free throw 2 of 2,83,64,3,4:45,True,1,{'id': '5'},[{'athlete': {'id': '4066757'}}],2026-05-18T02:01:42Z,True,"{'x': -214748340, 'y': -214748365}",1,+1 Point,285.0
401871339490,490,"{'id': '119', 'text': 'Driving Hook Shot'}",Paul Reed makes 7-foot two point shot (Caris LeVert assists),83,66,3,4:29,True,2,{'id': '8'},"[{'athlete': {'id': '4278562'}}, {'athlete': {'id': '2991043'}}]",2026-05-18T02:01:59Z,True,"{'x': 23, 'y': 7}",2,+2 Points,269.0
401871339492,492,"{'id': '145', 'text': 'Driving Floating Bank Jump Shot'}",Donovan Mitchell makes 4-foot two point shot,85,66,3,4:12,True,2,{'id': '5'},[{'athlete': {'id': '3908809'}}],2026-05-18T02:02:16Z,True,"{'x': 29, 'y': 2}",2,+2 Points,252.0
401871339493,493,"{'id': '131', 'text': 'Pullup Jump Shot'}",Duncan Robinson makes 26-foot three pointer (Paul Reed assists),85,69,3,3:55,True,3,{'id': '8'},"[{'athlete': {'id': '3157465'}}, {'athlete': {'id': '4278562'}}]",2026-05-18T02:02:34Z,True,"{'x': 4, 'y': 17}",3,+3 Points,235.0
401871339495,495,"{'id': '131', 'text': 'Pullup Jump Shot'}",Sam Merrill makes 27-foot three pointer (Donovan Mitchell assists),88,69,3,3:32,True,3,{'id': '5'},"[{'athlete': {'id': '4066757'}}, {'athlete': {'id': '3908809'}}]",2026-05-18T02:02:56Z,True,"{'x': 43, 'y': 21}",3,+3 Points,212.0
401871339497,497,"{'id': '92', 'text': 'Jump Shot'}",Caris LeVert misses 27-foot three point jumper,88,69,3,3:24,False,0,{'id': '8'},[{'athlete': {'id': '2991043'}}],2026-05-18T02:03:10Z,True,"{'x': 40, 'y': 23}",3,Missed 3PT,204.0
401871339498,498,"{'id': '156', 'text': 'Offensive Rebound'}",Marcus Sasser offensive rebound,88,69,3,3:22,False,0,{'id': '8'},[{'athlete': {'id': '4432107'}}],2026-05-18T02:03:12Z,False,"{'x': 40, 'y': 23}",0,Rebound,202.0
401871339499,499,"{'id': '125', 'text': 'Layup Shot Putback'}",Donovan Mitchell blocks Marcus Sasser 's 4-foot two point shot,88,69,3,3:22,False,0,{'id': '8'},"[{'athlete': {'id': '4432107'}}, {'athlete': {'id': '3908809'}}]",2026-05-18T02:03:13Z,True,"{'x': 29, 'y': 1}",2,Missed FG,202.0
401871339501,501,"{'id': '155', 'text': 'Defensive Rebound'}",Dean Wade defensive rebound,88,69,3,3:20,False,0,{'id': '5'},[{'athlete': {'id': '3912848'}}],2026-05-18T02:03:15Z,False,"{'x': 29, 'y': 1}",0,Rebound,200.0
401871339502,502,"{'id': '129', 'text': 'Running Finger Roll Layup'}",Donovan Mitchell makes two point shot (James Harden assists),90,69,3,3:14,True,2,{'id': '5'},"[{'athlete': {'id': '3908809'}}, {'athlete': {'id': '3992'}}]",2026-05-18T02:03:19Z,True,"{'x': 23, 'y': 2}",2,+2 Points,194.0
401871339503,503,"{'id': '141', 'text': 'Cutting Layup Shot'}",Duncan Robinson misses layup,90,69,3,2:58,False,0,{'id': '8'},[{'athlete': {'id': '3157465'}}],2026-05-18T02:03:31Z,True,"{'x': 27, 'y': 1}",2,Missed FG,178.0
401871339504,504,"{'id': '155', 'text': 'Defensive Rebound'}",James Harden defensive rebound,90,69,3,2:57,False,0,{'id': '5'},[{'athlete': {'id': '3992'}}],2026-05-18T02:03:32Z,False,"{'x': 27, 'y': 1}",0,Rebound,177.0
401871339505,505,"{'id': '110', 'text': 'Driving Layup Shot'}",Donovan Mitchell makes driving layup,92,69,3,2:39,True,2,{'id': '5'},[{'athlete': {'id': '3908809'}}],2026-05-18T02:03:49Z,True,"{'x': 21, 'y': 1}",2,+2 Points,159.0
401871339506,506,"{'id': '92', 'text': 'Jump Shot'}",Marcus Sasser misses 28-foot three point jumper,92,69,3,2:31,False,0,{'id': '8'},[{'athlete': {'id': '4432107'}}],2026-05-18T02:04:02Z,True,"{'x': 6, 'y': 21}",3,Missed 3PT,151.0
401871339507,507,"{'id': '155', 'text': 'Defensive Rebound'}",Dean Wade defensive rebound,92,69,3,2:28,False,0,{'id': '5'},[{'athlete': {'id': '3912848'}}],2026-05-18T02:04:05Z,False,"{'x': 6, 'y': 21}",0,Rebound,148.0
401871339508,508,"{'id': '44', 'text': 'Shooting Foul'}",Cade Cunningham shooting foul,92,69,3,2:22,False,0,{'id': '8'},[{'athlete': {'id': '4432166'}}],2026-05-18T02:04:09Z,False,"{'x': 29, 'y': 0}",0,Foul,142.0
401871339510,510,"{'id': '98', 'text': 'Free Throw - 1 of 2'}",Donovan Mitchell misses free throw 1 of 2,92,69,3,2:22,False,0,{'id': '5'},[{'athlete': {'id': '3908809'}}],2026-05-18T02:04:42Z,True,"{'x': -214748340, 'y': -214748365}",1,Missed FT,142.0
401871339511,511,"{'id': '156', 'text': 'Offensive Rebound'}",Cavaliers offensive team rebound,92,69,3,2:22,False,0,{'id': '5'},,2026-05-18T02:04:42Z,False,"{'x': -214748340, 'y': -214748365}",0,Rebound,142.0
401871339512,512,"{'id': '584', 'text': 'Substitution'}",Daniss Jenkins enters the game for Cade Cunningham,92,69,3,2:22,False,0,{'id': '8'},"[{'athlete': {'id': '5107199'}}, {'athlete': {'id': '4432166'}}]",2026-05-18T02:04:43Z,False,"{'x': -214748340, 'y': -214748365}",0,Substitution,142.0
401871339513,513,"{'id': '584', 'text': 'Substitution'}",Tobias Harris enters the game for Paul Reed,92,69,3,2:22,False,0,{'id': '8'},"[{'athlete': {'id': '6440'}}, {'athlete': {'id': '4278562'}}]",2026-05-18T02:04:43Z,False,"{'x': -214748340, 'y': -214748365}",0,Substitution,142.0
401871339514,514,"{'id': '584', 'text': 'Substitution'}",Ausar Thompson enters the game for Duncan Robinson,92,69,3,2:22,False,0,{'id': '8'},"[{'athlete': {'id': '4684742'}}, {'athlete': {'id': '3157465'}}]",2026-05-18T02:04:43Z,False,"{'x': -214748340, 'y': -214748365}",0,Substitution,142.0
401871339515,515,"{'id': '584', 'text': 'Substitution'}",Dennis Schroder enters the game for James Harden,92,69,3,2:22,False,0,{'id': '5'},"[{'athlete': {'id': '3032979'}}, {'athlete': {'id': '3992'}}]",2026-05-18T02:04:43Z,False,"{'x': -214748340, 'y': -214748365}",0,Substitution,142.0
401871339521,521,"{'id': '99', 'text': 'Free Throw - 2 of 2'}",Donovan Mitchell makes free throw 2 of 2,93,69,3,2:22,True,1,{'id': '5'},[{'athlete': {'id': '3908809'}}],2026-05-18T02:05:13Z,True,"{'x': -214748340, 'y': -214748365}",1,+1 Point,142.0
401871339522,522,"{'id': '62', 'text': 'Bad Pass\nTurnover'}","Daniss Jenkins bad pass
turnover (Evan Mobley steals)",93,69,3,2:13,False,0,{'id': '8'},"[{'athlete': {'id': '5107199'}}, {'athlete': {'id': '4432158'}}]",2026-05-18T02:05:22Z,False,"{'x': 23, 'y': 0}",0,Turnover,133.0
401871339524,524,"{'id': '132', 'text': 'Step Back Jump Shot'}",Donovan Mitchell makes 22-foot step back jumpshot (Dennis Schroder assists),95,69,3,1:54,True,2,{'id': '5'},"[{'athlete': {'id': '3908809'}}, {'athlete': {'id': '3032979'}}]",2026-05-18T02:05:41Z,True,"{'x': 41, 'y': 16}",2,+2 Points,114.0
401871339525,525,"{'id': '92', 'text': 'Jump Shot'}",Marcus Sasser makes 24-foot three point jumper (Tobias Harris assists),95,72,3,1:37,True,3,{'id': '8'},"[{'athlete': {'id': '4432107'}}, {'athlete': {'id': '6440'}}]",2026-05-18T02:06:02Z,True,"{'x': 48, 'y': 11}",3,+3 Points,97.0
401871339527,527,"{'id': '86', 'text': 'Out of Bounds - Step Turnover'}",Dennis Schroder steps out of bounds turnover,95,72,3,1:24,False,0,{'id': '5'},[{'athlete': {'id': '3032979'}}],2026-05-18T02:06:16Z,False,"{'x': 16, 'y': 0}",0,Turnover,84.0
401871339528,528,"{'id': '44', 'text': 'Shooting Foul'}",Dennis Schroder shooting foul,95,72,3,1:11,False,0,{'id': '5'},[{'athlete': {'id': '3032979'}}],2026-05-18T02:06:42Z,False,"{'x': 28, 'y': 8}",0,Foul,71.0
401871339530,530,"{'id': '98', 'text': 'Free Throw - 1 of 2'}",Caris LeVert misses free throw 1 of 2,95,72,3,1:11,False,0,{'id': '8'},[{'athlete': {'id': '2991043'}}],2026-05-18T02:07:22Z,True,"{'x': -214748340, 'y': -214748365}",1,Missed FT,71.0
401871339531,531,"{'id': '156', 'text': 'Offensive Rebound'}",Pistons offensive team rebound,95,72,3,1:11,False,0,{'id': '8'},,2026-05-18T02:07:22Z,False,"{'x': -214748340, 'y': -214748365}",0,Rebound,71.0
401871339532,532,"{'id': '99', 'text': 'Free Throw - 2 of 2'}",Caris LeVert makes free throw 2 of 2,95,73,3,1:11,True,1,{'id': '8'},[{'athlete': {'id': '2991043'}}],2026-05-18T02:07:37Z,True,"{'x': -214748340, 'y': -214748365}",1,+1 Point,71.0
401871339533,533,"{'id': '144', 'text': 'Driving Floating Jump Shot'}",Donovan Mitchell misses driving floating jump shot,95,73,3,54.0,False,0,{'id': '5'},[{'athlete': {'id': '3908809'}}],2026-05-18T02:08:00Z,True,"{'x': 27, 'y': 7}",2,Missed FG,54.0
401871339534,534,"{'id': '156', 'text': 'Offensive Rebound'}",Donovan Mitchell offensive rebound,95,73,3,53.0,False,0,{'id': '5'},[{'athlete': {'id': '3908809'}}],2026-05-18T02:08:01Z,False,"{'x': 27, 'y': 7}",0,Rebound,53.0
401871339535,535,"{'id': '125', 'text': 'Layup Shot Putback'}",Donovan Mitchell makes two point shot,97,73,3,52.1,True,2,{'id': '5'},[{'athlete': {'id': '3908809'}}],2026-05-18T02:08:02Z,True,"{'x': 28, 'y': 1}",2,+2 Points,52.1
401871339536,536,"{'id': '132', 'text': 'Step Back Jump Shot'}",Tobias Harris misses 7-foot step back jumpshot,97,73,3,38.6,False,0,{'id': '8'},[{'athlete': {'id': '6440'}}],2026-05-18T02:08:18Z,True,"{'x': 20, 'y': 6}",2,Missed FG,38.6
401871339537,537,"{'id': '156', 'text': 'Offensive Rebound'}",Pistons offensive team rebound,97,73,3,38.6,False,0,{'id': '8'},,2026-05-18T02:08:18Z,False,"{'x': 20, 'y': 6}",0,Rebound,38.6
401871339538,538,"{'id': '43', 'text': 'Loose Ball Foul'}",Donovan Mitchell loose ball foul,97,73,3,38.6,False,0,{'id': '5'},[{'athlete': {'id': '3908809'}}],2026-05-18T02:08:21Z,False,"{'x': 21, 'y': 4}",0,Foul,38.6
401871339540,540,"{'id': '98', 'text': 'Free Throw - 1 of 2'}",Ausar Thompson misses free throw 1 of 2,97,73,3,38.6,False,0,{'id': '8'},[{'athlete': {'id': '4684742'}}],2026-05-18T02:08:45Z,True,"{'x': -214748340, 'y': -214748365}",1,Missed FT,38.6
401871339541,541,"{'id': '156', 'text': 'Offensive Rebound'}",Pistons offensive team rebound,97,73,3,38.6,False,0,{'id': '8'},,2026-05-18T02:08:45Z,False,"{'x': -214748340, 'y': -214748365}",0,Rebound,38.6
401871339542,542,"{'id': '584', 'text': 'Substitution'}",James Harden enters the game for Donovan Mitchell,97,73,3,38.6,False,0,{'id': '5'},"[{'athlete': {'id': '3992'}}, {'athlete': {'id': '3908809'}}]",2026-05-18T02:08:48Z,False,"{'x': -214748340, 'y': -214748365}",0,Substitution,38.6
401871339544,544,"{'id': '99', 'text': 'Free Throw - 2 of 2'}",Ausar Thompson misses free throw 2 of 2,97,73,3,38.6,False,0,{'id': '8'},[{'athlete': {'id': '4684742'}}],2026-05-18T02:08:45Z,True,"{'x': -214748340, 'y': -214748365}",1,Missed FT,38.6
401871339545,545,"{'id': '155', 'text': 'Defensive Rebound'}",Dean Wade defensive rebound,97,73,3,37.3,False,0,{'id': '5'},[{'athlete': {'id': '3912848'}}],2026-05-18T02:08:47Z,False,"{'x': -214748340, 'y': -214748365}",0,Rebound,37.3
401871339546,546,"{'id': '151', 'text': 'Cutting Dunk Shot'}",Evan Mobley makes 3-foot dunk (James Harden assists),99,73,3,23.9,True,2,{'id': '5'},"[{'athlete': {'id': '4432158'}}, {'athlete': {'id': '3992'}}]",2026-05-18T02:09:21Z,True,"{'x': 28, 'y': 2}",2,+2 Points,23.9
401871339548,548,"{'id': '120', 'text': 'Turnaround Hook Shot'}",Marcus Sasser misses 6-foot two point shot,99,73,3,5.7,False,0,{'id': '8'},[{'athlete': {'id': '4432107'}}],2026-05-18T02:09:46Z,True,"{'x': 20, 'y': 4}",2,Missed FG,5.7
401871339549,549,"{'id': '155', 'text': 'Defensive Rebound'}",Dean Wade defensive rebound,99,73,3,4.5,False,0,{'id': '5'},[{'athlete': {'id': '3912848'}}],2026-05-18T02:09:47Z,False,"{'x': 20, 'y': 4}",0,Rebound,4.5
401871339550,550,"{'id': '282', 'text': 'Heave Jump Shot'}",James Harden misses heave jump shot,99,73,3,1.0,False,0,{'id': '5'},[{'athlete': {'id': '3992'}}],2026-05-18T02:09:52Z,True,"{'x': 19, 'y': 41}",3,Missed 3PT,1.0
401871339551,551,"{'id': '156', 'text': 'Offensive Rebound'}",Cavaliers offensive team rebound,99,73,3,1.0,False,0,{'id': '5'},,2026-05-18T02:09:52Z,False,"{'x': 20, 'y': 35}",0,Rebound,1.0
401871339552,552,"{'id': '412', 'text': 'End Period'}",End of the 3rd Quarter,99,73,3,0.0,False,0,,,2026-05-18T02:09:59Z,False,"{'x': -214748340, 'y': -214748365}",0,End of 3rd,0.0
401871339553,553,"{'id': '584', 'text': 'Substitution'}",Duncan Robinson enters the game for Caris LeVert,99,73,4,12:00,False,0,{'id': '8'},"[{'athlete': {'id': '3157465'}}, {'athlete': {'id': '2991043'}}]",2026-05-18T02:12:25Z,False,"{'x': -214748340, 'y': -214748365}",0,Substitution,720.0
401871339554,554,"{'id': '584', 'text': 'Substitution'}",Cade Cunningham enters the game for Ausar Thompson,99,73,4,12:00,False,0,{'id': '8'},"[{'athlete': {'id': '4432166'}}, {'athlete': {'id': '4684742'}}]",2026-05-18T02:12:25Z,False,"{'x': -214748340, 'y': -214748365}",0,Substitution,720.0
401871339555,555,"{'id': '584', 'text': 'Substitution'}",Jalen Duren enters the game for Marcus Sasser,99,73,4,12:00,False,0,{'id': '8'},"[{'athlete': {'id': '4433621'}}, {'athlete': {'id': '4432107'}}]",2026-05-18T02:12:25Z,False,"{'x': -214748340, 'y': -214748365}",0,Substitution,720.0
401871339559,559,"{'id': '35', 'text': 'Technical Foul'}",Ausar Thompson technical foul,99,73,4,12:00,False,0,{'id': '8'},[{'athlete': {'id': '4684742'}}],2026-05-18T02:13:09Z,False,"{'x': -214748340, 'y': -214748365}",0,Foul,720.0
401871339562,562,"{'id': '103', 'text': 'Free Throw - Technical'}",Sam Merrill makes technical free throw,100,73,4,12:00,True,1,{'id': '5'},[{'athlete': {'id': '4066757'}}],2026-05-18T02:13:36Z,True,"{'x': -214748340, 'y': -214748365}",1,+1 Point,720.0
401871339564,564,"{'id': '110', 'text': 'Driving Layup Shot'}",Dennis Schroder makes driving layup (Sam Merrill assists),102,73,4,11:40,True,2,{'id': '5'},"[{'athlete': {'id': '3032979'}}, {'athlete': {'id': '4066757'}}]",2026-05-18T02:14:12Z,True,"{'x': 21, 'y': 2}",2,+2 Points,700.0
401871339566,566,"{'id': '45', 'text': 'Personal Foul'}",Dean Wade personal foul,102,73,4,11:30,False,0,{'id': '5'},[{'athlete': {'id': '3912848'}}],2026-05-18T02:14:27Z,False,"{'x': 34, 'y': -2}",0,Foul,690.0
401871339568,568,"{'id': '63', 'text': 'Lost Ball Turnover'}",Duncan Robinson lost ball turnover (Sam Merrill steals),102,73,4,11:21,False,0,{'id': '8'},"[{'athlete': {'id': '3157465'}}, {'athlete': {'id': '4066757'}}]",2026-05-18T02:14:54Z,False,"{'x': 15, 'y': 21}",0,Turnover,681.0
401871339570,570,"{'id': '109', 'text': 'Running Layup Shot'}",Sam Merrill makes running layup,104,73,4,11:16,True,2,{'id': '5'},[{'athlete': {'id': '4066757'}}],2026-05-18T02:14:58Z,True,"{'x': 29, 'y': 1}",2,+2 Points,676.0
401871339571,571,"{'id': '62', 'text': 'Bad Pass\nTurnover'}","Tobias Harris bad pass
turnover (Evan Mobley steals)",104,73,4,11:01,False,0,{'id': '8'},"[{'athlete': {'id': '6440'}}, {'athlete': {'id': '4432158'}}]",2026-05-18T02:15:13Z,False,"{'x': 25, 'y': 35}",0,Turnover,661.0
401871339573,573,"{'id': '109', 'text': 'Running Layup Shot'}",Tobias Harris blocks James Harden 's 5-foot running layup,104,73,4,10:59,False,0,{'id': '5'},"[{'athlete': {'id': '3992'}}, {'athlete': {'id': '6440'}}]",2026-05-18T02:15:19Z,True,"{'x': 23, 'y': 4}",2,Missed FG,659.0
401871339575,575,"{'id': '156', 'text': 'Offensive Rebound'}",Cavaliers offensive team rebound,104,73,4,10:58,False,0,{'id': '5'},,2026-05-18T02:15:20Z,False,"{'x': 23, 'y': 4}",0,Rebound,658.0
401871339577,577,"{'id': '44', 'text': 'Shooting Foul'}",Tobias Harris shooting foul,104,73,4,10:54,False,0,{'id': '8'},[{'athlete': {'id': '6440'}}],2026-05-18T02:15:41Z,False,"{'x': 29, 'y': 1}",0,Foul,654.0
401871339579,579,"{'id': '98', 'text': 'Free Throw - 1 of 2'}",Evan Mobley makes free throw 1 of 2,105,73,4,10:54,True,1,{'id': '5'},[{'athlete': {'id': '4432158'}}],2026-05-18T02:16:08Z,True,"{'x': -214748340, 'y': -214748365}",1,+1 Point,654.0
401871339580,580,"{'id': '584', 'text': 'Substitution'}",Ausar Thompson enters the game for Tobias Harris,105,73,4,10:54,False,0,{'id': '8'},"[{'athlete': {'id': '4684742'}}, {'athlete': {'id': '6440'}}]",2026-05-18T02:16:10Z,False,"{'x': -214748340, 'y': -214748365}",0,Substitution,654.0
401871339582,582,"{'id': '99', 'text': 'Free Throw - 2 of 2'}",Evan Mobley makes free throw 2 of 2,106,73,4,10:54,True,1,{'id': '5'},[{'athlete': {'id': '4432158'}}],2026-05-18T02:16:32Z,True,"{'x': -214748340, 'y': -214748365}",1,+1 Point,654.0
401871339583,583,"{'id': '92', 'text': 'Jump Shot'}",Duncan Robinson misses 29-foot three point jumper,106,73,4,10:40,False,0,{'id': '8'},[{'athlete': {'id': '3157465'}}],2026-05-18T02:16:49Z,True,"{'x': 19, 'y': 29}",3,Missed 3PT,640.0
401871339584,584,"{'id': '156', 'text': 'Offensive Rebound'}",Jalen Duren offensive rebound,106,73,4,10:39,False,0,{'id': '8'},[{'athlete': {'id': '4433621'}}],2026-05-18T02:16:50Z,False,"{'x': 19, 'y': 29}",0,Rebound,639.0
401871339585,585,"{'id': '45', 'text': 'Personal Foul'}",Dean Wade personal foul,106,73,4,10:37,False,0,{'id': '5'},[{'athlete': {'id': '3912848'}}],2026-05-18T02:16:53Z,False,"{'x': 23, 'y': 2}",0,Foul,637.0
401871339587,587,"{'id': '110', 'text': 'Driving Layup Shot'}",Jalen Duren misses driving layup,106,73,4,10:28,False,0,{'id': '8'},[{'athlete': {'id': '4433621'}}],2026-05-18T02:17:24Z,True,"{'x': 21, 'y': 2}",2,Missed FG,628.0
401871339588,588,"{'id': '155', 'text': 'Defensive Rebound'}",Evan Mobley defensive rebound,106,73,4,10:26,False,0,{'id': '5'},[{'athlete': {'id': '4432158'}}],2026-05-18T02:17:26Z,False,"{'x': 21, 'y': 2}",0,Rebound,626.0
401871339589,589,"{'id': '62', 'text': 'Bad Pass\nTurnover'}","Evan Mobley bad pass
turnover (Cade Cunningham steals)",106,73,4,10:09,False,0,{'id': '5'},"[{'athlete': {'id': '4432158'}}, {'athlete': {'id': '4432166'}}]",2026-05-18T02:17:53Z,False,"{'x': 18, 'y': 0}",0,Turnover,609.0
401871339591,591,"{'id': '131', 'text': 'Pullup Jump Shot'}",Daniss Jenkins makes 8-foot pullup jump shot,106,75,4,9:56,True,2,{'id': '8'},[{'athlete': {'id': '5107199'}}],2026-05-18T02:18:11Z,True,"{'x': 30, 'y': 7}",2,+2 Points,596.0
401871339592,592,"{'id': '141', 'text': 'Cutting Layup Shot'}",James Harden makes 5-foot layup (Evan Mobley assists),108,75,4,9:36,True,2,{'id': '5'},"[{'athlete': {'id': '3992'}}, {'athlete': {'id': '4432158'}}]",2026-05-18T02:18:32Z,True,"{'x': 20, 'y': 1}",2,+2 Points,576.0
401871339594,594,"{'id': '73', 'text': 'Offensive Goaltending Turnover'}",Jalen Duren offensive goaltending turnover,108,75,4,9:25,False,0,{'id': '8'},[{'athlete': {'id': '4433621'}}],2026-05-18T02:18:47Z,False,"{'x': 29, 'y': 2}",0,Turnover,565.0
401871339595,595,"{'id': '16', 'text': 'Full Timeout'}",Cavaliers Full timeout,108,75,4,9:25,False,0,{'id': '5'},,2026-05-18T02:19:12Z,False,"{'x': -214748340, 'y': -214748365}",0,Timeout,565.0
401871339598,598,"{'id': '584', 'text': 'Substitution'}",Max Strus enters the game for Dean Wade,108,75,4,9:25,False,0,{'id': '5'},"[{'athlete': {'id': '4065778'}}, {'athlete': {'id': '3912848'}}]",2026-05-18T02:19:13Z,False,"{'x': -214748340, 'y': -214748365}",0,Substitution,565.0
401871339600,600,"{'id': '44', 'text': 'Shooting Foul'}",Jalen Duren shooting foul,108,75,4,9:16,False,0,{'id': '8'},[{'athlete': {'id': '4433621'}}],2026-05-18T02:22:51Z,False,"{'x': 29, 'y': 0}",0,Foul,556.0
401871339602,602,"{'id': '98', 'text': 'Free Throw - 1 of 2'}",Evan Mobley misses free throw 1 of 2,108,75,4,9:16,False,0,{'id': '5'},[{'athlete': {'id': '4432158'}}],2026-05-18T02:23:16Z,True,"{'x': -214748340, 'y': -214748365}",1,Missed FT,556.0
401871339603,603,"{'id': '156', 'text': 'Offensive Rebound'}",Cavaliers offensive team rebound,108,75,4,9:16,False,0,{'id': '5'},,2026-05-18T02:23:16Z,False,"{'x': -214748340, 'y': -214748365}",0,Rebound,556.0
401871339604,604,"{'id': '99', 'text': 'Free Throw - 2 of 2'}",Evan Mobley misses free throw 2 of 2,108,75,4,9:16,False,0,{'id': '5'},[{'athlete': {'id': '4432158'}}],2026-05-18T02:23:16Z,True,"{'x': -214748340, 'y': -214748365}",1,Missed FT,556.0
401871339605,605,"{'id': '155', 'text': 'Defensive Rebound'}",Jalen Duren defensive rebound,108,75,4,9:15,False,0,{'id': '8'},[{'athlete': {'id': '4433621'}}],2026-05-18T02:23:17Z,False,"{'x': -214748340, 'y': -214748365}",0,Rebound,555.0
401871339606,606,"{'id': '131', 'text': 'Pullup Jump Shot'}",Daniss Jenkins misses 27-foot three point pullup jump shot,108,75,4,9:04,False,0,{'id': '8'},[{'athlete': {'id': '5107199'}}],2026-05-18T02:23:47Z,True,"{'x': 8, 'y': 22}",3,Missed 3PT,544.0
401871339607,607,"{'id': '155', 'text': 'Defensive Rebound'}",Dennis Schroder defensive rebound,108,75,4,9:02,False,0,{'id': '5'},[{'athlete': {'id': '3032979'}}],2026-05-18T02:23:49Z,False,"{'x': 8, 'y': 22}",0,Rebound,542.0
401871339608,608,"{'id': '113', 'text': 'Running Jump Shot'}",James Harden misses 28-foot running jump shot,108,75,4,8:57,False,0,{'id': '5'},[{'athlete': {'id': '3992'}}],2026-05-18T02:23:54Z,True,"{'x': 30, 'y': 28}",3,Missed 3PT,537.0
401871339609,609,"{'id': '155', 'text': 'Defensive Rebound'}",Jalen Duren defensive rebound,108,75,4,8:56,False,0,{'id': '8'},[{'athlete': {'id': '4433621'}}],2026-05-18T02:23:55Z,False,"{'x': 30, 'y': 28}",0,Rebound,536.0
401871339610,610,"{'id': '146', 'text': 'Running Pullup Jump Shot'}",Cade Cunningham misses running pullup jump shot,108,75,4,8:47,False,0,{'id': '8'},[{'athlete': {'id': '4432166'}}],2026-05-18T02:24:04Z,True,"{'x': 37, 'y': 23}",3,Missed 3PT,527.0
401871339611,611,"{'id': '155', 'text': 'Defensive Rebound'}",Evan Mobley defensive rebound,108,75,4,8:45,False,0,{'id': '5'},[{'athlete': {'id': '4432158'}}],2026-05-18T02:24:06Z,False,"{'x': 37, 'y': 23}",0,Rebound,525.0
401871339612,612,"{'id': '141', 'text': 'Cutting Layup Shot'}",Max Strus makes 3-foot layup (Evan Mobley assists),110,75,4,8:23,True,2,{'id': '5'},"[{'athlete': {'id': '4065778'}}, {'athlete': {'id': '4432158'}}]",2026-05-18T02:24:28Z,True,"{'x': 22, 'y': 2}",2,+2 Points,503.0
401871339614,614,"{'id': '45', 'text': 'Personal Foul'}",Sam Merrill personal foul,110,75,4,8:13,False,0,{'id': '5'},[{'athlete': {'id': '4066757'}}],2026-05-18T02:24:41Z,False,"{'x': 9, 'y': 14}",0,Foul,493.0
401871339616,616,"{'id': '584', 'text': 'Substitution'}",Donovan Mitchell enters the game for Sam Merrill,110,75,4,8:13,False,0,{'id': '5'},"[{'athlete': {'id': '3908809'}}, {'athlete': {'id': '4066757'}}]",2026-05-18T02:24:49Z,False,"{'x': -214748340, 'y': -214748365}",0,Substitution,493.0
401871339645,645,"{'id': '63', 'text': 'Lost Ball Turnover'}",Duncan Robinson lost ball turnover (Dennis Schroder steals),110,75,4,8:05,False,0,{'id': '8'},"[{'athlete': {'id': '3157465'}}, {'athlete': {'id': '3032979'}}]",2026-05-18T02:25:14Z,False,"{'x': 29, 'y': 2}",0,Turnover,485.0
401871339621,621,"{'id': '129', 'text': 'Running Finger Roll Layup'}",Donovan Mitchell misses two point shot,110,75,4,7:56,False,0,{'id': '5'},[{'athlete': {'id': '3908809'}}],2026-05-18T02:25:17Z,True,"{'x': 28, 'y': 2}",2,Missed FG,476.0
401871339622,622,"{'id': '155', 'text': 'Defensive Rebound'}",Cade Cunningham defensive rebound,110,75,4,7:55,False,0,{'id': '8'},[{'athlete': {'id': '4432166'}}],2026-05-18T02:25:18Z,False,"{'x': 28, 'y': 2}",0,Rebound,475.0
401871339623,623,"{'id': '44', 'text': 'Shooting Foul'}",James Harden shooting foul,110,75,4,7:49,False,0,{'id': '5'},[{'athlete': {'id': '3992'}}],2026-05-18T02:25:26Z,False,"{'x': 22, 'y': 0}",0,Foul,469.0
401871339625,625,"{'id': '98', 'text': 'Free Throw - 1 of 2'}",Daniss Jenkins makes free throw 1 of 2,110,76,4,7:49,True,1,{'id': '8'},[{'athlete': {'id': '5107199'}}],2026-05-18T02:25:54Z,True,"{'x': -214748340, 'y': -214748365}",1,+1 Point,469.0
401871339626,626,"{'id': '584', 'text': 'Substitution'}",Marcus Sasser enters the game for Duncan Robinson,110,76,4,7:49,False,0,{'id': '8'},"[{'athlete': {'id': '4432107'}}, {'athlete': {'id': '3157465'}}]",2026-05-18T02:25:55Z,False,"{'x': -214748340, 'y': -214748365}",0,Substitution,469.0
401871339629,629,"{'id': '99', 'text': 'Free Throw - 2 of 2'}",Daniss Jenkins misses free throw 2 of 2,110,76,4,7:49,False,0,{'id': '8'},[{'athlete': {'id': '5107199'}}],2026-05-18T02:25:54Z,True,"{'x': -214748340, 'y': -214748365}",1,Missed FT,469.0
401871339630,630,"{'id': '156', 'text': 'Offensive Rebound'}",Pistons offensive team rebound,110,76,4,7:48,False,0,{'id': '8'},,2026-05-18T02:25:55Z,False,"{'x': -214748340, 'y': -214748365}",0,Rebound,468.0
401871339631,631,"{'id': '43', 'text': 'Loose Ball Foul'}",Max Strus loose ball foul,110,76,4,7:48,False,0,{'id': '5'},[{'athlete': {'id': '4065778'}}],2026-05-18T02:26:22Z,False,"{'x': 28, 'y': 3}",0,Foul,468.0
401871339633,633,"{'id': '98', 'text': 'Free Throw - 1 of 2'}",Jalen Duren misses free throw 1 of 2,110,76,4,7:48,False,0,{'id': '8'},[{'athlete': {'id': '4433621'}}],2026-05-18T02:26:43Z,True,"{'x': -214748340, 'y': -214748365}",1,Missed FT,468.0
401871339634,634,"{'id': '156', 'text': 'Offensive Rebound'}",Pistons offensive team rebound,110,76,4,7:48,False,0,{'id': '8'},,2026-05-18T02:26:43Z,False,"{'x': -214748340, 'y': -214748365}",0,Rebound,468.0
401871339635,635,"{'id': '99', 'text': 'Free Throw - 2 of 2'}",Jalen Duren makes free throw 2 of 2,110,77,4,7:48,True,1,{'id': '8'},[{'athlete': {'id': '4433621'}}],2026-05-18T02:26:59Z,True,"{'x': -214748340, 'y': -214748365}",1,+1 Point,468.0
401871339638,638,"{'id': '92', 'text': 'Jump Shot'}",James Harden misses 28-foot three point jumper,110,77,4,7:29,False,0,{'id': '5'},[{'athlete': {'id': '3992'}}],2026-05-18T02:27:30Z,True,"{'x': 43, 'y': 22}",3,Missed 3PT,449.0
401871339639,639,"{'id': '155', 'text': 'Defensive Rebound'}",Ausar Thompson defensive rebound,110,77,4,7:27,False,0,{'id': '8'},[{'athlete': {'id': '4684742'}}],2026-05-18T02:27:32Z,False,"{'x': 43, 'y': 22}",0,Rebound,447.0
401871339640,640,"{'id': '92', 'text': 'Jump Shot'}",Marcus Sasser makes 26-foot three point jumper (Jalen Duren assists),110,80,4,7:19,True,3,{'id': '8'},"[{'athlete': {'id': '4432107'}}, {'athlete': {'id': '4433621'}}]",2026-05-18T02:27:40Z,True,"{'x': 34, 'y': 25}",3,+3 Points,439.0
401871339643,643,"{'id': '16', 'text': 'Full Timeout'}",Cavaliers Full timeout,110,80,4,7:04,False,0,{'id': '5'},,2026-05-18T02:28:13Z,False,"{'x': -214748340, 'y': -214748365}",0,Timeout,424.0
401871339644,644,"{'id': '215', 'text': ""Coach's Challenge (Overturned)""}",(07:04) [Cavaliers] COACH'S CHALLENGE (CALL OVERTURNED) [Cavaliers] retain their timeout,110,80,4,7:04,False,0,{'id': '5'},,2026-05-18T02:28:17Z,False,"{'x': -214748340, 'y': -214748365}",0,Challenge,424.0
401871339647,647,"{'id': '45', 'text': 'Personal Foul'}",Ausar Thompson personal foul,110,80,4,7:04,False,0,{'id': '8'},[{'athlete': {'id': '4684742'}}],2026-05-18T02:28:06Z,False,"{'x': 36, 'y': 0}",0,Foul,424.0
401871339650,650,"{'id': '92', 'text': 'Jump Shot'}",Donovan Mitchell misses 27-foot three point jumper,110,80,4,6:51,False,0,{'id': '5'},[{'athlete': {'id': '3908809'}}],2026-05-18T02:32:02Z,True,"{'x': 9, 'y': 22}",3,Missed 3PT,411.0
401871339651,651,"{'id': '156', 'text': 'Offensive Rebound'}",Dennis Schroder offensive rebound,110,80,4,6:48,False,0,{'id': '5'},[{'athlete': {'id': '3032979'}}],2026-05-18T02:32:05Z,False,"{'x': 9, 'y': 22}",0,Rebound,408.0
401871339652,652,"{'id': '144', 'text': 'Driving Floating Jump Shot'}",Donovan Mitchell misses driving floating jump shot,110,80,4,6:46,False,0,{'id': '5'},[{'athlete': {'id': '3908809'}}],2026-05-18T02:32:09Z,True,"{'x': 30, 'y': 6}",2,Missed FG,406.0
401871339653,653,"{'id': '156', 'text': 'Offensive Rebound'}",Donovan Mitchell offensive rebound,110,80,4,6:45,False,0,{'id': '5'},[{'athlete': {'id': '3908809'}}],2026-05-18T02:32:10Z,False,"{'x': 30, 'y': 6}",0,Rebound,405.0
401871339654,654,"{'id': '125', 'text': 'Layup Shot Putback'}",Jalen Duren blocks Donovan Mitchell 's 4-foot two point shot,110,80,4,6:44,False,0,{'id': '5'},"[{'athlete': {'id': '3908809'}}, {'athlete': {'id': '4433621'}}]",2026-05-18T02:32:11Z,True,"{'x': 22, 'y': 3}",2,Missed FG,404.0
401871339655,655,"{'id': '156', 'text': 'Offensive Rebound'}",Evan Mobley offensive rebound,110,80,4,6:43,False,0,{'id': '5'},[{'athlete': {'id': '4432158'}}],2026-05-18T02:32:12Z,False,"{'x': 22, 'y': 3}",0,Rebound,403.0
401871339656,656,"{'id': '44', 'text': 'Shooting Foul'}",Cade Cunningham shooting foul,110,80,4,6:43,False,0,{'id': '8'},[{'athlete': {'id': '4432166'}}],2026-05-18T02:32:17Z,False,"{'x': 22, 'y': 1}",0,Foul,403.0
401871339658,658,"{'id': '98', 'text': 'Free Throw - 1 of 2'}",Evan Mobley misses free throw 1 of 2,110,80,4,6:43,False,0,{'id': '5'},[{'athlete': {'id': '4432158'}}],2026-05-18T02:32:38Z,True,"{'x': -214748340, 'y': -214748365}",1,Missed FT,403.0
401871339659,659,"{'id': '156', 'text': 'Offensive Rebound'}",Cavaliers offensive team rebound,110,80,4,6:43,False,0,{'id': '5'},,2026-05-18T02:32:38Z,False,"{'x': -214748340, 'y': -214748365}",0,Rebound,403.0
401871339660,660,"{'id': '99', 'text': 'Free Throw - 2 of 2'}",Evan Mobley makes free throw 2 of 2,111,80,4,6:43,True,1,{'id': '5'},[{'athlete': {'id': '4432158'}}],2026-05-18T02:32:53Z,True,"{'x': -214748340, 'y': -214748365}",1,+1 Point,403.0
401871339661,661,"{'id': '131', 'text': 'Pullup Jump Shot'}",Marcus Sasser misses 12-foot pullup jump shot,111,80,4,6:27,False,0,{'id': '8'},[{'athlete': {'id': '4432107'}}],2026-05-18T02:33:10Z,True,"{'x': 30, 'y': 12}",2,Missed FG,387.0
401871339662,662,"{'id': '156', 'text': 'Offensive Rebound'}",Marcus Sasser offensive rebound,111,80,4,6:26,False,0,{'id': '8'},[{'athlete': {'id': '4432107'}}],2026-05-18T02:33:12Z,False,"{'x': 30, 'y': 12}",0,Rebound,386.0
401871339663,663,"{'id': '95', 'text': 'Layup Shot'}",Evan Mobley blocks Jalen Duren 's 5-foot layup,111,80,4,6:23,False,0,{'id': '8'},"[{'athlete': {'id': '4433621'}}, {'athlete': {'id': '4432158'}}]",2026-05-18T02:33:15Z,True,"{'x': 20, 'y': -1}",2,Missed FG,383.0
401871339665,665,"{'id': '155', 'text': 'Defensive Rebound'}",Evan Mobley defensive rebound,111,80,4,6:22,False,0,{'id': '5'},[{'athlete': {'id': '4432158'}}],2026-05-18T02:33:16Z,False,"{'x': 20, 'y': -1}",0,Rebound,382.0
401871339666,666,"{'id': '113', 'text': 'Running Jump Shot'}",Max Strus makes 23-foot running jump shot (Dennis Schroder assists),114,80,4,6:17,True,3,{'id': '5'},"[{'athlete': {'id': '4065778'}}, {'athlete': {'id': '3032979'}}]",2026-05-18T02:33:21Z,True,"{'x': 48, 'y': 4}",3,+3 Points,377.0
401871339668,668,"{'id': '92', 'text': 'Jump Shot'}",Cade Cunningham misses 27-foot three point jumper,114,80,4,6:05,False,0,{'id': '8'},[{'athlete': {'id': '4432166'}}],2026-05-18T02:33:33Z,True,"{'x': 5, 'y': 20}",3,Missed 3PT,365.0
401871339669,669,"{'id': '155', 'text': 'Defensive Rebound'}",James Harden defensive rebound,114,80,4,6:03,False,0,{'id': '5'},[{'athlete': {'id': '3992'}}],2026-05-18T02:33:35Z,False,"{'x': 5, 'y': 20}",0,Rebound,363.0
401871339670,670,"{'id': '113', 'text': 'Running Jump Shot'}",Max Strus misses 23-foot running jump shot,114,80,4,5:58,False,0,{'id': '5'},[{'athlete': {'id': '4065778'}}],2026-05-18T02:33:40Z,True,"{'x': 2, 'y': 3}",3,Missed 3PT,358.0
401871339671,671,"{'id': '155', 'text': 'Defensive Rebound'}",Daniss Jenkins defensive rebound,114,80,4,5:56,False,0,{'id': '8'},[{'athlete': {'id': '5107199'}}],2026-05-18T02:33:42Z,False,"{'x': 2, 'y': 3}",0,Rebound,356.0
401871339672,672,"{'id': '109', 'text': 'Running Layup Shot'}",Daniss Jenkins misses running layup,114,80,4,5:52,False,0,{'id': '8'},[{'athlete': {'id': '5107199'}}],2026-05-18T02:33:48Z,True,"{'x': 22, 'y': 4}",2,Missed FG,352.0
401871339673,673,"{'id': '155', 'text': 'Defensive Rebound'}",Cavaliers defensive team rebound,114,80,4,5:51,False,0,{'id': '5'},,2026-05-18T02:33:49Z,False,"{'x': 22, 'y': 4}",0,Rebound,351.0
401871339674,674,"{'id': '43', 'text': 'Loose Ball Foul'}",Ausar Thompson loose ball foul,114,80,4,5:51,False,0,{'id': '8'},[{'athlete': {'id': '4684742'}}],2026-05-18T02:34:35Z,False,"{'x': 23, 'y': 3}",0,Foul,351.0
401871339676,676,"{'id': '35', 'text': 'Technical Foul'}",Max Strus technical foul,114,80,4,5:51,False,0,{'id': '5'},[{'athlete': {'id': '4065778'}}],2026-05-18T02:34:52Z,False,"{'x': -214748340, 'y': -214748365}",0,Foul,351.0
401871339677,677,"{'id': '103', 'text': 'Free Throw - Technical'}",Cade Cunningham makes technical free throw,114,81,4,5:51,True,1,{'id': '8'},[{'athlete': {'id': '4432166'}}],2026-05-18T02:35:19Z,True,"{'x': -214748340, 'y': -214748365}",1,+1 Point,351.0
401871339678,678,"{'id': '98', 'text': 'Free Throw - 1 of 2'}",Max Strus makes free throw 1 of 2,115,81,4,5:51,True,1,{'id': '5'},[{'athlete': {'id': '4065778'}}],2026-05-18T02:35:52Z,True,"{'x': -214748340, 'y': -214748365}",1,+1 Point,351.0
401871339679,679,"{'id': '584', 'text': 'Substitution'}",Ronald Holland II enters the game for Cade Cunningham,115,81,4,5:51,False,0,{'id': '8'},"[{'athlete': {'id': '4683771'}}, {'athlete': {'id': '4432166'}}]",2026-05-18T02:35:54Z,False,"{'x': -214748340, 'y': -214748365}",0,Substitution,351.0
401871339681,681,"{'id': '99', 'text': 'Free Throw - 2 of 2'}",Max Strus makes free throw 2 of 2,116,81,4,5:51,True,1,{'id': '5'},[{'athlete': {'id': '4065778'}}],2026-05-18T02:36:16Z,True,"{'x': -214748340, 'y': -214748365}",1,+1 Point,351.0
401871339682,682,"{'id': '110', 'text': 'Driving Layup Shot'}",Evan Mobley blocks Ronald Holland II 's 8-foot driving layup,116,81,4,5:35,False,0,{'id': '8'},"[{'athlete': {'id': '4683771'}}, {'athlete': {'id': '4432158'}}]",2026-05-18T02:36:34Z,True,"{'x': 18, 'y': 5}",2,Missed FG,335.0
401871339684,684,"{'id': '155', 'text': 'Defensive Rebound'}",Max Strus defensive rebound,116,81,4,5:33,False,0,{'id': '5'},[{'athlete': {'id': '4065778'}}],2026-05-18T02:36:36Z,False,"{'x': 18, 'y': 5}",0,Rebound,333.0
401871339685,685,"{'id': '16', 'text': 'Full Timeout'}",Cavaliers Full timeout,116,81,4,5:24,False,0,{'id': '5'},,2026-05-18T02:36:53Z,False,"{'x': -214748340, 'y': -214748365}",0,Timeout,324.0
401871339686,686,"{'id': '584', 'text': 'Substitution'}",Tolu Smith enters the game for Jalen Duren,116,81,4,5:24,False,0,{'id': '8'},"[{'athlete': {'id': '4397882'}}, {'athlete': {'id': '4433621'}}]",2026-05-18T02:36:54Z,False,"{'x': -214748340, 'y': -214748365}",0,Substitution,324.0
401871339687,687,"{'id': '584', 'text': 'Substitution'}",Chaz Lanier enters the game for Ausar Thompson,116,81,4,5:24,False,0,{'id': '8'},"[{'athlete': {'id': '4700852'}}, {'athlete': {'id': '4684742'}}]",2026-05-18T02:36:54Z,False,"{'x': -214748340, 'y': -214748365}",0,Substitution,324.0
401871339688,688,"{'id': '584', 'text': 'Substitution'}",Dean Wade enters the game for James Harden,116,81,4,5:24,False,0,{'id': '5'},"[{'athlete': {'id': '3912848'}}, {'athlete': {'id': '3992'}}]",2026-05-18T02:36:54Z,False,"{'x': -214748340, 'y': -214748365}",0,Substitution,324.0
401871339689,689,"{'id': '584', 'text': 'Substitution'}",Sam Merrill enters the game for Max Strus,116,81,4,5:24,False,0,{'id': '5'},"[{'athlete': {'id': '4066757'}}, {'athlete': {'id': '4065778'}}]",2026-05-18T02:36:54Z,False,"{'x': -214748340, 'y': -214748365}",0,Substitution,324.0
401871339694,694,"{'id': '92', 'text': 'Jump Shot'}",Sam Merrill misses 25-foot three point jumper,116,81,4,5:12,False,0,{'id': '5'},[{'athlete': {'id': '4066757'}}],2026-05-18T02:38:48Z,True,"{'x': 22, 'y': 26}",3,Missed 3PT,312.0
401871339695,695,"{'id': '155', 'text': 'Defensive Rebound'}",Ronald Holland II defensive rebound,116,81,4,5:11,False,0,{'id': '8'},[{'athlete': {'id': '4683771'}}],2026-05-18T02:38:49Z,False,"{'x': 22, 'y': 26}",0,Rebound,311.0
401871339696,696,"{'id': '112', 'text': 'Reverse Layup Shot'}",Tolu Smith makes 3-foot reverse layup (Daniss Jenkins assists),116,83,4,5:00,True,2,{'id': '8'},"[{'athlete': {'id': '4397882'}}, {'athlete': {'id': '5107199'}}]",2026-05-18T02:39:01Z,True,"{'x': 29, 'y': 0}",2,+2 Points,300.0
401871339698,698,"{'id': '62', 'text': 'Bad Pass\nTurnover'}","Dennis Schroder bad pass
turnover (Tolu Smith steals)",116,83,4,4:42,False,0,{'id': '5'},"[{'athlete': {'id': '3032979'}}, {'athlete': {'id': '4397882'}}]",2026-05-18T02:39:18Z,False,"{'x': 35, 'y': 12}",0,Turnover,282.0
401871339700,700,"{'id': '92', 'text': 'Jump Shot'}",Ronald Holland II makes 27-foot three point jumper (Chaz Lanier assists),116,86,4,4:32,True,3,{'id': '8'},"[{'athlete': {'id': '4683771'}}, {'athlete': {'id': '4700852'}}]",2026-05-18T02:39:29Z,True,"{'x': 5, 'y': 18}",3,+3 Points,272.0
401871339702,702,"{'id': '118', 'text': 'Alley Oop Dunk Shot'}",Evan Mobley makes 4-foot alley oop dunk (Donovan Mitchell assists),118,86,4,4:07,True,2,{'id': '5'},"[{'athlete': {'id': '4432158'}}, {'athlete': {'id': '3908809'}}]",2026-05-18T02:39:53Z,True,"{'x': 23, 'y': 4}",2,+2 Points,247.0
401871339704,704,"{'id': '22', 'text': 'Personal Take Foul'}",Donovan Mitchell personal take foul,118,86,4,4:01,False,0,{'id': '5'},[{'athlete': {'id': '3908809'}}],2026-05-18T02:40:03Z,False,"{'x': 41, 'y': 29}",0,Foul,241.0
401871339706,706,"{'id': '98', 'text': 'Free Throw - 1 of 2'}",Daniss Jenkins makes free throw 1 of 2,118,87,4,4:01,True,1,{'id': '8'},[{'athlete': {'id': '5107199'}}],2026-05-18T02:40:33Z,True,"{'x': -214748340, 'y': -214748365}",1,+1 Point,241.0
401871339707,707,"{'id': '584', 'text': 'Substitution'}",Thomas Bryant enters the game for Evan Mobley,118,87,4,4:01,False,0,{'id': '5'},"[{'athlete': {'id': '3934723'}}, {'athlete': {'id': '4432158'}}]",2026-05-18T02:40:34Z,False,"{'x': -214748340, 'y': -214748365}",0,Substitution,241.0
401871339708,708,"{'id': '584', 'text': 'Substitution'}",Craig Porter Jr. enters the game for Dennis Schroder,118,87,4,4:01,False,0,{'id': '5'},"[{'athlete': {'id': '4701233'}}, {'athlete': {'id': '3032979'}}]",2026-05-18T02:40:34Z,False,"{'x': -214748340, 'y': -214748365}",0,Substitution,241.0
401871339709,709,"{'id': '584', 'text': 'Substitution'}",Nae'Qwan Tomlin enters the game for Donovan Mitchell,118,87,4,4:01,False,0,{'id': '5'},"[{'athlete': {'id': '5106268'}}, {'athlete': {'id': '3908809'}}]",2026-05-18T02:40:34Z,False,"{'x': -214748340, 'y': -214748365}",0,Substitution,241.0
401871339710,710,"{'id': '584', 'text': 'Substitution'}",Keon Ellis enters the game for Dean Wade,118,87,4,4:01,False,0,{'id': '5'},"[{'athlete': {'id': '4702177'}}, {'athlete': {'id': '3912848'}}]",2026-05-18T02:40:34Z,False,"{'x': -214748340, 'y': -214748365}",0,Substitution,241.0
401871339711,711,"{'id': '584', 'text': 'Substitution'}",Jaylon Tyson enters the game for Sam Merrill,118,87,4,4:01,False,0,{'id': '5'},"[{'athlete': {'id': '4683747'}}, {'athlete': {'id': '4066757'}}]",2026-05-18T02:40:34Z,False,"{'x': -214748340, 'y': -214748365}",0,Substitution,241.0
401871339717,717,"{'id': '99', 'text': 'Free Throw - 2 of 2'}",Daniss Jenkins makes free throw 2 of 2,118,88,4,4:01,True,1,{'id': '8'},[{'athlete': {'id': '5107199'}}],2026-05-18T02:40:58Z,True,"{'x': -214748340, 'y': -214748365}",1,+1 Point,241.0
401871339718,718,"{'id': '87', 'text': 'Out of Bounds - Lost Ball Turnover'}",Keon Ellis out of bounds lost ball turnover,118,88,4,3:43,False,0,{'id': '5'},[{'athlete': {'id': '4702177'}}],2026-05-18T02:41:21Z,False,"{'x': 4, 'y': 18}",0,Turnover,223.0
401871339719,719,"{'id': '45', 'text': 'Personal Foul'}",Keon Ellis personal foul,118,88,4,3:41,False,0,{'id': '5'},[{'athlete': {'id': '4702177'}}],2026-05-18T02:41:30Z,False,"{'x': 24, 'y': 25}",0,Foul,221.0
401871339721,721,"{'id': '98', 'text': 'Free Throw - 1 of 2'}",Daniss Jenkins makes free throw 1 of 2,118,89,4,3:41,True,1,{'id': '8'},[{'athlete': {'id': '5107199'}}],2026-05-18T02:41:53Z,True,"{'x': -214748340, 'y': -214748365}",1,+1 Point,221.0
401871339722,722,"{'id': '99', 'text': 'Free Throw - 2 of 2'}",Daniss Jenkins makes free throw 2 of 2,118,90,4,3:41,True,1,{'id': '8'},[{'athlete': {'id': '5107199'}}],2026-05-18T02:42:10Z,True,"{'x': -214748340, 'y': -214748365}",1,+1 Point,221.0
401871339723,723,"{'id': '92', 'text': 'Jump Shot'}",Jaylon Tyson misses 27-foot three point jumper,118,90,4,3:15,False,0,{'id': '5'},[{'athlete': {'id': '4683747'}}],2026-05-18T02:42:37Z,True,"{'x': 25, 'y': 28}",3,Missed 3PT,195.0
401871339724,724,"{'id': '155', 'text': 'Defensive Rebound'}",Ronald Holland II defensive rebound,118,90,4,3:14,False,0,{'id': '8'},[{'athlete': {'id': '4683771'}}],2026-05-18T02:42:38Z,False,"{'x': 25, 'y': 28}",0,Rebound,194.0
401871339725,725,"{'id': '92', 'text': 'Jump Shot'}",Marcus Sasser misses 28-foot three point jumper,118,90,4,3:04,False,0,{'id': '8'},[{'athlete': {'id': '4432107'}}],2026-05-18T02:42:49Z,True,"{'x': 35, 'y': 26}",3,Missed 3PT,184.0
401871339726,726,"{'id': '155', 'text': 'Defensive Rebound'}",Thomas Bryant defensive rebound,118,90,4,3:02,False,0,{'id': '5'},[{'athlete': {'id': '3934723'}}],2026-05-18T02:42:51Z,False,"{'x': 35, 'y': 26}",0,Rebound,182.0
401871339727,727,"{'id': '92', 'text': 'Jump Shot'}",Thomas Bryant misses 27-foot three point jumper,118,90,4,2:51,False,0,{'id': '5'},[{'athlete': {'id': '3934723'}}],2026-05-18T02:43:02Z,True,"{'x': 14, 'y': 25}",3,Missed 3PT,171.0
401871339728,728,"{'id': '155', 'text': 'Defensive Rebound'}",Tolu Smith defensive rebound,118,90,4,2:50,False,0,{'id': '8'},[{'athlete': {'id': '4397882'}}],2026-05-18T02:43:03Z,False,"{'x': 14, 'y': 25}",0,Rebound,170.0
401871339729,729,"{'id': '44', 'text': 'Shooting Foul'}",Thomas Bryant shooting foul,118,90,4,2:39,False,0,{'id': '5'},[{'athlete': {'id': '3934723'}}],2026-05-18T02:43:16Z,False,"{'x': 17, 'y': 6}",0,Foul,159.0
401871339731,731,"{'id': '98', 'text': 'Free Throw - 1 of 2'}",Daniss Jenkins makes free throw 1 of 2,118,91,4,2:39,True,1,{'id': '8'},[{'athlete': {'id': '5107199'}}],2026-05-18T02:43:41Z,True,"{'x': -214748340, 'y': -214748365}",1,+1 Point,159.0
401871339732,732,"{'id': '99', 'text': 'Free Throw - 2 of 2'}",Daniss Jenkins makes free throw 2 of 2,118,92,4,2:39,True,1,{'id': '8'},[{'athlete': {'id': '5107199'}}],2026-05-18T02:43:55Z,True,"{'x': -214748340, 'y': -214748365}",1,+1 Point,159.0
401871339733,733,"{'id': '144', 'text': 'Driving Floating Jump Shot'}",Craig Porter Jr. misses driving floating jump shot,118,92,4,2:26,False,0,{'id': '5'},[{'athlete': {'id': '4701233'}}],2026-05-18T02:44:10Z,True,"{'x': 22, 'y': 7}",2,Missed FG,146.0
401871339734,734,"{'id': '155', 'text': 'Defensive Rebound'}",Tolu Smith defensive rebound,118,92,4,2:24,False,0,{'id': '8'},[{'athlete': {'id': '4397882'}}],2026-05-18T02:44:12Z,False,"{'x': 22, 'y': 7}",0,Rebound,144.0
401871339735,735,"{'id': '92', 'text': 'Jump Shot'}",Daniss Jenkins misses 26-foot three point jumper,118,92,4,2:12,False,0,{'id': '8'},[{'athlete': {'id': '5107199'}}],2026-05-18T02:44:24Z,True,"{'x': 30, 'y': 26}",3,Missed 3PT,132.0
401871339736,736,"{'id': '155', 'text': 'Defensive Rebound'}",Nae'Qwan Tomlin defensive rebound,118,92,4,2:11,False,0,{'id': '5'},[{'athlete': {'id': '5106268'}}],2026-05-18T02:44:25Z,False,"{'x': 30, 'y': 26}",0,Rebound,131.0
401871339738,738,"{'id': '92', 'text': 'Jump Shot'}",Thomas Bryant misses 24-foot three point jumper,118,92,4,1:59,False,0,{'id': '5'},[{'athlete': {'id': '3934723'}}],2026-05-18T02:44:53Z,True,"{'x': 49, 'y': 4}",3,Missed 3PT,119.0
401871339739,739,"{'id': '155', 'text': 'Defensive Rebound'}",Daniss Jenkins defensive rebound,118,92,4,1:57,False,0,{'id': '8'},[{'athlete': {'id': '5107199'}}],2026-05-18T02:44:55Z,False,"{'x': 49, 'y': 4}",0,Rebound,117.0
401871339740,740,"{'id': '92', 'text': 'Jump Shot'}",Chaz Lanier misses 23-foot three point jumper,118,92,4,1:50,False,0,{'id': '8'},[{'athlete': {'id': '4700852'}}],2026-05-18T02:45:01Z,True,"{'x': 48, 'y': 4}",3,Missed 3PT,110.0
401871339741,741,"{'id': '156', 'text': 'Offensive Rebound'}",Pistons offensive team rebound,118,92,4,1:49,False,0,{'id': '8'},,2026-05-18T02:45:05Z,False,"{'x': 48, 'y': 4}",0,Rebound,109.0
401871339743,743,"{'id': '131', 'text': 'Pullup Jump Shot'}",Chaz Lanier misses 16-foot pullup jump shot,118,92,4,1:44,False,0,{'id': '8'},[{'athlete': {'id': '4700852'}}],2026-05-18T02:45:20Z,True,"{'x': 15, 'y': 13}",2,Missed FG,104.0
401871339744,744,"{'id': '156', 'text': 'Offensive Rebound'}",Daniss Jenkins offensive rebound,118,92,4,1:41,False,0,{'id': '8'},[{'athlete': {'id': '5107199'}}],2026-05-18T02:45:23Z,False,"{'x': 15, 'y': 13}",0,Rebound,101.0
401871339745,745,"{'id': '110', 'text': 'Driving Layup Shot'}",Tolu Smith makes driving layup (Daniss Jenkins assists),118,94,4,1:38,True,2,{'id': '8'},"[{'athlete': {'id': '4397882'}}, {'athlete': {'id': '5107199'}}]",2026-05-18T02:45:28Z,True,"{'x': 29, 'y': 1}",2,+2 Points,98.0
401871339747,747,"{'id': '90', 'text': 'Out of Bounds - Bad Pass Turnover'}",Thomas Bryant out of bounds bad pass turnover,118,94,4,1:22,False,0,{'id': '5'},[{'athlete': {'id': '3934723'}}],2026-05-18T02:45:48Z,False,"{'x': 3, 'y': 18}",0,Turnover,82.0
401871339748,748,"{'id': '62', 'text': 'Bad Pass\nTurnover'}","Tolu Smith bad pass
turnover (Nae'Qwan Tomlin steals)",118,94,4,1:13,False,0,{'id': '8'},"[{'athlete': {'id': '4397882'}}, {'athlete': {'id': '5106268'}}]",2026-05-18T02:46:02Z,False,"{'x': 30, 'y': 3}",0,Turnover,73.0
401871339750,750,"{'id': '95', 'text': 'Layup Shot'}",Thomas Bryant misses layup,118,94,4,1:05,False,0,{'id': '5'},[{'athlete': {'id': '3934723'}}],2026-05-18T02:46:10Z,True,"{'x': 31, 'y': 2}",2,Missed FG,65.0
401871339751,751,"{'id': '156', 'text': 'Offensive Rebound'}",Thomas Bryant offensive rebound,118,94,4,1:04,False,0,{'id': '5'},[{'athlete': {'id': '3934723'}}],2026-05-18T02:46:11Z,False,"{'x': 31, 'y': 2}",0,Rebound,64.0
401871339752,752,"{'id': '95', 'text': 'Layup Shot'}",Thomas Bryant misses layup,118,94,4,1:03,False,0,{'id': '5'},[{'athlete': {'id': '3934723'}}],2026-05-18T02:46:12Z,True,"{'x': 23, 'y': 0}",2,Missed FG,63.0
401871339753,753,"{'id': '156', 'text': 'Offensive Rebound'}",Thomas Bryant offensive rebound,118,94,4,1:02,False,0,{'id': '5'},[{'athlete': {'id': '3934723'}}],2026-05-18T02:46:13Z,False,"{'x': 23, 'y': 0}",0,Rebound,62.0
401871339754,754,"{'id': '95', 'text': 'Layup Shot'}",Craig Porter Jr. makes layup (Thomas Bryant assists),120,94,4,1:01,True,2,{'id': '5'},"[{'athlete': {'id': '4701233'}}, {'athlete': {'id': '3934723'}}]",2026-05-18T02:46:16Z,True,"{'x': 28, 'y': 0}",2,+2 Points,61.0
401871339756,756,"{'id': '92', 'text': 'Jump Shot'}",Ronald Holland II misses 27-foot three point jumper,120,94,4,47.4,False,0,{'id': '8'},[{'athlete': {'id': '4683771'}}],2026-05-18T02:46:31Z,True,"{'x': 12, 'y': 25}",3,Missed 3PT,47.4
401871339757,757,"{'id': '155', 'text': 'Defensive Rebound'}",Craig Porter Jr. defensive rebound,120,94,4,45.9,False,0,{'id': '5'},[{'athlete': {'id': '4701233'}}],2026-05-18T02:46:33Z,False,"{'x': 12, 'y': 25}",0,Rebound,45.9
401871339758,758,"{'id': '92', 'text': 'Jump Shot'}",Keon Ellis makes 26-foot three point jumper,123,94,4,36.9,True,3,{'id': '5'},[{'athlete': {'id': '4702177'}}],2026-05-18T02:46:44Z,True,"{'x': 6, 'y': 19}",3,+3 Points,36.9
401871339759,759,"{'id': '131', 'text': 'Pullup Jump Shot'}",Daniss Jenkins misses 27-foot three point pullup jump shot,123,94,4,27.9,False,0,{'id': '8'},[{'athlete': {'id': '5107199'}}],2026-05-18T02:46:57Z,True,"{'x': 7, 'y': 21}",3,Missed 3PT,27.9
401871339760,760,"{'id': '155', 'text': 'Defensive Rebound'}",Craig Porter Jr. defensive rebound,123,94,4,26.0,False,0,{'id': '5'},[{'athlete': {'id': '4701233'}}],2026-05-18T02:46:59Z,False,"{'x': 7, 'y': 21}",0,Rebound,26.0
401871339761,761,"{'id': '116', 'text': 'Running Dunk Shot'}",Nae'Qwan Tomlin makes 4-foot running dunk (Craig Porter Jr. assists),125,94,4,22.9,True,2,{'id': '5'},"[{'athlete': {'id': '5106268'}}, {'athlete': {'id': '4701233'}}]",2026-05-18T02:47:02Z,True,"{'x': 29, 'y': 3}",2,+2 Points,22.9
401871339763,763,"{'id': '92', 'text': 'Jump Shot'}",Marcus Sasser misses 32-foot three point jumper,125,94,4,14.3,False,0,{'id': '8'},[{'athlete': {'id': '4432107'}}],2026-05-18T02:47:17Z,True,"{'x': 25, 'y': 33}",3,Missed 3PT,14.3
401871339764,764,"{'id': '155', 'text': 'Defensive Rebound'}",Thomas Bryant defensive rebound,125,94,4,12.0,False,0,{'id': '5'},[{'athlete': {'id': '3934723'}}],2026-05-18T02:47:19Z,False,"{'x': 25, 'y': 33}",0,Rebound,12.0
401871339765,765,"{'id': '412', 'text': 'End Period'}",End of the 4th Quarter,125,94,4,0.0,False,0,,,2026-05-18T02:47:35Z,False,"{'x': -214748340, 'y': -214748365}",0,End of 4th,0.0
401871339766,766,"{'id': '402', 'text': 'End Game'}",End of Game,125,94,4,0.0,False,0,,,2026-05-18T02:47:38Z,False,"{'x': -214748340, 'y': -214748365}",0,End of Game,0.0
