id,sequenceNumber,type,text,awayScore,homeScore,period,clock,scoringPlay,scoreValue,team,participants,wallclock,shootingPlay,coordinate,pointsAttempted,shortDescription,clockSec
4018733444,4,"{'id': '615', 'text': 'Jumpball'}",Karl-Anthony Towns vs. Jarrett Allen (James Harden gains possession),0,0,1,12:00,False,0,{'id': '5'},"[{'athlete': {'id': '4066328'}}, {'athlete': {'id': '3136195'}}, {'athlete': {'id': '3992'}}]",2026-05-26T00:13:32Z,False,"{'x': -214748340, 'y': -214748365}",0,Jump Ball,720.0
4018733447,7,"{'id': '145', 'text': 'Driving Floating Bank Jump Shot'}",Evan Mobley makes 2-foot two point shot (Jarrett Allen assists),0,2,1,11:45,True,2,{'id': '5'},"[{'athlete': {'id': '4432158'}}, {'athlete': {'id': '4066328'}}]",2026-05-26T00:13:44Z,True,"{'x': 27, 'y': 2}",2,+2 Points,705.0
4018733449,9,"{'id': '62', 'text': 'Bad Pass\nTurnover'}","Josh Hart bad pass
turnover (Jarrett Allen steals)",0,2,1,11:24,False,0,{'id': '18'},"[{'athlete': {'id': '3062679'}}, {'athlete': {'id': '4066328'}}]",2026-05-26T00:14:04Z,False,"{'x': 32, 'y': 4}",0,Turnover,684.0
40187334411,11,"{'id': '113', 'text': 'Running Jump Shot'}",Donovan Mitchell makes 25-foot running jump shot (Max Strus assists),0,5,1,11:17,True,3,{'id': '5'},"[{'athlete': {'id': '3908809'}}, {'athlete': {'id': '4065778'}}]",2026-05-26T00:14:12Z,True,"{'x': 48, 'y': 12}",3,+3 Points,677.0
40187334413,13,"{'id': '131', 'text': 'Pullup Jump Shot'}",Mikal Bridges misses 7-foot pullup jump shot,0,5,1,11:06,False,0,{'id': '18'},[{'athlete': {'id': '3147657'}}],2026-05-26T00:14:23Z,True,"{'x': 23, 'y': 8}",2,Missed FG,666.0
40187334414,14,"{'id': '155', 'text': 'Defensive Rebound'}",Jarrett Allen defensive rebound,0,5,1,11:02,False,0,{'id': '5'},[{'athlete': {'id': '4066328'}}],2026-05-26T00:14:27Z,False,"{'x': 23, 'y': 8}",0,Rebound,662.0
40187334415,15,"{'id': '90', 'text': 'Out of Bounds - Bad Pass Turnover'}",Max Strus out of bounds bad pass turnover,0,5,1,10:58,False,0,{'id': '5'},[{'athlete': {'id': '4065778'}}],2026-05-26T00:14:34Z,False,"{'x': 43, 'y': 11}",0,Turnover,658.0
40187334416,16,"{'id': '130', 'text': 'Floating Jump Shot'}",Mikal Bridges makes 11-foot floating jump shot (Jalen Brunson assists),2,5,1,10:39,True,2,{'id': '18'},"[{'athlete': {'id': '3147657'}}, {'athlete': {'id': '3934672'}}]",2026-05-26T00:14:53Z,True,"{'x': 32, 'y': 10}",2,+2 Points,639.0
40187334419,19,"{'id': '131', 'text': 'Pullup Jump Shot'}",Donovan Mitchell makes 27-foot three pointer,2,8,1,10:22,True,3,{'id': '5'},[{'athlete': {'id': '3908809'}}],2026-05-26T00:15:33Z,True,"{'x': 36, 'y': 26}",3,+3 Points,622.0
40187334420,20,"{'id': '92', 'text': 'Jump Shot'}",Josh Hart makes 23-foot three point jumper (Jalen Brunson assists),5,8,1,9:56,True,3,{'id': '18'},"[{'athlete': {'id': '3062679'}}, {'athlete': {'id': '3934672'}}]",2026-05-26T00:15:56Z,True,"{'x': 2, 'y': 5}",3,+3 Points,596.0
40187334422,22,"{'id': '131', 'text': 'Pullup Jump Shot'}",Donovan Mitchell misses 29-foot three point pullup jump shot,5,8,1,9:48,False,0,{'id': '5'},[{'athlete': {'id': '3908809'}}],2026-05-26T00:16:04Z,True,"{'x': 11, 'y': 26}",3,Missed 3PT,588.0
40187334423,23,"{'id': '155', 'text': 'Defensive Rebound'}",Karl-Anthony Towns defensive rebound,5,8,1,9:45,False,0,{'id': '18'},[{'athlete': {'id': '3136195'}}],2026-05-26T00:16:07Z,False,"{'x': 11, 'y': 26}",0,Rebound,585.0
40187334424,24,"{'id': '92', 'text': 'Jump Shot'}",OG Anunoby misses 25-foot three point jumper,5,8,1,9:37,False,0,{'id': '18'},[{'athlete': {'id': '3934719'}}],2026-05-26T00:16:16Z,True,"{'x': 2, 'y': 10}",3,Missed 3PT,577.0
40187334425,25,"{'id': '155', 'text': 'Defensive Rebound'}",Donovan Mitchell defensive rebound,5,8,1,9:34,False,0,{'id': '5'},[{'athlete': {'id': '3908809'}}],2026-05-26T00:16:19Z,False,"{'x': 2, 'y': 10}",0,Rebound,574.0
40187334426,26,"{'id': '92', 'text': 'Jump Shot'}",Max Strus misses 23-foot three point jumper,5,8,1,9:25,False,0,{'id': '5'},[{'athlete': {'id': '4065778'}}],2026-05-26T00:16:28Z,True,"{'x': 1, 'y': 1}",3,Missed 3PT,565.0
40187334427,27,"{'id': '155', 'text': 'Defensive Rebound'}",Karl-Anthony Towns defensive rebound,5,8,1,9:22,False,0,{'id': '18'},[{'athlete': {'id': '3136195'}}],2026-05-26T00:16:31Z,False,"{'x': 1, 'y': 1}",0,Rebound,562.0
40187334428,28,"{'id': '143', 'text': 'Running Alley Oop Layup Shot'}",Mikal Bridges makes 1-foot layup (Josh Hart assists),7,8,1,9:17,True,2,{'id': '18'},"[{'athlete': {'id': '3147657'}}, {'athlete': {'id': '3062679'}}]",2026-05-26T00:16:35Z,True,"{'x': 24, 'y': 1}",2,+2 Points,557.0
40187334430,30,"{'id': '119', 'text': 'Driving Hook Shot'}",Donovan Mitchell makes 9-foot two point shot,7,10,1,9:05,True,2,{'id': '5'},[{'athlete': {'id': '3908809'}}],2026-05-26T00:16:47Z,True,"{'x': 21, 'y': 9}",2,+2 Points,545.0
40187334431,31,"{'id': '110', 'text': 'Driving Layup Shot'}",Jalen Brunson makes driving layup,9,10,1,8:43,True,2,{'id': '18'},[{'athlete': {'id': '3934672'}}],2026-05-26T00:17:09Z,True,"{'x': 24, 'y': 0}",2,+2 Points,523.0
40187334432,32,"{'id': '132', 'text': 'Step Back Jump Shot'}",James Harden misses 25-foot three point step back jumpshot,9,10,1,8:33,False,0,{'id': '5'},[{'athlete': {'id': '3992'}}],2026-05-26T00:17:20Z,True,"{'x': 40, 'y': 21}",3,Missed 3PT,513.0
40187334433,33,"{'id': '155', 'text': 'Defensive Rebound'}",Josh Hart defensive rebound,9,10,1,8:31,False,0,{'id': '18'},[{'athlete': {'id': '3062679'}}],2026-05-26T00:17:22Z,False,"{'x': 40, 'y': 21}",0,Rebound,511.0
40187334434,34,"{'id': '44', 'text': 'Shooting Foul'}",Donovan Mitchell shooting foul,9,10,1,8:30,False,0,{'id': '5'},[{'athlete': {'id': '3908809'}}],2026-05-26T00:17:32Z,False,"{'x': 25, 'y': 0}",0,Foul,510.0
40187334436,36,"{'id': '98', 'text': 'Free Throw - 1 of 2'}",Mikal Bridges makes free throw 1 of 2,10,10,1,8:30,True,1,{'id': '18'},[{'athlete': {'id': '3147657'}}],2026-05-26T00:18:03Z,True,"{'x': -214748340, 'y': -214748365}",1,+1 Point,510.0
40187334437,37,"{'id': '99', 'text': 'Free Throw - 2 of 2'}",Mikal Bridges makes free throw 2 of 2,11,10,1,8:30,True,1,{'id': '18'},[{'athlete': {'id': '3147657'}}],2026-05-26T00:18:23Z,True,"{'x': -214748340, 'y': -214748365}",1,+1 Point,510.0
40187334438,38,"{'id': '141', 'text': 'Cutting Layup Shot'}",Karl-Anthony Towns blocks Jarrett Allen 's 1-foot layup,11,10,1,8:10,False,0,{'id': '5'},"[{'athlete': {'id': '4066328'}}, {'athlete': {'id': '3136195'}}]",2026-05-26T00:18:44Z,True,"{'x': 26, 'y': 1}",2,Missed FG,490.0
40187334440,40,"{'id': '155', 'text': 'Defensive Rebound'}",Karl-Anthony Towns defensive rebound,11,10,1,8:07,False,0,{'id': '18'},[{'athlete': {'id': '3136195'}}],2026-05-26T00:18:47Z,False,"{'x': 26, 'y': 1}",0,Rebound,487.0
40187334441,41,"{'id': '113', 'text': 'Running Jump Shot'}",Mikal Bridges misses 24-foot running jump shot,11,10,1,8:05,False,0,{'id': '18'},[{'athlete': {'id': '3147657'}}],2026-05-26T00:18:50Z,True,"{'x': 15, 'y': 23}",3,Missed 3PT,485.0
40187334442,42,"{'id': '155', 'text': 'Defensive Rebound'}",Evan Mobley defensive rebound,11,10,1,8:00,False,0,{'id': '5'},[{'athlete': {'id': '4432158'}}],2026-05-26T00:18:55Z,False,"{'x': 15, 'y': 23}",0,Rebound,480.0
40187334443,43,"{'id': '92', 'text': 'Jump Shot'}",Evan Mobley makes 25-foot three point jumper (Donovan Mitchell assists),11,13,1,7:51,True,3,{'id': '5'},"[{'athlete': {'id': '4432158'}}, {'athlete': {'id': '3908809'}}]",2026-05-26T00:19:02Z,True,"{'x': 7, 'y': 19}",3,+3 Points,471.0
40187334445,45,"{'id': '132', 'text': 'Step Back Jump Shot'}",Jalen Brunson misses 26-foot three point step back jumpshot,11,13,1,7:28,False,0,{'id': '18'},[{'athlete': {'id': '3934672'}}],2026-05-26T00:19:25Z,True,"{'x': 36, 'y': 24}",3,Missed 3PT,448.0
40187334446,46,"{'id': '156', 'text': 'Offensive Rebound'}",Josh Hart offensive rebound,11,13,1,7:26,False,0,{'id': '18'},[{'athlete': {'id': '3062679'}}],2026-05-26T00:19:27Z,False,"{'x': 36, 'y': 24}",0,Rebound,446.0
40187334447,47,"{'id': '92', 'text': 'Jump Shot'}",Karl-Anthony Towns makes 25-foot three point jumper (Josh Hart assists),14,13,1,7:25,True,3,{'id': '18'},"[{'athlete': {'id': '3136195'}}, {'athlete': {'id': '3062679'}}]",2026-05-26T00:19:29Z,True,"{'x': 15, 'y': 24}",3,+3 Points,445.0
40187334449,49,"{'id': '44', 'text': 'Shooting Foul'}",Josh Hart shooting foul,14,13,1,7:09,False,0,{'id': '18'},[{'athlete': {'id': '3062679'}}],2026-05-26T00:19:50Z,False,"{'x': 25, 'y': 12}",0,Foul,429.0
40187334451,51,"{'id': '98', 'text': 'Free Throw - 1 of 2'}",Donovan Mitchell makes free throw 1 of 2,14,14,1,7:09,True,1,{'id': '5'},[{'athlete': {'id': '3908809'}}],2026-05-26T00:20:15Z,True,"{'x': -214748340, 'y': -214748365}",1,+1 Point,429.0
40187334452,52,"{'id': '99', 'text': 'Free Throw - 2 of 2'}",Donovan Mitchell makes free throw 2 of 2,14,15,1,7:09,True,1,{'id': '5'},[{'athlete': {'id': '3908809'}}],2026-05-26T00:20:40Z,True,"{'x': -214748340, 'y': -214748365}",1,+1 Point,429.0
40187334453,53,"{'id': '131', 'text': 'Pullup Jump Shot'}",Jalen Brunson misses 25-foot three point pullup jump shot,14,15,1,6:53,False,0,{'id': '18'},[{'athlete': {'id': '3934672'}}],2026-05-26T00:20:59Z,True,"{'x': 16, 'y': 24}",3,Missed 3PT,413.0
40187334454,54,"{'id': '155', 'text': 'Defensive Rebound'}",James Harden defensive rebound,14,15,1,6:50,False,0,{'id': '5'},[{'athlete': {'id': '3992'}}],2026-05-26T00:21:02Z,False,"{'x': 16, 'y': 24}",0,Rebound,410.0
40187334455,55,"{'id': '131', 'text': 'Pullup Jump Shot'}",Donovan Mitchell misses 28-foot three point pullup jump shot,14,15,1,6:40,False,0,{'id': '5'},[{'athlete': {'id': '3908809'}}],2026-05-26T00:21:11Z,True,"{'x': 24, 'y': 29}",3,Missed 3PT,400.0
40187334456,56,"{'id': '156', 'text': 'Offensive Rebound'}",Evan Mobley offensive rebound,14,15,1,6:37,False,0,{'id': '5'},[{'athlete': {'id': '4432158'}}],2026-05-26T00:21:14Z,False,"{'x': 24, 'y': 29}",0,Rebound,397.0
40187334457,57,"{'id': '138', 'text': 'Putback Dunk Shot'}",Evan Mobley makes dunk,14,17,1,6:37,True,2,{'id': '5'},[{'athlete': {'id': '4432158'}}],2026-05-26T00:21:17Z,True,"{'x': 25, 'y': 0}",2,+2 Points,397.0
40187334458,58,"{'id': '92', 'text': 'Jump Shot'}",OG Anunoby misses 22-foot three point jumper,14,17,1,6:21,False,0,{'id': '18'},[{'athlete': {'id': '3934719'}}],2026-05-26T00:21:40Z,True,"{'x': 2, 'y': 0}",3,Missed 3PT,381.0
40187334459,59,"{'id': '156', 'text': 'Offensive Rebound'}",Karl-Anthony Towns offensive rebound,14,17,1,6:20,False,0,{'id': '18'},[{'athlete': {'id': '3136195'}}],2026-05-26T00:21:41Z,False,"{'x': 2, 'y': 0}",0,Rebound,380.0
40187334460,60,"{'id': '144', 'text': 'Driving Floating Jump Shot'}",Karl-Anthony Towns misses driving floating jump shot,14,17,1,6:18,False,0,{'id': '18'},[{'athlete': {'id': '3136195'}}],2026-05-26T00:21:45Z,True,"{'x': 23, 'y': 1}",2,Missed FG,378.0
40187334461,61,"{'id': '155', 'text': 'Defensive Rebound'}",Evan Mobley defensive rebound,14,17,1,6:17,False,0,{'id': '5'},[{'athlete': {'id': '4432158'}}],2026-05-26T00:21:46Z,False,"{'x': 23, 'y': 1}",0,Rebound,377.0
40187334462,62,"{'id': '113', 'text': 'Running Jump Shot'}",James Harden misses 25-foot running jump shot,14,17,1,6:10,False,0,{'id': '5'},[{'athlete': {'id': '3992'}}],2026-05-26T00:21:54Z,True,"{'x': 47, 'y': 13}",3,Missed 3PT,370.0
40187334463,63,"{'id': '155', 'text': 'Defensive Rebound'}",OG Anunoby defensive rebound,14,17,1,6:07,False,0,{'id': '18'},[{'athlete': {'id': '3934719'}}],2026-05-26T00:21:57Z,False,"{'x': 47, 'y': 13}",0,Rebound,367.0
40187334464,64,"{'id': '116', 'text': 'Running Dunk Shot'}",Karl-Anthony Towns makes 1-foot running dunk (OG Anunoby assists),16,17,1,6:00,True,2,{'id': '18'},"[{'athlete': {'id': '3136195'}}, {'athlete': {'id': '3934719'}}]",2026-05-26T00:22:01Z,True,"{'x': 25, 'y': 1}",2,+2 Points,360.0
40187334466,66,"{'id': '16', 'text': 'Full Timeout'}",Cavaliers Full timeout,16,17,1,6:00,False,0,{'id': '5'},,2026-05-26T00:22:07Z,False,"{'x': -214748340, 'y': -214748365}",0,Timeout,360.0
40187334468,68,"{'id': '584', 'text': 'Substitution'}",Dean Wade enters the game for Donovan Mitchell,16,17,1,6:00,False,0,{'id': '5'},"[{'athlete': {'id': '3912848'}}, {'athlete': {'id': '3908809'}}]",2026-05-26T00:22:32Z,False,"{'x': -214748340, 'y': -214748365}",0,Substitution,360.0
40187334469,69,"{'id': '584', 'text': 'Substitution'}",Sam Merrill enters the game for Evan Mobley,16,17,1,6:00,False,0,{'id': '5'},"[{'athlete': {'id': '4066757'}}, {'athlete': {'id': '4432158'}}]",2026-05-26T00:22:32Z,False,"{'x': -214748340, 'y': -214748365}",0,Substitution,360.0
40187334472,72,"{'id': '92', 'text': 'Jump Shot'}",Max Strus misses 23-foot three point jumper,16,17,1,5:43,False,0,{'id': '5'},[{'athlete': {'id': '4065778'}}],2026-05-26T00:26:23Z,True,"{'x': 49, 'y': 1}",3,Missed 3PT,343.0
40187334473,73,"{'id': '155', 'text': 'Defensive Rebound'}",Josh Hart defensive rebound,16,17,1,5:40,False,0,{'id': '18'},[{'athlete': {'id': '3062679'}}],2026-05-26T00:26:26Z,False,"{'x': 49, 'y': 1}",0,Rebound,340.0
40187334474,74,"{'id': '128', 'text': 'Driving Finger Roll Layup'}",Dean Wade blocks Jalen Brunson 's 1-foot two point shot,16,17,1,5:28,False,0,{'id': '18'},"[{'athlete': {'id': '3934672'}}, {'athlete': {'id': '3912848'}}]",2026-05-26T00:26:38Z,True,"{'x': 26, 'y': 1}",2,Missed FG,328.0
40187334476,76,"{'id': '156', 'text': 'Offensive Rebound'}",Knicks offensive team rebound,16,17,1,5:28,False,0,{'id': '18'},,2026-05-26T00:26:38Z,False,"{'x': 26, 'y': 1}",0,Rebound,328.0
40187334478,78,"{'id': '92', 'text': 'Jump Shot'}",Karl-Anthony Towns makes 25-foot three point jumper (OG Anunoby assists),19,17,1,5:24,True,3,{'id': '18'},"[{'athlete': {'id': '3136195'}}, {'athlete': {'id': '3934719'}}]",2026-05-26T00:27:01Z,True,"{'x': 5, 'y': 15}",3,+3 Points,324.0
40187334480,80,"{'id': '132', 'text': 'Step Back Jump Shot'}",James Harden misses 25-foot three point step back jumpshot,19,17,1,5:08,False,0,{'id': '5'},[{'athlete': {'id': '3992'}}],2026-05-26T00:27:16Z,True,"{'x': 14, 'y': 24}",3,Missed 3PT,308.0
40187334481,81,"{'id': '155', 'text': 'Defensive Rebound'}",Karl-Anthony Towns defensive rebound,19,17,1,5:06,False,0,{'id': '18'},[{'athlete': {'id': '3136195'}}],2026-05-26T00:27:18Z,False,"{'x': 14, 'y': 24}",0,Rebound,306.0
40187334482,82,"{'id': '109', 'text': 'Running Layup Shot'}",Jalen Brunson makes running layup (Karl-Anthony Towns assists),21,17,1,5:04,True,2,{'id': '18'},"[{'athlete': {'id': '3934672'}}, {'athlete': {'id': '3136195'}}]",2026-05-26T00:27:21Z,True,"{'x': 25, 'y': 1}",2,+2 Points,304.0
40187334484,84,"{'id': '92', 'text': 'Jump Shot'}",Dean Wade misses 24-foot three point jumper,21,17,1,4:48,False,0,{'id': '5'},[{'athlete': {'id': '3912848'}}],2026-05-26T00:27:36Z,True,"{'x': 44, 'y': 16}",3,Missed 3PT,288.0
40187334485,85,"{'id': '155', 'text': 'Defensive Rebound'}",Karl-Anthony Towns defensive rebound,21,17,1,4:46,False,0,{'id': '18'},[{'athlete': {'id': '3136195'}}],2026-05-26T00:27:38Z,False,"{'x': 44, 'y': 16}",0,Rebound,286.0
40187334486,86,"{'id': '116', 'text': 'Running Dunk Shot'}",OG Anunoby makes running dunk (Josh Hart assists),23,17,1,4:41,True,2,{'id': '18'},"[{'athlete': {'id': '3934719'}}, {'athlete': {'id': '3062679'}}]",2026-05-26T00:27:43Z,True,"{'x': 26, 'y': 1}",2,+2 Points,281.0
40187334488,88,"{'id': '45', 'text': 'Personal Foul'}",OG Anunoby personal foul,23,17,1,4:33,False,0,{'id': '18'},[{'athlete': {'id': '3934719'}}],2026-05-26T00:27:59Z,False,"{'x': 30, 'y': 42}",0,Foul,273.0
40187334490,90,"{'id': '584', 'text': 'Substitution'}",Jaylon Tyson enters the game for Max Strus,23,17,1,4:33,False,0,{'id': '5'},"[{'athlete': {'id': '4683747'}}, {'athlete': {'id': '4065778'}}]",2026-05-26T00:28:38Z,False,"{'x': -214748340, 'y': -214748365}",0,Substitution,273.0
40187334491,91,"{'id': '584', 'text': 'Substitution'}",Mitchell Robinson enters the game for Josh Hart,23,17,1,4:33,False,0,{'id': '18'},"[{'athlete': {'id': '4351852'}}, {'athlete': {'id': '3062679'}}]",2026-05-26T00:28:38Z,False,"{'x': -214748340, 'y': -214748365}",0,Substitution,273.0
40187334492,92,"{'id': '584', 'text': 'Substitution'}",Miles McBride enters the game for OG Anunoby,23,17,1,4:33,False,0,{'id': '18'},"[{'athlete': {'id': '4431823'}}, {'athlete': {'id': '3934719'}}]",2026-05-26T00:28:38Z,False,"{'x': -214748340, 'y': -214748365}",0,Substitution,273.0
40187334496,96,"{'id': '44', 'text': 'Shooting Foul'}",Karl-Anthony Towns shooting foul,23,17,1,4:13,False,0,{'id': '18'},[{'athlete': {'id': '3136195'}}],2026-05-26T00:29:16Z,False,"{'x': 17, 'y': 12}",0,Foul,253.0
40187334498,98,"{'id': '98', 'text': 'Free Throw - 1 of 2'}",James Harden makes free throw 1 of 2,23,18,1,4:13,True,1,{'id': '5'},[{'athlete': {'id': '3992'}}],2026-05-26T00:29:44Z,True,"{'x': -214748340, 'y': -214748365}",1,+1 Point,253.0
40187334499,99,"{'id': '584', 'text': 'Substitution'}",Donovan Mitchell enters the game for Jarrett Allen,23,18,1,4:13,False,0,{'id': '5'},"[{'athlete': {'id': '3908809'}}, {'athlete': {'id': '4066328'}}]",2026-05-26T00:29:50Z,False,"{'x': -214748340, 'y': -214748365}",0,Substitution,253.0
401873344101,101,"{'id': '99', 'text': 'Free Throw - 2 of 2'}",James Harden makes free throw 2 of 2,23,19,1,4:13,True,1,{'id': '5'},[{'athlete': {'id': '3992'}}],2026-05-26T00:30:11Z,True,"{'x': -214748340, 'y': -214748365}",1,+1 Point,253.0
401873344102,102,"{'id': '118', 'text': 'Alley Oop Dunk Shot'}",Mitchell Robinson makes 1-foot alley oop dunk (Mikal Bridges assists),25,19,1,3:53,True,2,{'id': '18'},"[{'athlete': {'id': '4351852'}}, {'athlete': {'id': '3147657'}}]",2026-05-26T00:30:33Z,True,"{'x': 24, 'y': 0}",2,+2 Points,233.0
401873344104,104,"{'id': '45', 'text': 'Personal Foul'}",Mikal Bridges personal foul,25,19,1,3:46,False,0,{'id': '18'},[{'athlete': {'id': '3147657'}}],2026-05-26T00:30:45Z,False,"{'x': 17, 'y': 35}",0,Foul,226.0
401873344106,106,"{'id': '132', 'text': 'Step Back Jump Shot'}",James Harden makes 22-foot step back jumpshot,25,21,1,3:30,True,2,{'id': '5'},[{'athlete': {'id': '3992'}}],2026-05-26T00:31:23Z,True,"{'x': 14, 'y': 20}",2,+2 Points,210.0
401873344107,107,"{'id': '92', 'text': 'Jump Shot'}",Mikal Bridges misses 22-foot three point jumper,25,21,1,3:10,False,0,{'id': '18'},[{'athlete': {'id': '3147657'}}],2026-05-26T00:31:41Z,True,"{'x': 2, 'y': -1}",3,Missed 3PT,190.0
401873344108,108,"{'id': '155', 'text': 'Defensive Rebound'}",Jaylon Tyson defensive rebound,25,21,1,3:08,False,0,{'id': '5'},[{'athlete': {'id': '4683747'}}],2026-05-26T00:31:43Z,False,"{'x': 2, 'y': -1}",0,Rebound,188.0
401873344109,109,"{'id': '24', 'text': 'Offensive Charge'}",Jaylon Tyson offensive charge,25,21,1,3:04,False,0,{'id': '5'},[{'athlete': {'id': '4683747'}}],2026-05-26T00:31:52Z,False,"{'x': 30, 'y': 4}",0,Foul,184.0
401873344111,111,"{'id': '84', 'text': 'Offensive Foul Turnover'}",Jaylon Tyson offensive foul turnover,25,21,1,3:04,False,0,{'id': '5'},[{'athlete': {'id': '4683747'}}],2026-05-26T00:31:52Z,False,"{'x': 30, 'y': 4}",0,Turnover,184.0
401873344112,112,"{'id': '584', 'text': 'Substitution'}",Evan Mobley enters the game for James Harden,25,21,1,3:04,False,0,{'id': '5'},"[{'athlete': {'id': '4432158'}}, {'athlete': {'id': '3992'}}]",2026-05-26T00:32:02Z,False,"{'x': -214748340, 'y': -214748365}",0,Substitution,184.0
401873344113,113,"{'id': '584', 'text': 'Substitution'}",Landry Shamet enters the game for Mikal Bridges,25,21,1,3:04,False,0,{'id': '18'},"[{'athlete': {'id': '3914044'}}, {'athlete': {'id': '3147657'}}]",2026-05-26T00:32:02Z,False,"{'x': -214748340, 'y': -214748365}",0,Substitution,184.0
401873344114,114,"{'id': '584', 'text': 'Substitution'}",Josh Hart enters the game for Karl-Anthony Towns,25,21,1,3:04,False,0,{'id': '18'},"[{'athlete': {'id': '3062679'}}, {'athlete': {'id': '3136195'}}]",2026-05-26T00:32:02Z,False,"{'x': -214748340, 'y': -214748365}",0,Substitution,184.0
401873344118,118,"{'id': '92', 'text': 'Jump Shot'}",Miles McBride makes 23-foot three point jumper (Josh Hart assists),28,21,1,2:45,True,3,{'id': '18'},"[{'athlete': {'id': '4431823'}}, {'athlete': {'id': '3062679'}}]",2026-05-26T00:32:38Z,True,"{'x': 2, 'y': 3}",3,+3 Points,165.0
401873344120,120,"{'id': '132', 'text': 'Step Back Jump Shot'}",Sam Merrill makes 24-foot three point step back jumpshot (Evan Mobley assists),28,24,1,2:34,True,3,{'id': '5'},"[{'athlete': {'id': '4066757'}}, {'athlete': {'id': '4432158'}}]",2026-05-26T00:32:51Z,True,"{'x': 48, 'y': 8}",3,+3 Points,154.0
401873344122,122,"{'id': '118', 'text': 'Alley Oop Dunk Shot'}",Mitchell Robinson makes alley oop dunk (Jalen Brunson assists),30,24,1,2:22,True,2,{'id': '18'},"[{'athlete': {'id': '4351852'}}, {'athlete': {'id': '3934672'}}]",2026-05-26T00:33:01Z,True,"{'x': 25, 'y': 1}",2,+2 Points,142.0
401873344124,124,"{'id': '144', 'text': 'Driving Floating Jump Shot'}",Donovan Mitchell makes 15-foot driving floating jump shot,30,26,1,2:12,True,2,{'id': '5'},[{'athlete': {'id': '3908809'}}],2026-05-26T00:33:12Z,True,"{'x': 25, 'y': 16}",2,+2 Points,132.0
401873344125,125,"{'id': '92', 'text': 'Jump Shot'}",Landry Shamet makes 23-foot three point jumper (Jalen Brunson assists),33,26,1,1:59,True,3,{'id': '18'},"[{'athlete': {'id': '3914044'}}, {'athlete': {'id': '3934672'}}]",2026-05-26T00:33:24Z,True,"{'x': 2, 'y': 0}",3,+3 Points,119.0
401873344127,127,"{'id': '144', 'text': 'Driving Floating Jump Shot'}",Evan Mobley misses driving floating jump shot,33,26,1,1:42,False,0,{'id': '5'},[{'athlete': {'id': '4432158'}}],2026-05-26T00:33:42Z,True,"{'x': 26, 'y': 1}",2,Missed FG,102.0
401873344128,128,"{'id': '156', 'text': 'Offensive Rebound'}",Jaylon Tyson offensive rebound,33,26,1,1:40,False,0,{'id': '5'},[{'athlete': {'id': '4683747'}}],2026-05-26T00:33:44Z,False,"{'x': 26, 'y': 1}",0,Rebound,100.0
401873344129,129,"{'id': '94', 'text': 'Tip Shot'}",Jaylon Tyson misses tip shot,33,26,1,1:40,False,0,{'id': '5'},[{'athlete': {'id': '4683747'}}],2026-05-26T00:33:44Z,True,"{'x': 25, 'y': 0}",2,Missed FG,100.0
401873344130,130,"{'id': '155', 'text': 'Defensive Rebound'}",Mitchell Robinson defensive rebound,33,26,1,1:39,False,0,{'id': '18'},[{'athlete': {'id': '4351852'}}],2026-05-26T00:33:45Z,False,"{'x': 25, 'y': 0}",0,Rebound,99.0
401873344131,131,"{'id': '146', 'text': 'Running Pullup Jump Shot'}",Jalen Brunson makes 27-foot running pullup jump shot,36,26,1,1:35,True,3,{'id': '18'},[{'athlete': {'id': '3934672'}}],2026-05-26T00:33:50Z,True,"{'x': 42, 'y': 22}",3,+3 Points,95.0
401873344132,132,"{'id': '92', 'text': 'Jump Shot'}",Jaylon Tyson misses 25-foot three point jumper,36,26,1,1:20,False,0,{'id': '5'},[{'athlete': {'id': '4683747'}}],2026-05-26T00:34:04Z,True,"{'x': 48, 'y': 12}",3,Missed 3PT,80.0
401873344133,133,"{'id': '156', 'text': 'Offensive Rebound'}",Cavaliers offensive team rebound,36,26,1,1:18,False,0,{'id': '5'},,2026-05-26T00:34:06Z,False,"{'x': 48, 'y': 12}",0,Rebound,78.0
401873344135,135,"{'id': '16', 'text': 'Full Timeout'}",Knicks Full timeout,36,26,1,1:18,False,0,{'id': '18'},,2026-05-26T00:34:17Z,False,"{'x': -214748340, 'y': -214748365}",0,Timeout,78.0
401873344136,136,"{'id': '277', 'text': ""Coach's Challenge (replaycenter)""}",(01:18) [Knicks] COACH'S CHALLENGE (CALL REPLAYCENTER),36,26,1,1:18,False,0,,,2026-05-26T00:34:17Z,False,"{'x': -214748340, 'y': -214748365}",0,Challenge,78.0
401873344137,137,"{'id': '93', 'text': 'Hook Shot'}",Evan Mobley misses 2-foot hook shot,36,26,1,1:08,False,0,{'id': '5'},[{'athlete': {'id': '4432158'}}],2026-05-26T00:38:08Z,True,"{'x': 27, 'y': 2}",2,Missed FG,68.0
401873344138,138,"{'id': '155', 'text': 'Defensive Rebound'}",Jalen Brunson defensive rebound,36,26,1,1:06,False,0,{'id': '18'},[{'athlete': {'id': '3934672'}}],2026-05-26T00:38:10Z,False,"{'x': 27, 'y': 2}",0,Rebound,66.0
401873344139,139,"{'id': '132', 'text': 'Step Back Jump Shot'}",Josh Hart misses 12-foot step back jumpshot,36,26,1,51.9,False,0,{'id': '18'},[{'athlete': {'id': '3062679'}}],2026-05-26T00:38:25Z,True,"{'x': 12, 'y': 0}",2,Missed FG,51.9
401873344140,140,"{'id': '156', 'text': 'Offensive Rebound'}",Mitchell Robinson offensive rebound,36,26,1,49.3,False,0,{'id': '18'},[{'athlete': {'id': '4351852'}}],2026-05-26T00:38:28Z,False,"{'x': 12, 'y': 0}",0,Rebound,49.3
401873344141,141,"{'id': '94', 'text': 'Tip Shot'}",Mitchell Robinson makes tip shot,38,26,1,49.3,True,2,{'id': '18'},[{'athlete': {'id': '4351852'}}],2026-05-26T00:38:30Z,True,"{'x': 25, 'y': 0}",2,+2 Points,49.3
401873344142,142,"{'id': '110', 'text': 'Driving Layup Shot'}",Donovan Mitchell misses driving layup,38,26,1,37.0,False,0,{'id': '5'},[{'athlete': {'id': '3908809'}}],2026-05-26T00:38:42Z,True,"{'x': 28, 'y': 1}",2,Missed FG,37.0
401873344143,143,"{'id': '155', 'text': 'Defensive Rebound'}",Mitchell Robinson defensive rebound,38,26,1,35.1,False,0,{'id': '18'},[{'athlete': {'id': '4351852'}}],2026-05-26T00:38:44Z,False,"{'x': 28, 'y': 1}",0,Rebound,35.1
401873344144,144,"{'id': '145', 'text': 'Driving Floating Bank Jump Shot'}",Jalen Brunson misses two point shot,38,26,1,15.0,False,0,{'id': '18'},[{'athlete': {'id': '3934672'}}],2026-05-26T00:39:04Z,True,"{'x': 18, 'y': 3}",2,Missed FG,15.0
401873344145,145,"{'id': '156', 'text': 'Offensive Rebound'}",Mitchell Robinson offensive rebound,38,26,1,11.1,False,0,{'id': '18'},[{'athlete': {'id': '4351852'}}],2026-05-26T00:39:08Z,False,"{'x': 18, 'y': 3}",0,Rebound,11.1
401873344146,146,"{'id': '94', 'text': 'Tip Shot'}",Mitchell Robinson misses tip shot,38,26,1,11.1,False,0,{'id': '18'},[{'athlete': {'id': '4351852'}}],2026-05-26T00:39:08Z,True,"{'x': 25, 'y': 0}",2,Missed FG,11.1
401873344147,147,"{'id': '155', 'text': 'Defensive Rebound'}",Jaylon Tyson defensive rebound,38,26,1,11.1,False,0,{'id': '5'},[{'athlete': {'id': '4683747'}}],2026-05-26T00:39:08Z,False,"{'x': 25, 'y': 0}",0,Rebound,11.1
401873344148,148,"{'id': '132', 'text': 'Step Back Jump Shot'}",Donovan Mitchell misses 26-foot three point step back jumpshot,38,26,1,0.0,False,0,{'id': '5'},[{'athlete': {'id': '3908809'}}],2026-05-26T00:39:19Z,True,"{'x': 9, 'y': 22}",3,Missed 3PT,0.0
401873344149,149,"{'id': '156', 'text': 'Offensive Rebound'}",Cavaliers offensive team rebound,38,26,1,0.0,False,0,{'id': '5'},,2026-05-26T00:39:19Z,False,"{'x': 9, 'y': 22}",0,Rebound,0.0
401873344150,150,"{'id': '412', 'text': 'End Period'}",End of the 1st Quarter,38,26,1,0.0,False,0,,,2026-05-26T00:39:24Z,False,"{'x': -214748340, 'y': -214748365}",0,End of 1st,0.0
401873344151,151,"{'id': '584', 'text': 'Substitution'}",James Harden enters the game for Sam Merrill,38,26,2,12:00,False,0,{'id': '5'},"[{'athlete': {'id': '3992'}}, {'athlete': {'id': '4066757'}}]",2026-05-26T00:39:39Z,False,"{'x': -214748340, 'y': -214748365}",0,Substitution,720.0
401873344152,152,"{'id': '584', 'text': 'Substitution'}",Keon Ellis enters the game for Dean Wade,38,26,2,12:00,False,0,{'id': '5'},"[{'athlete': {'id': '4702177'}}, {'athlete': {'id': '3912848'}}]",2026-05-26T00:39:39Z,False,"{'x': -214748340, 'y': -214748365}",0,Substitution,720.0
401873344153,153,"{'id': '584', 'text': 'Substitution'}",Jose Alvarado enters the game for Jalen Brunson,38,26,2,12:00,False,0,{'id': '18'},"[{'athlete': {'id': '4277869'}}, {'athlete': {'id': '3934672'}}]",2026-05-26T00:39:39Z,False,"{'x': -214748340, 'y': -214748365}",0,Substitution,720.0
401873344154,154,"{'id': '584', 'text': 'Substitution'}",Karl-Anthony Towns enters the game for Mitchell Robinson,38,26,2,12:00,False,0,{'id': '18'},"[{'athlete': {'id': '3136195'}}, {'athlete': {'id': '4351852'}}]",2026-05-26T00:39:39Z,False,"{'x': -214748340, 'y': -214748365}",0,Substitution,720.0
401873344160,160,"{'id': '128', 'text': 'Driving Finger Roll Layup'}",Jose Alvarado makes 1-foot two point shot (Karl-Anthony Towns assists),40,26,2,11:49,True,2,{'id': '18'},"[{'athlete': {'id': '4277869'}}, {'athlete': {'id': '3136195'}}]",2026-05-26T00:43:14Z,True,"{'x': 27, 'y': 1}",2,+2 Points,709.0
401873344162,162,"{'id': '92', 'text': 'Jump Shot'}",Evan Mobley misses 23-foot three point jumper,40,26,2,11:37,False,0,{'id': '5'},[{'athlete': {'id': '4432158'}}],2026-05-26T00:43:26Z,True,"{'x': 2, 'y': 1}",3,Missed 3PT,697.0
401873344163,163,"{'id': '155', 'text': 'Defensive Rebound'}",Miles McBride defensive rebound,40,26,2,11:34,False,0,{'id': '18'},[{'athlete': {'id': '4431823'}}],2026-05-26T00:43:29Z,False,"{'x': 2, 'y': 1}",0,Rebound,694.0
401873344164,164,"{'id': '92', 'text': 'Jump Shot'}",Josh Hart misses 23-foot three point jumper,40,26,2,11:12,False,0,{'id': '18'},[{'athlete': {'id': '3062679'}}],2026-05-26T00:43:51Z,True,"{'x': 48, 'y': 3}",3,Missed 3PT,672.0
401873344165,165,"{'id': '156', 'text': 'Offensive Rebound'}",Knicks offensive team rebound,40,26,2,11:11,False,0,{'id': '18'},,2026-05-26T00:43:52Z,False,"{'x': 48, 'y': 3}",0,Rebound,671.0
401873344166,166,"{'id': '43', 'text': 'Loose Ball Foul'}",Jaylon Tyson loose ball foul,40,26,2,11:11,False,0,{'id': '5'},[{'athlete': {'id': '4683747'}}],2026-05-26T00:44:00Z,False,"{'x': 24, 'y': 1}",0,Foul,671.0
401873344168,168,"{'id': '131', 'text': 'Pullup Jump Shot'}",Miles McBride makes 26-foot three pointer,43,26,2,10:59,True,3,{'id': '18'},[{'athlete': {'id': '4431823'}}],2026-05-26T00:44:26Z,True,"{'x': 43, 'y': 20}",3,+3 Points,659.0
401873344170,170,"{'id': '8', 'text': 'Delay of Game'}",Knicks delay of game violation,43,26,2,10:56,False,0,{'id': '18'},,2026-05-26T00:44:35Z,False,"{'x': -214748340, 'y': -214748365}",0,Violation,656.0
401873344171,171,"{'id': '45', 'text': 'Personal Foul'}",Karl-Anthony Towns personal foul,43,26,2,10:46,False,0,{'id': '18'},[{'athlete': {'id': '3136195'}}],2026-05-26T00:44:55Z,False,"{'x': 11, 'y': 13}",0,Foul,646.0
401873344173,173,"{'id': '584', 'text': 'Substitution'}",Jarrett Allen enters the game for Jaylon Tyson,43,26,2,10:46,False,0,{'id': '5'},"[{'athlete': {'id': '4066328'}}, {'athlete': {'id': '4683747'}}]",2026-05-26T00:45:10Z,False,"{'x': -214748340, 'y': -214748365}",0,Substitution,646.0
401873344181,181,"{'id': '63', 'text': 'Lost Ball Turnover'}",James Harden lost ball turnover (Miles McBride steals),43,26,2,10:35,False,0,{'id': '5'},"[{'athlete': {'id': '3992'}}, {'athlete': {'id': '4431823'}}]",2026-05-26T00:45:32Z,False,"{'x': 19, 'y': 14}",0,Turnover,635.0
401873344178,178,"{'id': '146', 'text': 'Running Pullup Jump Shot'}",Landry Shamet makes 22-foot running pullup jump shot (Josh Hart assists),46,26,2,10:27,True,3,{'id': '18'},"[{'athlete': {'id': '3914044'}}, {'athlete': {'id': '3062679'}}]",2026-05-26T00:45:36Z,True,"{'x': 2, 'y': 1}",3,+3 Points,627.0
401873344180,180,"{'id': '16', 'text': 'Full Timeout'}",Cavaliers Full timeout,46,26,2,10:27,False,0,{'id': '5'},,2026-05-26T00:45:43Z,False,"{'x': -214748340, 'y': -214748365}",0,Timeout,627.0
401873344183,183,"{'id': '144', 'text': 'Driving Floating Jump Shot'}",Evan Mobley misses driving floating jump shot,46,26,2,10:08,False,0,{'id': '5'},[{'athlete': {'id': '4432158'}}],2026-05-26T00:49:41Z,True,"{'x': 22, 'y': 4}",2,Missed FG,608.0
401873344184,184,"{'id': '155', 'text': 'Defensive Rebound'}",Karl-Anthony Towns defensive rebound,46,26,2,10:06,False,0,{'id': '18'},[{'athlete': {'id': '3136195'}}],2026-05-26T00:49:43Z,False,"{'x': 22, 'y': 4}",0,Rebound,606.0
401873344185,185,"{'id': '113', 'text': 'Running Jump Shot'}",Miles McBride misses 23-foot running jump shot,46,26,2,10:01,False,0,{'id': '18'},[{'athlete': {'id': '4431823'}}],2026-05-26T00:49:48Z,True,"{'x': 48, 'y': 3}",3,Missed 3PT,601.0
401873344186,186,"{'id': '155', 'text': 'Defensive Rebound'}",Donovan Mitchell defensive rebound,46,26,2,10:01,False,0,{'id': '5'},[{'athlete': {'id': '3908809'}}],2026-05-26T00:49:48Z,False,"{'x': 48, 'y': 3}",0,Rebound,601.0
401873344187,187,"{'id': '63', 'text': 'Lost Ball Turnover'}",Evan Mobley lost ball turnover (Miles McBride steals),46,26,2,9:44,False,0,{'id': '5'},"[{'athlete': {'id': '4432158'}}, {'athlete': {'id': '4431823'}}]",2026-05-26T00:50:06Z,False,"{'x': 11, 'y': 15}",0,Turnover,584.0
401873344189,189,"{'id': '129', 'text': 'Running Finger Roll Layup'}",Jose Alvarado makes two point shot,48,26,2,9:41,True,2,{'id': '18'},[{'athlete': {'id': '4277869'}}],2026-05-26T00:50:09Z,True,"{'x': 24, 'y': 2}",2,+2 Points,581.0
401873344190,190,"{'id': '63', 'text': 'Lost Ball Turnover'}",Donovan Mitchell lost ball turnover (Karl-Anthony Towns steals),48,26,2,9:29,False,0,{'id': '5'},"[{'athlete': {'id': '3908809'}}, {'athlete': {'id': '3136195'}}]",2026-05-26T00:50:20Z,False,"{'x': 17, 'y': 7}",0,Turnover,569.0
401873344192,192,"{'id': '146', 'text': 'Running Pullup Jump Shot'}",Jose Alvarado misses running pullup jump shot,48,26,2,9:25,False,0,{'id': '18'},[{'athlete': {'id': '4277869'}}],2026-05-26T00:50:25Z,True,"{'x': 11, 'y': 22}",3,Missed 3PT,565.0
401873344193,193,"{'id': '156', 'text': 'Offensive Rebound'}",Karl-Anthony Towns offensive rebound,48,26,2,9:20,False,0,{'id': '18'},[{'athlete': {'id': '3136195'}}],2026-05-26T00:50:30Z,False,"{'x': 11, 'y': 22}",0,Rebound,560.0
401873344194,194,"{'id': '150', 'text': 'Tip Dunk Shot'}",Karl-Anthony Towns makes tip in dunk,50,26,2,9:20,True,2,{'id': '18'},[{'athlete': {'id': '3136195'}}],2026-05-26T00:50:29Z,True,"{'x': 25, 'y': 0}",2,+2 Points,560.0
401873344195,195,"{'id': '44', 'text': 'Shooting Foul'}",Miles McBride shooting foul,50,26,2,9:11,False,0,{'id': '18'},[{'athlete': {'id': '4431823'}}],2026-05-26T00:50:41Z,False,"{'x': 46, 'y': 16}",0,Foul,551.0
401873344197,197,"{'id': '100', 'text': 'Free Throw - 1 of 3'}",James Harden makes free throw 1 of 3,50,27,2,9:11,True,1,{'id': '5'},[{'athlete': {'id': '3992'}}],2026-05-26T00:51:08Z,True,"{'x': -214748340, 'y': -214748365}",1,+1 Point,551.0
401873344198,198,"{'id': '101', 'text': 'Free Throw - 2 of 3'}",James Harden makes free throw 2 of 3,50,28,2,9:11,True,1,{'id': '5'},[{'athlete': {'id': '3992'}}],2026-05-26T00:51:23Z,True,"{'x': -214748340, 'y': -214748365}",1,+1 Point,551.0
401873344199,199,"{'id': '584', 'text': 'Substitution'}",OG Anunoby enters the game for Miles McBride,50,28,2,9:11,False,0,{'id': '18'},"[{'athlete': {'id': '3934719'}}, {'athlete': {'id': '4431823'}}]",2026-05-26T00:51:24Z,False,"{'x': -214748340, 'y': -214748365}",0,Substitution,551.0
401873344200,200,"{'id': '584', 'text': 'Substitution'}",Mitchell Robinson enters the game for Josh Hart,50,28,2,9:11,False,0,{'id': '18'},"[{'athlete': {'id': '4351852'}}, {'athlete': {'id': '3062679'}}]",2026-05-26T00:51:24Z,False,"{'x': -214748340, 'y': -214748365}",0,Substitution,551.0
401873344201,201,"{'id': '584', 'text': 'Substitution'}",Mikal Bridges enters the game for Landry Shamet,50,28,2,9:11,False,0,{'id': '18'},"[{'athlete': {'id': '3147657'}}, {'athlete': {'id': '3914044'}}]",2026-05-26T00:51:24Z,False,"{'x': -214748340, 'y': -214748365}",0,Substitution,551.0
401873344205,205,"{'id': '102', 'text': 'Free Throw - 3 of 3'}",James Harden makes free throw 3 of 3,50,29,2,9:11,True,1,{'id': '5'},[{'athlete': {'id': '3992'}}],2026-05-26T00:51:47Z,True,"{'x': -214748340, 'y': -214748365}",1,+1 Point,551.0
401873344206,206,"{'id': '62', 'text': 'Bad Pass\nTurnover'}","Karl-Anthony Towns bad pass
turnover (Jarrett Allen steals)",50,29,2,8:53,False,0,{'id': '18'},"[{'athlete': {'id': '3136195'}}, {'athlete': {'id': '4066328'}}]",2026-05-26T00:52:07Z,False,"{'x': 30, 'y': 1}",0,Turnover,533.0
401873344208,208,"{'id': '62', 'text': 'Bad Pass\nTurnover'}","Donovan Mitchell bad pass
turnover (Jose Alvarado steals)",50,29,2,8:48,False,0,{'id': '5'},"[{'athlete': {'id': '3908809'}}, {'athlete': {'id': '4277869'}}]",2026-05-26T00:52:13Z,False,"{'x': 37, 'y': 21}",0,Turnover,528.0
401873344210,210,"{'id': '115', 'text': 'Driving Dunk Shot'}",Jarrett Allen blocks OG Anunoby 's 1-foot driving dunk,50,29,2,8:41,False,0,{'id': '18'},"[{'athlete': {'id': '3934719'}}, {'athlete': {'id': '4066328'}}]",2026-05-26T00:52:18Z,True,"{'x': 25, 'y': 2}",2,Missed FG,521.0
401873344212,212,"{'id': '155', 'text': 'Defensive Rebound'}",Keon Ellis defensive rebound,50,29,2,8:38,False,0,{'id': '5'},[{'athlete': {'id': '4702177'}}],2026-05-26T00:52:21Z,False,"{'x': 25, 'y': 2}",0,Rebound,518.0
401873344213,213,"{'id': '92', 'text': 'Jump Shot'}",Keon Ellis misses 23-foot three point jumper,50,29,2,8:27,False,0,{'id': '5'},[{'athlete': {'id': '4702177'}}],2026-05-26T00:52:33Z,True,"{'x': 2, 'y': 3}",3,Missed 3PT,507.0
401873344214,214,"{'id': '155', 'text': 'Defensive Rebound'}",Karl-Anthony Towns defensive rebound,50,29,2,8:23,False,0,{'id': '18'},[{'athlete': {'id': '3136195'}}],2026-05-26T00:52:37Z,False,"{'x': 2, 'y': 3}",0,Rebound,503.0
401873344215,215,"{'id': '113', 'text': 'Running Jump Shot'}",OG Anunoby makes 27-foot running jump shot (Mikal Bridges assists),53,29,2,8:19,True,3,{'id': '18'},"[{'athlete': {'id': '3934719'}}, {'athlete': {'id': '3147657'}}]",2026-05-26T00:52:41Z,True,"{'x': 25, 'y': 28}",3,+3 Points,499.0
401873344217,217,"{'id': '131', 'text': 'Pullup Jump Shot'}",Donovan Mitchell makes 27-foot three pointer,53,32,2,8:07,True,3,{'id': '5'},[{'athlete': {'id': '3908809'}}],2026-05-26T00:52:53Z,True,"{'x': 36, 'y': 25}",3,+3 Points,487.0
401873344218,218,"{'id': '62', 'text': 'Bad Pass\nTurnover'}","Jose Alvarado bad pass
turnover (Evan Mobley steals)",53,32,2,7:47,False,0,{'id': '18'},"[{'athlete': {'id': '4277869'}}, {'athlete': {'id': '4432158'}}]",2026-05-26T00:53:14Z,False,"{'x': 36, 'y': 4}",0,Turnover,467.0
401873344220,220,"{'id': '144', 'text': 'Driving Floating Jump Shot'}",Donovan Mitchell misses driving floating jump shot,53,32,2,7:39,False,0,{'id': '5'},[{'athlete': {'id': '3908809'}}],2026-05-26T00:53:21Z,True,"{'x': 28, 'y': 12}",2,Missed FG,459.0
401873344221,221,"{'id': '155', 'text': 'Defensive Rebound'}",Mitchell Robinson defensive rebound,53,32,2,7:36,False,0,{'id': '18'},[{'athlete': {'id': '4351852'}}],2026-05-26T00:53:24Z,False,"{'x': 28, 'y': 12}",0,Rebound,456.0
401873344222,222,"{'id': '132', 'text': 'Step Back Jump Shot'}",OG Anunoby makes 16-foot step back jumpshot (Mikal Bridges assists),55,32,2,7:16,True,2,{'id': '18'},"[{'athlete': {'id': '3934719'}}, {'athlete': {'id': '3147657'}}]",2026-05-26T00:53:44Z,True,"{'x': 30, 'y': 17}",2,+2 Points,436.0
401873344223,223,"{'id': '62', 'text': 'Bad Pass\nTurnover'}","James Harden bad pass
turnover (Karl-Anthony Towns steals)",55,32,2,7:03,False,0,{'id': '5'},"[{'athlete': {'id': '3992'}}, {'athlete': {'id': '3136195'}}]",2026-05-26T00:53:58Z,False,"{'x': 13, 'y': 5}",0,Turnover,423.0
401873344225,225,"{'id': '44', 'text': 'Shooting Foul'}",Donovan Mitchell shooting foul,55,32,2,7:00,False,0,{'id': '5'},[{'athlete': {'id': '3908809'}}],2026-05-26T00:54:04Z,False,"{'x': 30, 'y': 1}",0,Foul,420.0
401873344227,227,"{'id': '98', 'text': 'Free Throw - 1 of 2'}",Mikal Bridges makes free throw 1 of 2,56,32,2,7:00,True,1,{'id': '18'},[{'athlete': {'id': '3147657'}}],2026-05-26T00:54:33Z,True,"{'x': -214748340, 'y': -214748365}",1,+1 Point,420.0
401873344228,228,"{'id': '584', 'text': 'Substitution'}",Max Strus enters the game for Evan Mobley,56,32,2,7:00,False,0,{'id': '5'},"[{'athlete': {'id': '4065778'}}, {'athlete': {'id': '4432158'}}]",2026-05-26T00:54:34Z,False,"{'x': -214748340, 'y': -214748365}",0,Substitution,420.0
401873344229,229,"{'id': '584', 'text': 'Substitution'}",Jalen Brunson enters the game for Jose Alvarado,56,32,2,7:00,False,0,{'id': '18'},"[{'athlete': {'id': '3934672'}}, {'athlete': {'id': '4277869'}}]",2026-05-26T00:54:34Z,False,"{'x': -214748340, 'y': -214748365}",0,Substitution,420.0
401873344230,230,"{'id': '584', 'text': 'Substitution'}",Landry Shamet enters the game for Karl-Anthony Towns,56,32,2,7:00,False,0,{'id': '18'},"[{'athlete': {'id': '3914044'}}, {'athlete': {'id': '3136195'}}]",2026-05-26T00:54:34Z,False,"{'x': -214748340, 'y': -214748365}",0,Substitution,420.0
401873344234,234,"{'id': '99', 'text': 'Free Throw - 2 of 2'}",Mikal Bridges makes free throw 2 of 2,57,32,2,7:00,True,1,{'id': '18'},[{'athlete': {'id': '3147657'}}],2026-05-26T00:54:59Z,True,"{'x': -214748340, 'y': -214748365}",1,+1 Point,420.0
401873344241,241,"{'id': '62', 'text': 'Bad Pass\nTurnover'}","Donovan Mitchell bad pass
turnover (Mitchell Robinson steals)",57,32,2,6:37,False,0,{'id': '5'},"[{'athlete': {'id': '3908809'}}, {'athlete': {'id': '4351852'}}]",2026-05-26T00:55:28Z,False,"{'x': 17, 'y': 13}",0,Turnover,397.0
401873344239,239,"{'id': '584', 'text': 'Substitution'}",Sam Merrill enters the game for Donovan Mitchell,57,32,2,6:31,False,0,{'id': '5'},"[{'athlete': {'id': '4066757'}}, {'athlete': {'id': '3908809'}}]",2026-05-26T00:55:36Z,False,"{'x': -214748340, 'y': -214748365}",0,Substitution,391.0
401873344243,243,"{'id': '44', 'text': 'Shooting Foul'}",James Harden shooting foul,57,32,2,6:20,False,0,{'id': '5'},[{'athlete': {'id': '3992'}}],2026-05-26T00:56:13Z,False,"{'x': 25, 'y': 6}",0,Foul,380.0
401873344245,245,"{'id': '98', 'text': 'Free Throw - 1 of 2'}",Jalen Brunson makes free throw 1 of 2,58,32,2,6:20,True,1,{'id': '18'},[{'athlete': {'id': '3934672'}}],2026-05-26T00:56:41Z,True,"{'x': -214748340, 'y': -214748365}",1,+1 Point,380.0
401873344246,246,"{'id': '99', 'text': 'Free Throw - 2 of 2'}",Jalen Brunson misses free throw 2 of 2,58,32,2,6:20,False,0,{'id': '18'},[{'athlete': {'id': '3934672'}}],2026-05-26T00:56:41Z,True,"{'x': -214748340, 'y': -214748365}",1,Missed FT,380.0
401873344247,247,"{'id': '156', 'text': 'Offensive Rebound'}",Jalen Brunson offensive rebound,58,32,2,6:18,False,0,{'id': '18'},[{'athlete': {'id': '3934672'}}],2026-05-26T00:56:43Z,False,"{'x': -214748340, 'y': -214748365}",0,Rebound,378.0
401873344248,248,"{'id': '45', 'text': 'Personal Foul'}",Keon Ellis personal foul,58,32,2,6:18,False,0,{'id': '5'},[{'athlete': {'id': '4702177'}}],2026-05-26T00:57:06Z,False,"{'x': 23, 'y': 16}",0,Foul,378.0
401873344250,250,"{'id': '131', 'text': 'Pullup Jump Shot'}",Landry Shamet makes 25-foot three pointer,61,32,2,6:08,True,3,{'id': '18'},[{'athlete': {'id': '3914044'}}],2026-05-26T00:57:47Z,True,"{'x': 17, 'y': 24}",3,+3 Points,368.0
401873344251,251,"{'id': '92', 'text': 'Jump Shot'}",Max Strus makes 26-foot three point jumper (Keon Ellis assists),61,35,2,5:43,True,3,{'id': '5'},"[{'athlete': {'id': '4065778'}}, {'athlete': {'id': '4702177'}}]",2026-05-26T00:58:12Z,True,"{'x': 12, 'y': 24}",3,+3 Points,343.0
401873344254,254,"{'id': '92', 'text': 'Jump Shot'}",Mikal Bridges misses 23-foot three point jumper,61,35,2,5:28,False,0,{'id': '18'},[{'athlete': {'id': '3147657'}}],2026-05-26T00:58:27Z,True,"{'x': 48, 'y': 1}",3,Missed 3PT,328.0
401873344255,255,"{'id': '156', 'text': 'Offensive Rebound'}",Mitchell Robinson offensive rebound,61,35,2,5:24,False,0,{'id': '18'},[{'athlete': {'id': '4351852'}}],2026-05-26T00:58:31Z,False,"{'x': 48, 'y': 1}",0,Rebound,324.0
401873344256,256,"{'id': '87', 'text': 'Out of Bounds - Lost Ball Turnover'}",Mitchell Robinson out of bounds lost ball turnover,61,35,2,5:23,False,0,{'id': '18'},[{'athlete': {'id': '4351852'}}],2026-05-26T00:58:37Z,False,"{'x': 14, 'y': 3}",0,Turnover,323.0
401873344257,257,"{'id': '584', 'text': 'Substitution'}",Donovan Mitchell enters the game for Keon Ellis,61,35,2,5:23,False,0,{'id': '5'},"[{'athlete': {'id': '3908809'}}, {'athlete': {'id': '4702177'}}]",2026-05-26T00:58:41Z,False,"{'x': -214748340, 'y': -214748365}",0,Substitution,323.0
401873344258,258,"{'id': '584', 'text': 'Substitution'}",Evan Mobley enters the game for Jarrett Allen,61,35,2,5:23,False,0,{'id': '5'},"[{'athlete': {'id': '4432158'}}, {'athlete': {'id': '4066328'}}]",2026-05-26T00:58:41Z,False,"{'x': -214748340, 'y': -214748365}",0,Substitution,323.0
401873344261,261,"{'id': '142', 'text': 'Cutting Finger Roll Layup Shot'}",Max Strus makes layup (Sam Merrill assists),61,37,2,5:11,True,2,{'id': '5'},"[{'athlete': {'id': '4065778'}}, {'athlete': {'id': '4066757'}}]",2026-05-26T00:59:02Z,True,"{'x': 23, 'y': 0}",2,+2 Points,311.0
401873344263,263,"{'id': '45', 'text': 'Personal Foul'}",Evan Mobley personal foul,61,37,2,5:08,False,0,{'id': '5'},[{'athlete': {'id': '4432158'}}],2026-05-26T00:59:14Z,False,"{'x': 19, 'y': 8}",0,Foul,308.0
401873344265,265,"{'id': '98', 'text': 'Free Throw - 1 of 2'}",Mitchell Robinson misses free throw 1 of 2,61,37,2,5:08,False,0,{'id': '18'},[{'athlete': {'id': '4351852'}}],2026-05-26T01:00:01Z,True,"{'x': -214748340, 'y': -214748365}",1,Missed FT,308.0
401873344266,266,"{'id': '156', 'text': 'Offensive Rebound'}",Knicks offensive team rebound,61,37,2,5:08,False,0,{'id': '18'},,2026-05-26T01:00:01Z,False,"{'x': -214748340, 'y': -214748365}",0,Rebound,308.0
401873344267,267,"{'id': '584', 'text': 'Substitution'}",Josh Hart enters the game for Landry Shamet,61,37,2,5:08,False,0,{'id': '18'},"[{'athlete': {'id': '3062679'}}, {'athlete': {'id': '3914044'}}]",2026-05-26T01:00:04Z,False,"{'x': -214748340, 'y': -214748365}",0,Substitution,308.0
401873344269,269,"{'id': '99', 'text': 'Free Throw - 2 of 2'}",Mitchell Robinson misses free throw 2 of 2,61,37,2,5:08,False,0,{'id': '18'},[{'athlete': {'id': '4351852'}}],2026-05-26T01:00:01Z,True,"{'x': -214748340, 'y': -214748365}",1,Missed FT,308.0
401873344270,270,"{'id': '155', 'text': 'Defensive Rebound'}",Max Strus defensive rebound,61,37,2,5:05,False,0,{'id': '5'},[{'athlete': {'id': '4065778'}}],2026-05-26T01:00:04Z,False,"{'x': -214748340, 'y': -214748365}",0,Rebound,305.0
401873344271,271,"{'id': '92', 'text': 'Jump Shot'}",Max Strus misses 23-foot three point jumper,61,37,2,4:51,False,0,{'id': '5'},[{'athlete': {'id': '4065778'}}],2026-05-26T01:00:50Z,True,"{'x': 2, 'y': 2}",3,Missed 3PT,291.0
401873344272,272,"{'id': '155', 'text': 'Defensive Rebound'}",Josh Hart defensive rebound,61,37,2,4:49,False,0,{'id': '18'},[{'athlete': {'id': '3062679'}}],2026-05-26T01:00:52Z,False,"{'x': 2, 'y': 2}",0,Rebound,289.0
401873344274,274,"{'id': '16', 'text': 'Full Timeout'}",Knicks Full timeout,61,37,2,4:44,False,0,{'id': '18'},,2026-05-26T01:01:14Z,False,"{'x': -214748340, 'y': -214748365}",0,Timeout,284.0
401873344276,276,"{'id': '584', 'text': 'Substitution'}",Karl-Anthony Towns enters the game for Mitchell Robinson,61,37,2,4:44,False,0,{'id': '18'},"[{'athlete': {'id': '3136195'}}, {'athlete': {'id': '4351852'}}]",2026-05-26T01:03:14Z,False,"{'x': -214748340, 'y': -214748365}",0,Substitution,284.0
401873344278,278,"{'id': '92', 'text': 'Jump Shot'}",Mikal Bridges misses 23-foot three point jumper,61,37,2,4:37,False,0,{'id': '18'},[{'athlete': {'id': '3147657'}}],2026-05-26T01:04:58Z,True,"{'x': 1, 'y': 0}",3,Missed 3PT,277.0
401873344279,279,"{'id': '155', 'text': 'Defensive Rebound'}",Cavaliers defensive team rebound,61,37,2,4:35,False,0,{'id': '5'},,2026-05-26T01:05:00Z,False,"{'x': 1, 'y': 0}",0,Rebound,275.0
401873344281,281,"{'id': '114', 'text': 'Turnaround Jump Shot'}",Evan Mobley makes 9-foot turnaround jump shot (James Harden assists),61,39,2,4:25,True,2,{'id': '5'},"[{'athlete': {'id': '4432158'}}, {'athlete': {'id': '3992'}}]",2026-05-26T01:05:17Z,True,"{'x': 19, 'y': 8}",2,+2 Points,265.0
401873344283,283,"{'id': '144', 'text': 'Driving Floating Jump Shot'}",Karl-Anthony Towns misses driving floating jump shot,61,39,2,4:03,False,0,{'id': '18'},[{'athlete': {'id': '3136195'}}],2026-05-26T01:05:40Z,True,"{'x': 31, 'y': 12}",2,Missed FG,243.0
401873344284,284,"{'id': '155', 'text': 'Defensive Rebound'}",Donovan Mitchell defensive rebound,61,39,2,3:59,False,0,{'id': '5'},[{'athlete': {'id': '3908809'}}],2026-05-26T01:05:43Z,False,"{'x': 31, 'y': 12}",0,Rebound,239.0
401873344285,285,"{'id': '131', 'text': 'Pullup Jump Shot'}",Donovan Mitchell misses 17-foot pullup jump shot,61,39,2,3:49,False,0,{'id': '5'},[{'athlete': {'id': '3908809'}}],2026-05-26T01:05:54Z,True,"{'x': 27, 'y': 18}",2,Missed FG,229.0
401873344286,286,"{'id': '155', 'text': 'Defensive Rebound'}",Karl-Anthony Towns defensive rebound,61,39,2,3:45,False,0,{'id': '18'},[{'athlete': {'id': '3136195'}}],2026-05-26T01:05:57Z,False,"{'x': 27, 'y': 18}",0,Rebound,225.0
401873344287,287,"{'id': '44', 'text': 'Shooting Foul'}",Donovan Mitchell shooting foul,61,39,2,3:43,False,0,{'id': '5'},[{'athlete': {'id': '3908809'}}],2026-05-26T01:06:04Z,False,"{'x': 25, 'y': 0}",0,Foul,223.0
401873344289,289,"{'id': '98', 'text': 'Free Throw - 1 of 2'}",Josh Hart misses free throw 1 of 2,61,39,2,3:43,False,0,{'id': '18'},[{'athlete': {'id': '3062679'}}],2026-05-26T01:06:30Z,True,"{'x': -214748340, 'y': -214748365}",1,Missed FT,223.0
401873344290,290,"{'id': '156', 'text': 'Offensive Rebound'}",Knicks offensive team rebound,61,39,2,3:43,False,0,{'id': '18'},,2026-05-26T01:06:30Z,False,"{'x': -214748340, 'y': -214748365}",0,Rebound,223.0
401873344291,291,"{'id': '99', 'text': 'Free Throw - 2 of 2'}",Josh Hart makes free throw 2 of 2,62,39,2,3:43,True,1,{'id': '18'},[{'athlete': {'id': '3062679'}}],2026-05-26T01:06:30Z,True,"{'x': -214748340, 'y': -214748365}",1,+1 Point,223.0
401873344292,292,"{'id': '114', 'text': 'Turnaround Jump Shot'}",James Harden makes 10-foot turnaround jump shot,62,41,2,3:26,True,2,{'id': '5'},[{'athlete': {'id': '3992'}}],2026-05-26T01:07:14Z,True,"{'x': 30, 'y': 9}",2,+2 Points,206.0
401873344293,293,"{'id': '92', 'text': 'Jump Shot'}",Josh Hart misses 26-foot three point jumper,62,41,2,3:06,False,0,{'id': '18'},[{'athlete': {'id': '3062679'}}],2026-05-26T01:07:35Z,True,"{'x': 32, 'y': 26}",3,Missed 3PT,186.0
401873344294,294,"{'id': '155', 'text': 'Defensive Rebound'}",James Harden defensive rebound,62,41,2,3:03,False,0,{'id': '5'},[{'athlete': {'id': '3992'}}],2026-05-26T01:07:38Z,False,"{'x': 32, 'y': 26}",0,Rebound,183.0
401873344295,295,"{'id': '44', 'text': 'Shooting Foul'}",OG Anunoby shooting foul,62,41,2,2:53,False,0,{'id': '18'},[{'athlete': {'id': '3934719'}}],2026-05-26T01:07:51Z,False,"{'x': 22, 'y': 2}",0,Foul,173.0
401873344297,297,"{'id': '98', 'text': 'Free Throw - 1 of 2'}",James Harden misses free throw 1 of 2,62,41,2,2:53,False,0,{'id': '5'},[{'athlete': {'id': '3992'}}],2026-05-26T01:08:24Z,True,"{'x': -214748340, 'y': -214748365}",1,Missed FT,173.0
401873344298,298,"{'id': '156', 'text': 'Offensive Rebound'}",Cavaliers offensive team rebound,62,41,2,2:53,False,0,{'id': '5'},,2026-05-26T01:08:24Z,False,"{'x': -214748340, 'y': -214748365}",0,Rebound,173.0
401873344299,299,"{'id': '584', 'text': 'Substitution'}",Jarrett Allen enters the game for Sam Merrill,62,41,2,2:53,False,0,{'id': '5'},"[{'athlete': {'id': '4066328'}}, {'athlete': {'id': '4066757'}}]",2026-05-26T01:08:25Z,False,"{'x': -214748340, 'y': -214748365}",0,Substitution,173.0
401873344301,301,"{'id': '99', 'text': 'Free Throw - 2 of 2'}",James Harden makes free throw 2 of 2,62,42,2,2:53,True,1,{'id': '5'},[{'athlete': {'id': '3992'}}],2026-05-26T01:08:43Z,True,"{'x': -214748340, 'y': -214748365}",1,+1 Point,173.0
401873344302,302,"{'id': '144', 'text': 'Driving Floating Jump Shot'}",Jalen Brunson makes 9-foot driving floating jump shot (Karl-Anthony Towns assists),64,42,2,2:32,True,2,{'id': '18'},"[{'athlete': {'id': '3934672'}}, {'athlete': {'id': '3136195'}}]",2026-05-26T01:09:07Z,True,"{'x': 27, 'y': 10}",2,+2 Points,152.0
401873344304,304,"{'id': '92', 'text': 'Jump Shot'}",Donovan Mitchell makes 26-foot three point jumper (James Harden assists),64,45,2,2:19,True,3,{'id': '5'},"[{'athlete': {'id': '3908809'}}, {'athlete': {'id': '3992'}}]",2026-05-26T01:09:21Z,True,"{'x': 9, 'y': 21}",3,+3 Points,139.0
401873344306,306,"{'id': '92', 'text': 'Jump Shot'}",Mikal Bridges misses 23-foot three point jumper,64,45,2,2:04,False,0,{'id': '18'},[{'athlete': {'id': '3147657'}}],2026-05-26T01:09:35Z,True,"{'x': 2, 'y': 1}",3,Missed 3PT,124.0
401873344307,307,"{'id': '155', 'text': 'Defensive Rebound'}",James Harden defensive rebound,64,45,2,2:00,False,0,{'id': '5'},[{'athlete': {'id': '3992'}}],2026-05-26T01:09:39Z,False,"{'x': 2, 'y': 1}",0,Rebound,120.0
401873344308,308,"{'id': '44', 'text': 'Shooting Foul'}",Karl-Anthony Towns shooting foul,64,45,2,1:53,False,0,{'id': '18'},[{'athlete': {'id': '3136195'}}],2026-05-26T01:09:49Z,False,"{'x': 23, 'y': 2}",0,Foul,113.0
401873344310,310,"{'id': '98', 'text': 'Free Throw - 1 of 2'}",James Harden makes free throw 1 of 2,64,46,2,1:53,True,1,{'id': '5'},[{'athlete': {'id': '3992'}}],2026-05-26T01:10:20Z,True,"{'x': -214748340, 'y': -214748365}",1,+1 Point,113.0
401873344311,311,"{'id': '584', 'text': 'Substitution'}",Landry Shamet enters the game for Josh Hart,64,46,2,1:53,False,0,{'id': '18'},"[{'athlete': {'id': '3914044'}}, {'athlete': {'id': '3062679'}}]",2026-05-26T01:10:22Z,False,"{'x': -214748340, 'y': -214748365}",0,Substitution,113.0
401873344312,312,"{'id': '584', 'text': 'Substitution'}",Mitchell Robinson enters the game for Karl-Anthony Towns,64,46,2,1:53,False,0,{'id': '18'},"[{'athlete': {'id': '4351852'}}, {'athlete': {'id': '3136195'}}]",2026-05-26T01:10:22Z,False,"{'x': -214748340, 'y': -214748365}",0,Substitution,113.0
401873344315,315,"{'id': '99', 'text': 'Free Throw - 2 of 2'}",James Harden makes free throw 2 of 2,64,47,2,1:53,True,1,{'id': '5'},[{'athlete': {'id': '3992'}}],2026-05-26T01:10:49Z,True,"{'x': -214748340, 'y': -214748365}",1,+1 Point,113.0
401873344316,316,"{'id': '137', 'text': 'Turnaround Fade Away Jump Shot'}",Mikal Bridges makes 15-foot two point shot,66,47,2,1:28,True,2,{'id': '18'},[{'athlete': {'id': '3147657'}}],2026-05-26T01:11:16Z,True,"{'x': 41, 'y': 2}",2,+2 Points,88.0
401873344317,317,"{'id': '92', 'text': 'Jump Shot'}",Evan Mobley misses 25-foot three point jumper,66,47,2,1:09,False,0,{'id': '5'},[{'athlete': {'id': '4432158'}}],2026-05-26T01:11:36Z,True,"{'x': 48, 'y': 11}",3,Missed 3PT,69.0
401873344318,318,"{'id': '155', 'text': 'Defensive Rebound'}",Mikal Bridges defensive rebound,66,47,2,1:08,False,0,{'id': '18'},[{'athlete': {'id': '3147657'}}],2026-05-26T01:11:37Z,False,"{'x': 48, 'y': 11}",0,Rebound,68.0
401873344319,319,"{'id': '45', 'text': 'Personal Foul'}",Max Strus personal foul,66,47,2,1:08,False,0,{'id': '5'},[{'athlete': {'id': '4065778'}}],2026-05-26T01:11:46Z,False,"{'x': 42, 'y': 15}",0,Foul,68.0
401873344321,321,"{'id': '98', 'text': 'Free Throw - 1 of 2'}",Landry Shamet makes free throw 1 of 2,67,47,2,1:08,True,1,{'id': '18'},[{'athlete': {'id': '3914044'}}],2026-05-26T01:12:17Z,True,"{'x': -214748340, 'y': -214748365}",1,+1 Point,68.0
401873344322,322,"{'id': '99', 'text': 'Free Throw - 2 of 2'}",Landry Shamet makes free throw 2 of 2,68,47,2,1:08,True,1,{'id': '18'},[{'athlete': {'id': '3914044'}}],2026-05-26T01:12:35Z,True,"{'x': -214748340, 'y': -214748365}",1,+1 Point,68.0
401873344323,323,"{'id': '45', 'text': 'Personal Foul'}",Landry Shamet personal foul,68,47,2,59.9,False,0,{'id': '18'},[{'athlete': {'id': '3914044'}}],2026-05-26T01:12:49Z,False,"{'x': 14, 'y': 25}",0,Foul,59.9
401873344325,325,"{'id': '98', 'text': 'Free Throw - 1 of 2'}",Donovan Mitchell makes free throw 1 of 2,68,48,2,59.9,True,1,{'id': '5'},[{'athlete': {'id': '3908809'}}],2026-05-26T01:13:19Z,True,"{'x': -214748340, 'y': -214748365}",1,+1 Point,59.9
401873344326,326,"{'id': '99', 'text': 'Free Throw - 2 of 2'}",Donovan Mitchell makes free throw 2 of 2,68,49,2,59.9,True,1,{'id': '5'},[{'athlete': {'id': '3908809'}}],2026-05-26T01:13:38Z,True,"{'x': -214748340, 'y': -214748365}",1,+1 Point,59.9
401873344327,327,"{'id': '130', 'text': 'Floating Jump Shot'}",Jarrett Allen blocks Mikal Bridges 's 5-foot floating jump shot,68,49,2,44.2,False,0,{'id': '18'},"[{'athlete': {'id': '3147657'}}, {'athlete': {'id': '4066328'}}]",2026-05-26T01:13:56Z,True,"{'x': 30, 'y': 3}",2,Missed FG,44.2
401873344329,329,"{'id': '155', 'text': 'Defensive Rebound'}",Jarrett Allen defensive rebound,68,49,2,40.1,False,0,{'id': '5'},[{'athlete': {'id': '4066328'}}],2026-05-26T01:14:00Z,False,"{'x': 30, 'y': 3}",0,Rebound,40.1
401873344330,330,"{'id': '87', 'text': 'Out of Bounds - Lost Ball Turnover'}",Evan Mobley out of bounds lost ball turnover,68,49,2,33.5,False,0,{'id': '5'},[{'athlete': {'id': '4432158'}}],2026-05-26T01:14:08Z,False,"{'x': 10, 'y': 4}",0,Turnover,33.5
401873344331,331,"{'id': '131', 'text': 'Pullup Jump Shot'}",Jalen Brunson misses 19-foot pullup jump shot,68,49,2,18.7,False,0,{'id': '18'},[{'athlete': {'id': '3934672'}}],2026-05-26T01:14:42Z,True,"{'x': 33, 'y': 18}",2,Missed FG,18.7
401873344332,332,"{'id': '155', 'text': 'Defensive Rebound'}",Max Strus defensive rebound,68,49,2,16.7,False,0,{'id': '5'},[{'athlete': {'id': '4065778'}}],2026-05-26T01:14:44Z,False,"{'x': 33, 'y': 18}",0,Rebound,16.7
401873344333,333,"{'id': '144', 'text': 'Driving Floating Jump Shot'}",Donovan Mitchell misses driving floating jump shot,68,49,2,1.6,False,0,{'id': '5'},[{'athlete': {'id': '3908809'}}],2026-05-26T01:14:59Z,True,"{'x': 29, 'y': 9}",2,Missed FG,1.6
401873344334,334,"{'id': '155', 'text': 'Defensive Rebound'}",Mikal Bridges defensive rebound,68,49,2,1.6,False,0,{'id': '18'},[{'athlete': {'id': '3147657'}}],2026-05-26T01:14:59Z,False,"{'x': 29, 'y': 9}",0,Rebound,1.6
401873344335,335,"{'id': '282', 'text': 'Heave Jump Shot'}",Mikal Bridges misses heave jump shot,68,49,2,0.0,False,0,{'id': '18'},[{'athlete': {'id': '3147657'}}],2026-05-26T01:15:04Z,True,"{'x': 25, 'y': 72}",3,Missed 3PT,0.0
401873344336,336,"{'id': '156', 'text': 'Offensive Rebound'}",Knicks offensive team rebound,68,49,2,0.0,False,0,{'id': '18'},,2026-05-26T01:15:04Z,False,"{'x': 25, 'y': 12}",0,Rebound,0.0
401873344337,337,"{'id': '412', 'text': 'End Period'}",End of the 2nd Quarter,68,49,2,0.0,False,0,,,2026-05-26T01:15:09Z,False,"{'x': -214748340, 'y': -214748365}",0,Halftime,0.0
401873344338,338,"{'id': '584', 'text': 'Substitution'}",Karl-Anthony Towns enters the game for Landry Shamet,68,49,3,12:00,False,0,{'id': '18'},"[{'athlete': {'id': '3136195'}}, {'athlete': {'id': '3914044'}}]",2026-05-26T01:15:22Z,False,"{'x': -214748340, 'y': -214748365}",0,Substitution,720.0
401873344339,339,"{'id': '584', 'text': 'Substitution'}",Josh Hart enters the game for Mitchell Robinson,68,49,3,12:00,False,0,{'id': '18'},"[{'athlete': {'id': '3062679'}}, {'athlete': {'id': '4351852'}}]",2026-05-26T01:15:22Z,False,"{'x': -214748340, 'y': -214748365}",0,Substitution,720.0
401873344343,343,"{'id': '93', 'text': 'Hook Shot'}",Karl-Anthony Towns misses 3-foot hook shot,68,49,3,11:46,False,0,{'id': '18'},[{'athlete': {'id': '3136195'}}],2026-05-26T01:31:53Z,True,"{'x': 21, 'y': 0}",2,Missed FG,706.0
401873344344,344,"{'id': '156', 'text': 'Offensive Rebound'}",Josh Hart offensive rebound,68,49,3,11:43,False,0,{'id': '18'},[{'athlete': {'id': '3062679'}}],2026-05-26T01:31:56Z,False,"{'x': 21, 'y': 0}",0,Rebound,703.0
401873344345,345,"{'id': '92', 'text': 'Jump Shot'}",OG Anunoby misses 24-foot three point jumper,68,49,3,11:42,False,0,{'id': '18'},[{'athlete': {'id': '3934719'}}],2026-05-26T01:31:57Z,True,"{'x': 49, 'y': 8}",3,Missed 3PT,702.0
401873344346,346,"{'id': '155', 'text': 'Defensive Rebound'}",Evan Mobley defensive rebound,68,49,3,11:40,False,0,{'id': '5'},[{'athlete': {'id': '4432158'}}],2026-05-26T01:31:59Z,False,"{'x': 49, 'y': 8}",0,Rebound,700.0
401873344349,349,"{'id': '118', 'text': 'Alley Oop Dunk Shot'}",Jarrett Allen makes alley oop dunk (Max Strus assists),68,51,3,11:32,True,2,{'id': '5'},"[{'athlete': {'id': '4066328'}}, {'athlete': {'id': '4065778'}}]",2026-05-26T01:32:07Z,True,"{'x': 25, 'y': 0}",2,+2 Points,692.0
401873344351,351,"{'id': '121', 'text': 'Fade Away Jump Shot'}",Mikal Bridges misses 9-foot fade away jump shot,68,51,3,11:11,False,0,{'id': '18'},[{'athlete': {'id': '3147657'}}],2026-05-26T01:32:28Z,True,"{'x': 20, 'y': 9}",2,Missed FG,671.0
401873344352,352,"{'id': '155', 'text': 'Defensive Rebound'}",Evan Mobley defensive rebound,68,51,3,11:09,False,0,{'id': '5'},[{'athlete': {'id': '4432158'}}],2026-05-26T01:32:30Z,False,"{'x': 20, 'y': 9}",0,Rebound,669.0
401873344353,353,"{'id': '113', 'text': 'Running Jump Shot'}",James Harden misses 25-foot running jump shot,68,51,3,11:03,False,0,{'id': '5'},[{'athlete': {'id': '3992'}}],2026-05-26T01:32:36Z,True,"{'x': 46, 'y': 15}",3,Missed 3PT,663.0
401873344354,354,"{'id': '156', 'text': 'Offensive Rebound'}",Evan Mobley offensive rebound,68,51,3,11:00,False,0,{'id': '5'},[{'athlete': {'id': '4432158'}}],2026-05-26T01:32:39Z,False,"{'x': 46, 'y': 15}",0,Rebound,660.0
401873344355,355,"{'id': '62', 'text': 'Bad Pass\nTurnover'}","Max Strus bad pass
turnover (Josh Hart steals)",68,51,3,10:56,False,0,{'id': '5'},"[{'athlete': {'id': '4065778'}}, {'athlete': {'id': '3062679'}}]",2026-05-26T01:32:43Z,False,"{'x': 41, 'y': 2}",0,Turnover,656.0
401873344357,357,"{'id': '136', 'text': 'Turnaround Bank Jump Shot'}",OG Anunoby misses two point shot,68,51,3,10:48,False,0,{'id': '18'},[{'athlete': {'id': '3934719'}}],2026-05-26T01:32:51Z,True,"{'x': 26, 'y': 1}",2,Missed FG,648.0
401873344358,358,"{'id': '156', 'text': 'Offensive Rebound'}",Josh Hart offensive rebound,68,51,3,10:46,False,0,{'id': '18'},[{'athlete': {'id': '3062679'}}],2026-05-26T01:32:53Z,False,"{'x': 26, 'y': 1}",0,Rebound,646.0
401873344359,359,"{'id': '125', 'text': 'Layup Shot Putback'}",Josh Hart makes two point shot,70,51,3,10:45,True,2,{'id': '18'},[{'athlete': {'id': '3062679'}}],2026-05-26T01:32:58Z,True,"{'x': 25, 'y': 0}",2,+2 Points,645.0
401873344360,360,"{'id': '45', 'text': 'Personal Foul'}",Mikal Bridges personal foul,70,51,3,10:25,False,0,{'id': '18'},[{'athlete': {'id': '3147657'}}],2026-05-26T01:33:17Z,False,"{'x': 25, 'y': 2}",0,Foul,625.0
401873344362,362,"{'id': '120', 'text': 'Turnaround Hook Shot'}",Jarrett Allen misses 6-foot two point shot,70,51,3,10:17,False,0,{'id': '5'},[{'athlete': {'id': '4066328'}}],2026-05-26T01:34:02Z,True,"{'x': 31, 'y': 2}",2,Missed FG,617.0
401873344363,363,"{'id': '155', 'text': 'Defensive Rebound'}",Karl-Anthony Towns defensive rebound,70,51,3,10:15,False,0,{'id': '18'},[{'athlete': {'id': '3136195'}}],2026-05-26T01:34:04Z,False,"{'x': 31, 'y': 2}",0,Rebound,615.0
401873344364,364,"{'id': '44', 'text': 'Shooting Foul'}",Max Strus shooting foul,70,51,3,10:13,False,0,{'id': '5'},[{'athlete': {'id': '4065778'}}],2026-05-26T01:34:10Z,False,"{'x': 25, 'y': 4}",0,Foul,613.0
401873344366,366,"{'id': '98', 'text': 'Free Throw - 1 of 2'}",OG Anunoby makes free throw 1 of 2,71,51,3,10:13,True,1,{'id': '18'},[{'athlete': {'id': '3934719'}}],2026-05-26T01:34:42Z,True,"{'x': -214748340, 'y': -214748365}",1,+1 Point,613.0
401873344367,367,"{'id': '99', 'text': 'Free Throw - 2 of 2'}",OG Anunoby makes free throw 2 of 2,72,51,3,10:13,True,1,{'id': '18'},[{'athlete': {'id': '3934719'}}],2026-05-26T01:35:00Z,True,"{'x': -214748340, 'y': -214748365}",1,+1 Point,613.0
401873344368,368,"{'id': '93', 'text': 'Hook Shot'}",Jarrett Allen makes 3-foot hook shot (Evan Mobley assists),72,53,3,9:57,True,2,{'id': '5'},"[{'athlete': {'id': '4066328'}}, {'athlete': {'id': '4432158'}}]",2026-05-26T01:35:17Z,True,"{'x': 22, 'y': 1}",2,+2 Points,597.0
401873344370,370,"{'id': '90', 'text': 'Out of Bounds - Bad Pass Turnover'}",Karl-Anthony Towns out of bounds bad pass turnover,72,53,3,9:43,False,0,{'id': '18'},[{'athlete': {'id': '3136195'}}],2026-05-26T01:35:33Z,False,"{'x': 13, 'y': 4}",0,Turnover,583.0
401873344371,371,"{'id': '44', 'text': 'Shooting Foul'}",Josh Hart shooting foul,72,53,3,9:36,False,0,{'id': '18'},[{'athlete': {'id': '3062679'}}],2026-05-26T01:35:49Z,False,"{'x': 29, 'y': 25}",0,Foul,576.0
401873344373,373,"{'id': '100', 'text': 'Free Throw - 1 of 3'}",Donovan Mitchell makes free throw 1 of 3,72,54,3,9:36,True,1,{'id': '5'},[{'athlete': {'id': '3908809'}}],2026-05-26T01:36:21Z,True,"{'x': -214748340, 'y': -214748365}",1,+1 Point,576.0
401873344374,374,"{'id': '101', 'text': 'Free Throw - 2 of 3'}",Donovan Mitchell makes free throw 2 of 3,72,55,3,9:36,True,1,{'id': '5'},[{'athlete': {'id': '3908809'}}],2026-05-26T01:36:21Z,True,"{'x': -214748340, 'y': -214748365}",1,+1 Point,576.0
401873344375,375,"{'id': '102', 'text': 'Free Throw - 3 of 3'}",Donovan Mitchell makes free throw 3 of 3,72,56,3,9:36,True,1,{'id': '5'},[{'athlete': {'id': '3908809'}}],2026-05-26T01:36:21Z,True,"{'x': -214748340, 'y': -214748365}",1,+1 Point,576.0
401873344376,376,"{'id': '144', 'text': 'Driving Floating Jump Shot'}",Mikal Bridges misses driving floating jump shot,72,56,3,9:22,False,0,{'id': '18'},[{'athlete': {'id': '3147657'}}],2026-05-26T01:37:17Z,True,"{'x': 30, 'y': 8}",2,Missed FG,562.0
401873344377,377,"{'id': '155', 'text': 'Defensive Rebound'}",Cavaliers defensive team rebound,72,56,3,9:20,False,0,{'id': '5'},,2026-05-26T01:37:19Z,False,"{'x': 30, 'y': 8}",0,Rebound,560.0
401873344379,379,"{'id': '62', 'text': 'Bad Pass\nTurnover'}","James Harden bad pass
turnover (Josh Hart steals)",72,56,3,9:07,False,0,{'id': '5'},"[{'athlete': {'id': '3992'}}, {'athlete': {'id': '3062679'}}]",2026-05-26T01:37:40Z,False,"{'x': 30, 'y': 7}",0,Turnover,547.0
401873344381,381,"{'id': '113', 'text': 'Running Jump Shot'}",Mikal Bridges misses 4-foot running jump shot,72,56,3,9:00,False,0,{'id': '18'},[{'athlete': {'id': '3147657'}}],2026-05-26T01:37:46Z,True,"{'x': 29, 'y': 2}",2,Missed FG,540.0
401873344382,382,"{'id': '156', 'text': 'Offensive Rebound'}",OG Anunoby offensive rebound,72,56,3,8:59,False,0,{'id': '18'},[{'athlete': {'id': '3934719'}}],2026-05-26T01:37:48Z,False,"{'x': 29, 'y': 2}",0,Rebound,539.0
401873344383,383,"{'id': '70', 'text': 'Shot Clock Turnover'}",shot clock turnover ,72,56,3,8:46,False,0,{'id': '18'},,2026-05-26T01:38:03Z,False,"{'x': 13, 'y': 16}",0,Turnover,526.0
401873344384,384,"{'id': '144', 'text': 'Driving Floating Jump Shot'}",Karl-Anthony Towns blocks Max Strus 's 2-foot driving floating jump shot,72,56,3,8:33,False,0,{'id': '5'},"[{'athlete': {'id': '4065778'}}, {'athlete': {'id': '3136195'}}]",2026-05-26T01:38:33Z,True,"{'x': 27, 'y': 1}",2,Missed FG,513.0
401873344386,386,"{'id': '155', 'text': 'Defensive Rebound'}",Karl-Anthony Towns defensive rebound,72,56,3,8:31,False,0,{'id': '18'},[{'athlete': {'id': '3136195'}}],2026-05-26T01:38:35Z,False,"{'x': 27, 'y': 1}",0,Rebound,511.0
401873344387,387,"{'id': '92', 'text': 'Jump Shot'}",Karl-Anthony Towns makes 32-foot three point jumper (OG Anunoby assists),75,56,3,8:24,True,3,{'id': '18'},"[{'athlete': {'id': '3136195'}}, {'athlete': {'id': '3934719'}}]",2026-05-26T01:38:41Z,True,"{'x': 10, 'y': 29}",3,+3 Points,504.0
401873344389,389,"{'id': '92', 'text': 'Jump Shot'}",Evan Mobley misses 25-foot three point jumper,75,56,3,8:10,False,0,{'id': '5'},[{'athlete': {'id': '4432158'}}],2026-05-26T01:38:55Z,True,"{'x': 13, 'y': 23}",3,Missed 3PT,490.0
401873344390,390,"{'id': '155', 'text': 'Defensive Rebound'}",Josh Hart defensive rebound,75,56,3,8:08,False,0,{'id': '18'},[{'athlete': {'id': '3062679'}}],2026-05-26T01:38:57Z,False,"{'x': 13, 'y': 23}",0,Rebound,488.0
401873344391,391,"{'id': '92', 'text': 'Jump Shot'}",Mikal Bridges makes 23-foot three point jumper (OG Anunoby assists),78,56,3,7:58,True,3,{'id': '18'},"[{'athlete': {'id': '3147657'}}, {'athlete': {'id': '3934719'}}]",2026-05-26T01:39:07Z,True,"{'x': 49, 'y': 2}",3,+3 Points,478.0
401873344393,393,"{'id': '16', 'text': 'Full Timeout'}",Cavaliers Full timeout,78,56,3,7:57,False,0,{'id': '5'},,2026-05-26T01:39:13Z,False,"{'x': -214748340, 'y': -214748365}",0,Timeout,477.0
401873344394,394,"{'id': '584', 'text': 'Substitution'}",Sam Merrill enters the game for Max Strus,78,56,3,7:57,False,0,{'id': '5'},"[{'athlete': {'id': '4066757'}}, {'athlete': {'id': '4065778'}}]",2026-05-26T01:39:14Z,False,"{'x': -214748340, 'y': -214748365}",0,Substitution,477.0
401873344396,396,"{'id': '62', 'text': 'Bad Pass\nTurnover'}","James Harden bad pass
turnover (OG Anunoby steals)",78,56,3,7:49,False,0,{'id': '5'},"[{'athlete': {'id': '3992'}}, {'athlete': {'id': '3934719'}}]",2026-05-26T01:43:05Z,False,"{'x': 36, 'y': 27}",0,Turnover,469.0
401873344398,398,"{'id': '149', 'text': 'Running Alley Oop Dunk Shot'}",OG Anunoby makes dunk (Jalen Brunson assists),80,56,3,7:44,True,2,{'id': '18'},"[{'athlete': {'id': '3934719'}}, {'athlete': {'id': '3934672'}}]",2026-05-26T01:43:10Z,True,"{'x': 25, 'y': 1}",2,+2 Points,464.0
401873344400,400,"{'id': '92', 'text': 'Jump Shot'}",Sam Merrill misses 25-foot three point jumper,80,56,3,7:23,False,0,{'id': '5'},[{'athlete': {'id': '4066757'}}],2026-05-26T01:43:31Z,True,"{'x': 39, 'y': 22}",3,Missed 3PT,443.0
401873344401,401,"{'id': '155', 'text': 'Defensive Rebound'}",Karl-Anthony Towns defensive rebound,80,56,3,7:21,False,0,{'id': '18'},[{'athlete': {'id': '3136195'}}],2026-05-26T01:43:33Z,False,"{'x': 39, 'y': 22}",0,Rebound,441.0
401873344402,402,"{'id': '110', 'text': 'Driving Layup Shot'}",Karl-Anthony Towns makes driving layup (Josh Hart assists),82,56,3,7:13,True,2,{'id': '18'},"[{'athlete': {'id': '3136195'}}, {'athlete': {'id': '3062679'}}]",2026-05-26T01:43:41Z,True,"{'x': 25, 'y': 1}",2,+2 Points,433.0
401873344404,404,"{'id': '144', 'text': 'Driving Floating Jump Shot'}",Donovan Mitchell misses driving floating jump shot,82,56,3,7:07,False,0,{'id': '5'},[{'athlete': {'id': '3908809'}}],2026-05-26T01:43:50Z,True,"{'x': 31, 'y': 7}",2,Missed FG,427.0
401873344405,405,"{'id': '155', 'text': 'Defensive Rebound'}",Josh Hart defensive rebound,82,56,3,7:05,False,0,{'id': '18'},[{'athlete': {'id': '3062679'}}],2026-05-26T01:43:52Z,False,"{'x': 31, 'y': 7}",0,Rebound,425.0
401873344461,461,"{'id': '109', 'text': 'Running Layup Shot'}",James Harden blocks OG Anunoby's running layup,82,56,3,7:01,False,0,{'id': '18'},"[{'athlete': {'id': '3934719'}}, {'athlete': {'id': '3992'}}]",2026-05-26T01:43:54Z,True,"{'x': 25, 'y': 1}",2,Missed FG,421.0
401873344463,463,"{'id': '156', 'text': 'Offensive Rebound'}",Josh Hart offensive rebound,82,56,3,7:00,False,0,{'id': '18'},[{'athlete': {'id': '3062679'}}],2026-05-26T01:43:55Z,False,"{'x': 25, 'y': 1}",0,Rebound,420.0
401873344406,406,"{'id': '92', 'text': 'Jump Shot'}",Jalen Brunson misses 25-foot three point jumper,82,56,3,6:56,False,0,{'id': '18'},[{'athlete': {'id': '3934672'}}],2026-05-26T01:43:59Z,True,"{'x': 46, 'y': 14}",3,Missed 3PT,416.0
401873344407,407,"{'id': '156', 'text': 'Offensive Rebound'}",OG Anunoby offensive rebound,82,56,3,6:54,False,0,{'id': '18'},[{'athlete': {'id': '3934719'}}],2026-05-26T01:44:01Z,False,"{'x': 46, 'y': 14}",0,Rebound,414.0
401873344408,408,"{'id': '150', 'text': 'Tip Dunk Shot'}",OG Anunoby makes tip in dunk,84,56,3,6:53,True,2,{'id': '18'},[{'athlete': {'id': '3934719'}}],2026-05-26T01:44:05Z,True,"{'x': 25, 'y': 0}",2,+2 Points,413.0
401873344409,409,"{'id': '63', 'text': 'Lost Ball Turnover'}",Jarrett Allen lost ball turnover (OG Anunoby steals),84,56,3,6:39,False,0,{'id': '5'},"[{'athlete': {'id': '4066328'}}, {'athlete': {'id': '3934719'}}]",2026-05-26T01:44:16Z,False,"{'x': 24, 'y': 4}",0,Turnover,399.0
401873344411,411,"{'id': '45', 'text': 'Personal Foul'}",Sam Merrill personal foul,84,56,3,6:37,False,0,{'id': '5'},[{'athlete': {'id': '4066757'}}],2026-05-26T01:44:24Z,False,"{'x': 34, 'y': 35}",0,Foul,397.0
401873344413,413,"{'id': '584', 'text': 'Substitution'}",Dean Wade enters the game for Evan Mobley,84,56,3,6:37,False,0,{'id': '5'},"[{'athlete': {'id': '3912848'}}, {'athlete': {'id': '4432158'}}]",2026-05-26T01:44:31Z,False,"{'x': -214748340, 'y': -214748365}",0,Substitution,397.0
401873344415,415,"{'id': '78', 'text': 'Palming Turnover'}",Josh Hart palming turnover,84,56,3,6:23,False,0,{'id': '18'},[{'athlete': {'id': '3062679'}}],2026-05-26T01:45:05Z,False,"{'x': 17, 'y': 14}",0,Turnover,383.0
401873344416,416,"{'id': '45', 'text': 'Personal Foul'}",Josh Hart personal foul,84,56,3,6:12,False,0,{'id': '18'},[{'athlete': {'id': '3062679'}}],2026-05-26T01:45:28Z,False,"{'x': 19, 'y': 15}",0,Foul,372.0
401873344418,418,"{'id': '45', 'text': 'Personal Foul'}",Karl-Anthony Towns personal foul,84,56,3,6:12,False,0,{'id': '18'},[{'athlete': {'id': '3136195'}}],2026-05-26T01:45:54Z,False,"{'x': 17, 'y': 19}",0,Foul,372.0
401873344420,420,"{'id': '584', 'text': 'Substitution'}",Mitchell Robinson enters the game for Karl-Anthony Towns,84,56,3,6:12,False,0,{'id': '18'},"[{'athlete': {'id': '4351852'}}, {'athlete': {'id': '3136195'}}]",2026-05-26T01:46:11Z,False,"{'x': -214748340, 'y': -214748365}",0,Substitution,372.0
401873344422,422,"{'id': '132', 'text': 'Step Back Jump Shot'}",Donovan Mitchell makes 25-foot three point step back jumpshot,84,59,3,6:03,True,3,{'id': '5'},[{'athlete': {'id': '3908809'}}],2026-05-26T01:46:39Z,True,"{'x': 30, 'y': 25}",3,+3 Points,363.0
401873344423,423,"{'id': '92', 'text': 'Jump Shot'}",Mikal Bridges misses 26-foot three point jumper,84,59,3,5:41,False,0,{'id': '18'},[{'athlete': {'id': '3147657'}}],2026-05-26T01:47:00Z,True,"{'x': 2, 'y': 14}",3,Missed 3PT,341.0
401873344424,424,"{'id': '155', 'text': 'Defensive Rebound'}",Jarrett Allen defensive rebound,84,59,3,5:36,False,0,{'id': '5'},[{'athlete': {'id': '4066328'}}],2026-05-26T01:47:05Z,False,"{'x': 2, 'y': 14}",0,Rebound,336.0
401873344425,425,"{'id': '146', 'text': 'Running Pullup Jump Shot'}",Donovan Mitchell misses running pullup jump shot,84,59,3,5:32,False,0,{'id': '5'},[{'athlete': {'id': '3908809'}}],2026-05-26T01:47:10Z,True,"{'x': 1, 'y': 11}",3,Missed 3PT,332.0
401873344426,426,"{'id': '155', 'text': 'Defensive Rebound'}",OG Anunoby defensive rebound,84,59,3,5:30,False,0,{'id': '18'},[{'athlete': {'id': '3934719'}}],2026-05-26T01:47:12Z,False,"{'x': 1, 'y': 11}",0,Rebound,330.0
401873344427,427,"{'id': '62', 'text': 'Bad Pass\nTurnover'}","OG Anunoby bad pass
turnover (Dean Wade steals)",84,59,3,5:29,False,0,{'id': '18'},"[{'athlete': {'id': '3934719'}}, {'athlete': {'id': '3912848'}}]",2026-05-26T01:47:13Z,False,"{'x': 10, 'y': 19}",0,Turnover,329.0
401873344429,429,"{'id': '92', 'text': 'Jump Shot'}",James Harden misses 24-foot three point jumper,84,59,3,5:21,False,0,{'id': '5'},[{'athlete': {'id': '3992'}}],2026-05-26T01:47:20Z,True,"{'x': 29, 'y': 25}",3,Missed 3PT,321.0
401873344430,430,"{'id': '155', 'text': 'Defensive Rebound'}",Josh Hart defensive rebound,84,59,3,5:19,False,0,{'id': '18'},[{'athlete': {'id': '3062679'}}],2026-05-26T01:47:23Z,False,"{'x': 29, 'y': 25}",0,Rebound,319.0
401873344431,431,"{'id': '45', 'text': 'Personal Foul'}",Sam Merrill personal foul,84,59,3,5:07,False,0,{'id': '5'},[{'athlete': {'id': '4066757'}}],2026-05-26T01:47:38Z,False,"{'x': 16, 'y': 16}",0,Foul,307.0
401873344433,433,"{'id': '584', 'text': 'Substitution'}",Jaylon Tyson enters the game for Jarrett Allen,84,59,3,5:07,False,0,{'id': '5'},"[{'athlete': {'id': '4683747'}}, {'athlete': {'id': '4066328'}}]",2026-05-26T01:47:46Z,False,"{'x': -214748340, 'y': -214748365}",0,Substitution,307.0
401873344434,434,"{'id': '584', 'text': 'Substitution'}",Evan Mobley enters the game for Donovan Mitchell,84,59,3,5:07,False,0,{'id': '5'},"[{'athlete': {'id': '4432158'}}, {'athlete': {'id': '3908809'}}]",2026-05-26T01:47:46Z,False,"{'x': -214748340, 'y': -214748365}",0,Substitution,307.0
401873344435,435,"{'id': '584', 'text': 'Substitution'}",Landry Shamet enters the game for Josh Hart,84,59,3,5:07,False,0,{'id': '18'},"[{'athlete': {'id': '3914044'}}, {'athlete': {'id': '3062679'}}]",2026-05-26T01:47:46Z,False,"{'x': -214748340, 'y': -214748365}",0,Substitution,307.0
401873344436,436,"{'id': '584', 'text': 'Substitution'}",Miles McBride enters the game for OG Anunoby,84,59,3,5:07,False,0,{'id': '18'},"[{'athlete': {'id': '4431823'}}, {'athlete': {'id': '3934719'}}]",2026-05-26T01:47:46Z,False,"{'x': -214748340, 'y': -214748365}",0,Substitution,307.0
401873344441,441,"{'id': '92', 'text': 'Jump Shot'}",Jalen Brunson makes 23-foot three point jumper (Mikal Bridges assists),87,59,3,4:54,True,3,{'id': '18'},"[{'athlete': {'id': '3934672'}}, {'athlete': {'id': '3147657'}}]",2026-05-26T01:48:25Z,True,"{'x': 49, 'y': 1}",3,+3 Points,294.0
401873344443,443,"{'id': '90', 'text': 'Out of Bounds - Bad Pass Turnover'}",Sam Merrill out of bounds bad pass turnover,87,59,3,4:35,False,0,{'id': '5'},[{'athlete': {'id': '4066757'}}],2026-05-26T01:48:48Z,False,"{'x': 36, 'y': 0}",0,Turnover,275.0
401873344444,444,"{'id': '115', 'text': 'Driving Dunk Shot'}",Landry Shamet makes 1-foot driving dunk (Miles McBride assists),89,59,3,4:25,True,2,{'id': '18'},"[{'athlete': {'id': '3914044'}}, {'athlete': {'id': '4431823'}}]",2026-05-26T01:48:59Z,True,"{'x': 25, 'y': 2}",2,+2 Points,265.0
401873344446,446,"{'id': '131', 'text': 'Pullup Jump Shot'}",Sam Merrill makes 9-foot pullup jump shot (Evan Mobley assists),89,61,3,4:13,True,2,{'id': '5'},"[{'athlete': {'id': '4066757'}}, {'athlete': {'id': '4432158'}}]",2026-05-26T01:49:11Z,True,"{'x': 19, 'y': 7}",2,+2 Points,253.0
401873344448,448,"{'id': '131', 'text': 'Pullup Jump Shot'}",Landry Shamet misses 13-foot pullup jump shot,89,61,3,3:52,False,0,{'id': '18'},[{'athlete': {'id': '3914044'}}],2026-05-26T01:49:32Z,True,"{'x': 33, 'y': 11}",2,Missed FG,232.0
401873344449,449,"{'id': '155', 'text': 'Defensive Rebound'}",Evan Mobley defensive rebound,89,61,3,3:50,False,0,{'id': '5'},[{'athlete': {'id': '4432158'}}],2026-05-26T01:49:34Z,False,"{'x': 33, 'y': 11}",0,Rebound,230.0
401873344450,450,"{'id': '151', 'text': 'Cutting Dunk Shot'}",Evan Mobley makes 1-foot dunk (Jaylon Tyson assists),89,63,3,3:38,True,2,{'id': '5'},"[{'athlete': {'id': '4432158'}}, {'athlete': {'id': '4683747'}}]",2026-05-26T01:49:46Z,True,"{'x': 25, 'y': 1}",2,+2 Points,218.0
401873344452,452,"{'id': '92', 'text': 'Jump Shot'}",Mikal Bridges misses 23-foot three point jumper,89,63,3,3:18,False,0,{'id': '18'},[{'athlete': {'id': '3147657'}}],2026-05-26T01:50:06Z,True,"{'x': 1, 'y': 1}",3,Missed 3PT,198.0
401873344453,453,"{'id': '156', 'text': 'Offensive Rebound'}",Knicks offensive team rebound,89,63,3,3:17,False,0,{'id': '18'},,2026-05-26T01:50:09Z,False,"{'x': 1, 'y': 1}",0,Rebound,197.0
401873344455,455,"{'id': '151', 'text': 'Cutting Dunk Shot'}",Mitchell Robinson makes dunk (Landry Shamet assists),91,63,3,3:08,True,2,{'id': '18'},"[{'athlete': {'id': '4351852'}}, {'athlete': {'id': '3914044'}}]",2026-05-26T01:50:35Z,True,"{'x': 26, 'y': 1}",2,+2 Points,188.0
401873344457,457,"{'id': '110', 'text': 'Driving Layup Shot'}",Evan Mobley makes driving layup,91,65,3,2:58,True,2,{'id': '5'},[{'athlete': {'id': '4432158'}}],2026-05-26T01:50:49Z,True,"{'x': 24, 'y': 0}",2,+2 Points,178.0
401873344458,458,"{'id': '44', 'text': 'Shooting Foul'}",Mitchell Robinson shooting foul,91,65,3,2:58,False,0,{'id': '18'},[{'athlete': {'id': '4351852'}}],2026-05-26T01:50:52Z,False,"{'x': 24, 'y': 2}",0,Foul,178.0
401873344460,460,"{'id': '16', 'text': 'Full Timeout'}",Knicks Full timeout,91,65,3,2:58,False,0,{'id': '18'},,2026-05-26T01:51:05Z,False,"{'x': -214748340, 'y': -214748365}",0,Timeout,178.0
401873344464,464,"{'id': '97', 'text': 'Free Throw - 1 of 1'}",Evan Mobley misses free throw 1 of 1,91,65,3,2:58,False,0,{'id': '5'},[{'athlete': {'id': '4432158'}}],2026-05-26T01:54:59Z,True,"{'x': -214748340, 'y': -214748365}",1,Missed FT,178.0
401873344465,465,"{'id': '155', 'text': 'Defensive Rebound'}",Mitchell Robinson defensive rebound,91,65,3,2:54,False,0,{'id': '18'},[{'athlete': {'id': '4351852'}}],2026-05-26T01:55:03Z,False,"{'x': -214748340, 'y': -214748365}",0,Rebound,174.0
401873344466,466,"{'id': '92', 'text': 'Jump Shot'}",Landry Shamet makes 26-foot three point jumper (Mikal Bridges assists),94,65,3,2:37,True,3,{'id': '18'},"[{'athlete': {'id': '3914044'}}, {'athlete': {'id': '3147657'}}]",2026-05-26T01:55:19Z,True,"{'x': 3, 'y': 14}",3,+3 Points,157.0
401873344468,468,"{'id': '132', 'text': 'Step Back Jump Shot'}",Jaylon Tyson misses 26-foot three point step back jumpshot,94,65,3,2:25,False,0,{'id': '5'},[{'athlete': {'id': '4683747'}}],2026-05-26T01:55:31Z,True,"{'x': 6, 'y': 18}",3,Missed 3PT,145.0
401873344469,469,"{'id': '156', 'text': 'Offensive Rebound'}",Dean Wade offensive rebound,94,65,3,2:23,False,0,{'id': '5'},[{'athlete': {'id': '3912848'}}],2026-05-26T01:55:33Z,False,"{'x': 6, 'y': 18}",0,Rebound,143.0
401873344470,470,"{'id': '92', 'text': 'Jump Shot'}",Jaylon Tyson misses 25-foot three point jumper,94,65,3,2:17,False,0,{'id': '5'},[{'athlete': {'id': '4683747'}}],2026-05-26T01:55:40Z,True,"{'x': 24, 'y': 25}",3,Missed 3PT,137.0
401873344471,471,"{'id': '155', 'text': 'Defensive Rebound'}",Mikal Bridges defensive rebound,94,65,3,2:14,False,0,{'id': '18'},[{'athlete': {'id': '3147657'}}],2026-05-26T01:55:43Z,False,"{'x': 24, 'y': 25}",0,Rebound,134.0
401873344472,472,"{'id': '62', 'text': 'Bad Pass\nTurnover'}","Mikal Bridges bad pass
turnover (Dean Wade steals)",94,65,3,2:06,False,0,{'id': '18'},"[{'athlete': {'id': '3147657'}}, {'athlete': {'id': '3912848'}}]",2026-05-26T01:55:50Z,False,"{'x': 14, 'y': 12}",0,Turnover,126.0
401873344474,474,"{'id': '129', 'text': 'Running Finger Roll Layup'}",Jaylon Tyson makes two point shot (Dean Wade assists),94,67,3,2:01,True,2,{'id': '5'},"[{'athlete': {'id': '4683747'}}, {'athlete': {'id': '3912848'}}]",2026-05-26T01:55:55Z,True,"{'x': 25, 'y': 1}",2,+2 Points,121.0
401873344476,476,"{'id': '137', 'text': 'Turnaround Fade Away Jump Shot'}",Jalen Brunson makes 14-foot two point shot,96,67,3,1:40,True,2,{'id': '18'},[{'athlete': {'id': '3934672'}}],2026-05-26T01:56:16Z,True,"{'x': 31, 'y': 13}",2,+2 Points,100.0
401873344477,477,"{'id': '118', 'text': 'Alley Oop Dunk Shot'}",Evan Mobley makes 1-foot alley oop dunk (Jaylon Tyson assists),96,69,3,1:22,True,2,{'id': '5'},"[{'athlete': {'id': '4432158'}}, {'athlete': {'id': '4683747'}}]",2026-05-26T01:56:33Z,True,"{'x': 24, 'y': 1}",2,+2 Points,82.0
401873344479,479,"{'id': '63', 'text': 'Lost Ball Turnover'}",Mikal Bridges lost ball turnover (James Harden steals),96,69,3,1:13,False,0,{'id': '18'},"[{'athlete': {'id': '3147657'}}, {'athlete': {'id': '3992'}}]",2026-05-26T01:56:43Z,False,"{'x': 19, 'y': 27}",0,Turnover,73.0
401873344481,481,"{'id': '92', 'text': 'Jump Shot'}",James Harden misses 25-foot three point jumper,96,69,3,1:09,False,0,{'id': '5'},[{'athlete': {'id': '3992'}}],2026-05-26T01:56:47Z,True,"{'x': 9, 'y': 20}",3,Missed 3PT,69.0
401873344482,482,"{'id': '156', 'text': 'Offensive Rebound'}",Sam Merrill offensive rebound,96,69,3,1:07,False,0,{'id': '5'},[{'athlete': {'id': '4066757'}}],2026-05-26T01:56:49Z,False,"{'x': 9, 'y': 20}",0,Rebound,67.0
401873344483,483,"{'id': '94', 'text': 'Tip Shot'}",Sam Merrill misses tip shot,96,69,3,1:07,False,0,{'id': '5'},[{'athlete': {'id': '4066757'}}],2026-05-26T01:56:52Z,True,"{'x': 25, 'y': 0}",2,Missed FG,67.0
401873344484,484,"{'id': '155', 'text': 'Defensive Rebound'}",Miles McBride defensive rebound,96,69,3,1:06,False,0,{'id': '18'},[{'athlete': {'id': '4431823'}}],2026-05-26T01:56:53Z,False,"{'x': 25, 'y': 0}",0,Rebound,66.0
401873344485,485,"{'id': '45', 'text': 'Personal Foul'}",Sam Merrill personal foul,96,69,3,1:03,False,0,{'id': '5'},[{'athlete': {'id': '4066757'}}],2026-05-26T01:57:02Z,False,"{'x': 34, 'y': 15}",0,Foul,63.0
401873344487,487,"{'id': '121', 'text': 'Fade Away Jump Shot'}",Jalen Brunson misses 12-foot fade away jump shot,96,69,3,47.6,False,0,{'id': '18'},[{'athlete': {'id': '3934672'}}],2026-05-26T01:57:31Z,True,"{'x': 13, 'y': 1}",2,Missed FG,47.6
401873344488,488,"{'id': '155', 'text': 'Defensive Rebound'}",James Harden defensive rebound,96,69,3,45.4,False,0,{'id': '5'},[{'athlete': {'id': '3992'}}],2026-05-26T01:57:33Z,False,"{'x': 13, 'y': 1}",0,Rebound,45.4
401873344489,489,"{'id': '62', 'text': 'Bad Pass\nTurnover'}","James Harden bad pass
turnover (Miles McBride steals)",96,69,3,38.9,False,0,{'id': '5'},"[{'athlete': {'id': '3992'}}, {'athlete': {'id': '4431823'}}]",2026-05-26T01:57:40Z,False,"{'x': 10, 'y': 8}",0,Turnover,38.9
401873344491,491,"{'id': '121', 'text': 'Fade Away Jump Shot'}",Jalen Brunson misses 8-foot fade away jump shot,96,69,3,15.1,False,0,{'id': '18'},[{'athlete': {'id': '3934672'}}],2026-05-26T01:58:03Z,True,"{'x': 33, 'y': -1}",2,Missed FG,15.1
401873344492,492,"{'id': '156', 'text': 'Offensive Rebound'}",Mitchell Robinson offensive rebound,96,69,3,11.8,False,0,{'id': '18'},[{'athlete': {'id': '4351852'}}],2026-05-26T01:58:07Z,False,"{'x': 33, 'y': -1}",0,Rebound,11.8
401873344493,493,"{'id': '94', 'text': 'Tip Shot'}",Mitchell Robinson misses tip shot,96,69,3,11.8,False,0,{'id': '18'},[{'athlete': {'id': '4351852'}}],2026-05-26T01:58:07Z,True,"{'x': 25, 'y': 0}",2,Missed FG,11.8
401873344494,494,"{'id': '156', 'text': 'Offensive Rebound'}",Mitchell Robinson offensive rebound,96,69,3,10.2,False,0,{'id': '18'},[{'athlete': {'id': '4351852'}}],2026-05-26T01:58:08Z,False,"{'x': 25, 'y': 0}",0,Rebound,10.2
401873344495,495,"{'id': '62', 'text': 'Bad Pass\nTurnover'}","Mitchell Robinson bad pass
turnover (Jaylon Tyson steals)",96,69,3,9.4,False,0,{'id': '18'},"[{'athlete': {'id': '4351852'}}, {'athlete': {'id': '4683747'}}]",2026-05-26T01:58:09Z,False,"{'x': 30, 'y': 8}",0,Turnover,9.4
401873344501,501,"{'id': '63', 'text': 'Lost Ball Turnover'}",Jaylon Tyson lost ball turnover,96,69,3,9.4,False,0,{'id': '5'},[{'athlete': {'id': '4683747'}}],2026-05-26T01:58:14Z,False,"{'x': 30, 'y': 41}",0,Turnover,9.4
401873344497,497,"{'id': '45', 'text': 'Personal Foul'}",James Harden personal foul,96,69,3,8.6,False,0,{'id': '5'},[{'athlete': {'id': '3992'}}],2026-05-26T01:58:19Z,False,"{'x': 22, 'y': 24}",0,Foul,8.6
401873344500,500,"{'id': '98', 'text': 'Free Throw - 1 of 2'}",Mikal Bridges makes free throw 1 of 2,97,69,3,8.6,True,1,{'id': '18'},[{'athlete': {'id': '3147657'}}],2026-05-26T01:58:53Z,True,"{'x': -214748340, 'y': -214748365}",1,+1 Point,8.6
401873344503,503,"{'id': '584', 'text': 'Substitution'}",Donovan Mitchell enters the game for Dean Wade,97,69,3,8.6,False,0,{'id': '5'},"[{'athlete': {'id': '3908809'}}, {'athlete': {'id': '3912848'}}]",2026-05-26T01:58:55Z,False,"{'x': -214748340, 'y': -214748365}",0,Substitution,8.6
401873344504,504,"{'id': '584', 'text': 'Substitution'}",Josh Hart enters the game for Jalen Brunson,97,69,3,8.6,False,0,{'id': '18'},"[{'athlete': {'id': '3062679'}}, {'athlete': {'id': '3934672'}}]",2026-05-26T01:58:55Z,False,"{'x': -214748340, 'y': -214748365}",0,Substitution,8.6
401873344505,505,"{'id': '584', 'text': 'Substitution'}",OG Anunoby enters the game for Mitchell Robinson,97,69,3,8.6,False,0,{'id': '18'},"[{'athlete': {'id': '3934719'}}, {'athlete': {'id': '4351852'}}]",2026-05-26T01:58:55Z,False,"{'x': -214748340, 'y': -214748365}",0,Substitution,8.6
401873344509,509,"{'id': '99', 'text': 'Free Throw - 2 of 2'}",Mikal Bridges makes free throw 2 of 2,98,69,3,8.6,True,1,{'id': '18'},[{'athlete': {'id': '3147657'}}],2026-05-26T01:59:24Z,True,"{'x': -214748340, 'y': -214748365}",1,+1 Point,8.6
401873344510,510,"{'id': '110', 'text': 'Driving Layup Shot'}",Donovan Mitchell makes driving layup,98,71,3,0.4,True,2,{'id': '5'},[{'athlete': {'id': '3908809'}}],2026-05-26T01:59:36Z,True,"{'x': 26, 'y': 1}",2,+2 Points,0.4
401873344511,511,"{'id': '44', 'text': 'Shooting Foul'}",OG Anunoby shooting foul,98,71,3,0.4,False,0,{'id': '18'},[{'athlete': {'id': '3934719'}}],2026-05-26T01:59:40Z,False,"{'x': 25, 'y': 1}",0,Foul,0.4
401873344513,513,"{'id': '584', 'text': 'Substitution'}",Mitchell Robinson enters the game for Miles McBride,98,71,3,0.4,False,0,{'id': '18'},"[{'athlete': {'id': '4351852'}}, {'athlete': {'id': '4431823'}}]",2026-05-26T02:00:07Z,False,"{'x': -214748340, 'y': -214748365}",0,Substitution,0.4
401873344515,515,"{'id': '584', 'text': 'Substitution'}",Jalen Brunson enters the game for Mikal Bridges,98,71,3,0.4,False,0,{'id': '18'},"[{'athlete': {'id': '3934672'}}, {'athlete': {'id': '3147657'}}]",2026-05-26T02:00:34Z,False,"{'x': -214748340, 'y': -214748365}",0,Substitution,0.4
401873344517,517,"{'id': '97', 'text': 'Free Throw - 1 of 1'}",Donovan Mitchell misses free throw 1 of 1,98,71,3,0.4,False,0,{'id': '5'},[{'athlete': {'id': '3908809'}}],2026-05-26T02:00:45Z,True,"{'x': -214748340, 'y': -214748365}",1,Missed FT,0.4
401873344518,518,"{'id': '155', 'text': 'Defensive Rebound'}",Josh Hart defensive rebound,98,71,3,0.4,False,0,{'id': '18'},[{'athlete': {'id': '3062679'}}],2026-05-26T02:00:45Z,False,"{'x': -214748340, 'y': -214748365}",0,Rebound,0.4
401873344519,519,"{'id': '412', 'text': 'End Period'}",End of the 3rd Quarter,98,71,3,0.0,False,0,,,2026-05-26T02:00:48Z,False,"{'x': -214748340, 'y': -214748365}",0,End of 3rd,0.0
401873344520,520,"{'id': '584', 'text': 'Substitution'}",Max Strus enters the game for James Harden,98,71,4,12:00,False,0,{'id': '5'},"[{'athlete': {'id': '4065778'}}, {'athlete': {'id': '3992'}}]",2026-05-26T02:01:09Z,False,"{'x': -214748340, 'y': -214748365}",0,Substitution,720.0
401873344521,521,"{'id': '584', 'text': 'Substitution'}",Jarrett Allen enters the game for Sam Merrill,98,71,4,12:00,False,0,{'id': '5'},"[{'athlete': {'id': '4066328'}}, {'athlete': {'id': '4066757'}}]",2026-05-26T02:01:09Z,False,"{'x': -214748340, 'y': -214748365}",0,Substitution,720.0
401873344522,522,"{'id': '584', 'text': 'Substitution'}",Karl-Anthony Towns enters the game for Josh Hart,98,71,4,12:00,False,0,{'id': '18'},"[{'athlete': {'id': '3136195'}}, {'athlete': {'id': '3062679'}}]",2026-05-26T02:01:09Z,False,"{'x': -214748340, 'y': -214748365}",0,Substitution,720.0
401873344523,523,"{'id': '584', 'text': 'Substitution'}",Miles McBride enters the game for Mitchell Robinson,98,71,4,12:00,False,0,{'id': '18'},"[{'athlete': {'id': '4431823'}}, {'athlete': {'id': '4351852'}}]",2026-05-26T02:01:09Z,False,"{'x': -214748340, 'y': -214748365}",0,Substitution,720.0
401873344524,524,"{'id': '584', 'text': 'Substitution'}",Jose Alvarado enters the game for Jalen Brunson,98,71,4,12:00,False,0,{'id': '18'},"[{'athlete': {'id': '4277869'}}, {'athlete': {'id': '3934672'}}]",2026-05-26T02:01:09Z,False,"{'x': -214748340, 'y': -214748365}",0,Substitution,720.0
401873344531,531,"{'id': '137', 'text': 'Turnaround Fade Away Jump Shot'}",Evan Mobley misses 7-foot two point shot,98,71,4,11:35,False,0,{'id': '5'},[{'athlete': {'id': '4432158'}}],2026-05-26T02:04:48Z,True,"{'x': 17, 'y': -1}",2,Missed FG,695.0
401873344532,532,"{'id': '155', 'text': 'Defensive Rebound'}",OG Anunoby defensive rebound,98,71,4,11:32,False,0,{'id': '18'},[{'athlete': {'id': '3934719'}}],2026-05-26T02:04:51Z,False,"{'x': 17, 'y': -1}",0,Rebound,692.0
401873344533,533,"{'id': '121', 'text': 'Fade Away Jump Shot'}",OG Anunoby misses 25-foot fade away jump shot,98,71,4,11:10,False,0,{'id': '18'},[{'athlete': {'id': '3934719'}}],2026-05-26T02:05:13Z,True,"{'x': 45, 'y': 15}",3,Missed 3PT,670.0
401873344534,534,"{'id': '155', 'text': 'Defensive Rebound'}",Donovan Mitchell defensive rebound,98,71,4,11:06,False,0,{'id': '5'},[{'athlete': {'id': '3908809'}}],2026-05-26T02:05:16Z,False,"{'x': 45, 'y': 15}",0,Rebound,666.0
401873344535,535,"{'id': '119', 'text': 'Driving Hook Shot'}",Evan Mobley misses 7-foot two point shot,98,71,4,10:55,False,0,{'id': '5'},[{'athlete': {'id': '4432158'}}],2026-05-26T02:05:28Z,True,"{'x': 32, 'y': 1}",2,Missed FG,655.0
401873344536,536,"{'id': '155', 'text': 'Defensive Rebound'}",Karl-Anthony Towns defensive rebound,98,71,4,10:53,False,0,{'id': '18'},[{'athlete': {'id': '3136195'}}],2026-05-26T02:05:30Z,False,"{'x': 32, 'y': 1}",0,Rebound,653.0
401873344537,537,"{'id': '110', 'text': 'Driving Layup Shot'}",Karl-Anthony Towns makes driving layup (Miles McBride assists),100,71,4,10:42,True,2,{'id': '18'},"[{'athlete': {'id': '3136195'}}, {'athlete': {'id': '4431823'}}]",2026-05-26T02:05:40Z,True,"{'x': 26, 'y': 1}",2,+2 Points,642.0
401873344538,538,"{'id': '90', 'text': 'Out of Bounds - Bad Pass Turnover'}",Evan Mobley out of bounds bad pass turnover,100,71,4,10:31,False,0,{'id': '5'},[{'athlete': {'id': '4432158'}}],2026-05-26T02:05:59Z,False,"{'x': 32, 'y': 0}",0,Turnover,631.0
401873344539,539,"{'id': '62', 'text': 'Bad Pass\nTurnover'}","Jose Alvarado bad pass
turnover (Donovan Mitchell steals)",100,71,4,10:13,False,0,{'id': '18'},"[{'athlete': {'id': '4277869'}}, {'athlete': {'id': '3908809'}}]",2026-05-26T02:06:23Z,False,"{'x': 16, 'y': 22}",0,Turnover,613.0
401873344541,541,"{'id': '44', 'text': 'Shooting Foul'}",OG Anunoby shooting foul,100,71,4,10:09,False,0,{'id': '18'},[{'athlete': {'id': '3934719'}}],2026-05-26T02:06:30Z,False,"{'x': 32, 'y': -1}",0,Foul,609.0
401873344543,543,"{'id': '98', 'text': 'Free Throw - 1 of 2'}",Donovan Mitchell makes free throw 1 of 2,100,72,4,10:09,True,1,{'id': '5'},[{'athlete': {'id': '3908809'}}],2026-05-26T02:06:58Z,True,"{'x': -214748340, 'y': -214748365}",1,+1 Point,609.0
401873344544,544,"{'id': '99', 'text': 'Free Throw - 2 of 2'}",Donovan Mitchell misses free throw 2 of 2,100,72,4,10:09,False,0,{'id': '5'},[{'athlete': {'id': '3908809'}}],2026-05-26T02:06:58Z,True,"{'x': -214748340, 'y': -214748365}",1,Missed FT,609.0
401873344545,545,"{'id': '155', 'text': 'Defensive Rebound'}",OG Anunoby defensive rebound,100,72,4,10:06,False,0,{'id': '18'},[{'athlete': {'id': '3934719'}}],2026-05-26T02:07:01Z,False,"{'x': -214748340, 'y': -214748365}",0,Rebound,606.0
401873344546,546,"{'id': '92', 'text': 'Jump Shot'}",Miles McBride makes 24-foot three point jumper (Jose Alvarado assists),103,72,4,9:55,True,3,{'id': '18'},"[{'athlete': {'id': '4431823'}}, {'athlete': {'id': '4277869'}}]",2026-05-26T02:07:38Z,True,"{'x': 1, 'y': 1}",3,+3 Points,595.0
401873344548,548,"{'id': '151', 'text': 'Cutting Dunk Shot'}",Jarrett Allen makes 1-foot dunk (Evan Mobley assists),103,74,4,9:41,True,2,{'id': '5'},"[{'athlete': {'id': '4066328'}}, {'athlete': {'id': '4432158'}}]",2026-05-26T02:07:51Z,True,"{'x': 25, 'y': 2}",2,+2 Points,581.0
401873344550,550,"{'id': '110', 'text': 'Driving Layup Shot'}",Karl-Anthony Towns makes driving layup (Jose Alvarado assists),105,74,4,9:30,True,2,{'id': '18'},"[{'athlete': {'id': '3136195'}}, {'athlete': {'id': '4277869'}}]",2026-05-26T02:08:02Z,True,"{'x': 26, 'y': 0}",2,+2 Points,570.0
401873344551,551,"{'id': '45', 'text': 'Personal Foul'}",Jose Alvarado personal foul,105,74,4,9:22,False,0,{'id': '18'},[{'athlete': {'id': '4277869'}}],2026-05-26T02:08:13Z,False,"{'x': 26, 'y': 29}",0,Foul,562.0
401873344553,553,"{'id': '584', 'text': 'Substitution'}",Keon Ellis enters the game for Jarrett Allen,105,74,4,9:22,False,0,{'id': '5'},"[{'athlete': {'id': '4702177'}}, {'athlete': {'id': '4066328'}}]",2026-05-26T02:08:29Z,False,"{'x': -214748340, 'y': -214748365}",0,Substitution,562.0
401873344555,555,"{'id': '121', 'text': 'Fade Away Jump Shot'}",Donovan Mitchell makes 17-foot fade away jump shot,105,76,4,9:14,True,2,{'id': '5'},[{'athlete': {'id': '3908809'}}],2026-05-26T02:09:07Z,True,"{'x': 36, 'y': 13}",2,+2 Points,554.0
401873344556,556,"{'id': '131', 'text': 'Pullup Jump Shot'}",Miles McBride misses 25-foot three point pullup jump shot,105,76,4,8:54,False,0,{'id': '18'},[{'athlete': {'id': '4431823'}}],2026-05-26T02:09:26Z,True,"{'x': 48, 'y': 12}",3,Missed 3PT,534.0
401873344557,557,"{'id': '156', 'text': 'Offensive Rebound'}",OG Anunoby offensive rebound,105,76,4,8:52,False,0,{'id': '18'},[{'athlete': {'id': '3934719'}}],2026-05-26T02:09:28Z,False,"{'x': 48, 'y': 12}",0,Rebound,532.0
401873344558,558,"{'id': '44', 'text': 'Shooting Foul'}",Max Strus shooting foul,105,76,4,8:52,False,0,{'id': '5'},[{'athlete': {'id': '4065778'}}],2026-05-26T02:09:31Z,False,"{'x': 19, 'y': 2}",0,Foul,532.0
401873344560,560,"{'id': '98', 'text': 'Free Throw - 1 of 2'}",OG Anunoby makes free throw 1 of 2,106,76,4,8:52,True,1,{'id': '18'},[{'athlete': {'id': '3934719'}}],2026-05-26T02:09:59Z,True,"{'x': -214748340, 'y': -214748365}",1,+1 Point,532.0
401873344561,561,"{'id': '99', 'text': 'Free Throw - 2 of 2'}",OG Anunoby makes free throw 2 of 2,107,76,4,8:52,True,1,{'id': '18'},[{'athlete': {'id': '3934719'}}],2026-05-26T02:10:15Z,True,"{'x': -214748340, 'y': -214748365}",1,+1 Point,532.0
401873344562,562,"{'id': '63', 'text': 'Lost Ball Turnover'}",Donovan Mitchell lost ball turnover (Landry Shamet steals),107,76,4,8:40,False,0,{'id': '5'},"[{'athlete': {'id': '3908809'}}, {'athlete': {'id': '3914044'}}]",2026-05-26T02:10:28Z,False,"{'x': 33, 'y': 26}",0,Turnover,520.0
401873344564,564,"{'id': '116', 'text': 'Running Dunk Shot'}",OG Anunoby makes 2-foot running dunk (Landry Shamet assists),109,76,4,8:37,True,2,{'id': '18'},"[{'athlete': {'id': '3934719'}}, {'athlete': {'id': '3914044'}}]",2026-05-26T02:10:31Z,True,"{'x': 27, 'y': 1}",2,+2 Points,517.0
401873344566,566,"{'id': '16', 'text': 'Full Timeout'}",Cavaliers Full timeout,109,76,4,8:37,False,0,{'id': '5'},,2026-05-26T02:10:41Z,False,"{'x': -214748340, 'y': -214748365}",0,Timeout,517.0
401873344567,567,"{'id': '584', 'text': 'Substitution'}",Thomas Bryant enters the game for Max Strus,109,76,4,8:37,False,0,{'id': '5'},"[{'athlete': {'id': '3934723'}}, {'athlete': {'id': '4065778'}}]",2026-05-26T02:10:42Z,False,"{'x': -214748340, 'y': -214748365}",0,Substitution,517.0
401873344568,568,"{'id': '584', 'text': 'Substitution'}",Craig Porter Jr. enters the game for Evan Mobley,109,76,4,8:37,False,0,{'id': '5'},"[{'athlete': {'id': '4701233'}}, {'athlete': {'id': '4432158'}}]",2026-05-26T02:10:42Z,False,"{'x': -214748340, 'y': -214748365}",0,Substitution,517.0
401873344569,569,"{'id': '584', 'text': 'Substitution'}",Tyrese Proctor enters the game for Donovan Mitchell,109,76,4,8:37,False,0,{'id': '5'},"[{'athlete': {'id': '5023693'}}, {'athlete': {'id': '3908809'}}]",2026-05-26T02:10:42Z,False,"{'x': -214748340, 'y': -214748365}",0,Substitution,517.0
401873344570,570,"{'id': '584', 'text': 'Substitution'}",Jordan Clarkson enters the game for OG Anunoby,109,76,4,8:37,False,0,{'id': '18'},"[{'athlete': {'id': '2528426'}}, {'athlete': {'id': '3934719'}}]",2026-05-26T02:10:42Z,False,"{'x': -214748340, 'y': -214748365}",0,Substitution,517.0
401873344571,571,"{'id': '584', 'text': 'Substitution'}",Mitchell Robinson enters the game for Karl-Anthony Towns,109,76,4,8:37,False,0,{'id': '18'},"[{'athlete': {'id': '4351852'}}, {'athlete': {'id': '3136195'}}]",2026-05-26T02:10:42Z,False,"{'x': -214748340, 'y': -214748365}",0,Substitution,517.0
401873344578,578,"{'id': '92', 'text': 'Jump Shot'}",Tyrese Proctor misses 25-foot three point jumper,109,76,4,8:20,False,0,{'id': '5'},[{'athlete': {'id': '5023693'}}],2026-05-26T02:14:37Z,True,"{'x': 42, 'y': 19}",3,Missed 3PT,500.0
401873344579,579,"{'id': '155', 'text': 'Defensive Rebound'}",Mitchell Robinson defensive rebound,109,76,4,8:17,False,0,{'id': '18'},[{'athlete': {'id': '4351852'}}],2026-05-26T02:14:39Z,False,"{'x': 42, 'y': 19}",0,Rebound,497.0
401873344581,581,"{'id': '114', 'text': 'Turnaround Jump Shot'}",Miles McBride makes 12-foot turnaround jump shot,111,76,4,7:58,True,2,{'id': '18'},[{'athlete': {'id': '4431823'}}],2026-05-26T02:14:58Z,True,"{'x': 12, 'y': -1}",2,+2 Points,478.0
401873344582,582,"{'id': '45', 'text': 'Personal Foul'}",Jordan Clarkson personal foul,111,76,4,7:47,False,0,{'id': '18'},[{'athlete': {'id': '2528426'}}],2026-05-26T02:15:11Z,False,"{'x': 43, 'y': 23}",0,Foul,467.0
401873344584,584,"{'id': '584', 'text': 'Substitution'}",Tyler Kolek enters the game for Miles McBride,111,76,4,7:47,False,0,{'id': '18'},"[{'athlete': {'id': '4433225'}}, {'athlete': {'id': '4431823'}}]",2026-05-26T02:15:21Z,False,"{'x': -214748340, 'y': -214748365}",0,Substitution,467.0
401873344585,585,"{'id': '584', 'text': 'Substitution'}",Ariel Hukporti enters the game for Landry Shamet,111,76,4,7:47,False,0,{'id': '18'},"[{'athlete': {'id': '4871141'}}, {'athlete': {'id': '3914044'}}]",2026-05-26T02:15:21Z,False,"{'x': -214748340, 'y': -214748365}",0,Substitution,467.0
401873344586,586,"{'id': '584', 'text': 'Substitution'}",Mohamed Diawara enters the game for Mitchell Robinson,111,76,4,7:47,False,0,{'id': '18'},"[{'athlete': {'id': '5289900'}}, {'athlete': {'id': '4351852'}}]",2026-05-26T02:15:21Z,False,"{'x': -214748340, 'y': -214748365}",0,Substitution,467.0
401873344590,590,"{'id': '63', 'text': 'Lost Ball Turnover'}",Craig Porter Jr. lost ball turnover (Jose Alvarado steals),111,76,4,7:41,False,0,{'id': '5'},"[{'athlete': {'id': '4701233'}}, {'athlete': {'id': '4277869'}}]",2026-05-26T02:15:47Z,False,"{'x': 36, 'y': 14}",0,Turnover,461.0
401873344592,592,"{'id': '109', 'text': 'Running Layup Shot'}",Tyler Kolek misses running layup,111,76,4,7:36,False,0,{'id': '18'},[{'athlete': {'id': '4433225'}}],2026-05-26T02:15:52Z,True,"{'x': 26, 'y': 0}",2,Missed FG,456.0
401873344593,593,"{'id': '155', 'text': 'Defensive Rebound'}",Keon Ellis defensive rebound,111,76,4,7:34,False,0,{'id': '5'},[{'athlete': {'id': '4702177'}}],2026-05-26T02:15:54Z,False,"{'x': 26, 'y': 0}",0,Rebound,454.0
401873344594,594,"{'id': '113', 'text': 'Running Jump Shot'}",Jaylon Tyson misses 25-foot running jump shot,111,76,4,7:28,False,0,{'id': '5'},[{'athlete': {'id': '4683747'}}],2026-05-26T02:15:59Z,True,"{'x': 43, 'y': 19}",3,Missed 3PT,448.0
401873344595,595,"{'id': '155', 'text': 'Defensive Rebound'}",Ariel Hukporti defensive rebound,111,76,4,7:26,False,0,{'id': '18'},[{'athlete': {'id': '4871141'}}],2026-05-26T02:16:01Z,False,"{'x': 43, 'y': 19}",0,Rebound,446.0
401873344596,596,"{'id': '130', 'text': 'Floating Jump Shot'}",Jordan Clarkson misses 13-foot floating jump shot,111,76,4,7:04,False,0,{'id': '18'},[{'athlete': {'id': '2528426'}}],2026-05-26T02:16:23Z,True,"{'x': 16, 'y': 11}",2,Missed FG,424.0
401873344597,597,"{'id': '156', 'text': 'Offensive Rebound'}",Jordan Clarkson offensive rebound,111,76,4,7:02,False,0,{'id': '18'},[{'athlete': {'id': '2528426'}}],2026-05-26T02:16:25Z,False,"{'x': 16, 'y': 11}",0,Rebound,422.0
401873344598,598,"{'id': '94', 'text': 'Tip Shot'}",Jordan Clarkson misses tip shot,111,76,4,7:02,False,0,{'id': '18'},[{'athlete': {'id': '2528426'}}],2026-05-26T02:16:26Z,True,"{'x': 25, 'y': 0}",2,Missed FG,422.0
401873344599,599,"{'id': '156', 'text': 'Offensive Rebound'}",Tyler Kolek offensive rebound,111,76,4,7:00,False,0,{'id': '18'},[{'athlete': {'id': '4433225'}}],2026-05-26T02:16:28Z,False,"{'x': 25, 'y': 0}",0,Rebound,420.0
401873344600,600,"{'id': '130', 'text': 'Floating Jump Shot'}",Tyler Kolek misses 9-foot floating jump shot,111,76,4,6:59,False,0,{'id': '18'},[{'athlete': {'id': '4433225'}}],2026-05-26T02:16:29Z,True,"{'x': 24, 'y': 9}",2,Missed FG,419.0
401873344601,601,"{'id': '155', 'text': 'Defensive Rebound'}",Thomas Bryant defensive rebound,111,76,4,6:59,False,0,{'id': '5'},[{'athlete': {'id': '3934723'}}],2026-05-26T02:16:29Z,False,"{'x': 24, 'y': 9}",0,Rebound,419.0
401873344602,602,"{'id': '45', 'text': 'Personal Foul'}",Mohamed Diawara personal foul,111,76,4,6:53,False,0,{'id': '18'},[{'athlete': {'id': '5289900'}}],2026-05-26T02:16:37Z,False,"{'x': 18, 'y': 7}",0,Foul,413.0
401873344604,604,"{'id': '584', 'text': 'Substitution'}",Pacome Dadiet enters the game for Jose Alvarado,111,76,4,6:53,False,0,{'id': '18'},"[{'athlete': {'id': '5211983'}}, {'athlete': {'id': '4277869'}}]",2026-05-26T02:16:45Z,False,"{'x': -214748340, 'y': -214748365}",0,Substitution,413.0
401873344606,606,"{'id': '584', 'text': 'Substitution'}",Nae'Qwan Tomlin enters the game for Jaylon Tyson,111,76,4,6:53,False,0,{'id': '5'},"[{'athlete': {'id': '5106268'}}, {'athlete': {'id': '4683747'}}]",2026-05-26T02:16:59Z,False,"{'x': -214748340, 'y': -214748365}",0,Substitution,413.0
401873344608,608,"{'id': '62', 'text': 'Bad Pass\nTurnover'}","Tyrese Proctor bad pass
turnover (Ariel Hukporti steals)",111,76,4,6:45,False,0,{'id': '5'},"[{'athlete': {'id': '5023693'}}, {'athlete': {'id': '4871141'}}]",2026-05-26T02:17:10Z,False,"{'x': 19, 'y': 8}",0,Turnover,405.0
401873344610,610,"{'id': '45', 'text': 'Personal Foul'}",Tyrese Proctor personal foul,111,76,4,6:32,False,0,{'id': '5'},[{'athlete': {'id': '5023693'}}],2026-05-26T02:17:26Z,False,"{'x': 35, 'y': 24}",0,Foul,392.0
401873344612,612,"{'id': '92', 'text': 'Jump Shot'}",Jordan Clarkson makes 26-foot three point jumper (Ariel Hukporti assists),114,76,4,6:25,True,3,{'id': '18'},"[{'athlete': {'id': '2528426'}}, {'athlete': {'id': '4871141'}}]",2026-05-26T02:17:57Z,True,"{'x': 9, 'y': 21}",3,+3 Points,385.0
401873344614,614,"{'id': '62', 'text': 'Bad Pass\nTurnover'}","Craig Porter Jr. bad pass
turnover (Pacome Dadiet steals)",114,76,4,6:10,False,0,{'id': '5'},"[{'athlete': {'id': '4701233'}}, {'athlete': {'id': '5211983'}}]",2026-05-26T02:18:12Z,False,"{'x': 35, 'y': 11}",0,Turnover,370.0
401873344616,616,"{'id': '44', 'text': 'Shooting Foul'}",Nae'Qwan Tomlin shooting foul,114,76,4,6:09,False,0,{'id': '5'},[{'athlete': {'id': '5106268'}}],2026-05-26T02:18:17Z,False,"{'x': 25, 'y': 2}",0,Foul,369.0
401873344618,618,"{'id': '98', 'text': 'Free Throw - 1 of 2'}",Pacome Dadiet misses free throw 1 of 2,114,76,4,6:09,False,0,{'id': '18'},[{'athlete': {'id': '5211983'}}],2026-05-26T02:18:42Z,True,"{'x': -214748340, 'y': -214748365}",1,Missed FT,369.0
401873344619,619,"{'id': '156', 'text': 'Offensive Rebound'}",Knicks offensive team rebound,114,76,4,6:09,False,0,{'id': '18'},,2026-05-26T02:18:42Z,False,"{'x': -214748340, 'y': -214748365}",0,Rebound,369.0
401873344620,620,"{'id': '99', 'text': 'Free Throw - 2 of 2'}",Pacome Dadiet makes free throw 2 of 2,115,76,4,6:09,True,1,{'id': '18'},[{'athlete': {'id': '5211983'}}],2026-05-26T02:18:59Z,True,"{'x': -214748340, 'y': -214748365}",1,+1 Point,369.0
401873344621,621,"{'id': '92', 'text': 'Jump Shot'}",Thomas Bryant misses 25-foot three point jumper,115,76,4,5:53,False,0,{'id': '5'},[{'athlete': {'id': '3934723'}}],2026-05-26T02:19:16Z,True,"{'x': 23, 'y': 25}",3,Missed 3PT,353.0
401873344622,622,"{'id': '155', 'text': 'Defensive Rebound'}",Ariel Hukporti defensive rebound,115,76,4,5:51,False,0,{'id': '18'},[{'athlete': {'id': '4871141'}}],2026-05-26T02:19:18Z,False,"{'x': 23, 'y': 25}",0,Rebound,351.0
401873344623,623,"{'id': '119', 'text': 'Driving Hook Shot'}",Pacome Dadiet makes 6-foot two point shot (Tyler Kolek assists),117,76,4,5:41,True,2,{'id': '18'},"[{'athlete': {'id': '5211983'}}, {'athlete': {'id': '4433225'}}]",2026-05-26T02:19:28Z,True,"{'x': 23, 'y': 6}",2,+2 Points,341.0
401873344625,625,"{'id': '95', 'text': 'Layup Shot'}",Nae'Qwan Tomlin makes layup (Tyrese Proctor assists),117,78,4,5:25,True,2,{'id': '5'},"[{'athlete': {'id': '5106268'}}, {'athlete': {'id': '5023693'}}]",2026-05-26T02:19:43Z,True,"{'x': 26, 'y': 1}",2,+2 Points,325.0
401873344627,627,"{'id': '131', 'text': 'Pullup Jump Shot'}",Jordan Clarkson misses 28-foot three point pullup jump shot,117,78,4,5:16,False,0,{'id': '18'},[{'athlete': {'id': '2528426'}}],2026-05-26T02:19:53Z,True,"{'x': 4, 'y': 19}",3,Missed 3PT,316.0
401873344628,628,"{'id': '155', 'text': 'Defensive Rebound'}",Thomas Bryant defensive rebound,117,78,4,5:14,False,0,{'id': '5'},[{'athlete': {'id': '3934723'}}],2026-05-26T02:19:55Z,False,"{'x': 4, 'y': 19}",0,Rebound,314.0
401873344629,629,"{'id': '92', 'text': 'Jump Shot'}",Thomas Bryant misses 24-foot three point jumper,117,78,4,5:01,False,0,{'id': '5'},[{'athlete': {'id': '3934723'}}],2026-05-26T02:20:07Z,True,"{'x': 24, 'y': 25}",3,Missed 3PT,301.0
401873344630,630,"{'id': '155', 'text': 'Defensive Rebound'}",Ariel Hukporti defensive rebound,117,78,4,4:59,False,0,{'id': '18'},[{'athlete': {'id': '4871141'}}],2026-05-26T02:20:09Z,False,"{'x': 24, 'y': 25}",0,Rebound,299.0
401873344631,631,"{'id': '45', 'text': 'Personal Foul'}",Craig Porter Jr. personal foul,117,78,4,4:53,False,0,{'id': '5'},[{'athlete': {'id': '4701233'}}],2026-05-26T02:20:19Z,False,"{'x': 15, 'y': 7}",0,Foul,293.0
401873344633,633,"{'id': '92', 'text': 'Jump Shot'}",Pacome Dadiet misses 23-foot jumper,117,78,4,4:39,False,0,{'id': '18'},[{'athlete': {'id': '5211983'}}],2026-05-26T02:21:03Z,True,"{'x': 5, 'y': 11}",2,Missed FG,279.0
401873344634,634,"{'id': '156', 'text': 'Offensive Rebound'}",Ariel Hukporti offensive rebound,117,78,4,4:36,False,0,{'id': '18'},[{'athlete': {'id': '4871141'}}],2026-05-26T02:21:06Z,False,"{'x': 5, 'y': 11}",0,Rebound,276.0
401873344635,635,"{'id': '92', 'text': 'Jump Shot'}",Tyler Kolek makes 25-foot three point jumper (Mohamed Diawara assists),120,78,4,4:30,True,3,{'id': '18'},"[{'athlete': {'id': '4433225'}}, {'athlete': {'id': '5289900'}}]",2026-05-26T02:21:12Z,True,"{'x': 46, 'y': 14}",3,+3 Points,270.0
401873344637,637,"{'id': '92', 'text': 'Jump Shot'}",Keon Ellis misses 25-foot three point jumper,120,78,4,4:17,False,0,{'id': '5'},[{'athlete': {'id': '4702177'}}],2026-05-26T02:21:24Z,True,"{'x': 2, 'y': 13}",3,Missed 3PT,257.0
401873344638,638,"{'id': '155', 'text': 'Defensive Rebound'}",Mohamed Diawara defensive rebound,120,78,4,4:15,False,0,{'id': '18'},[{'athlete': {'id': '5289900'}}],2026-05-26T02:21:26Z,False,"{'x': 2, 'y': 13}",0,Rebound,255.0
401873344639,639,"{'id': '92', 'text': 'Jump Shot'}",Jordan Clarkson misses 23-foot three point jumper,120,78,4,4:10,False,0,{'id': '18'},[{'athlete': {'id': '2528426'}}],2026-05-26T02:21:32Z,True,"{'x': 48, 'y': 2}",3,Missed 3PT,250.0
401873344640,640,"{'id': '156', 'text': 'Offensive Rebound'}",Pacome Dadiet offensive rebound,120,78,4,4:08,False,0,{'id': '18'},[{'athlete': {'id': '5211983'}}],2026-05-26T02:21:34Z,False,"{'x': 48, 'y': 2}",0,Rebound,248.0
401873344641,641,"{'id': '92', 'text': 'Jump Shot'}",Pacome Dadiet makes 27-foot three point jumper (Mohamed Diawara assists),123,78,4,4:03,True,3,{'id': '18'},"[{'athlete': {'id': '5211983'}}, {'athlete': {'id': '5289900'}}]",2026-05-26T02:21:39Z,True,"{'x': 5, 'y': 19}",3,+3 Points,243.0
401873344643,643,"{'id': '132', 'text': 'Step Back Jump Shot'}",Tyrese Proctor misses 25-foot three point step back jumpshot,123,78,4,3:49,False,0,{'id': '5'},[{'athlete': {'id': '5023693'}}],2026-05-26T02:21:53Z,True,"{'x': 47, 'y': 12}",3,Missed 3PT,229.0
401873344644,644,"{'id': '156', 'text': 'Offensive Rebound'}",Nae'Qwan Tomlin offensive rebound,123,78,4,3:47,False,0,{'id': '5'},[{'athlete': {'id': '5106268'}}],2026-05-26T02:21:55Z,False,"{'x': 47, 'y': 12}",0,Rebound,227.0
401873344645,645,"{'id': '92', 'text': 'Jump Shot'}",Thomas Bryant makes 25-foot three point jumper (Nae'Qwan Tomlin assists),123,81,4,3:45,True,3,{'id': '5'},"[{'athlete': {'id': '3934723'}}, {'athlete': {'id': '5106268'}}]",2026-05-26T02:21:56Z,True,"{'x': 41, 'y': 20}",3,+3 Points,225.0
401873344684,684,"{'id': '87', 'text': 'Out of Bounds - Lost Ball Turnover'}",Jordan Clarkson out of bounds lost ball turnover,123,81,4,3:30,False,0,{'id': '18'},[{'athlete': {'id': '2528426'}}],2026-05-26T02:22:23Z,False,"{'x': 25, 'y': 10}",0,Turnover,210.0
401873344651,651,"{'id': '110', 'text': 'Driving Layup Shot'}",Thomas Bryant makes driving layup (Craig Porter Jr. assists),123,83,4,3:21,True,2,{'id': '5'},"[{'athlete': {'id': '3934723'}}, {'athlete': {'id': '4701233'}}]",2026-05-26T02:22:37Z,True,"{'x': 26, 'y': 0}",2,+2 Points,201.0
401873344653,653,"{'id': '131', 'text': 'Pullup Jump Shot'}",Tyler Kolek makes 28-foot three pointer,126,83,4,3:06,True,3,{'id': '18'},[{'athlete': {'id': '4433225'}}],2026-05-26T02:22:52Z,True,"{'x': 23, 'y': 28}",3,+3 Points,186.0
401873344654,654,"{'id': '128', 'text': 'Driving Finger Roll Layup'}",Nae'Qwan Tomlin misses two point shot,126,83,4,2:49,False,0,{'id': '5'},[{'athlete': {'id': '5106268'}}],2026-05-26T02:23:09Z,True,"{'x': 25, 'y': 3}",2,Missed FG,169.0
401873344655,655,"{'id': '155', 'text': 'Defensive Rebound'}",Mohamed Diawara defensive rebound,126,83,4,2:46,False,0,{'id': '18'},[{'athlete': {'id': '5289900'}}],2026-05-26T02:23:12Z,False,"{'x': 25, 'y': 3}",0,Rebound,166.0
401873344656,656,"{'id': '146', 'text': 'Running Pullup Jump Shot'}",Tyler Kolek misses running pullup jump shot,126,83,4,2:43,False,0,{'id': '18'},[{'athlete': {'id': '4433225'}}],2026-05-26T02:23:15Z,True,"{'x': 42, 'y': 19}",3,Missed 3PT,163.0
401873344657,657,"{'id': '155', 'text': 'Defensive Rebound'}",Tyrese Proctor defensive rebound,126,83,4,2:41,False,0,{'id': '5'},[{'athlete': {'id': '5023693'}}],2026-05-26T02:23:17Z,False,"{'x': 42, 'y': 19}",0,Rebound,161.0
401873344658,658,"{'id': '113', 'text': 'Running Jump Shot'}",Keon Ellis makes 26-foot running jump shot (Tyrese Proctor assists),126,86,4,2:36,True,3,{'id': '5'},"[{'athlete': {'id': '4702177'}}, {'athlete': {'id': '5023693'}}]",2026-05-26T02:23:23Z,True,"{'x': 48, 'y': 13}",3,+3 Points,156.0
401873344660,660,"{'id': '62', 'text': 'Bad Pass\nTurnover'}","Mohamed Diawara bad pass
turnover (Keon Ellis steals)",126,86,4,2:22,False,0,{'id': '18'},"[{'athlete': {'id': '5289900'}}, {'athlete': {'id': '4702177'}}]",2026-05-26T02:23:40Z,False,"{'x': 27, 'y': 8}",0,Turnover,142.0
401873344662,662,"{'id': '45', 'text': 'Personal Foul'}",Ariel Hukporti personal foul,126,86,4,2:22,False,0,{'id': '18'},[{'athlete': {'id': '4871141'}}],2026-05-26T02:23:44Z,False,"{'x': 28, 'y': 10}",0,Foul,142.0
401873344664,664,"{'id': '16', 'text': 'Full Timeout'}",Knicks Full timeout,126,86,4,2:22,False,0,{'id': '18'},,2026-05-26T02:23:54Z,False,"{'x': -214748340, 'y': -214748365}",0,Timeout,142.0
401873344665,665,"{'id': '98', 'text': 'Free Throw - 1 of 2'}",Keon Ellis makes free throw 1 of 2,126,87,4,2:22,True,1,{'id': '5'},[{'athlete': {'id': '4702177'}}],2026-05-26T02:27:49Z,True,"{'x': -214748340, 'y': -214748365}",1,+1 Point,142.0
401873344666,666,"{'id': '99', 'text': 'Free Throw - 2 of 2'}",Keon Ellis makes free throw 2 of 2,126,88,4,2:22,True,1,{'id': '5'},[{'athlete': {'id': '4702177'}}],2026-05-26T02:28:08Z,True,"{'x': -214748340, 'y': -214748365}",1,+1 Point,142.0
401873344667,667,"{'id': '92', 'text': 'Jump Shot'}",Jordan Clarkson misses 25-foot three point jumper,126,88,4,2:06,False,0,{'id': '18'},[{'athlete': {'id': '2528426'}}],2026-05-26T02:28:26Z,True,"{'x': 47, 'y': 14}",3,Missed 3PT,126.0
401873344668,668,"{'id': '156', 'text': 'Offensive Rebound'}",Ariel Hukporti offensive rebound,126,88,4,2:00,False,0,{'id': '18'},[{'athlete': {'id': '4871141'}}],2026-05-26T02:28:32Z,False,"{'x': 47, 'y': 14}",0,Rebound,120.0
401873344669,669,"{'id': '138', 'text': 'Putback Dunk Shot'}",Ariel Hukporti makes dunk,128,88,4,1:59,True,2,{'id': '18'},[{'athlete': {'id': '4871141'}}],2026-05-26T02:28:34Z,True,"{'x': 26, 'y': 1}",2,+2 Points,119.0
401873344670,670,"{'id': '92', 'text': 'Jump Shot'}",Thomas Bryant misses 25-foot three point jumper,128,88,4,1:42,False,0,{'id': '5'},[{'athlete': {'id': '3934723'}}],2026-05-26T02:28:50Z,True,"{'x': 25, 'y': 26}",3,Missed 3PT,102.0
401873344671,671,"{'id': '155', 'text': 'Defensive Rebound'}",Mohamed Diawara defensive rebound,128,88,4,1:40,False,0,{'id': '18'},[{'athlete': {'id': '5289900'}}],2026-05-26T02:28:52Z,False,"{'x': 25, 'y': 26}",0,Rebound,100.0
401873344672,672,"{'id': '92', 'text': 'Jump Shot'}",Pacome Dadiet misses 26-foot three point jumper,128,88,4,1:30,False,0,{'id': '18'},[{'athlete': {'id': '5211983'}}],2026-05-26T02:29:02Z,True,"{'x': 44, 'y': 18}",3,Missed 3PT,90.0
401873344673,673,"{'id': '155', 'text': 'Defensive Rebound'}",Thomas Bryant defensive rebound,128,88,4,1:27,False,0,{'id': '5'},[{'athlete': {'id': '3934723'}}],2026-05-26T02:29:05Z,False,"{'x': 44, 'y': 18}",0,Rebound,87.0
401873344674,674,"{'id': '110', 'text': 'Driving Layup Shot'}",Thomas Bryant makes driving layup (Craig Porter Jr. assists),128,90,4,1:17,True,2,{'id': '5'},"[{'athlete': {'id': '3934723'}}, {'athlete': {'id': '4701233'}}]",2026-05-26T02:29:17Z,True,"{'x': 25, 'y': 0}",2,+2 Points,77.0
401873344676,676,"{'id': '144', 'text': 'Driving Floating Jump Shot'}",Tyler Kolek misses driving floating jump shot,128,90,4,1:06,False,0,{'id': '18'},[{'athlete': {'id': '4433225'}}],2026-05-26T02:29:30Z,True,"{'x': 19, 'y': 9}",2,Missed FG,66.0
401873344677,677,"{'id': '155', 'text': 'Defensive Rebound'}",Craig Porter Jr. defensive rebound,128,90,4,1:04,False,0,{'id': '5'},[{'athlete': {'id': '4701233'}}],2026-05-26T02:29:32Z,False,"{'x': 19, 'y': 9}",0,Rebound,64.0
401873344678,678,"{'id': '90', 'text': 'Out of Bounds - Bad Pass Turnover'}",Craig Porter Jr. out of bounds bad pass turnover,128,90,4,1:01,False,0,{'id': '5'},[{'athlete': {'id': '4701233'}}],2026-05-26T02:29:37Z,False,"{'x': 31, 'y': 12}",0,Turnover,61.0
401873344679,679,"{'id': '121', 'text': 'Fade Away Jump Shot'}",Tyler Kolek makes 15-foot fade away jump shot,130,90,4,47.6,True,2,{'id': '18'},[{'athlete': {'id': '4433225'}}],2026-05-26T02:30:00Z,True,"{'x': 14, 'y': 11}",2,+2 Points,47.6
401873344680,680,"{'id': '92', 'text': 'Jump Shot'}",Thomas Bryant makes 24-foot three point jumper (Craig Porter Jr. assists),130,93,4,35.7,True,3,{'id': '5'},"[{'athlete': {'id': '3934723'}}, {'athlete': {'id': '4701233'}}]",2026-05-26T02:30:16Z,True,"{'x': 27, 'y': 25}",3,+3 Points,35.7
401873344682,682,"{'id': '70', 'text': 'Shot Clock Turnover'}",shot clock turnover ,130,93,4,11.7,False,0,{'id': '18'},,2026-05-26T02:30:46Z,False,"{'x': 13, 'y': 26}",0,Turnover,11.7
401873344683,683,"{'id': '412', 'text': 'End Period'}",End of the 4th Quarter,130,93,4,0.0,False,0,,,2026-05-26T02:31:08Z,False,"{'x': -214748340, 'y': -214748365}",0,End of 4th,0.0
401873344685,685,"{'id': '402', 'text': 'End Game'}",End of Game,130,93,4,0.0,False,0,,,2026-05-26T02:31:37Z,False,"{'x': -214748340, 'y': -214748365}",0,End of Game,0.0
