id,sequenceNumber,type,text,awayScore,homeScore,period,clock,scoringPlay,scoreValue,team,participants,wallclock,shootingPlay,coordinate,pointsAttempted,shortDescription,clockSec
4018599644,4,"{'id': '615', 'text': 'Jumpball'}",Karl-Anthony Towns vs. Victor Wembanyama (De'Aaron Fox gains possession),0,0,1,12:00,False,0,{'id': '24'},"[{'athlete': {'id': '5104157'}}, {'athlete': {'id': '3136195'}}, {'athlete': {'id': '4066259'}}]",2026-06-06T00:43:27Z,False,"{'x': -214748340, 'y': -214748365}",0,Jump Ball,720.0
4018599647,7,"{'id': '92', 'text': 'Jump Shot'}",Devin Vassell makes 24-foot three point jumper (Stephon Castle assists),0,3,1,11:36,True,3,{'id': '24'},"[{'athlete': {'id': '4395630'}}, {'athlete': {'id': '4845367'}}]",2026-06-06T00:43:46Z,True,"{'x': 21, 'y': 25}",3,+3 Points,696.0
40185996410,10,"{'id': '132', 'text': 'Step Back Jump Shot'}",Jalen Brunson makes 20-foot step back jumpshot,2,3,1,11:08,True,2,{'id': '18'},[{'athlete': {'id': '3934672'}}],2026-06-06T00:44:23Z,True,"{'x': 41, 'y': 13}",2,+2 Points,668.0
40185996411,11,"{'id': '44', 'text': 'Shooting Foul'}",Mikal Bridges shooting foul,2,3,1,10:55,False,0,{'id': '18'},[{'athlete': {'id': '3147657'}}],2026-06-06T00:44:39Z,False,"{'x': 25, 'y': 0}",0,Foul,655.0
40185996413,13,"{'id': '98', 'text': 'Free Throw - 1 of 2'}",Julian Champagnie makes free throw 1 of 2,2,4,1,10:55,True,1,{'id': '24'},[{'athlete': {'id': '4592479'}}],2026-06-06T00:45:08Z,True,"{'x': -214748340, 'y': -214748365}",1,+1 Point,655.0
40185996414,14,"{'id': '99', 'text': 'Free Throw - 2 of 2'}",Julian Champagnie makes free throw 2 of 2,2,5,1,10:55,True,1,{'id': '24'},[{'athlete': {'id': '4592479'}}],2026-06-06T00:45:08Z,True,"{'x': -214748340, 'y': -214748365}",1,+1 Point,655.0
40185996415,15,"{'id': '144', 'text': 'Driving Floating Jump Shot'}",Mikal Bridges misses driving floating jump shot,2,5,1,10:36,False,0,{'id': '18'},[{'athlete': {'id': '3147657'}}],2026-06-06T00:45:48Z,True,"{'x': 24, 'y': 8}",2,Missed FG,636.0
40185996416,16,"{'id': '155', 'text': 'Defensive Rebound'}",Victor Wembanyama defensive rebound,2,5,1,10:34,False,0,{'id': '24'},[{'athlete': {'id': '5104157'}}],2026-06-06T00:45:50Z,False,"{'x': 24, 'y': 8}",0,Rebound,634.0
40185996417,17,"{'id': '146', 'text': 'Running Pullup Jump Shot'}",De'Aaron Fox misses running pullup jump shot,2,5,1,10:28,False,0,{'id': '24'},[{'athlete': {'id': '4066259'}}],2026-06-06T00:45:56Z,True,"{'x': 23, 'y': 7}",2,Missed FG,628.0
40185996418,18,"{'id': '155', 'text': 'Defensive Rebound'}",Karl-Anthony Towns defensive rebound,2,5,1,10:26,False,0,{'id': '18'},[{'athlete': {'id': '3136195'}}],2026-06-06T00:45:58Z,False,"{'x': 23, 'y': 7}",0,Rebound,626.0
40185996419,19,"{'id': '44', 'text': 'Shooting Foul'}",Stephon Castle shooting foul,2,5,1,10:18,False,0,{'id': '24'},[{'athlete': {'id': '4845367'}}],2026-06-06T00:46:14Z,False,"{'x': 15, 'y': 24}",0,Foul,618.0
40185996421,21,"{'id': '100', 'text': 'Free Throw - 1 of 3'}",Jalen Brunson makes free throw 1 of 3,3,5,1,10:18,True,1,{'id': '18'},[{'athlete': {'id': '3934672'}}],2026-06-06T00:46:38Z,True,"{'x': -214748340, 'y': -214748365}",1,+1 Point,618.0
40185996422,22,"{'id': '101', 'text': 'Free Throw - 2 of 3'}",Jalen Brunson makes free throw 2 of 3,4,5,1,10:18,True,1,{'id': '18'},[{'athlete': {'id': '3934672'}}],2026-06-06T00:47:01Z,True,"{'x': -214748340, 'y': -214748365}",1,+1 Point,618.0
40185996423,23,"{'id': '102', 'text': 'Free Throw - 3 of 3'}",Jalen Brunson makes free throw 3 of 3,5,5,1,10:18,True,1,{'id': '18'},[{'athlete': {'id': '3934672'}}],2026-06-06T00:47:24Z,True,"{'x': -214748340, 'y': -214748365}",1,+1 Point,618.0
40185996424,24,"{'id': '45', 'text': 'Personal Foul'}",Jalen Brunson personal foul,5,5,1,10:12,False,0,{'id': '18'},[{'athlete': {'id': '3934672'}}],2026-06-06T00:47:35Z,False,"{'x': 16, 'y': 16}",0,Foul,612.0
40185996426,26,"{'id': '92', 'text': 'Jump Shot'}",Julian Champagnie makes 25-foot three point jumper (Devin Vassell assists),5,8,1,9:59,True,3,{'id': '24'},"[{'athlete': {'id': '4592479'}}, {'athlete': {'id': '4395630'}}]",2026-06-06T00:48:07Z,True,"{'x': 5, 'y': 15}",3,+3 Points,599.0
40185996428,28,"{'id': '131', 'text': 'Pullup Jump Shot'}",De'Aaron Fox blocks Jalen Brunson 's 6-foot pullup jump shot,5,8,1,9:45,False,0,{'id': '18'},"[{'athlete': {'id': '3934672'}}, {'athlete': {'id': '4066259'}}]",2026-06-06T00:48:20Z,True,"{'x': 20, 'y': 4}",2,Missed FG,585.0
40185996430,30,"{'id': '155', 'text': 'Defensive Rebound'}",Stephon Castle defensive rebound,5,8,1,9:45,False,0,{'id': '24'},[{'athlete': {'id': '4845367'}}],2026-06-06T00:48:20Z,False,"{'x': 20, 'y': 4}",0,Rebound,585.0
40185996431,31,"{'id': '45', 'text': 'Personal Foul'}",Josh Hart personal foul,5,8,1,9:45,False,0,{'id': '18'},[{'athlete': {'id': '3062679'}}],2026-06-06T00:48:30Z,False,"{'x': 20, 'y': -1}",0,Foul,585.0
40185996433,33,"{'id': '145', 'text': 'Driving Floating Bank Jump Shot'}",Stephon Castle makes 4-foot two point shot,5,10,1,9:34,True,2,{'id': '24'},[{'athlete': {'id': '4845367'}}],2026-06-06T00:48:56Z,True,"{'x': 29, 'y': 2}",2,+2 Points,574.0
40185996434,34,"{'id': '126', 'text': 'Layup Driving Reverse'}",OG Anunoby makes two point shot (Karl-Anthony Towns assists),7,10,1,9:20,True,2,{'id': '18'},"[{'athlete': {'id': '3934719'}}, {'athlete': {'id': '3136195'}}]",2026-06-06T00:49:10Z,True,"{'x': 24, 'y': 2}",2,+2 Points,560.0
40185996436,36,"{'id': '135', 'text': 'Fade Away Bank Jump Shot'}",Julian Champagnie makes 23-foot three point shot,7,13,1,9:00,True,3,{'id': '24'},[{'athlete': {'id': '4592479'}}],2026-06-06T00:49:30Z,True,"{'x': 2, 'y': 0}",3,+3 Points,540.0
40185996437,37,"{'id': '131', 'text': 'Pullup Jump Shot'}",OG Anunoby makes 22-foot three pointer (Jalen Brunson assists),10,13,1,8:41,True,3,{'id': '18'},"[{'athlete': {'id': '3934719'}}, {'athlete': {'id': '3934672'}}]",2026-06-06T00:49:49Z,True,"{'x': 3, 'y': -1}",3,+3 Points,521.0
40185996439,39,"{'id': '92', 'text': 'Jump Shot'}",Stephon Castle misses 25-foot three point jumper,10,13,1,8:25,False,0,{'id': '24'},[{'athlete': {'id': '4845367'}}],2026-06-06T00:50:05Z,True,"{'x': 41, 'y': 20}",3,Missed 3PT,505.0
40185996440,40,"{'id': '155', 'text': 'Defensive Rebound'}",Mikal Bridges defensive rebound,10,13,1,8:21,False,0,{'id': '18'},[{'athlete': {'id': '3147657'}}],2026-06-06T00:50:09Z,False,"{'x': 41, 'y': 20}",0,Rebound,501.0
40185996441,41,"{'id': '128', 'text': 'Driving Finger Roll Layup'}",Jalen Brunson misses two point shot,10,13,1,8:13,False,0,{'id': '18'},[{'athlete': {'id': '3934672'}}],2026-06-06T00:50:17Z,True,"{'x': 23, 'y': 2}",2,Missed FG,493.0
40185996442,42,"{'id': '155', 'text': 'Defensive Rebound'}",Devin Vassell defensive rebound,10,13,1,8:11,False,0,{'id': '24'},[{'athlete': {'id': '4395630'}}],2026-06-06T00:50:19Z,False,"{'x': 23, 'y': 2}",0,Rebound,491.0
40185996443,43,"{'id': '109', 'text': 'Running Layup Shot'}",Stephon Castle misses running layup,10,13,1,8:06,False,0,{'id': '24'},[{'athlete': {'id': '4845367'}}],2026-06-06T00:50:24Z,True,"{'x': 31, 'y': -1}",2,Missed FG,486.0
40185996444,44,"{'id': '155', 'text': 'Defensive Rebound'}",OG Anunoby defensive rebound,10,13,1,8:04,False,0,{'id': '18'},[{'athlete': {'id': '3934719'}}],2026-06-06T00:50:26Z,False,"{'x': 31, 'y': -1}",0,Rebound,484.0
40185996445,45,"{'id': '109', 'text': 'Running Layup Shot'}",Devin Vassell blocks Jalen Brunson 's 4-foot running layup,10,13,1,8:02,False,0,{'id': '18'},"[{'athlete': {'id': '3934672'}}, {'athlete': {'id': '4395630'}}]",2026-06-06T00:50:30Z,True,"{'x': 29, 'y': 0}",2,Missed FG,482.0
40185996447,47,"{'id': '156', 'text': 'Offensive Rebound'}",Knicks offensive team rebound,10,13,1,8:02,False,0,{'id': '18'},,2026-06-06T00:50:30Z,False,"{'x': 29, 'y': 0}",0,Rebound,482.0
40185996449,49,"{'id': '584', 'text': 'Substitution'}",Dylan Harper enters the game for De'Aaron Fox,10,13,1,8:02,False,0,{'id': '24'},"[{'athlete': {'id': '5037871'}}, {'athlete': {'id': '4066259'}}]",2026-06-06T00:50:34Z,False,"{'x': -214748340, 'y': -214748365}",0,Substitution,482.0
40185996450,50,"{'id': '584', 'text': 'Substitution'}",Keldon Johnson enters the game for Devin Vassell,10,13,1,8:02,False,0,{'id': '24'},"[{'athlete': {'id': '4395723'}}, {'athlete': {'id': '4395630'}}]",2026-06-06T00:50:34Z,False,"{'x': -214748340, 'y': -214748365}",0,Substitution,482.0
40185996453,53,"{'id': '86', 'text': 'Out of Bounds - Step Turnover'}",Josh Hart steps out of bounds turnover,10,13,1,7:59,False,0,{'id': '18'},[{'athlete': {'id': '3062679'}}],2026-06-06T00:51:10Z,False,"{'x': 38, 'y': -2}",0,Turnover,479.0
40185996454,54,"{'id': '151', 'text': 'Cutting Dunk Shot'}",Victor Wembanyama makes dunk (Keldon Johnson assists),10,15,1,7:42,True,2,{'id': '24'},"[{'athlete': {'id': '5104157'}}, {'athlete': {'id': '4395723'}}]",2026-06-06T00:51:39Z,True,"{'x': 25, 'y': 0}",2,+2 Points,462.0
40185996456,56,"{'id': '92', 'text': 'Jump Shot'}",Josh Hart misses 22-foot three point jumper,10,15,1,7:29,False,0,{'id': '18'},[{'athlete': {'id': '3062679'}}],2026-06-06T00:51:51Z,True,"{'x': 48, 'y': 2}",3,Missed 3PT,449.0
40185996457,57,"{'id': '155', 'text': 'Defensive Rebound'}",Julian Champagnie defensive rebound,10,15,1,7:26,False,0,{'id': '24'},[{'athlete': {'id': '4592479'}}],2026-06-06T00:51:54Z,False,"{'x': 48, 'y': 2}",0,Rebound,446.0
40185996458,58,"{'id': '127', 'text': 'Layup Running Reverse'}",Stephon Castle misses two point shot,10,15,1,7:20,False,0,{'id': '24'},[{'athlete': {'id': '4845367'}}],2026-06-06T00:52:01Z,True,"{'x': 23, 'y': -1}",2,Missed FG,440.0
40185996459,59,"{'id': '155', 'text': 'Defensive Rebound'}",Jalen Brunson defensive rebound,10,15,1,7:18,False,0,{'id': '18'},[{'athlete': {'id': '3934672'}}],2026-06-06T00:52:03Z,False,"{'x': 23, 'y': -1}",0,Rebound,438.0
40185996460,60,"{'id': '146', 'text': 'Running Pullup Jump Shot'}",Jalen Brunson makes 26-foot running pullup jump shot,13,15,1,7:16,True,3,{'id': '18'},[{'athlete': {'id': '3934672'}}],2026-06-06T00:52:05Z,True,"{'x': 19, 'y': 26}",3,+3 Points,436.0
40185996461,61,"{'id': '128', 'text': 'Driving Finger Roll Layup'}",Dylan Harper makes 1-foot two point shot (Julian Champagnie assists),13,17,1,6:56,True,2,{'id': '24'},"[{'athlete': {'id': '5037871'}}, {'athlete': {'id': '4592479'}}]",2026-06-06T00:52:24Z,True,"{'x': 24, 'y': 0}",2,+2 Points,416.0
40185996463,63,"{'id': '92', 'text': 'Jump Shot'}",Karl-Anthony Towns misses 26-foot three point jumper,13,17,1,6:32,False,0,{'id': '18'},[{'athlete': {'id': '3136195'}}],2026-06-06T00:52:48Z,True,"{'x': 39, 'y': 23}",3,Missed 3PT,392.0
40185996464,64,"{'id': '155', 'text': 'Defensive Rebound'}",Keldon Johnson defensive rebound,13,17,1,6:28,False,0,{'id': '24'},[{'athlete': {'id': '4395723'}}],2026-06-06T00:52:52Z,False,"{'x': 39, 'y': 23}",0,Rebound,388.0
40185996465,65,"{'id': '92', 'text': 'Jump Shot'}",Victor Wembanyama misses 24-foot three point jumper,13,17,1,6:20,False,0,{'id': '24'},[{'athlete': {'id': '5104157'}}],2026-06-06T00:53:00Z,True,"{'x': 35, 'y': 23}",3,Missed 3PT,380.0
40185996466,66,"{'id': '155', 'text': 'Defensive Rebound'}",Josh Hart defensive rebound,13,17,1,6:17,False,0,{'id': '18'},[{'athlete': {'id': '3062679'}}],2026-06-06T00:53:03Z,False,"{'x': 35, 'y': 23}",0,Rebound,377.0
40185996467,67,"{'id': '144', 'text': 'Driving Floating Jump Shot'}",Josh Hart misses driving floating jump shot,13,17,1,5:54,False,0,{'id': '18'},[{'athlete': {'id': '3062679'}}],2026-06-06T00:53:27Z,True,"{'x': 27, 'y': 10}",2,Missed FG,354.0
40185996468,68,"{'id': '155', 'text': 'Defensive Rebound'}",Dylan Harper defensive rebound,13,17,1,5:50,False,0,{'id': '24'},[{'athlete': {'id': '5037871'}}],2026-06-06T00:53:31Z,False,"{'x': 27, 'y': 10}",0,Rebound,350.0
40185996469,69,"{'id': '44', 'text': 'Shooting Foul'}",Josh Hart shooting foul,13,17,1,5:46,False,0,{'id': '18'},[{'athlete': {'id': '3062679'}}],2026-06-06T00:53:38Z,False,"{'x': 26, 'y': -1}",0,Foul,346.0
40185996471,71,"{'id': '16', 'text': 'Full Timeout'}",Spurs Full timeout,13,17,1,5:46,False,0,{'id': '24'},,2026-06-06T00:53:52Z,False,"{'x': -214748340, 'y': -214748365}",0,Timeout,346.0
40185996472,72,"{'id': '584', 'text': 'Substitution'}",Luke Kornet enters the game for Victor Wembanyama,13,17,1,5:46,False,0,{'id': '24'},"[{'athlete': {'id': '3064560'}}, {'athlete': {'id': '5104157'}}]",2026-06-06T00:57:09Z,False,"{'x': -214748340, 'y': -214748365}",0,Substitution,346.0
40185996473,73,"{'id': '584', 'text': 'Substitution'}",Devin Vassell enters the game for Keldon Johnson,13,17,1,5:46,False,0,{'id': '24'},"[{'athlete': {'id': '4395630'}}, {'athlete': {'id': '4395723'}}]",2026-06-06T00:57:09Z,False,"{'x': -214748340, 'y': -214748365}",0,Substitution,346.0
40185996474,74,"{'id': '584', 'text': 'Substitution'}",Miles McBride enters the game for Josh Hart,13,17,1,5:46,False,0,{'id': '18'},"[{'athlete': {'id': '4431823'}}, {'athlete': {'id': '3062679'}}]",2026-06-06T00:57:09Z,False,"{'x': -214748340, 'y': -214748365}",0,Substitution,346.0
40185996475,75,"{'id': '584', 'text': 'Substitution'}",Landry Shamet enters the game for OG Anunoby,13,17,1,5:46,False,0,{'id': '18'},"[{'athlete': {'id': '3914044'}}, {'athlete': {'id': '3934719'}}]",2026-06-06T00:57:09Z,False,"{'x': -214748340, 'y': -214748365}",0,Substitution,346.0
40185996480,80,"{'id': '98', 'text': 'Free Throw - 1 of 2'}",Stephon Castle misses free throw 1 of 2,13,17,1,5:46,False,0,{'id': '24'},[{'athlete': {'id': '4845367'}}],2026-06-06T00:57:47Z,True,"{'x': -214748340, 'y': -214748365}",1,Missed FT,346.0
40185996481,81,"{'id': '156', 'text': 'Offensive Rebound'}",Spurs offensive team rebound,13,17,1,5:46,False,0,{'id': '24'},,2026-06-06T00:57:47Z,False,"{'x': -214748340, 'y': -214748365}",0,Rebound,346.0
40185996482,82,"{'id': '99', 'text': 'Free Throw - 2 of 2'}",Stephon Castle misses free throw 2 of 2,13,17,1,5:46,False,0,{'id': '24'},[{'athlete': {'id': '4845367'}}],2026-06-06T00:57:47Z,True,"{'x': -214748340, 'y': -214748365}",1,Missed FT,346.0
40185996483,83,"{'id': '156', 'text': 'Offensive Rebound'}",Spurs offensive team rebound,13,17,1,5:46,False,0,{'id': '24'},,2026-06-06T00:57:47Z,False,"{'x': -214748340, 'y': -214748365}",0,Rebound,346.0
40185996485,85,"{'id': '45', 'text': 'Personal Foul'}",Karl-Anthony Towns personal foul,13,17,1,5:45,False,0,{'id': '18'},[{'athlete': {'id': '3136195'}}],2026-06-06T00:58:30Z,False,"{'x': 45, 'y': 11}",0,Foul,345.0
40185996487,87,"{'id': '98', 'text': 'Free Throw - 1 of 2'}",Luke Kornet makes free throw 1 of 2,13,18,1,5:45,True,1,{'id': '24'},[{'athlete': {'id': '3064560'}}],2026-06-06T00:58:56Z,True,"{'x': -214748340, 'y': -214748365}",1,+1 Point,345.0
40185996488,88,"{'id': '99', 'text': 'Free Throw - 2 of 2'}",Luke Kornet misses free throw 2 of 2,13,18,1,5:45,False,0,{'id': '24'},[{'athlete': {'id': '3064560'}}],2026-06-06T00:58:56Z,True,"{'x': -214748340, 'y': -214748365}",1,Missed FT,345.0
40185996489,89,"{'id': '155', 'text': 'Defensive Rebound'}",Karl-Anthony Towns defensive rebound,13,18,1,5:41,False,0,{'id': '18'},[{'athlete': {'id': '3136195'}}],2026-06-06T00:59:00Z,False,"{'x': -214748340, 'y': -214748365}",0,Rebound,341.0
40185996490,90,"{'id': '109', 'text': 'Running Layup Shot'}",Landry Shamet misses running layup,13,18,1,5:38,False,0,{'id': '18'},[{'athlete': {'id': '3914044'}}],2026-06-06T00:59:18Z,True,"{'x': 27, 'y': 1}",2,Missed FG,338.0
40185996491,91,"{'id': '155', 'text': 'Defensive Rebound'}",Julian Champagnie defensive rebound,13,18,1,5:36,False,0,{'id': '24'},[{'athlete': {'id': '4592479'}}],2026-06-06T00:59:20Z,False,"{'x': 27, 'y': 1}",0,Rebound,336.0
40185996492,92,"{'id': '115', 'text': 'Driving Dunk Shot'}",Dylan Harper makes 1-foot driving dunk (Stephon Castle assists),13,20,1,5:27,True,2,{'id': '24'},"[{'athlete': {'id': '5037871'}}, {'athlete': {'id': '4845367'}}]",2026-06-06T00:59:28Z,True,"{'x': 25, 'y': -1}",2,+2 Points,327.0
40185996494,94,"{'id': '45', 'text': 'Personal Foul'}",Devin Vassell personal foul,13,20,1,5:18,False,0,{'id': '24'},[{'athlete': {'id': '4395630'}}],2026-06-06T00:59:40Z,False,"{'x': 14, 'y': 23}",0,Foul,318.0
40185996496,96,"{'id': '92', 'text': 'Jump Shot'}",Karl-Anthony Towns makes 27-foot three point jumper (Mikal Bridges assists),16,20,1,5:11,True,3,{'id': '18'},"[{'athlete': {'id': '3136195'}}, {'athlete': {'id': '3147657'}}]",2026-06-06T01:00:09Z,True,"{'x': 18, 'y': 27}",3,+3 Points,311.0
40185996498,98,"{'id': '92', 'text': 'Jump Shot'}",Dylan Harper misses 25-foot three point jumper,16,20,1,5:00,False,0,{'id': '24'},[{'athlete': {'id': '5037871'}}],2026-06-06T01:00:21Z,True,"{'x': 16, 'y': 24}",3,Missed 3PT,300.0
40185996499,99,"{'id': '155', 'text': 'Defensive Rebound'}",Karl-Anthony Towns defensive rebound,16,20,1,4:57,False,0,{'id': '18'},[{'athlete': {'id': '3136195'}}],2026-06-06T01:00:24Z,False,"{'x': 16, 'y': 24}",0,Rebound,297.0
401859964100,100,"{'id': '132', 'text': 'Step Back Jump Shot'}",Landry Shamet misses 25-foot three point step back jumpshot,16,20,1,4:49,False,0,{'id': '18'},[{'athlete': {'id': '3914044'}}],2026-06-06T01:00:31Z,True,"{'x': 48, 'y': 11}",3,Missed 3PT,289.0
401859964101,101,"{'id': '156', 'text': 'Offensive Rebound'}",Knicks offensive team rebound,16,20,1,4:49,False,0,{'id': '18'},,2026-06-06T01:00:37Z,False,"{'x': 48, 'y': 11}",0,Rebound,289.0
401859964102,102,"{'id': '43', 'text': 'Loose Ball Foul'}",Dylan Harper loose ball foul,16,20,1,4:49,False,0,{'id': '24'},[{'athlete': {'id': '5037871'}}],2026-06-06T01:00:38Z,False,"{'x': 21, 'y': 0}",0,Foul,289.0
401859964104,104,"{'id': '584', 'text': 'Substitution'}",De'Aaron Fox enters the game for Stephon Castle,16,20,1,4:49,False,0,{'id': '24'},"[{'athlete': {'id': '4066259'}}, {'athlete': {'id': '4845367'}}]",2026-06-06T01:00:44Z,False,"{'x': -214748340, 'y': -214748365}",0,Substitution,289.0
401859964105,105,"{'id': '584', 'text': 'Substitution'}",Carter Bryant enters the game for Julian Champagnie,16,20,1,4:49,False,0,{'id': '24'},"[{'athlete': {'id': '5061568'}}, {'athlete': {'id': '4592479'}}]",2026-06-06T01:00:44Z,False,"{'x': -214748340, 'y': -214748365}",0,Substitution,289.0
401859964108,108,"{'id': '86', 'text': 'Out of Bounds - Step Turnover'}",Jalen Brunson steps out of bounds turnover,16,20,1,4:41,False,0,{'id': '18'},[{'athlete': {'id': '3934672'}}],2026-06-06T01:01:43Z,False,"{'x': 2, 'y': 24}",0,Turnover,281.0
401859964109,109,"{'id': '62', 'text': 'Bad Pass\nTurnover'}","Carter Bryant bad pass
turnover (Karl-Anthony Towns steals)",16,20,1,4:30,False,0,{'id': '24'},"[{'athlete': {'id': '5061568'}}, {'athlete': {'id': '3136195'}}]",2026-06-06T01:01:56Z,False,"{'x': 28, 'y': 6}",0,Turnover,270.0
401859964111,111,"{'id': '110', 'text': 'Driving Layup Shot'}",Karl-Anthony Towns makes driving layup,18,20,1,4:16,True,2,{'id': '18'},[{'athlete': {'id': '3136195'}}],2026-06-06T01:02:10Z,True,"{'x': 23, 'y': 1}",2,+2 Points,256.0
401859964112,112,"{'id': '92', 'text': 'Jump Shot'}",Devin Vassell misses 25-foot three point jumper,18,20,1,4:05,False,0,{'id': '24'},[{'athlete': {'id': '4395630'}}],2026-06-06T01:02:21Z,True,"{'x': 41, 'y': 20}",3,Missed 3PT,245.0
401859964113,113,"{'id': '155', 'text': 'Defensive Rebound'}",Mikal Bridges defensive rebound,18,20,1,4:02,False,0,{'id': '18'},[{'athlete': {'id': '3147657'}}],2026-06-06T01:02:24Z,False,"{'x': 41, 'y': 20}",0,Rebound,242.0
401859964115,115,"{'id': '45', 'text': 'Personal Foul'}",Luke Kornet personal foul,18,20,1,3:55,False,0,{'id': '24'},[{'athlete': {'id': '3064560'}}],2026-06-06T01:02:44Z,False,"{'x': 20, 'y': 39}",0,Foul,235.0
401859964117,117,"{'id': '584', 'text': 'Substitution'}",OG Anunoby enters the game for Mikal Bridges,18,20,1,3:55,False,0,{'id': '18'},"[{'athlete': {'id': '3934719'}}, {'athlete': {'id': '3147657'}}]",2026-06-06T01:02:53Z,False,"{'x': -214748340, 'y': -214748365}",0,Substitution,235.0
401859964118,118,"{'id': '584', 'text': 'Substitution'}",Mitchell Robinson enters the game for Karl-Anthony Towns,18,20,1,3:55,False,0,{'id': '18'},"[{'athlete': {'id': '4351852'}}, {'athlete': {'id': '3136195'}}]",2026-06-06T01:02:53Z,False,"{'x': -214748340, 'y': -214748365}",0,Substitution,235.0
401859964121,121,"{'id': '131', 'text': 'Pullup Jump Shot'}",Jalen Brunson misses 15-foot pullup jump shot,18,20,1,3:49,False,0,{'id': '18'},[{'athlete': {'id': '3934672'}}],2026-06-06T01:03:17Z,True,"{'x': 27, 'y': 15}",2,Missed FG,229.0
401859964122,122,"{'id': '156', 'text': 'Offensive Rebound'}",Miles McBride offensive rebound,18,20,1,3:45,False,0,{'id': '18'},[{'athlete': {'id': '4431823'}}],2026-06-06T01:03:20Z,False,"{'x': 27, 'y': 15}",0,Rebound,225.0
401859964123,123,"{'id': '137', 'text': 'Turnaround Fade Away Jump Shot'}",Miles McBride misses 16-foot two point shot,18,20,1,3:42,False,0,{'id': '18'},[{'athlete': {'id': '4431823'}}],2026-06-06T01:03:23Z,True,"{'x': 37, 'y': 11}",2,Missed FG,222.0
401859964124,124,"{'id': '155', 'text': 'Defensive Rebound'}",Luke Kornet defensive rebound,18,20,1,3:42,False,0,{'id': '24'},[{'athlete': {'id': '3064560'}}],2026-06-06T01:03:23Z,False,"{'x': 37, 'y': 11}",0,Rebound,222.0
401859964125,125,"{'id': '133', 'text': 'Pullup Bank Jump Shot'}",De'Aaron Fox makes 7-foot two point shot,18,22,1,3:32,True,2,{'id': '24'},[{'athlete': {'id': '4066259'}}],2026-06-06T01:03:35Z,True,"{'x': 33, 'y': 1}",2,+2 Points,212.0
401859964126,126,"{'id': '22', 'text': 'Personal Take Foul'}",Luke Kornet personal take foul,18,22,1,3:25,False,0,{'id': '24'},[{'athlete': {'id': '3064560'}}],2026-06-06T01:03:56Z,False,"{'x': 9, 'y': 6}",0,Foul,205.0
401859964128,128,"{'id': '98', 'text': 'Free Throw - 1 of 2'}",Mitchell Robinson makes free throw 1 of 2,19,22,1,3:25,True,1,{'id': '18'},[{'athlete': {'id': '4351852'}}],2026-06-06T01:04:39Z,True,"{'x': -214748340, 'y': -214748365}",1,+1 Point,205.0
401859964129,129,"{'id': '99', 'text': 'Free Throw - 2 of 2'}",Mitchell Robinson misses free throw 2 of 2,19,22,1,3:25,False,0,{'id': '18'},[{'athlete': {'id': '4351852'}}],2026-06-06T01:04:39Z,True,"{'x': -214748340, 'y': -214748365}",1,Missed FT,205.0
401859964130,130,"{'id': '155', 'text': 'Defensive Rebound'}",Devin Vassell defensive rebound,19,22,1,3:22,False,0,{'id': '24'},[{'athlete': {'id': '4395630'}}],2026-06-06T01:04:42Z,False,"{'x': -214748340, 'y': -214748365}",0,Rebound,202.0
401859964131,131,"{'id': '128', 'text': 'Driving Finger Roll Layup'}",Devin Vassell makes 1-foot two point shot (Dylan Harper assists),19,24,1,3:06,True,2,{'id': '24'},"[{'athlete': {'id': '4395630'}}, {'athlete': {'id': '5037871'}}]",2026-06-06T01:05:22Z,True,"{'x': 27, 'y': 0}",2,+2 Points,186.0
401859964133,133,"{'id': '22', 'text': 'Personal Take Foul'}",Carter Bryant personal take foul,19,24,1,2:56,False,0,{'id': '24'},[{'athlete': {'id': '5061568'}}],2026-06-06T01:05:35Z,False,"{'x': 15, 'y': -3}",0,Foul,176.0
401859964135,135,"{'id': '16', 'text': 'Full Timeout'}",Knicks Full timeout,19,24,1,2:56,False,0,{'id': '18'},,2026-06-06T01:05:48Z,False,"{'x': -214748340, 'y': -214748365}",0,Timeout,176.0
401859964136,136,"{'id': '98', 'text': 'Free Throw - 1 of 2'}",Mitchell Robinson misses free throw 1 of 2,19,24,1,2:56,False,0,{'id': '18'},[{'athlete': {'id': '4351852'}}],2026-06-06T01:09:45Z,True,"{'x': -214748340, 'y': -214748365}",1,Missed FT,176.0
401859964137,137,"{'id': '156', 'text': 'Offensive Rebound'}",Knicks offensive team rebound,19,24,1,2:56,False,0,{'id': '18'},,2026-06-06T01:09:45Z,False,"{'x': -214748340, 'y': -214748365}",0,Rebound,176.0
401859964138,138,"{'id': '99', 'text': 'Free Throw - 2 of 2'}",Mitchell Robinson misses free throw 2 of 2,19,24,1,2:56,False,0,{'id': '18'},[{'athlete': {'id': '4351852'}}],2026-06-06T01:09:45Z,True,"{'x': -214748340, 'y': -214748365}",1,Missed FT,176.0
401859964139,139,"{'id': '155', 'text': 'Defensive Rebound'}",Luke Kornet defensive rebound,19,24,1,2:53,False,0,{'id': '24'},[{'athlete': {'id': '3064560'}}],2026-06-06T01:09:48Z,False,"{'x': -214748340, 'y': -214748365}",0,Rebound,173.0
401859964140,140,"{'id': '92', 'text': 'Jump Shot'}",De'Aaron Fox makes 25-foot three point jumper (Devin Vassell assists),19,27,1,2:38,True,3,{'id': '24'},"[{'athlete': {'id': '4066259'}}, {'athlete': {'id': '4395630'}}]",2026-06-06T01:10:20Z,True,"{'x': 10, 'y': 21}",3,+3 Points,158.0
401859964142,142,"{'id': '22', 'text': 'Personal Take Foul'}",Carter Bryant personal take foul,19,27,1,2:29,False,0,{'id': '24'},[{'athlete': {'id': '5061568'}}],2026-06-06T01:10:31Z,False,"{'x': 38, 'y': -3}",0,Foul,149.0
401859964144,144,"{'id': '98', 'text': 'Free Throw - 1 of 2'}",Mitchell Robinson makes free throw 1 of 2,20,27,1,2:29,True,1,{'id': '18'},[{'athlete': {'id': '4351852'}}],2026-06-06T01:11:01Z,True,"{'x': -214748340, 'y': -214748365}",1,+1 Point,149.0
401859964145,145,"{'id': '584', 'text': 'Substitution'}",Victor Wembanyama enters the game for Luke Kornet,20,27,1,2:29,False,0,{'id': '24'},"[{'athlete': {'id': '5104157'}}, {'athlete': {'id': '3064560'}}]",2026-06-06T01:11:05Z,False,"{'x': -214748340, 'y': -214748365}",0,Substitution,149.0
401859964146,146,"{'id': '584', 'text': 'Substitution'}",Julian Champagnie enters the game for Carter Bryant,20,27,1,2:29,False,0,{'id': '24'},"[{'athlete': {'id': '4592479'}}, {'athlete': {'id': '5061568'}}]",2026-06-06T01:11:05Z,False,"{'x': -214748340, 'y': -214748365}",0,Substitution,149.0
401859964149,149,"{'id': '99', 'text': 'Free Throw - 2 of 2'}",Mitchell Robinson makes free throw 2 of 2,21,27,1,2:29,True,1,{'id': '18'},[{'athlete': {'id': '4351852'}}],2026-06-06T01:11:31Z,True,"{'x': -214748340, 'y': -214748365}",1,+1 Point,149.0
401859964150,150,"{'id': '128', 'text': 'Driving Finger Roll Layup'}",De'Aaron Fox makes 1-foot two point shot,21,29,1,2:18,True,2,{'id': '24'},[{'athlete': {'id': '4066259'}}],2026-06-06T01:11:44Z,True,"{'x': 23, 'y': 0}",2,+2 Points,138.0
401859964152,152,"{'id': '144', 'text': 'Driving Floating Jump Shot'}",Jalen Brunson misses driving floating jump shot,21,29,1,1:50,False,0,{'id': '18'},[{'athlete': {'id': '3934672'}}],2026-06-06T01:12:31Z,True,"{'x': 26, 'y': 10}",2,Missed FG,110.0
401859964153,153,"{'id': '155', 'text': 'Defensive Rebound'}",Dylan Harper defensive rebound,21,29,1,1:48,False,0,{'id': '24'},[{'athlete': {'id': '5037871'}}],2026-06-06T01:12:33Z,False,"{'x': 26, 'y': 10}",0,Rebound,108.0
401859964154,154,"{'id': '143', 'text': 'Running Alley Oop Layup Shot'}",De'Aaron Fox makes 1-foot layup (Devin Vassell assists),21,31,1,1:45,True,2,{'id': '24'},"[{'athlete': {'id': '4066259'}}, {'athlete': {'id': '4395630'}}]",2026-06-06T01:12:36Z,True,"{'x': 24, 'y': -1}",2,+2 Points,105.0
401859964156,156,"{'id': '141', 'text': 'Cutting Layup Shot'}",Mitchell Robinson makes 2-foot layup (OG Anunoby assists),23,31,1,1:20,True,2,{'id': '18'},"[{'athlete': {'id': '4351852'}}, {'athlete': {'id': '3934719'}}]",2026-06-06T01:13:01Z,True,"{'x': 23, 'y': 1}",2,+2 Points,80.0
401859964158,158,"{'id': '44', 'text': 'Shooting Foul'}",Mitchell Robinson shooting foul,23,31,1,1:06,False,0,{'id': '18'},[{'athlete': {'id': '4351852'}}],2026-06-06T01:13:19Z,False,"{'x': 28, 'y': 4}",0,Foul,66.0
401859964160,160,"{'id': '98', 'text': 'Free Throw - 1 of 2'}",Victor Wembanyama misses free throw 1 of 2,23,31,1,1:06,False,0,{'id': '24'},[{'athlete': {'id': '5104157'}}],2026-06-06T01:13:50Z,True,"{'x': -214748340, 'y': -214748365}",1,Missed FT,66.0
401859964161,161,"{'id': '156', 'text': 'Offensive Rebound'}",Spurs offensive team rebound,23,31,1,1:06,False,0,{'id': '24'},,2026-06-06T01:13:50Z,False,"{'x': -214748340, 'y': -214748365}",0,Rebound,66.0
401859964162,162,"{'id': '99', 'text': 'Free Throw - 2 of 2'}",Victor Wembanyama makes free throw 2 of 2,23,32,1,1:06,True,1,{'id': '24'},[{'athlete': {'id': '5104157'}}],2026-06-06T01:14:16Z,True,"{'x': -214748340, 'y': -214748365}",1,+1 Point,66.0
401859964163,163,"{'id': '72', 'text': 'Back Court Turnover'}",Miles McBride back court turnover,23,32,1,50.4,False,0,{'id': '18'},[{'athlete': {'id': '4431823'}}],2026-06-06T01:14:38Z,False,"{'x': 41, 'y': 40}",0,Turnover,50.4
401859964164,164,"{'id': '63', 'text': 'Lost Ball Turnover'}",De'Aaron Fox lost ball turnover (Jalen Brunson steals),23,32,1,34.0,False,0,{'id': '24'},"[{'athlete': {'id': '4066259'}}, {'athlete': {'id': '3934672'}}]",2026-06-06T01:15:10Z,False,"{'x': 29, 'y': 14}",0,Turnover,34.0
401859964166,166,"{'id': '109', 'text': 'Running Layup Shot'}",Landry Shamet makes running layup (Jalen Brunson assists),25,32,1,31.2,True,2,{'id': '18'},"[{'athlete': {'id': '3914044'}}, {'athlete': {'id': '3934672'}}]",2026-06-06T01:15:14Z,True,"{'x': 26, 'y': 1}",2,+2 Points,31.2
401859964168,168,"{'id': '110', 'text': 'Driving Layup Shot'}",Victor Wembanyama makes driving layup (De'Aaron Fox assists),25,34,1,12.3,True,2,{'id': '24'},"[{'athlete': {'id': '5104157'}}, {'athlete': {'id': '4066259'}}]",2026-06-06T01:15:41Z,True,"{'x': 22, 'y': 0}",2,+2 Points,12.3
401859964170,170,"{'id': '132', 'text': 'Step Back Jump Shot'}",Jalen Brunson misses 25-foot three point step back jumpshot,25,34,1,3.9,False,0,{'id': '18'},[{'athlete': {'id': '3934672'}}],2026-06-06T01:15:55Z,True,"{'x': 46, 'y': 16}",3,Missed 3PT,3.9
401859964171,171,"{'id': '155', 'text': 'Defensive Rebound'}",Victor Wembanyama defensive rebound,25,34,1,1.7,False,0,{'id': '24'},[{'athlete': {'id': '5104157'}}],2026-06-06T01:15:57Z,False,"{'x': 46, 'y': 16}",0,Rebound,1.7
401859964172,172,"{'id': '282', 'text': 'Heave Jump Shot'}",Victor Wembanyama misses heave jump shot,25,34,1,0.1,False,0,{'id': '24'},[{'athlete': {'id': '5104157'}}],2026-06-06T01:15:59Z,True,"{'x': 21, 'y': 70}",3,Missed 3PT,0.1
401859964173,173,"{'id': '156', 'text': 'Offensive Rebound'}",Spurs offensive team rebound,25,34,1,0.1,False,0,{'id': '24'},,2026-06-06T01:15:59Z,False,"{'x': 29, 'y': 14}",0,Rebound,0.1
401859964174,174,"{'id': '412', 'text': 'End Period'}",End of the 1st Quarter,25,34,1,0.0,False,0,,,2026-06-06T01:16:04Z,False,"{'x': -214748340, 'y': -214748365}",0,End of 1st,0.0
401859964175,175,"{'id': '584', 'text': 'Substitution'}",Keldon Johnson enters the game for De'Aaron Fox,25,34,2,12:00,False,0,{'id': '24'},"[{'athlete': {'id': '4395723'}}, {'athlete': {'id': '4066259'}}]",2026-06-06T01:19:07Z,False,"{'x': -214748340, 'y': -214748365}",0,Substitution,720.0
401859964176,176,"{'id': '584', 'text': 'Substitution'}",Stephon Castle enters the game for Devin Vassell,25,34,2,12:00,False,0,{'id': '24'},"[{'athlete': {'id': '4845367'}}, {'athlete': {'id': '4395630'}}]",2026-06-06T01:19:07Z,False,"{'x': -214748340, 'y': -214748365}",0,Substitution,720.0
401859964177,177,"{'id': '584', 'text': 'Substitution'}",Jose Alvarado enters the game for Jalen Brunson,25,34,2,12:00,False,0,{'id': '18'},"[{'athlete': {'id': '4277869'}}, {'athlete': {'id': '3934672'}}]",2026-06-06T01:19:07Z,False,"{'x': -214748340, 'y': -214748365}",0,Substitution,720.0
401859964178,178,"{'id': '584', 'text': 'Substitution'}",Karl-Anthony Towns enters the game for Mitchell Robinson,25,34,2,12:00,False,0,{'id': '18'},"[{'athlete': {'id': '3136195'}}, {'athlete': {'id': '4351852'}}]",2026-06-06T01:19:07Z,False,"{'x': -214748340, 'y': -214748365}",0,Substitution,720.0
401859964184,184,"{'id': '92', 'text': 'Jump Shot'}",Landry Shamet misses 25-foot three point jumper,25,34,2,11:46,False,0,{'id': '18'},[{'athlete': {'id': '3914044'}}],2026-06-06T01:20:04Z,True,"{'x': 48, 'y': 11}",3,Missed 3PT,706.0
401859964185,185,"{'id': '155', 'text': 'Defensive Rebound'}",Victor Wembanyama defensive rebound,25,34,2,11:42,False,0,{'id': '24'},[{'athlete': {'id': '5104157'}}],2026-06-06T01:20:08Z,False,"{'x': 48, 'y': 11}",0,Rebound,702.0
401859964186,186,"{'id': '92', 'text': 'Jump Shot'}",Stephon Castle makes 23-foot three point jumper (Dylan Harper assists),25,37,2,11:32,True,3,{'id': '24'},"[{'athlete': {'id': '4845367'}}, {'athlete': {'id': '5037871'}}]",2026-06-06T01:20:18Z,True,"{'x': 48, 'y': -3}",3,+3 Points,692.0
401859964188,188,"{'id': '132', 'text': 'Step Back Jump Shot'}",Karl-Anthony Towns makes 26-foot three point step back jumpshot (Miles McBride assists),28,37,2,11:15,True,3,{'id': '18'},"[{'athlete': {'id': '3136195'}}, {'athlete': {'id': '4431823'}}]",2026-06-06T01:20:35Z,True,"{'x': 19, 'y': 26}",3,+3 Points,675.0
401859964189,189,"{'id': '92', 'text': 'Jump Shot'}",Julian Champagnie misses 24-foot three point jumper,28,37,2,10:52,False,0,{'id': '24'},[{'athlete': {'id': '4592479'}}],2026-06-06T01:20:59Z,True,"{'x': 36, 'y': 22}",3,Missed 3PT,652.0
401859964190,190,"{'id': '156', 'text': 'Offensive Rebound'}",Victor Wembanyama offensive rebound,28,37,2,10:49,False,0,{'id': '24'},[{'athlete': {'id': '5104157'}}],2026-06-06T01:21:00Z,False,"{'x': 36, 'y': 22}",0,Rebound,649.0
401859964191,191,"{'id': '110', 'text': 'Driving Layup Shot'}",Landry Shamet blocks Stephon Castle 's 5-foot driving layup,28,37,2,10:41,False,0,{'id': '24'},"[{'athlete': {'id': '4845367'}}, {'athlete': {'id': '3914044'}}]",2026-06-06T01:21:09Z,True,"{'x': 25, 'y': 6}",2,Missed FG,641.0
401859964193,193,"{'id': '155', 'text': 'Defensive Rebound'}",Karl-Anthony Towns defensive rebound,28,37,2,10:39,False,0,{'id': '18'},[{'athlete': {'id': '3136195'}}],2026-06-06T01:21:11Z,False,"{'x': 25, 'y': 6}",0,Rebound,639.0
401859964194,194,"{'id': '146', 'text': 'Running Pullup Jump Shot'}",Jose Alvarado misses running pullup jump shot,28,37,2,10:37,False,0,{'id': '18'},[{'athlete': {'id': '4277869'}}],2026-06-06T01:21:14Z,True,"{'x': 7, 'y': 18}",3,Missed 3PT,637.0
401859964195,195,"{'id': '155', 'text': 'Defensive Rebound'}",Julian Champagnie defensive rebound,28,37,2,10:33,False,0,{'id': '24'},[{'athlete': {'id': '4592479'}}],2026-06-06T01:21:16Z,False,"{'x': 7, 'y': 18}",0,Rebound,633.0
401859964196,196,"{'id': '146', 'text': 'Running Pullup Jump Shot'}",Victor Wembanyama misses running pullup jump shot,28,37,2,10:28,False,0,{'id': '24'},[{'athlete': {'id': '5104157'}}],2026-06-06T01:21:22Z,True,"{'x': 7, 'y': 16}",3,Missed 3PT,628.0
401859964197,197,"{'id': '155', 'text': 'Defensive Rebound'}",OG Anunoby defensive rebound,28,37,2,10:25,False,0,{'id': '18'},[{'athlete': {'id': '3934719'}}],2026-06-06T01:21:25Z,False,"{'x': 7, 'y': 16}",0,Rebound,625.0
401859964198,198,"{'id': '44', 'text': 'Shooting Foul'}",Stephon Castle shooting foul,28,37,2,10:12,False,0,{'id': '24'},[{'athlete': {'id': '4845367'}}],2026-06-06T01:21:45Z,False,"{'x': 25, 'y': 7}",0,Foul,612.0
401859964200,200,"{'id': '98', 'text': 'Free Throw - 1 of 2'}",Karl-Anthony Towns makes free throw 1 of 2,29,37,2,10:12,True,1,{'id': '18'},[{'athlete': {'id': '3136195'}}],2026-06-06T01:22:26Z,True,"{'x': -214748340, 'y': -214748365}",1,+1 Point,612.0
401859964201,201,"{'id': '584', 'text': 'Substitution'}",Harrison Barnes enters the game for Keldon Johnson,29,37,2,10:12,False,0,{'id': '24'},"[{'athlete': {'id': '6578'}}, {'athlete': {'id': '4395723'}}]",2026-06-06T01:22:27Z,False,"{'x': -214748340, 'y': -214748365}",0,Substitution,612.0
401859964203,203,"{'id': '99', 'text': 'Free Throw - 2 of 2'}",Karl-Anthony Towns makes free throw 2 of 2,30,37,2,10:12,True,1,{'id': '18'},[{'athlete': {'id': '3136195'}}],2026-06-06T01:22:59Z,True,"{'x': -214748340, 'y': -214748365}",1,+1 Point,612.0
401859964204,204,"{'id': '42', 'text': 'Offensive Foul'}",Dylan Harper offensive foul,30,37,2,10:01,False,0,{'id': '24'},[{'athlete': {'id': '5037871'}}],2026-06-06T01:23:19Z,False,"{'x': 20, 'y': 3}",0,Foul,601.0
401859964206,206,"{'id': '84', 'text': 'Offensive Foul Turnover'}",Dylan Harper offensive foul turnover,30,37,2,10:01,False,0,{'id': '24'},[{'athlete': {'id': '5037871'}}],2026-06-06T01:23:19Z,False,"{'x': 20, 'y': 3}",0,Turnover,601.0
401859964207,207,"{'id': '128', 'text': 'Driving Finger Roll Layup'}",Victor Wembanyama blocks Jose Alvarado 's 4-foot two point shot,30,37,2,9:50,False,0,{'id': '18'},"[{'athlete': {'id': '4277869'}}, {'athlete': {'id': '5104157'}}]",2026-06-06T01:23:49Z,True,"{'x': 25, 'y': 5}",2,Missed FG,590.0
401859964209,209,"{'id': '156', 'text': 'Offensive Rebound'}",Knicks offensive team rebound,30,37,2,9:50,False,0,{'id': '18'},,2026-06-06T01:23:49Z,False,"{'x': 25, 'y': 5}",0,Rebound,590.0
401859964211,211,"{'id': '115', 'text': 'Driving Dunk Shot'}",Karl-Anthony Towns makes 1-foot driving dunk (Jose Alvarado assists),32,37,2,9:45,True,2,{'id': '18'},"[{'athlete': {'id': '3136195'}}, {'athlete': {'id': '4277869'}}]",2026-06-06T01:24:13Z,True,"{'x': 24, 'y': 2}",2,+2 Points,585.0
401859964259,259,"{'id': '110', 'text': 'Driving Layup Shot'}",Karl-Anthony Towns blocks Dylan Harper's driving layup,32,37,2,9:33,False,0,{'id': '24'},"[{'athlete': {'id': '5037871'}}, {'athlete': {'id': '3136195'}}]",2026-06-06T01:24:19Z,True,"{'x': 26, 'y': 0}",2,Missed FG,573.0
401859964261,261,"{'id': '155', 'text': 'Defensive Rebound'}",OG Anunoby defensive rebound,32,37,2,9:33,False,0,{'id': '18'},[{'athlete': {'id': '3934719'}}],2026-06-06T01:24:19Z,False,"{'x': 26, 'y': 0}",0,Rebound,573.0
401859964215,215,"{'id': '92', 'text': 'Jump Shot'}",Miles McBride misses 22-foot three point jumper,32,37,2,9:25,False,0,{'id': '18'},[{'athlete': {'id': '4431823'}}],2026-06-06T01:24:33Z,True,"{'x': 2, 'y': 1}",3,Missed 3PT,565.0
401859964216,216,"{'id': '155', 'text': 'Defensive Rebound'}",Dylan Harper defensive rebound,32,37,2,9:22,False,0,{'id': '24'},[{'athlete': {'id': '5037871'}}],2026-06-06T01:24:36Z,False,"{'x': 2, 'y': 1}",0,Rebound,562.0
401859964217,217,"{'id': '44', 'text': 'Shooting Foul'}",Jose Alvarado shooting foul,32,37,2,9:21,False,0,{'id': '18'},[{'athlete': {'id': '4277869'}}],2026-06-06T01:24:43Z,False,"{'x': 26, 'y': 0}",0,Foul,561.0
401859964220,220,"{'id': '98', 'text': 'Free Throw - 1 of 2'}",Stephon Castle makes free throw 1 of 2,32,38,2,9:21,True,1,{'id': '24'},[{'athlete': {'id': '4845367'}}],2026-06-06T01:25:22Z,True,"{'x': -214748340, 'y': -214748365}",1,+1 Point,561.0
401859964221,221,"{'id': '584', 'text': 'Substitution'}",De'Aaron Fox enters the game for Dylan Harper,32,38,2,9:21,False,0,{'id': '24'},"[{'athlete': {'id': '4066259'}}, {'athlete': {'id': '5037871'}}]",2026-06-06T01:25:23Z,False,"{'x': -214748340, 'y': -214748365}",0,Substitution,561.0
401859964222,222,"{'id': '584', 'text': 'Substitution'}",Mikal Bridges enters the game for OG Anunoby,32,38,2,9:21,False,0,{'id': '18'},"[{'athlete': {'id': '3147657'}}, {'athlete': {'id': '3934719'}}]",2026-06-06T01:25:23Z,False,"{'x': -214748340, 'y': -214748365}",0,Substitution,561.0
401859964223,223,"{'id': '584', 'text': 'Substitution'}",Josh Hart enters the game for Landry Shamet,32,38,2,9:21,False,0,{'id': '18'},"[{'athlete': {'id': '3062679'}}, {'athlete': {'id': '3914044'}}]",2026-06-06T01:25:23Z,False,"{'x': -214748340, 'y': -214748365}",0,Substitution,561.0
401859964227,227,"{'id': '99', 'text': 'Free Throw - 2 of 2'}",Stephon Castle makes free throw 2 of 2,32,39,2,9:21,True,1,{'id': '24'},[{'athlete': {'id': '4845367'}}],2026-06-06T01:25:59Z,True,"{'x': -214748340, 'y': -214748365}",1,+1 Point,561.0
401859964228,228,"{'id': '95', 'text': 'Layup Shot'}",Karl-Anthony Towns makes layup (Josh Hart assists),34,39,2,9:04,True,2,{'id': '18'},"[{'athlete': {'id': '3136195'}}, {'athlete': {'id': '3062679'}}]",2026-06-06T01:26:27Z,True,"{'x': 23, 'y': 2}",2,+2 Points,544.0
401859964230,230,"{'id': '131', 'text': 'Pullup Jump Shot'}",Stephon Castle misses 11-foot pullup jump shot,34,39,2,8:46,False,0,{'id': '24'},[{'athlete': {'id': '4845367'}}],2026-06-06T01:26:44Z,True,"{'x': 22, 'y': 11}",2,Missed FG,526.0
401859964231,231,"{'id': '155', 'text': 'Defensive Rebound'}",Karl-Anthony Towns defensive rebound,34,39,2,8:44,False,0,{'id': '18'},[{'athlete': {'id': '3136195'}}],2026-06-06T01:26:46Z,False,"{'x': 22, 'y': 11}",0,Rebound,524.0
401859964232,232,"{'id': '131', 'text': 'Pullup Jump Shot'}",Miles McBride misses 26-foot three point pullup jump shot,34,39,2,8:31,False,0,{'id': '18'},[{'athlete': {'id': '4431823'}}],2026-06-06T01:26:59Z,True,"{'x': 17, 'y': 26}",3,Missed 3PT,511.0
401859964233,233,"{'id': '155', 'text': 'Defensive Rebound'}",Stephon Castle defensive rebound,34,39,2,8:28,False,0,{'id': '24'},[{'athlete': {'id': '4845367'}}],2026-06-06T01:27:02Z,False,"{'x': 17, 'y': 26}",0,Rebound,508.0
401859964234,234,"{'id': '62', 'text': 'Bad Pass\nTurnover'}","De'Aaron Fox bad pass
turnover (Josh Hart steals)",34,39,2,8:22,False,0,{'id': '24'},"[{'athlete': {'id': '4066259'}}, {'athlete': {'id': '3062679'}}]",2026-06-06T01:27:09Z,False,"{'x': 18, 'y': -2}",0,Turnover,502.0
401859964236,236,"{'id': '92', 'text': 'Jump Shot'}",Karl-Anthony Towns misses 27-foot three point jumper,34,39,2,8:13,False,0,{'id': '18'},[{'athlete': {'id': '3136195'}}],2026-06-06T01:27:18Z,True,"{'x': 25, 'y': 28}",3,Missed 3PT,493.0
401859964237,237,"{'id': '155', 'text': 'Defensive Rebound'}",De'Aaron Fox defensive rebound,34,39,2,8:09,False,0,{'id': '24'},[{'athlete': {'id': '4066259'}}],2026-06-06T01:27:21Z,False,"{'x': 25, 'y': 28}",0,Rebound,489.0
401859964238,238,"{'id': '144', 'text': 'Driving Floating Jump Shot'}",De'Aaron Fox makes driving floating jump shot,34,41,2,8:01,True,2,{'id': '24'},[{'athlete': {'id': '4066259'}}],2026-06-06T01:27:32Z,True,"{'x': 25, 'y': 1}",2,+2 Points,481.0
401859964239,239,"{'id': '44', 'text': 'Shooting Foul'}",Miles McBride shooting foul,34,41,2,8:01,False,0,{'id': '18'},[{'athlete': {'id': '4431823'}}],2026-06-06T01:27:37Z,False,"{'x': 27, 'y': 0}",0,Foul,481.0
401859964241,241,"{'id': '584', 'text': 'Substitution'}",Luke Kornet enters the game for Victor Wembanyama,34,41,2,8:01,False,0,{'id': '24'},"[{'athlete': {'id': '3064560'}}, {'athlete': {'id': '5104157'}}]",2026-06-06T01:27:46Z,False,"{'x': -214748340, 'y': -214748365}",0,Substitution,481.0
401859964242,242,"{'id': '584', 'text': 'Substitution'}",Landry Shamet enters the game for Miles McBride,34,41,2,8:01,False,0,{'id': '18'},"[{'athlete': {'id': '3914044'}}, {'athlete': {'id': '4431823'}}]",2026-06-06T01:27:46Z,False,"{'x': -214748340, 'y': -214748365}",0,Substitution,481.0
401859964245,245,"{'id': '97', 'text': 'Free Throw - 1 of 1'}",De'Aaron Fox makes free throw 1 of 1,34,42,2,8:01,True,1,{'id': '24'},[{'athlete': {'id': '4066259'}}],2026-06-06T01:28:28Z,True,"{'x': -214748340, 'y': -214748365}",1,+1 Point,481.0
401859964246,246,"{'id': '44', 'text': 'Shooting Foul'}",Stephon Castle shooting foul,34,42,2,7:38,False,0,{'id': '24'},[{'athlete': {'id': '4845367'}}],2026-06-06T01:29:01Z,False,"{'x': 1, 'y': 1}",0,Foul,458.0
401859964248,248,"{'id': '100', 'text': 'Free Throw - 1 of 3'}",Jose Alvarado makes free throw 1 of 3,35,42,2,7:38,True,1,{'id': '18'},[{'athlete': {'id': '4277869'}}],2026-06-06T01:29:26Z,True,"{'x': -214748340, 'y': -214748365}",1,+1 Point,458.0
401859964249,249,"{'id': '101', 'text': 'Free Throw - 2 of 3'}",Jose Alvarado misses free throw 2 of 3,35,42,2,7:38,False,0,{'id': '18'},[{'athlete': {'id': '4277869'}}],2026-06-06T01:29:46Z,True,"{'x': -214748340, 'y': -214748365}",1,Missed FT,458.0
401859964250,250,"{'id': '156', 'text': 'Offensive Rebound'}",Knicks offensive team rebound,35,42,2,7:38,False,0,{'id': '18'},,2026-06-06T01:29:46Z,False,"{'x': -214748340, 'y': -214748365}",0,Rebound,458.0
401859964251,251,"{'id': '584', 'text': 'Substitution'}",Devin Vassell enters the game for Stephon Castle,35,42,2,7:38,False,0,{'id': '24'},"[{'athlete': {'id': '4395630'}}, {'athlete': {'id': '4845367'}}]",2026-06-06T01:29:47Z,False,"{'x': -214748340, 'y': -214748365}",0,Substitution,458.0
401859964253,253,"{'id': '102', 'text': 'Free Throw - 3 of 3'}",Jose Alvarado makes free throw 3 of 3,36,42,2,7:38,True,1,{'id': '18'},[{'athlete': {'id': '4277869'}}],2026-06-06T01:30:09Z,True,"{'x': -214748340, 'y': -214748365}",1,+1 Point,458.0
401859964254,254,"{'id': '132', 'text': 'Step Back Jump Shot'}",De'Aaron Fox misses 9-foot step back jumpshot,36,42,2,7:22,False,0,{'id': '24'},[{'athlete': {'id': '4066259'}}],2026-06-06T01:30:24Z,True,"{'x': 21, 'y': 9}",2,Missed FG,442.0
401859964255,255,"{'id': '155', 'text': 'Defensive Rebound'}",Josh Hart defensive rebound,36,42,2,7:19,False,0,{'id': '18'},[{'athlete': {'id': '3062679'}}],2026-06-06T01:30:26Z,False,"{'x': 21, 'y': 9}",0,Rebound,439.0
401859964256,256,"{'id': '92', 'text': 'Jump Shot'}",Mikal Bridges makes 22-foot three point jumper (Karl-Anthony Towns assists),39,42,2,7:03,True,3,{'id': '18'},"[{'athlete': {'id': '3147657'}}, {'athlete': {'id': '3136195'}}]",2026-06-06T01:30:42Z,True,"{'x': 48, 'y': 1}",3,+3 Points,423.0
401859964258,258,"{'id': '16', 'text': 'Full Timeout'}",Spurs Full timeout,39,42,2,7:01,False,0,{'id': '24'},,2026-06-06T01:30:50Z,False,"{'x': -214748340, 'y': -214748365}",0,Timeout,421.0
401859964262,262,"{'id': '584', 'text': 'Substitution'}",Dylan Harper enters the game for Julian Champagnie,39,42,2,7:01,False,0,{'id': '24'},"[{'athlete': {'id': '5037871'}}, {'athlete': {'id': '4592479'}}]",2026-06-06T01:34:06Z,False,"{'x': -214748340, 'y': -214748365}",0,Substitution,421.0
401859964263,263,"{'id': '584', 'text': 'Substitution'}",Jalen Brunson enters the game for Jose Alvarado,39,42,2,7:01,False,0,{'id': '18'},"[{'athlete': {'id': '3934672'}}, {'athlete': {'id': '4277869'}}]",2026-06-06T01:34:06Z,False,"{'x': -214748340, 'y': -214748365}",0,Substitution,421.0
401859964264,264,"{'id': '584', 'text': 'Substitution'}",OG Anunoby enters the game for Karl-Anthony Towns,39,42,2,7:01,False,0,{'id': '18'},"[{'athlete': {'id': '3934719'}}, {'athlete': {'id': '3136195'}}]",2026-06-06T01:34:06Z,False,"{'x': -214748340, 'y': -214748365}",0,Substitution,421.0
401859964265,265,"{'id': '584', 'text': 'Substitution'}",Mitchell Robinson enters the game for Landry Shamet,39,42,2,7:01,False,0,{'id': '18'},"[{'athlete': {'id': '4351852'}}, {'athlete': {'id': '3914044'}}]",2026-06-06T01:34:06Z,False,"{'x': -214748340, 'y': -214748365}",0,Substitution,421.0
401859964270,270,"{'id': '126', 'text': 'Layup Driving Reverse'}",Dylan Harper makes two point shot (De'Aaron Fox assists),39,44,2,6:49,True,2,{'id': '24'},"[{'athlete': {'id': '5037871'}}, {'athlete': {'id': '4066259'}}]",2026-06-06T01:35:00Z,True,"{'x': 23, 'y': -1}",2,+2 Points,409.0
401859964272,272,"{'id': '70', 'text': 'Shot Clock Turnover'}",shot clock turnover ,39,44,2,6:24,False,0,{'id': '18'},,2026-06-06T01:35:28Z,False,"{'x': 15, 'y': 19}",0,Turnover,384.0
401859964273,273,"{'id': '110', 'text': 'Driving Layup Shot'}",De'Aaron Fox misses driving layup,39,44,2,6:13,False,0,{'id': '24'},[{'athlete': {'id': '4066259'}}],2026-06-06T01:35:49Z,True,"{'x': 25, 'y': 1}",2,Missed FG,373.0
401859964274,274,"{'id': '155', 'text': 'Defensive Rebound'}",Mitchell Robinson defensive rebound,39,44,2,6:11,False,0,{'id': '18'},[{'athlete': {'id': '4351852'}}],2026-06-06T01:35:51Z,False,"{'x': 25, 'y': 1}",0,Rebound,371.0
401859964275,275,"{'id': '92', 'text': 'Jump Shot'}",OG Anunoby misses 25-foot three point jumper,39,44,2,6:03,False,0,{'id': '18'},[{'athlete': {'id': '3934719'}}],2026-06-06T01:36:00Z,True,"{'x': 48, 'y': 12}",3,Missed 3PT,363.0
401859964276,276,"{'id': '155', 'text': 'Defensive Rebound'}",Dylan Harper defensive rebound,39,44,2,6:00,False,0,{'id': '24'},[{'athlete': {'id': '5037871'}}],2026-06-06T01:36:03Z,False,"{'x': 48, 'y': 12}",0,Rebound,360.0
401859964277,277,"{'id': '113', 'text': 'Running Jump Shot'}",Devin Vassell misses 23-foot running jump shot,39,44,2,5:56,False,0,{'id': '24'},[{'athlete': {'id': '4395630'}}],2026-06-06T01:36:07Z,True,"{'x': 2, 'y': 3}",3,Missed 3PT,356.0
401859964278,278,"{'id': '155', 'text': 'Defensive Rebound'}",Mikal Bridges defensive rebound,39,44,2,5:52,False,0,{'id': '18'},[{'athlete': {'id': '3147657'}}],2026-06-06T01:36:11Z,False,"{'x': 2, 'y': 3}",0,Rebound,352.0
401859964279,279,"{'id': '62', 'text': 'Bad Pass\nTurnover'}","Jalen Brunson bad pass
turnover (Luke Kornet steals)",39,44,2,5:46,False,0,{'id': '18'},"[{'athlete': {'id': '3934672'}}, {'athlete': {'id': '3064560'}}]",2026-06-06T01:36:17Z,False,"{'x': 37, 'y': 9}",0,Turnover,346.0
401859964281,281,"{'id': '129', 'text': 'Running Finger Roll Layup'}",OG Anunoby blocks Dylan Harper 's 1-foot two point shot,39,44,2,5:42,False,0,{'id': '24'},"[{'athlete': {'id': '5037871'}}, {'athlete': {'id': '3934719'}}]",2026-06-06T01:36:22Z,True,"{'x': 24, 'y': 0}",2,Missed FG,342.0
401859964283,283,"{'id': '155', 'text': 'Defensive Rebound'}",Josh Hart defensive rebound,39,44,2,5:40,False,0,{'id': '18'},[{'athlete': {'id': '3062679'}}],2026-06-06T01:36:24Z,False,"{'x': 24, 'y': 0}",0,Rebound,340.0
401859964284,284,"{'id': '146', 'text': 'Running Pullup Jump Shot'}",Mikal Bridges makes 25-foot running pullup jump shot (Josh Hart assists),42,44,2,5:37,True,3,{'id': '18'},"[{'athlete': {'id': '3147657'}}, {'athlete': {'id': '3062679'}}]",2026-06-06T01:36:26Z,True,"{'x': 4, 'y': 16}",3,+3 Points,337.0
401859964286,286,"{'id': '92', 'text': 'Jump Shot'}",Dylan Harper misses 22-foot three point jumper,42,44,2,5:21,False,0,{'id': '24'},[{'athlete': {'id': '5037871'}}],2026-06-06T01:36:43Z,True,"{'x': 48, 'y': -1}",3,Missed 3PT,321.0
401859964287,287,"{'id': '155', 'text': 'Defensive Rebound'}",Knicks defensive team rebound,42,44,2,5:21,False,0,{'id': '18'},,2026-06-06T01:36:43Z,False,"{'x': 48, 'y': -1}",0,Rebound,321.0
401859964289,289,"{'id': '584', 'text': 'Substitution'}",Victor Wembanyama enters the game for De'Aaron Fox,42,44,2,5:21,False,0,{'id': '24'},"[{'athlete': {'id': '5104157'}}, {'athlete': {'id': '4066259'}}]",2026-06-06T01:36:47Z,False,"{'x': -214748340, 'y': -214748365}",0,Substitution,321.0
401859964290,290,"{'id': '584', 'text': 'Substitution'}",Keldon Johnson enters the game for Luke Kornet,42,44,2,5:21,False,0,{'id': '24'},"[{'athlete': {'id': '4395723'}}, {'athlete': {'id': '3064560'}}]",2026-06-06T01:36:47Z,False,"{'x': -214748340, 'y': -214748365}",0,Substitution,321.0
401859964291,291,"{'id': '584', 'text': 'Substitution'}",Julian Champagnie enters the game for Harrison Barnes,42,44,2,5:21,False,0,{'id': '24'},"[{'athlete': {'id': '4592479'}}, {'athlete': {'id': '6578'}}]",2026-06-06T01:36:47Z,False,"{'x': -214748340, 'y': -214748365}",0,Substitution,321.0
401859964296,296,"{'id': '279', 'text': 'Ref-Initiated Review (Overturned)'}",(05:14) [Knicks] REF-INITIATED REVIEW (CALL OVERTURNED),42,44,2,5:14,False,0,,,2026-06-06T01:37:50Z,False,"{'x': -214748340, 'y': -214748365}",0,Challenge,314.0
401859964297,297,"{'id': '32', 'text': 'Flagrant Foul Type 1'}",Josh Hart flagrant foul type 1,42,44,2,5:14,False,0,{'id': '18'},[{'athlete': {'id': '3062679'}}],2026-06-06T01:40:26Z,False,"{'x': 29, 'y': 24}",0,Foul,314.0
401859964299,299,"{'id': '84', 'text': 'Offensive Foul Turnover'}",Josh Hart offensive foul turnover,42,44,2,5:14,False,0,{'id': '18'},[{'athlete': {'id': '3062679'}}],2026-06-06T01:40:26Z,False,"{'x': 29, 'y': 24}",0,Turnover,314.0
401859964300,300,"{'id': '104', 'text': 'Free Throw - Flagrant 1 of 2'}",Devin Vassell makes free throw flagrant 1 of 2,42,45,2,5:14,True,1,{'id': '24'},[{'athlete': {'id': '4395630'}}],2026-06-06T01:40:52Z,True,"{'x': -214748340, 'y': -214748365}",1,+1 Point,314.0
401859964301,301,"{'id': '584', 'text': 'Substitution'}",Landry Shamet enters the game for Josh Hart,42,45,2,5:14,False,0,{'id': '18'},"[{'athlete': {'id': '3914044'}}, {'athlete': {'id': '3062679'}}]",2026-06-06T01:41:01Z,False,"{'x': -214748340, 'y': -214748365}",0,Substitution,314.0
401859964303,303,"{'id': '105', 'text': 'Free Throw - Flagrant 2 of 2'}",Devin Vassell makes free throw flagrant 2 of 2,42,46,2,5:14,True,1,{'id': '24'},[{'athlete': {'id': '4395630'}}],2026-06-06T01:40:52Z,True,"{'x': -214748340, 'y': -214748365}",1,+1 Point,314.0
401859964305,305,"{'id': '92', 'text': 'Jump Shot'}",Julian Champagnie misses 24-foot three point jumper,42,46,2,4:56,False,0,{'id': '24'},[{'athlete': {'id': '4592479'}}],2026-06-06T01:41:38Z,True,"{'x': 39, 'y': 21}",3,Missed 3PT,296.0
401859964306,306,"{'id': '156', 'text': 'Offensive Rebound'}",Spurs offensive team rebound,42,46,2,4:56,False,0,{'id': '24'},,2026-06-06T01:41:41Z,False,"{'x': 39, 'y': 21}",0,Rebound,296.0
401859964307,307,"{'id': '43', 'text': 'Loose Ball Foul'}",OG Anunoby loose ball foul,42,46,2,4:56,False,0,{'id': '18'},[{'athlete': {'id': '3934719'}}],2026-06-06T01:41:42Z,False,"{'x': 23, 'y': 0}",0,Foul,296.0
401859964309,309,"{'id': '35', 'text': 'Technical Foul'}",Mitchell Robinson technical foul,42,46,2,4:56,False,0,{'id': '18'},[{'athlete': {'id': '4351852'}}],2026-06-06T01:42:10Z,False,"{'x': -214748340, 'y': -214748365}",0,Foul,296.0
401859964310,310,"{'id': '103', 'text': 'Free Throw - Technical'}",Victor Wembanyama makes technical free throw,42,47,2,4:56,True,1,{'id': '24'},[{'athlete': {'id': '5104157'}}],2026-06-06T01:42:44Z,True,"{'x': -214748340, 'y': -214748365}",1,+1 Point,296.0
401859964311,311,"{'id': '584', 'text': 'Substitution'}",Karl-Anthony Towns enters the game for Mitchell Robinson,42,47,2,4:56,False,0,{'id': '18'},"[{'athlete': {'id': '3136195'}}, {'athlete': {'id': '4351852'}}]",2026-06-06T01:42:45Z,False,"{'x': -214748340, 'y': -214748365}",0,Substitution,296.0
401859964313,313,"{'id': '62', 'text': 'Bad Pass\nTurnover'}","Dylan Harper bad pass
turnover (OG Anunoby steals)",42,47,2,4:47,False,0,{'id': '24'},"[{'athlete': {'id': '5037871'}}, {'athlete': {'id': '3934719'}}]",2026-06-06T01:43:09Z,False,"{'x': 41, 'y': 7}",0,Turnover,287.0
401859964315,315,"{'id': '44', 'text': 'Shooting Foul'}",Devin Vassell shooting foul,42,47,2,4:45,False,0,{'id': '24'},[{'athlete': {'id': '4395630'}}],2026-06-06T01:43:15Z,False,"{'x': 21, 'y': 3}",0,Foul,285.0
401859964317,317,"{'id': '98', 'text': 'Free Throw - 1 of 2'}",OG Anunoby makes free throw 1 of 2,43,47,2,4:45,True,1,{'id': '18'},[{'athlete': {'id': '3934719'}}],2026-06-06T01:43:42Z,True,"{'x': -214748340, 'y': -214748365}",1,+1 Point,285.0
401859964318,318,"{'id': '99', 'text': 'Free Throw - 2 of 2'}",OG Anunoby makes free throw 2 of 2,44,47,2,4:45,True,1,{'id': '18'},[{'athlete': {'id': '3934719'}}],2026-06-06T01:44:00Z,True,"{'x': -214748340, 'y': -214748365}",1,+1 Point,285.0
401859964319,319,"{'id': '44', 'text': 'Shooting Foul'}",OG Anunoby shooting foul,44,47,2,4:28,False,0,{'id': '18'},[{'athlete': {'id': '3934719'}}],2026-06-06T01:44:21Z,False,"{'x': 26, 'y': -1}",0,Foul,268.0
401859964321,321,"{'id': '98', 'text': 'Free Throw - 1 of 2'}",Victor Wembanyama misses free throw 1 of 2,44,47,2,4:28,False,0,{'id': '24'},[{'athlete': {'id': '5104157'}}],2026-06-06T01:44:53Z,True,"{'x': -214748340, 'y': -214748365}",1,Missed FT,268.0
401859964322,322,"{'id': '156', 'text': 'Offensive Rebound'}",Spurs offensive team rebound,44,47,2,4:28,False,0,{'id': '24'},,2026-06-06T01:44:53Z,False,"{'x': -214748340, 'y': -214748365}",0,Rebound,268.0
401859964323,323,"{'id': '99', 'text': 'Free Throw - 2 of 2'}",Victor Wembanyama makes free throw 2 of 2,44,48,2,4:28,True,1,{'id': '24'},[{'athlete': {'id': '5104157'}}],2026-06-06T01:45:20Z,True,"{'x': -214748340, 'y': -214748365}",1,+1 Point,268.0
401859964324,324,"{'id': '92', 'text': 'Jump Shot'}",Mikal Bridges makes 22-foot three point jumper (OG Anunoby assists),47,48,2,4:02,True,3,{'id': '18'},"[{'athlete': {'id': '3147657'}}, {'athlete': {'id': '3934719'}}]",2026-06-06T01:45:48Z,True,"{'x': 48, 'y': 0}",3,+3 Points,242.0
401859964326,326,"{'id': '92', 'text': 'Jump Shot'}",Keldon Johnson misses 25-foot three point jumper,47,48,2,3:49,False,0,{'id': '24'},[{'athlete': {'id': '4395723'}}],2026-06-06T01:46:00Z,True,"{'x': 13, 'y': 23}",3,Missed 3PT,229.0
401859964327,327,"{'id': '155', 'text': 'Defensive Rebound'}",Karl-Anthony Towns defensive rebound,47,48,2,3:44,False,0,{'id': '18'},[{'athlete': {'id': '3136195'}}],2026-06-06T01:46:05Z,False,"{'x': 13, 'y': 23}",0,Rebound,224.0
401859964328,328,"{'id': '129', 'text': 'Running Finger Roll Layup'}",Landry Shamet makes two point shot (Mikal Bridges assists),49,48,2,3:39,True,2,{'id': '18'},"[{'athlete': {'id': '3914044'}}, {'athlete': {'id': '3147657'}}]",2026-06-06T01:46:11Z,True,"{'x': 24, 'y': 1}",2,+2 Points,219.0
401859964330,330,"{'id': '144', 'text': 'Driving Floating Jump Shot'}",Dylan Harper misses driving floating jump shot,49,48,2,3:20,False,0,{'id': '24'},[{'athlete': {'id': '5037871'}}],2026-06-06T01:46:30Z,True,"{'x': 27, 'y': 1}",2,Missed FG,200.0
401859964331,331,"{'id': '156', 'text': 'Offensive Rebound'}",Dylan Harper offensive rebound,49,48,2,3:18,False,0,{'id': '24'},[{'athlete': {'id': '5037871'}}],2026-06-06T01:46:32Z,False,"{'x': 27, 'y': 1}",0,Rebound,198.0
401859964332,332,"{'id': '92', 'text': 'Jump Shot'}",Devin Vassell makes 25-foot three point jumper (Victor Wembanyama assists),49,51,2,3:15,True,3,{'id': '24'},"[{'athlete': {'id': '4395630'}}, {'athlete': {'id': '5104157'}}]",2026-06-06T01:46:34Z,True,"{'x': 9, 'y': 20}",3,+3 Points,195.0
401859964334,334,"{'id': '44', 'text': 'Shooting Foul'}",Jalen Brunson shooting foul,49,51,2,3:15,False,0,{'id': '18'},[{'athlete': {'id': '3934672'}}],2026-06-06T01:46:39Z,False,"{'x': 8, 'y': 20}",0,Foul,195.0
401859964336,336,"{'id': '584', 'text': 'Substitution'}",De'Aaron Fox enters the game for Keldon Johnson,49,51,2,3:15,False,0,{'id': '24'},"[{'athlete': {'id': '4066259'}}, {'athlete': {'id': '4395723'}}]",2026-06-06T01:46:50Z,False,"{'x': -214748340, 'y': -214748365}",0,Substitution,195.0
401859964338,338,"{'id': '584', 'text': 'Substitution'}",Carter Bryant enters the game for Dylan Harper,49,51,2,3:15,False,0,{'id': '24'},"[{'athlete': {'id': '5061568'}}, {'athlete': {'id': '5037871'}}]",2026-06-06T01:47:05Z,False,"{'x': -214748340, 'y': -214748365}",0,Substitution,195.0
401859964340,340,"{'id': '97', 'text': 'Free Throw - 1 of 1'}",Devin Vassell makes free throw 1 of 1,49,52,2,3:15,True,1,{'id': '24'},[{'athlete': {'id': '4395630'}}],2026-06-06T01:47:26Z,True,"{'x': -214748340, 'y': -214748365}",1,+1 Point,195.0
401859964341,341,"{'id': '128', 'text': 'Driving Finger Roll Layup'}",Jalen Brunson makes 2-foot two point shot,51,52,2,3:03,True,2,{'id': '18'},[{'athlete': {'id': '3934672'}}],2026-06-06T01:47:41Z,True,"{'x': 23, 'y': 1}",2,+2 Points,183.0
401859964342,342,"{'id': '110', 'text': 'Driving Layup Shot'}",Devin Vassell misses driving layup,51,52,2,2:45,False,0,{'id': '24'},[{'athlete': {'id': '4395630'}}],2026-06-06T01:47:59Z,True,"{'x': 23, 'y': 2}",2,Missed FG,165.0
401859964343,343,"{'id': '155', 'text': 'Defensive Rebound'}",Mikal Bridges defensive rebound,51,52,2,2:43,False,0,{'id': '18'},[{'athlete': {'id': '3147657'}}],2026-06-06T01:48:01Z,False,"{'x': 23, 'y': 2}",0,Rebound,163.0
401859964344,344,"{'id': '113', 'text': 'Running Jump Shot'}",Jalen Brunson misses 25-foot running jump shot,51,52,2,2:40,False,0,{'id': '18'},[{'athlete': {'id': '3934672'}}],2026-06-06T01:48:03Z,True,"{'x': 11, 'y': 22}",3,Missed 3PT,160.0
401859964345,345,"{'id': '155', 'text': 'Defensive Rebound'}",Victor Wembanyama defensive rebound,51,52,2,2:37,False,0,{'id': '24'},[{'athlete': {'id': '5104157'}}],2026-06-06T01:48:06Z,False,"{'x': 11, 'y': 22}",0,Rebound,157.0
401859964346,346,"{'id': '92', 'text': 'Jump Shot'}",Devin Vassell misses 24-foot three point jumper,51,52,2,2:14,False,0,{'id': '24'},[{'athlete': {'id': '4395630'}}],2026-06-06T01:48:29Z,True,"{'x': 41, 'y': 19}",3,Missed 3PT,134.0
401859964347,347,"{'id': '155', 'text': 'Defensive Rebound'}",Jalen Brunson defensive rebound,51,52,2,2:12,False,0,{'id': '18'},[{'athlete': {'id': '3934672'}}],2026-06-06T01:48:31Z,False,"{'x': 41, 'y': 19}",0,Rebound,132.0
401859964348,348,"{'id': '126', 'text': 'Layup Driving Reverse'}",Victor Wembanyama blocks OG Anunoby 's 2-foot two point shot,51,52,2,2:07,False,0,{'id': '18'},"[{'athlete': {'id': '3934719'}}, {'athlete': {'id': '5104157'}}]",2026-06-06T01:48:38Z,True,"{'x': 24, 'y': 2}",2,Missed FG,127.0
401859964350,350,"{'id': '156', 'text': 'Offensive Rebound'}",Knicks offensive team rebound,51,52,2,2:07,False,0,{'id': '18'},,2026-06-06T01:48:38Z,False,"{'x': 24, 'y': 2}",0,Rebound,127.0
401859964352,352,"{'id': '16', 'text': 'Full Timeout'}",Knicks Full timeout,51,52,2,2:07,False,0,{'id': '18'},,2026-06-06T01:48:47Z,False,"{'x': -214748340, 'y': -214748365}",0,Timeout,127.0
401859964353,353,"{'id': '584', 'text': 'Substitution'}",Dylan Harper enters the game for Carter Bryant,51,52,2,2:07,False,0,{'id': '24'},"[{'athlete': {'id': '5037871'}}, {'athlete': {'id': '5061568'}}]",2026-06-06T01:52:12Z,False,"{'x': -214748340, 'y': -214748365}",0,Substitution,127.0
401859964355,355,"{'id': '62', 'text': 'Bad Pass\nTurnover'}","Jalen Brunson bad pass
turnover (Victor Wembanyama steals)",51,52,2,1:54,False,0,{'id': '18'},"[{'athlete': {'id': '3934672'}}, {'athlete': {'id': '5104157'}}]",2026-06-06T01:52:56Z,False,"{'x': 21, 'y': 16}",0,Turnover,114.0
401859964357,357,"{'id': '92', 'text': 'Jump Shot'}",Julian Champagnie misses 24-foot three point jumper,51,52,2,1:47,False,0,{'id': '24'},[{'athlete': {'id': '4592479'}}],2026-06-06T01:53:02Z,True,"{'x': 1, 'y': -1}",3,Missed 3PT,107.0
401859964358,358,"{'id': '155', 'text': 'Defensive Rebound'}",Karl-Anthony Towns defensive rebound,51,52,2,1:43,False,0,{'id': '18'},[{'athlete': {'id': '3136195'}}],2026-06-06T01:53:06Z,False,"{'x': 1, 'y': -1}",0,Rebound,103.0
401859964359,359,"{'id': '92', 'text': 'Jump Shot'}",OG Anunoby misses 23-foot three point jumper,51,52,2,1:22,False,0,{'id': '18'},[{'athlete': {'id': '3934719'}}],2026-06-06T01:53:29Z,True,"{'x': 48, 'y': 4}",3,Missed 3PT,82.0
401859964360,360,"{'id': '155', 'text': 'Defensive Rebound'}",Devin Vassell defensive rebound,51,52,2,1:20,False,0,{'id': '24'},[{'athlete': {'id': '4395630'}}],2026-06-06T01:53:31Z,False,"{'x': 48, 'y': 4}",0,Rebound,80.0
401859964361,361,"{'id': '72', 'text': 'Back Court Turnover'}",Victor Wembanyama back court turnover,51,52,2,1:14,False,0,{'id': '24'},[{'athlete': {'id': '5104157'}}],2026-06-06T01:53:38Z,False,"{'x': 46, 'y': 37}",0,Turnover,74.0
401859964362,362,"{'id': '45', 'text': 'Personal Foul'}",Dylan Harper personal foul,51,52,2,1:09,False,0,{'id': '24'},[{'athlete': {'id': '5037871'}}],2026-06-06T01:54:02Z,False,"{'x': 17, 'y': 22}",0,Foul,69.0
401859964364,364,"{'id': '584', 'text': 'Substitution'}",Keldon Johnson enters the game for Dylan Harper,51,52,2,1:09,False,0,{'id': '24'},"[{'athlete': {'id': '4395723'}}, {'athlete': {'id': '5037871'}}]",2026-06-06T01:54:18Z,False,"{'x': -214748340, 'y': -214748365}",0,Substitution,69.0
401859964366,366,"{'id': '137', 'text': 'Turnaround Fade Away Jump Shot'}",Jalen Brunson misses 14-foot two point shot,51,52,2,1:00,False,0,{'id': '18'},[{'athlete': {'id': '3934672'}}],2026-06-06T01:54:34Z,True,"{'x': 25, 'y': 14}",2,Missed FG,60.0
401859964367,367,"{'id': '155', 'text': 'Defensive Rebound'}",De'Aaron Fox defensive rebound,51,52,2,58.2,False,0,{'id': '24'},[{'athlete': {'id': '4066259'}}],2026-06-06T01:54:36Z,False,"{'x': 25, 'y': 14}",0,Rebound,58.2
401859964368,368,"{'id': '24', 'text': 'Offensive Charge'}",Keldon Johnson offensive charge,51,52,2,55.2,False,0,{'id': '24'},[{'athlete': {'id': '4395723'}}],2026-06-06T01:54:44Z,False,"{'x': 10, 'y': 11}",0,Foul,55.2
401859964370,370,"{'id': '84', 'text': 'Offensive Foul Turnover'}",Keldon Johnson offensive foul turnover,51,52,2,55.2,False,0,{'id': '24'},[{'athlete': {'id': '4395723'}}],2026-06-06T01:54:44Z,False,"{'x': 10, 'y': 11}",0,Turnover,55.2
401859964371,371,"{'id': '130', 'text': 'Floating Jump Shot'}",Mikal Bridges makes 6-foot floating jump shot (Karl-Anthony Towns assists),53,52,2,38.3,True,2,{'id': '18'},"[{'athlete': {'id': '3147657'}}, {'athlete': {'id': '3136195'}}]",2026-06-06T01:55:15Z,True,"{'x': 23, 'y': 6}",2,+2 Points,38.3
401859964373,373,"{'id': '62', 'text': 'Bad Pass\nTurnover'}","Victor Wembanyama bad pass
turnover (Jalen Brunson steals)",53,52,2,24.6,False,0,{'id': '24'},"[{'athlete': {'id': '5104157'}}, {'athlete': {'id': '3934672'}}]",2026-06-06T01:55:29Z,False,"{'x': 13, 'y': 0}",0,Turnover,24.6
401859964375,375,"{'id': '92', 'text': 'Jump Shot'}",Karl-Anthony Towns makes 22-foot three point jumper (Mikal Bridges assists),56,52,2,10.4,True,3,{'id': '18'},"[{'athlete': {'id': '3136195'}}, {'athlete': {'id': '3147657'}}]",2026-06-06T01:55:43Z,True,"{'x': 2, 'y': 0}",3,+3 Points,10.4
401859964377,377,"{'id': '131', 'text': 'Pullup Jump Shot'}",De'Aaron Fox misses 9-foot pullup jump shot,56,52,2,0.0,False,0,{'id': '24'},[{'athlete': {'id': '4066259'}}],2026-06-06T01:55:59Z,True,"{'x': 25, 'y': 9}",2,Missed FG,0.0
401859964378,378,"{'id': '156', 'text': 'Offensive Rebound'}",Spurs offensive team rebound,56,52,2,0.0,False,0,{'id': '24'},,2026-06-06T01:56:00Z,False,"{'x': 25, 'y': 9}",0,Rebound,0.0
401859964379,379,"{'id': '412', 'text': 'End Period'}",End of the 2nd Quarter,56,52,2,0.0,False,0,,,2026-06-06T01:56:02Z,False,"{'x': -214748340, 'y': -214748365}",0,Halftime,0.0
401859964380,380,"{'id': '584', 'text': 'Substitution'}",Stephon Castle enters the game for Keldon Johnson,56,52,3,12:00,False,0,{'id': '24'},"[{'athlete': {'id': '4845367'}}, {'athlete': {'id': '4395723'}}]",2026-06-06T02:12:00Z,False,"{'x': -214748340, 'y': -214748365}",0,Substitution,720.0
401859964381,381,"{'id': '584', 'text': 'Substitution'}",Josh Hart enters the game for Landry Shamet,56,52,3,12:00,False,0,{'id': '18'},"[{'athlete': {'id': '3062679'}}, {'athlete': {'id': '3914044'}}]",2026-06-06T02:12:00Z,False,"{'x': -214748340, 'y': -214748365}",0,Substitution,720.0
401859964386,386,"{'id': '92', 'text': 'Jump Shot'}",Jalen Brunson misses 23-foot three point jumper,56,52,3,11:39,False,0,{'id': '18'},[{'athlete': {'id': '3934672'}}],2026-06-06T02:13:33Z,True,"{'x': 1, 'y': 3}",3,Missed 3PT,699.0
401859964387,387,"{'id': '156', 'text': 'Offensive Rebound'}",Karl-Anthony Towns offensive rebound,56,52,3,11:37,False,0,{'id': '18'},[{'athlete': {'id': '3136195'}}],2026-06-06T02:13:35Z,False,"{'x': 1, 'y': 3}",0,Rebound,697.0
401859964388,388,"{'id': '125', 'text': 'Layup Shot Putback'}",Karl-Anthony Towns makes two point shot,58,52,3,11:37,True,2,{'id': '18'},[{'athlete': {'id': '3136195'}}],2026-06-06T02:13:40Z,True,"{'x': 25, 'y': 0}",2,+2 Points,697.0
401859964389,389,"{'id': '45', 'text': 'Personal Foul'}",Karl-Anthony Towns personal foul,58,52,3,11:20,False,0,{'id': '18'},[{'athlete': {'id': '3136195'}}],2026-06-06T02:13:56Z,False,"{'x': 43, 'y': 21}",0,Foul,680.0
401859964391,391,"{'id': '62', 'text': 'Bad Pass\nTurnover'}","Stephon Castle bad pass
turnover (Jalen Brunson steals)",58,52,3,11:17,False,0,{'id': '24'},"[{'athlete': {'id': '4845367'}}, {'athlete': {'id': '3934672'}}]",2026-06-06T02:14:18Z,False,"{'x': 20, 'y': 36}",0,Turnover,677.0
401859964393,393,"{'id': '144', 'text': 'Driving Floating Jump Shot'}",Karl-Anthony Towns misses driving floating jump shot,58,52,3,11:04,False,0,{'id': '18'},[{'athlete': {'id': '3136195'}}],2026-06-06T02:14:32Z,True,"{'x': 24, 'y': 8}",2,Missed FG,664.0
401859964394,394,"{'id': '155', 'text': 'Defensive Rebound'}",Devin Vassell defensive rebound,58,52,3,11:02,False,0,{'id': '24'},[{'athlete': {'id': '4395630'}}],2026-06-06T02:14:33Z,False,"{'x': 24, 'y': 8}",0,Rebound,662.0
401859964395,395,"{'id': '131', 'text': 'Pullup Jump Shot'}",Victor Wembanyama makes 17-foot pullup jump shot,58,54,3,10:46,True,2,{'id': '24'},[{'athlete': {'id': '5104157'}}],2026-06-06T02:14:50Z,True,"{'x': 26, 'y': 18}",2,+2 Points,646.0
401859964396,396,"{'id': '92', 'text': 'Jump Shot'}",OG Anunoby makes 23-foot three point jumper (Mikal Bridges assists),61,54,3,10:28,True,3,{'id': '18'},"[{'athlete': {'id': '3934719'}}, {'athlete': {'id': '3147657'}}]",2026-06-06T02:15:08Z,True,"{'x': 1, 'y': 2}",3,+3 Points,628.0
401859964398,398,"{'id': '110', 'text': 'Driving Layup Shot'}",OG Anunoby blocks Julian Champagnie 's 6-foot driving layup,61,54,3,10:19,False,0,{'id': '24'},"[{'athlete': {'id': '4592479'}}, {'athlete': {'id': '3934719'}}]",2026-06-06T02:15:19Z,True,"{'x': 30, 'y': 4}",2,Missed FG,619.0
401859964400,400,"{'id': '155', 'text': 'Defensive Rebound'}",Karl-Anthony Towns defensive rebound,61,54,3,10:17,False,0,{'id': '18'},[{'athlete': {'id': '3136195'}}],2026-06-06T02:15:21Z,False,"{'x': 30, 'y': 4}",0,Rebound,617.0
401859964402,402,"{'id': '63', 'text': 'Lost Ball Turnover'}",Karl-Anthony Towns lost ball turnover (Stephon Castle steals),61,54,3,10:05,False,0,{'id': '18'},"[{'athlete': {'id': '3136195'}}, {'athlete': {'id': '4845367'}}]",2026-06-06T02:15:50Z,False,"{'x': 28, 'y': 6}",0,Turnover,605.0
401859964404,404,"{'id': '109', 'text': 'Running Layup Shot'}",Josh Hart blocks Stephon Castle 's 3-foot running layup,61,54,3,10:00,False,0,{'id': '24'},"[{'athlete': {'id': '4845367'}}, {'athlete': {'id': '3062679'}}]",2026-06-06T02:15:56Z,True,"{'x': 21, 'y': 0}",2,Missed FG,600.0
401859964406,406,"{'id': '155', 'text': 'Defensive Rebound'}",Josh Hart defensive rebound,61,54,3,9:59,False,0,{'id': '18'},[{'athlete': {'id': '3062679'}}],2026-06-06T02:15:57Z,False,"{'x': 21, 'y': 0}",0,Rebound,599.0
401859964408,408,"{'id': '45', 'text': 'Personal Foul'}",Julian Champagnie personal foul,61,54,3,9:59,False,0,{'id': '24'},[{'athlete': {'id': '4592479'}}],2026-06-06T02:16:04Z,False,"{'x': 41, 'y': 33}",0,Foul,599.0
401859964410,410,"{'id': '92', 'text': 'Jump Shot'}",Josh Hart misses 25-foot three point jumper,61,54,3,9:43,False,0,{'id': '18'},[{'athlete': {'id': '3062679'}}],2026-06-06T02:16:38Z,True,"{'x': 38, 'y': 22}",3,Missed 3PT,583.0
401859964411,411,"{'id': '155', 'text': 'Defensive Rebound'}",Devin Vassell defensive rebound,61,54,3,9:39,False,0,{'id': '24'},[{'athlete': {'id': '4395630'}}],2026-06-06T02:16:42Z,False,"{'x': 38, 'y': 22}",0,Rebound,579.0
401859964412,412,"{'id': '92', 'text': 'Jump Shot'}",Victor Wembanyama misses 27-foot three point jumper,61,54,3,9:30,False,0,{'id': '24'},[{'athlete': {'id': '5104157'}}],2026-06-06T02:16:51Z,True,"{'x': 43, 'y': 21}",3,Missed 3PT,570.0
401859964413,413,"{'id': '155', 'text': 'Defensive Rebound'}",Josh Hart defensive rebound,61,54,3,9:25,False,0,{'id': '18'},[{'athlete': {'id': '3062679'}}],2026-06-06T02:16:56Z,False,"{'x': 43, 'y': 21}",0,Rebound,565.0
401859964414,414,"{'id': '146', 'text': 'Running Pullup Jump Shot'}",Jalen Brunson makes 26-foot running pullup jump shot (Josh Hart assists),64,54,3,9:21,True,3,{'id': '18'},"[{'athlete': {'id': '3934672'}}, {'athlete': {'id': '3062679'}}]",2026-06-06T02:16:59Z,True,"{'x': 15, 'y': 24}",3,+3 Points,561.0
401859964416,416,"{'id': '16', 'text': 'Full Timeout'}",Spurs Full timeout,64,54,3,9:20,False,0,{'id': '24'},,2026-06-06T02:17:07Z,False,"{'x': -214748340, 'y': -214748365}",0,Timeout,560.0
401859964417,417,"{'id': '72', 'text': 'Back Court Turnover'}",De'Aaron Fox back court turnover,64,54,3,9:11,False,0,{'id': '24'},[{'athlete': {'id': '4066259'}}],2026-06-06T02:21:02Z,False,"{'x': 12, 'y': 40}",0,Turnover,551.0
401859964418,418,"{'id': '62', 'text': 'Bad Pass\nTurnover'}","Jalen Brunson bad pass
turnover (Victor Wembanyama steals)",64,54,3,8:59,False,0,{'id': '18'},"[{'athlete': {'id': '3934672'}}, {'athlete': {'id': '5104157'}}]",2026-06-06T02:21:34Z,False,"{'x': 23, 'y': 9}",0,Turnover,539.0
401859964420,420,"{'id': '146', 'text': 'Running Pullup Jump Shot'}",De'Aaron Fox makes 7-foot running pullup jump shot (Victor Wembanyama assists),64,56,3,8:56,True,2,{'id': '24'},"[{'athlete': {'id': '4066259'}}, {'athlete': {'id': '5104157'}}]",2026-06-06T02:21:40Z,True,"{'x': 26, 'y': 7}",2,+2 Points,536.0
401859964421,421,"{'id': '44', 'text': 'Shooting Foul'}",Josh Hart shooting foul,64,56,3,8:56,False,0,{'id': '18'},[{'athlete': {'id': '3062679'}}],2026-06-06T02:21:43Z,False,"{'x': 26, 'y': 7}",0,Foul,536.0
401859964423,423,"{'id': '584', 'text': 'Substitution'}",Landry Shamet enters the game for Josh Hart,64,56,3,8:56,False,0,{'id': '18'},"[{'athlete': {'id': '3914044'}}, {'athlete': {'id': '3062679'}}]",2026-06-06T02:21:57Z,False,"{'x': -214748340, 'y': -214748365}",0,Substitution,536.0
401859964426,426,"{'id': '97', 'text': 'Free Throw - 1 of 1'}",De'Aaron Fox makes free throw 1 of 1,64,57,3,8:56,True,1,{'id': '24'},[{'athlete': {'id': '4066259'}}],2026-06-06T02:22:20Z,True,"{'x': -214748340, 'y': -214748365}",1,+1 Point,536.0
401859964427,427,"{'id': '132', 'text': 'Step Back Jump Shot'}",Mikal Bridges makes 24-foot three point step back jumpshot (Landry Shamet assists),67,57,3,8:33,True,3,{'id': '18'},"[{'athlete': {'id': '3147657'}}, {'athlete': {'id': '3914044'}}]",2026-06-06T02:22:45Z,True,"{'x': 45, 'y': 15}",3,+3 Points,513.0
401859964429,429,"{'id': '42', 'text': 'Offensive Foul'}",Victor Wembanyama offensive foul,67,57,3,8:09,False,0,{'id': '24'},[{'athlete': {'id': '5104157'}}],2026-06-06T02:23:15Z,False,"{'x': 24, 'y': 12}",0,Foul,489.0
401859964431,431,"{'id': '84', 'text': 'Offensive Foul Turnover'}",Victor Wembanyama offensive foul turnover,67,57,3,8:09,False,0,{'id': '24'},[{'athlete': {'id': '5104157'}}],2026-06-06T02:23:15Z,False,"{'x': 24, 'y': 12}",0,Turnover,489.0
401859964432,432,"{'id': '70', 'text': 'Shot Clock Turnover'}",shot clock turnover ,67,57,3,7:46,False,0,{'id': '18'},,2026-06-06T02:23:50Z,False,"{'x': 3, 'y': 11}",0,Turnover,466.0
401859964433,433,"{'id': '96', 'text': 'Dunk Shot'}",Victor Wembanyama makes 2-foot dunk (Stephon Castle assists),67,59,3,7:30,True,2,{'id': '24'},"[{'athlete': {'id': '5104157'}}, {'athlete': {'id': '4845367'}}]",2026-06-06T02:24:18Z,True,"{'x': 25, 'y': 2}",2,+2 Points,450.0
401859964435,435,"{'id': '92', 'text': 'Jump Shot'}",Landry Shamet makes 22-foot three point jumper (Jalen Brunson assists),70,59,3,7:07,True,3,{'id': '18'},"[{'athlete': {'id': '3914044'}}, {'athlete': {'id': '3934672'}}]",2026-06-06T02:24:42Z,True,"{'x': 2, 'y': 0}",3,+3 Points,427.0
401859964437,437,"{'id': '92', 'text': 'Jump Shot'}",Devin Vassell misses 22-foot three point jumper,70,59,3,6:50,False,0,{'id': '24'},[{'athlete': {'id': '4395630'}}],2026-06-06T02:24:59Z,True,"{'x': 2, 'y': 0}",3,Missed 3PT,410.0
401859964438,438,"{'id': '156', 'text': 'Offensive Rebound'}",Victor Wembanyama offensive rebound,70,59,3,6:49,False,0,{'id': '24'},[{'athlete': {'id': '5104157'}}],2026-06-06T02:25:00Z,False,"{'x': 2, 'y': 0}",0,Rebound,409.0
401859964439,439,"{'id': '94', 'text': 'Tip Shot'}",Victor Wembanyama misses tip shot,70,59,3,6:49,False,0,{'id': '24'},[{'athlete': {'id': '5104157'}}],2026-06-06T02:25:07Z,True,"{'x': 25, 'y': 0}",2,Missed FG,409.0
401859964440,440,"{'id': '156', 'text': 'Offensive Rebound'}",Victor Wembanyama offensive rebound,70,59,3,6:49,False,0,{'id': '24'},[{'athlete': {'id': '5104157'}}],2026-06-06T02:25:07Z,False,"{'x': 25, 'y': 0}",0,Rebound,409.0
401859964441,441,"{'id': '94', 'text': 'Tip Shot'}",Victor Wembanyama makes tip shot,70,61,3,6:48,True,2,{'id': '24'},[{'athlete': {'id': '5104157'}}],2026-06-06T02:25:12Z,True,"{'x': 25, 'y': 0}",2,+2 Points,408.0
401859964442,442,"{'id': '45', 'text': 'Personal Foul'}",De'Aaron Fox personal foul,70,61,3,6:38,False,0,{'id': '24'},[{'athlete': {'id': '4066259'}}],2026-06-06T02:25:15Z,False,"{'x': 3, 'y': 34}",0,Foul,398.0
401859964444,444,"{'id': '584', 'text': 'Substitution'}",Dylan Harper enters the game for De'Aaron Fox,70,61,3,6:38,False,0,{'id': '24'},"[{'athlete': {'id': '5037871'}}, {'athlete': {'id': '4066259'}}]",2026-06-06T02:25:22Z,False,"{'x': -214748340, 'y': -214748365}",0,Substitution,398.0
401859964445,445,"{'id': '584', 'text': 'Substitution'}",Keldon Johnson enters the game for Julian Champagnie,70,61,3,6:38,False,0,{'id': '24'},"[{'athlete': {'id': '4395723'}}, {'athlete': {'id': '4592479'}}]",2026-06-06T02:25:22Z,False,"{'x': -214748340, 'y': -214748365}",0,Substitution,398.0
401859964448,448,"{'id': '110', 'text': 'Driving Layup Shot'}",Karl-Anthony Towns makes driving layup,72,61,3,6:29,True,2,{'id': '18'},[{'athlete': {'id': '3136195'}}],2026-06-06T02:25:45Z,True,"{'x': 27, 'y': 1}",2,+2 Points,389.0
401859964449,449,"{'id': '44', 'text': 'Shooting Foul'}",Karl-Anthony Towns shooting foul,72,61,3,6:17,False,0,{'id': '18'},[{'athlete': {'id': '3136195'}}],2026-06-06T02:26:03Z,False,"{'x': 22, 'y': 4}",0,Foul,377.0
401859964451,451,"{'id': '98', 'text': 'Free Throw - 1 of 2'}",Victor Wembanyama makes free throw 1 of 2,72,62,3,6:17,True,1,{'id': '24'},[{'athlete': {'id': '5104157'}}],2026-06-06T02:26:44Z,True,"{'x': -214748340, 'y': -214748365}",1,+1 Point,377.0
401859964452,452,"{'id': '99', 'text': 'Free Throw - 2 of 2'}",Victor Wembanyama misses free throw 2 of 2,72,62,3,6:17,False,0,{'id': '24'},[{'athlete': {'id': '5104157'}}],2026-06-06T02:26:44Z,True,"{'x': -214748340, 'y': -214748365}",1,Missed FT,377.0
401859964453,453,"{'id': '155', 'text': 'Defensive Rebound'}",Mikal Bridges defensive rebound,72,62,3,6:14,False,0,{'id': '18'},[{'athlete': {'id': '3147657'}}],2026-06-06T02:26:47Z,False,"{'x': -214748340, 'y': -214748365}",0,Rebound,374.0
401859964454,454,"{'id': '42', 'text': 'Offensive Foul'}",Karl-Anthony Towns offensive foul,72,62,3,6:01,False,0,{'id': '18'},[{'athlete': {'id': '3136195'}}],2026-06-06T02:27:36Z,False,"{'x': 19, 'y': 5}",0,Foul,361.0
401859964456,456,"{'id': '84', 'text': 'Offensive Foul Turnover'}",Karl-Anthony Towns offensive foul turnover,72,62,3,6:01,False,0,{'id': '18'},[{'athlete': {'id': '3136195'}}],2026-06-06T02:27:36Z,False,"{'x': 19, 'y': 5}",0,Turnover,361.0
401859964457,457,"{'id': '584', 'text': 'Substitution'}",Mitchell Robinson enters the game for Karl-Anthony Towns,72,62,3,6:01,False,0,{'id': '18'},"[{'athlete': {'id': '4351852'}}, {'athlete': {'id': '3136195'}}]",2026-06-06T02:27:45Z,False,"{'x': -214748340, 'y': -214748365}",0,Substitution,361.0
401859964459,459,"{'id': '92', 'text': 'Jump Shot'}",Dylan Harper misses 24-foot three point jumper,72,62,3,5:48,False,0,{'id': '24'},[{'athlete': {'id': '5037871'}}],2026-06-06T02:28:16Z,True,"{'x': 3, 'y': 11}",3,Missed 3PT,348.0
401859964460,460,"{'id': '156', 'text': 'Offensive Rebound'}",Keldon Johnson offensive rebound,72,62,3,5:47,False,0,{'id': '24'},[{'athlete': {'id': '4395723'}}],2026-06-06T02:28:17Z,False,"{'x': 3, 'y': 11}",0,Rebound,347.0
401859964461,461,"{'id': '125', 'text': 'Layup Shot Putback'}",Keldon Johnson makes two point shot,72,64,3,5:45,True,2,{'id': '24'},[{'athlete': {'id': '4395723'}}],2026-06-06T02:28:19Z,True,"{'x': 26, 'y': 1}",2,+2 Points,345.0
401859964462,462,"{'id': '134', 'text': 'Driving Jump Shot Bank'}",Jalen Brunson misses 3-foot two point shot,72,64,3,5:20,False,0,{'id': '18'},[{'athlete': {'id': '3934672'}}],2026-06-06T02:28:44Z,True,"{'x': 28, 'y': 0}",2,Missed FG,320.0
401859964463,463,"{'id': '155', 'text': 'Defensive Rebound'}",Keldon Johnson defensive rebound,72,64,3,5:18,False,0,{'id': '24'},[{'athlete': {'id': '4395723'}}],2026-06-06T02:28:46Z,False,"{'x': 28, 'y': 0}",0,Rebound,318.0
401859964464,464,"{'id': '92', 'text': 'Jump Shot'}",Stephon Castle makes 25-foot three point jumper (Keldon Johnson assists),72,67,3,5:10,True,3,{'id': '24'},"[{'athlete': {'id': '4845367'}}, {'athlete': {'id': '4395723'}}]",2026-06-06T02:28:54Z,True,"{'x': 10, 'y': 21}",3,+3 Points,310.0
401859964466,466,"{'id': '131', 'text': 'Pullup Jump Shot'}",Jalen Brunson misses 9-foot pullup jump shot,72,67,3,4:53,False,0,{'id': '18'},[{'athlete': {'id': '3934672'}}],2026-06-06T02:29:14Z,True,"{'x': 34, 'y': 2}",2,Missed FG,293.0
401859964467,467,"{'id': '156', 'text': 'Offensive Rebound'}",Jalen Brunson offensive rebound,72,67,3,4:52,False,0,{'id': '18'},[{'athlete': {'id': '3934672'}}],2026-06-06T02:29:15Z,False,"{'x': 34, 'y': 2}",0,Rebound,292.0
401859964468,468,"{'id': '94', 'text': 'Tip Shot'}",Jalen Brunson misses tip shot,72,67,3,4:51,False,0,{'id': '18'},[{'athlete': {'id': '3934672'}}],2026-06-06T02:29:18Z,True,"{'x': 25, 'y': 0}",2,Missed FG,291.0
401859964469,469,"{'id': '155', 'text': 'Defensive Rebound'}",Keldon Johnson defensive rebound,72,67,3,4:50,False,0,{'id': '24'},[{'athlete': {'id': '4395723'}}],2026-06-06T02:29:19Z,False,"{'x': 25, 'y': 0}",0,Rebound,290.0
401859964470,470,"{'id': '149', 'text': 'Running Alley Oop Dunk Shot'}",Victor Wembanyama misses dunk,72,67,3,4:41,False,0,{'id': '24'},[{'athlete': {'id': '5104157'}}],2026-06-06T02:29:23Z,True,"{'x': 24, 'y': 1}",2,Missed FG,281.0
401859964471,471,"{'id': '155', 'text': 'Defensive Rebound'}",Landry Shamet defensive rebound,72,67,3,4:39,False,0,{'id': '18'},[{'athlete': {'id': '3914044'}}],2026-06-06T02:29:25Z,False,"{'x': 24, 'y': 1}",0,Rebound,279.0
401859964472,472,"{'id': '113', 'text': 'Running Jump Shot'}",Mikal Bridges makes 11-foot running jump shot (Jalen Brunson assists),74,67,3,4:33,True,2,{'id': '18'},"[{'athlete': {'id': '3147657'}}, {'athlete': {'id': '3934672'}}]",2026-06-06T02:29:31Z,True,"{'x': 14, 'y': 0}",2,+2 Points,273.0
401859964474,474,"{'id': '62', 'text': 'Bad Pass\nTurnover'}","Stephon Castle bad pass
turnover (Mitchell Robinson steals)",74,67,3,4:17,False,0,{'id': '24'},"[{'athlete': {'id': '4845367'}}, {'athlete': {'id': '4351852'}}]",2026-06-06T02:29:47Z,False,"{'x': 23, 'y': 3}",0,Turnover,257.0
401859964476,476,"{'id': '131', 'text': 'Pullup Jump Shot'}",Landry Shamet misses 17-foot pullup jump shot,74,67,3,3:55,False,0,{'id': '18'},[{'athlete': {'id': '3914044'}}],2026-06-06T02:30:09Z,True,"{'x': 27, 'y': 17}",2,Missed FG,235.0
401859964477,477,"{'id': '155', 'text': 'Defensive Rebound'}",Devin Vassell defensive rebound,74,67,3,3:53,False,0,{'id': '24'},[{'athlete': {'id': '4395630'}}],2026-06-06T02:30:11Z,False,"{'x': 27, 'y': 17}",0,Rebound,233.0
401859964478,478,"{'id': '131', 'text': 'Pullup Jump Shot'}",Victor Wembanyama makes 26-foot three pointer,74,70,3,3:45,True,3,{'id': '24'},[{'athlete': {'id': '5104157'}}],2026-06-06T02:30:19Z,True,"{'x': 39, 'y': 23}",3,+3 Points,225.0
401859964479,479,"{'id': '110', 'text': 'Driving Layup Shot'}",OG Anunoby makes driving layup (Jalen Brunson assists),76,70,3,3:30,True,2,{'id': '18'},"[{'athlete': {'id': '3934719'}}, {'athlete': {'id': '3934672'}}]",2026-06-06T02:30:34Z,True,"{'x': 24, 'y': 0}",2,+2 Points,210.0
401859964481,481,"{'id': '128', 'text': 'Driving Finger Roll Layup'}",Stephon Castle makes 2-foot two point shot,76,72,3,3:19,True,2,{'id': '24'},[{'athlete': {'id': '4845367'}}],2026-06-06T02:30:46Z,True,"{'x': 27, 'y': 1}",2,+2 Points,199.0
401859964482,482,"{'id': '16', 'text': 'Full Timeout'}",Knicks Full timeout,76,72,3,3:19,False,0,{'id': '18'},,2026-06-06T02:30:49Z,False,"{'x': -214748340, 'y': -214748365}",0,Timeout,199.0
401859964483,483,"{'id': '584', 'text': 'Substitution'}",Luke Kornet enters the game for Victor Wembanyama,76,72,3,3:19,False,0,{'id': '24'},"[{'athlete': {'id': '3064560'}}, {'athlete': {'id': '5104157'}}]",2026-06-06T02:34:12Z,False,"{'x': -214748340, 'y': -214748365}",0,Substitution,199.0
401859964484,484,"{'id': '584', 'text': 'Substitution'}",Julian Champagnie enters the game for Devin Vassell,76,72,3,3:19,False,0,{'id': '24'},"[{'athlete': {'id': '4592479'}}, {'athlete': {'id': '4395630'}}]",2026-06-06T02:34:12Z,False,"{'x': -214748340, 'y': -214748365}",0,Substitution,199.0
401859964485,485,"{'id': '584', 'text': 'Substitution'}",Miles McBride enters the game for OG Anunoby,76,72,3,3:19,False,0,{'id': '18'},"[{'athlete': {'id': '4431823'}}, {'athlete': {'id': '3934719'}}]",2026-06-06T02:34:12Z,False,"{'x': -214748340, 'y': -214748365}",0,Substitution,199.0
401859964486,486,"{'id': '584', 'text': 'Substitution'}",Jose Alvarado enters the game for Jalen Brunson,76,72,3,3:19,False,0,{'id': '18'},"[{'athlete': {'id': '4277869'}}, {'athlete': {'id': '3934672'}}]",2026-06-06T02:34:12Z,False,"{'x': -214748340, 'y': -214748365}",0,Substitution,199.0
401859964491,491,"{'id': '63', 'text': 'Lost Ball Turnover'}",Miles McBride lost ball turnover (Keldon Johnson steals),76,72,3,3:06,False,0,{'id': '18'},"[{'athlete': {'id': '4431823'}}, {'athlete': {'id': '4395723'}}]",2026-06-06T02:34:50Z,False,"{'x': 47, 'y': 13}",0,Turnover,186.0
401859964493,493,"{'id': '131', 'text': 'Pullup Jump Shot'}",Stephon Castle misses 26-foot three point pullup jump shot,76,72,3,2:49,False,0,{'id': '24'},[{'athlete': {'id': '4845367'}}],2026-06-06T02:35:07Z,True,"{'x': 41, 'y': 21}",3,Missed 3PT,169.0
401859964494,494,"{'id': '155', 'text': 'Defensive Rebound'}",Landry Shamet defensive rebound,76,72,3,2:44,False,0,{'id': '18'},[{'athlete': {'id': '3914044'}}],2026-06-06T02:35:12Z,False,"{'x': 41, 'y': 21}",0,Rebound,164.0
401859964495,495,"{'id': '132', 'text': 'Step Back Jump Shot'}",Miles McBride makes 12-foot step back jumpshot (Landry Shamet assists),78,72,3,2:26,True,2,{'id': '18'},"[{'athlete': {'id': '4431823'}}, {'athlete': {'id': '3914044'}}]",2026-06-06T02:35:32Z,True,"{'x': 34, 'y': 9}",2,+2 Points,146.0
401859964496,496,"{'id': '144', 'text': 'Driving Floating Jump Shot'}",Stephon Castle misses driving floating jump shot,78,72,3,2:03,False,0,{'id': '24'},[{'athlete': {'id': '4845367'}}],2026-06-06T02:35:52Z,True,"{'x': 25, 'y': 7}",2,Missed FG,123.0
401859964497,497,"{'id': '155', 'text': 'Defensive Rebound'}",Mikal Bridges defensive rebound,78,72,3,2:01,False,0,{'id': '18'},[{'athlete': {'id': '3147657'}}],2026-06-06T02:35:54Z,False,"{'x': 25, 'y': 7}",0,Rebound,121.0
401859964498,498,"{'id': '131', 'text': 'Pullup Jump Shot'}",Mikal Bridges makes 13-foot pullup jump shot (Miles McBride assists),80,72,3,1:50,True,2,{'id': '18'},"[{'athlete': {'id': '3147657'}}, {'athlete': {'id': '4431823'}}]",2026-06-06T02:36:05Z,True,"{'x': 24, 'y': 13}",2,+2 Points,110.0
401859964499,499,"{'id': '44', 'text': 'Shooting Foul'}",Mitchell Robinson shooting foul,80,72,3,1:35,False,0,{'id': '18'},[{'athlete': {'id': '4351852'}}],2026-06-06T02:36:24Z,False,"{'x': 27, 'y': 2}",0,Foul,95.0
401859964501,501,"{'id': '98', 'text': 'Free Throw - 1 of 2'}",Keldon Johnson misses free throw 1 of 2,80,72,3,1:35,False,0,{'id': '24'},[{'athlete': {'id': '4395723'}}],2026-06-06T02:36:55Z,True,"{'x': -214748340, 'y': -214748365}",1,Missed FT,95.0
401859964502,502,"{'id': '156', 'text': 'Offensive Rebound'}",Spurs offensive team rebound,80,72,3,1:35,False,0,{'id': '24'},,2026-06-06T02:36:55Z,False,"{'x': -214748340, 'y': -214748365}",0,Rebound,95.0
401859964503,503,"{'id': '584', 'text': 'Substitution'}",De'Aaron Fox enters the game for Stephon Castle,80,72,3,1:35,False,0,{'id': '24'},"[{'athlete': {'id': '4066259'}}, {'athlete': {'id': '4845367'}}]",2026-06-06T02:36:56Z,False,"{'x': -214748340, 'y': -214748365}",0,Substitution,95.0
401859964504,504,"{'id': '584', 'text': 'Substitution'}",Victor Wembanyama enters the game for Luke Kornet,80,72,3,1:35,False,0,{'id': '24'},"[{'athlete': {'id': '5104157'}}, {'athlete': {'id': '3064560'}}]",2026-06-06T02:36:56Z,False,"{'x': -214748340, 'y': -214748365}",0,Substitution,95.0
401859964507,507,"{'id': '99', 'text': 'Free Throw - 2 of 2'}",Keldon Johnson makes free throw 2 of 2,80,73,3,1:35,True,1,{'id': '24'},[{'athlete': {'id': '4395723'}}],2026-06-06T02:37:14Z,True,"{'x': -214748340, 'y': -214748365}",1,+1 Point,95.0
401859964508,508,"{'id': '131', 'text': 'Pullup Jump Shot'}",Mikal Bridges makes 9-foot pullup jump shot,82,73,3,1:15,True,2,{'id': '18'},[{'athlete': {'id': '3147657'}}],2026-06-06T02:37:36Z,True,"{'x': 22, 'y': 9}",2,+2 Points,75.0
401859964509,509,"{'id': '92', 'text': 'Jump Shot'}",Keldon Johnson misses 25-foot three point jumper,82,73,3,56.3,False,0,{'id': '24'},[{'athlete': {'id': '4395723'}}],2026-06-06T02:37:56Z,True,"{'x': 13, 'y': 23}",3,Missed 3PT,56.3
401859964510,510,"{'id': '155', 'text': 'Defensive Rebound'}",Jose Alvarado defensive rebound,82,73,3,54.3,False,0,{'id': '18'},[{'athlete': {'id': '4277869'}}],2026-06-06T02:37:58Z,False,"{'x': 13, 'y': 23}",0,Rebound,54.3
401859964513,513,"{'id': '92', 'text': 'Jump Shot'}",Landry Shamet misses 21-foot jumper,82,73,3,40.2,False,0,{'id': '18'},[{'athlete': {'id': '3914044'}}],2026-06-06T02:38:14Z,True,"{'x': 4, 'y': -2}",2,Missed FG,40.2
401859964514,514,"{'id': '156', 'text': 'Offensive Rebound'}",Knicks offensive team rebound,82,73,3,40.2,False,0,{'id': '18'},,2026-06-06T02:38:16Z,False,"{'x': 4, 'y': -2}",0,Rebound,40.2
401859964516,516,"{'id': '118', 'text': 'Alley Oop Dunk Shot'}",Mitchell Robinson makes 1-foot alley oop dunk (Mikal Bridges assists),84,73,3,35.0,True,2,{'id': '18'},"[{'athlete': {'id': '4351852'}}, {'athlete': {'id': '3147657'}}]",2026-06-06T02:38:36Z,True,"{'x': 25, 'y': -1}",2,+2 Points,35.0
401859964518,518,"{'id': '131', 'text': 'Pullup Jump Shot'}",Victor Wembanyama makes 14-foot pullup jump shot (De'Aaron Fox assists),84,75,3,19.6,True,2,{'id': '24'},"[{'athlete': {'id': '5104157'}}, {'athlete': {'id': '4066259'}}]",2026-06-06T02:38:56Z,True,"{'x': 22, 'y': 14}",2,+2 Points,19.6
401859964520,520,"{'id': '92', 'text': 'Jump Shot'}",Jose Alvarado misses 25-foot three point jumper,84,75,3,4.9,False,0,{'id': '18'},[{'athlete': {'id': '4277869'}}],2026-06-06T02:39:13Z,True,"{'x': 47, 'y': 12}",3,Missed 3PT,4.9
401859964521,521,"{'id': '156', 'text': 'Offensive Rebound'}",Jose Alvarado offensive rebound,84,75,3,1.2,False,0,{'id': '18'},[{'athlete': {'id': '4277869'}}],2026-06-06T02:39:17Z,False,"{'x': 47, 'y': 12}",0,Rebound,1.2
401859964522,522,"{'id': '144', 'text': 'Driving Floating Jump Shot'}",Jose Alvarado misses driving floating jump shot,84,75,3,1.2,False,0,{'id': '18'},[{'athlete': {'id': '4277869'}}],2026-06-06T02:39:20Z,True,"{'x': 37, 'y': 2}",2,Missed FG,1.2
401859964523,523,"{'id': '156', 'text': 'Offensive Rebound'}",Knicks offensive team rebound,84,75,3,0.8,False,0,{'id': '18'},,2026-06-06T02:39:20Z,False,"{'x': 37, 'y': 2}",0,Rebound,0.8
401859964524,524,"{'id': '412', 'text': 'End Period'}",End of the 3rd Quarter,84,75,3,0.0,False,0,,,2026-06-06T02:39:29Z,False,"{'x': -214748340, 'y': -214748365}",0,End of 3rd,0.0
401859964527,527,"{'id': '584', 'text': 'Substitution'}",Stephon Castle enters the game for Dylan Harper,84,75,4,12:00,False,0,{'id': '24'},"[{'athlete': {'id': '4845367'}}, {'athlete': {'id': '5037871'}}]",2026-06-06T02:41:59Z,False,"{'x': -214748340, 'y': -214748365}",0,Substitution,720.0
401859964528,528,"{'id': '584', 'text': 'Substitution'}",Devin Vassell enters the game for Julian Champagnie,84,75,4,12:00,False,0,{'id': '24'},"[{'athlete': {'id': '4395630'}}, {'athlete': {'id': '4592479'}}]",2026-06-06T02:41:59Z,False,"{'x': -214748340, 'y': -214748365}",0,Substitution,720.0
401859964532,532,"{'id': '45', 'text': 'Personal Foul'}",Mitchell Robinson personal foul,84,75,4,11:44,False,0,{'id': '18'},[{'athlete': {'id': '4351852'}}],2026-06-06T02:43:26Z,False,"{'x': 15, 'y': -3}",0,Foul,704.0
401859964534,534,"{'id': '110', 'text': 'Driving Layup Shot'}",Mitchell Robinson blocks Keldon Johnson 's 2-foot driving layup,84,75,4,11:34,False,0,{'id': '24'},"[{'athlete': {'id': '4395723'}}, {'athlete': {'id': '4351852'}}]",2026-06-06T02:43:54Z,True,"{'x': 23, 'y': 2}",2,Missed FG,694.0
401859964536,536,"{'id': '155', 'text': 'Defensive Rebound'}",Mitchell Robinson defensive rebound,84,75,4,11:31,False,0,{'id': '18'},[{'athlete': {'id': '4351852'}}],2026-06-06T02:43:57Z,False,"{'x': 23, 'y': 2}",0,Rebound,691.0
401859964537,537,"{'id': '131', 'text': 'Pullup Jump Shot'}",Miles McBride misses 12-foot pullup jump shot,84,75,4,11:12,False,0,{'id': '18'},[{'athlete': {'id': '4431823'}}],2026-06-06T02:44:16Z,True,"{'x': 32, 'y': 10}",2,Missed FG,672.0
401859964538,538,"{'id': '156', 'text': 'Offensive Rebound'}",Miles McBride offensive rebound,84,75,4,11:12,False,0,{'id': '18'},[{'athlete': {'id': '4431823'}}],2026-06-06T02:44:16Z,False,"{'x': 32, 'y': 10}",0,Rebound,672.0
401859964539,539,"{'id': '92', 'text': 'Jump Shot'}",Mikal Bridges misses 26-foot three point jumper,84,75,4,11:07,False,0,{'id': '18'},[{'athlete': {'id': '3147657'}}],2026-06-06T02:44:21Z,True,"{'x': 7, 'y': 19}",3,Missed 3PT,667.0
401859964540,540,"{'id': '156', 'text': 'Offensive Rebound'}",Jose Alvarado offensive rebound,84,75,4,11:04,False,0,{'id': '18'},[{'athlete': {'id': '4277869'}}],2026-06-06T02:44:24Z,False,"{'x': 7, 'y': 19}",0,Rebound,664.0
401859964541,541,"{'id': '92', 'text': 'Jump Shot'}",Landry Shamet makes 26-foot three point jumper (Jose Alvarado assists),87,75,4,11:01,True,3,{'id': '18'},"[{'athlete': {'id': '3914044'}}, {'athlete': {'id': '4277869'}}]",2026-06-06T02:44:27Z,True,"{'x': 9, 'y': 21}",3,+3 Points,661.0
401859964543,543,"{'id': '92', 'text': 'Jump Shot'}",Victor Wembanyama makes 27-foot three point jumper (Stephon Castle assists),87,78,4,10:44,True,3,{'id': '24'},"[{'athlete': {'id': '5104157'}}, {'athlete': {'id': '4845367'}}]",2026-06-06T02:44:44Z,True,"{'x': 31, 'y': 27}",3,+3 Points,644.0
401859964545,545,"{'id': '110', 'text': 'Driving Layup Shot'}",Mikal Bridges misses driving layup,87,78,4,10:25,False,0,{'id': '18'},[{'athlete': {'id': '3147657'}}],2026-06-06T02:45:06Z,True,"{'x': 26, 'y': 0}",2,Missed FG,625.0
401859964546,546,"{'id': '156', 'text': 'Offensive Rebound'}",Mitchell Robinson offensive rebound,87,78,4,10:22,False,0,{'id': '18'},[{'athlete': {'id': '4351852'}}],2026-06-06T02:45:09Z,False,"{'x': 26, 'y': 0}",0,Rebound,622.0
401859964607,607,"{'id': '63', 'text': 'Lost Ball Turnover'}",Mitchell Robinson lost ball turnover (De'Aaron Fox steals),87,78,4,10:22,False,0,{'id': '18'},"[{'athlete': {'id': '4351852'}}, {'athlete': {'id': '4066259'}}]",2026-06-06T02:45:13Z,False,"{'x': 24, 'y': 2}",0,Turnover,622.0
401859964548,548,"{'id': '584', 'text': 'Substitution'}",Dylan Harper enters the game for Keldon Johnson,87,78,4,10:15,False,0,{'id': '24'},"[{'athlete': {'id': '5037871'}}, {'athlete': {'id': '4395723'}}]",2026-06-06T02:45:22Z,False,"{'x': -214748340, 'y': -214748365}",0,Substitution,615.0
401859964549,549,"{'id': '584', 'text': 'Substitution'}",Karl-Anthony Towns enters the game for Miles McBride,87,78,4,10:15,False,0,{'id': '18'},"[{'athlete': {'id': '3136195'}}, {'athlete': {'id': '4431823'}}]",2026-06-06T02:45:22Z,False,"{'x': -214748340, 'y': -214748365}",0,Substitution,615.0
401859964550,550,"{'id': '584', 'text': 'Substitution'}",Jalen Brunson enters the game for Jose Alvarado,87,78,4,10:15,False,0,{'id': '18'},"[{'athlete': {'id': '3934672'}}, {'athlete': {'id': '4277869'}}]",2026-06-06T02:45:22Z,False,"{'x': -214748340, 'y': -214748365}",0,Substitution,615.0
401859964551,551,"{'id': '584', 'text': 'Substitution'}",Josh Hart enters the game for Mitchell Robinson,87,78,4,10:15,False,0,{'id': '18'},"[{'athlete': {'id': '3062679'}}, {'athlete': {'id': '4351852'}}]",2026-06-06T02:45:22Z,False,"{'x': -214748340, 'y': -214748365}",0,Substitution,615.0
401859964556,556,"{'id': '151', 'text': 'Cutting Dunk Shot'}",Stephon Castle makes 2-foot dunk (Devin Vassell assists),87,80,4,10:11,True,2,{'id': '24'},"[{'athlete': {'id': '4845367'}}, {'athlete': {'id': '4395630'}}]",2026-06-06T02:46:10Z,True,"{'x': 25, 'y': 2}",2,+2 Points,611.0
401859964558,558,"{'id': '141', 'text': 'Cutting Layup Shot'}",Victor Wembanyama blocks Josh Hart 's 1-foot layup,87,80,4,9:50,False,0,{'id': '18'},"[{'athlete': {'id': '3062679'}}, {'athlete': {'id': '5104157'}}]",2026-06-06T02:46:31Z,True,"{'x': 26, 'y': 0}",2,Missed FG,590.0
401859964560,560,"{'id': '155', 'text': 'Defensive Rebound'}",Stephon Castle defensive rebound,87,80,4,9:48,False,0,{'id': '24'},[{'athlete': {'id': '4845367'}}],2026-06-06T02:46:33Z,False,"{'x': 26, 'y': 0}",0,Rebound,588.0
401859964561,561,"{'id': '62', 'text': 'Bad Pass\nTurnover'}","Stephon Castle bad pass
turnover (Jalen Brunson steals)",87,80,4,9:46,False,0,{'id': '24'},"[{'athlete': {'id': '4845367'}}, {'athlete': {'id': '3934672'}}]",2026-06-06T02:46:36Z,False,"{'x': 17, 'y': 26}",0,Turnover,586.0
401859964563,563,"{'id': '45', 'text': 'Personal Foul'}",De'Aaron Fox personal foul,87,80,4,9:35,False,0,{'id': '24'},[{'athlete': {'id': '4066259'}}],2026-06-06T02:46:52Z,False,"{'x': 48, 'y': 10}",0,Foul,575.0
401859964565,565,"{'id': '92', 'text': 'Jump Shot'}",Landry Shamet misses 24-foot three point jumper,87,80,4,9:23,False,0,{'id': '18'},[{'athlete': {'id': '3914044'}}],2026-06-06T02:47:50Z,True,"{'x': 2, 'y': 9}",3,Missed 3PT,563.0
401859964566,566,"{'id': '156', 'text': 'Offensive Rebound'}",Karl-Anthony Towns offensive rebound,87,80,4,9:20,False,0,{'id': '18'},[{'athlete': {'id': '3136195'}}],2026-06-06T02:47:53Z,False,"{'x': 2, 'y': 9}",0,Rebound,560.0
401859964567,567,"{'id': '92', 'text': 'Jump Shot'}",Jalen Brunson misses 25-foot three point jumper,87,80,4,9:17,False,0,{'id': '18'},[{'athlete': {'id': '3934672'}}],2026-06-06T02:47:56Z,True,"{'x': 45, 'y': 15}",3,Missed 3PT,557.0
401859964568,568,"{'id': '155', 'text': 'Defensive Rebound'}",Devin Vassell defensive rebound,87,80,4,9:16,False,0,{'id': '24'},[{'athlete': {'id': '4395630'}}],2026-06-06T02:47:57Z,False,"{'x': 45, 'y': 15}",0,Rebound,556.0
401859964569,569,"{'id': '129', 'text': 'Running Finger Roll Layup'}",Dylan Harper makes two point shot,87,82,4,9:11,True,2,{'id': '24'},[{'athlete': {'id': '5037871'}}],2026-06-06T02:48:03Z,True,"{'x': 26, 'y': 1}",2,+2 Points,551.0
401859964570,570,"{'id': '132', 'text': 'Step Back Jump Shot'}",Mikal Bridges misses 11-foot step back jumpshot,87,82,4,8:51,False,0,{'id': '18'},[{'athlete': {'id': '3147657'}}],2026-06-06T02:48:22Z,True,"{'x': 37, 'y': -2}",2,Missed FG,531.0
401859964571,571,"{'id': '155', 'text': 'Defensive Rebound'}",Stephon Castle defensive rebound,87,82,4,8:49,False,0,{'id': '24'},[{'athlete': {'id': '4845367'}}],2026-06-06T02:48:24Z,False,"{'x': 37, 'y': -2}",0,Rebound,529.0
401859964572,572,"{'id': '111', 'text': 'Alley Oop Layup Shot'}",Victor Wembanyama misses alley oop layup,87,82,4,8:40,False,0,{'id': '24'},[{'athlete': {'id': '5104157'}}],2026-06-06T02:48:34Z,True,"{'x': 22, 'y': 2}",2,Missed FG,520.0
401859964573,573,"{'id': '155', 'text': 'Defensive Rebound'}",Karl-Anthony Towns defensive rebound,87,82,4,8:38,False,0,{'id': '18'},[{'athlete': {'id': '3136195'}}],2026-06-06T02:48:36Z,False,"{'x': 22, 'y': 2}",0,Rebound,518.0
401859964574,574,"{'id': '92', 'text': 'Jump Shot'}",Landry Shamet makes 23-foot three point jumper (Josh Hart assists),90,82,4,8:19,True,3,{'id': '18'},"[{'athlete': {'id': '3914044'}}, {'athlete': {'id': '3062679'}}]",2026-06-06T02:48:54Z,True,"{'x': 2, 'y': 0}",3,+3 Points,499.0
401859964576,576,"{'id': '16', 'text': 'Full Timeout'}",Spurs Full timeout,90,82,4,8:18,False,0,{'id': '24'},,2026-06-06T02:49:00Z,False,"{'x': -214748340, 'y': -214748365}",0,Timeout,498.0
401859964577,577,"{'id': '584', 'text': 'Substitution'}",OG Anunoby enters the game for Mikal Bridges,90,82,4,8:18,False,0,{'id': '18'},"[{'athlete': {'id': '3934719'}}, {'athlete': {'id': '3147657'}}]",2026-06-06T02:52:30Z,False,"{'x': -214748340, 'y': -214748365}",0,Substitution,498.0
401859964579,579,"{'id': '44', 'text': 'Shooting Foul'}",OG Anunoby shooting foul,90,82,4,8:04,False,0,{'id': '18'},[{'athlete': {'id': '3934719'}}],2026-06-06T02:53:06Z,False,"{'x': 23, 'y': 1}",0,Foul,484.0
401859964581,581,"{'id': '98', 'text': 'Free Throw - 1 of 2'}",Dylan Harper misses free throw 1 of 2,90,82,4,8:04,False,0,{'id': '24'},[{'athlete': {'id': '5037871'}}],2026-06-06T02:53:38Z,True,"{'x': -214748340, 'y': -214748365}",1,Missed FT,484.0
401859964582,582,"{'id': '156', 'text': 'Offensive Rebound'}",Spurs offensive team rebound,90,82,4,8:04,False,0,{'id': '24'},,2026-06-06T02:53:38Z,False,"{'x': -214748340, 'y': -214748365}",0,Rebound,484.0
401859964583,583,"{'id': '99', 'text': 'Free Throw - 2 of 2'}",Dylan Harper makes free throw 2 of 2,90,83,4,8:04,True,1,{'id': '24'},[{'athlete': {'id': '5037871'}}],2026-06-06T02:53:56Z,True,"{'x': -214748340, 'y': -214748365}",1,+1 Point,484.0
401859964584,584,"{'id': '92', 'text': 'Jump Shot'}",Landry Shamet misses 23-foot three point jumper,90,83,4,7:47,False,0,{'id': '18'},[{'athlete': {'id': '3914044'}}],2026-06-06T02:54:14Z,True,"{'x': 48, 'y': -3}",3,Missed 3PT,467.0
401859964585,585,"{'id': '155', 'text': 'Defensive Rebound'}",Spurs defensive team rebound,90,83,4,7:45,False,0,{'id': '24'},,2026-06-06T02:54:16Z,False,"{'x': 48, 'y': -3}",0,Rebound,465.0
401859964586,586,"{'id': '43', 'text': 'Loose Ball Foul'}",Josh Hart loose ball foul,90,83,4,7:45,False,0,{'id': '18'},[{'athlete': {'id': '3062679'}}],2026-06-06T02:54:21Z,False,"{'x': 22, 'y': -1}",0,Foul,465.0
401859964588,588,"{'id': '584', 'text': 'Substitution'}",Julian Champagnie enters the game for De'Aaron Fox,90,83,4,7:45,False,0,{'id': '24'},"[{'athlete': {'id': '4592479'}}, {'athlete': {'id': '4066259'}}]",2026-06-06T02:54:30Z,False,"{'x': -214748340, 'y': -214748365}",0,Substitution,465.0
401859964590,590,"{'id': '584', 'text': 'Substitution'}",Mikal Bridges enters the game for Josh Hart,90,83,4,7:45,False,0,{'id': '18'},"[{'athlete': {'id': '3147657'}}, {'athlete': {'id': '3062679'}}]",2026-06-06T02:54:35Z,False,"{'x': -214748340, 'y': -214748365}",0,Substitution,465.0
401859964592,592,"{'id': '584', 'text': 'Substitution'}",Miles McBride enters the game for Landry Shamet,90,83,4,7:45,False,0,{'id': '18'},"[{'athlete': {'id': '4431823'}}, {'athlete': {'id': '3914044'}}]",2026-06-06T02:54:48Z,False,"{'x': -214748340, 'y': -214748365}",0,Substitution,465.0
401859964594,594,"{'id': '62', 'text': 'Bad Pass\nTurnover'}","Stephon Castle bad pass
turnover (OG Anunoby steals)",90,83,4,7:32,False,0,{'id': '24'},"[{'athlete': {'id': '4845367'}}, {'athlete': {'id': '3934719'}}]",2026-06-06T02:55:11Z,False,"{'x': 35, 'y': 10}",0,Turnover,452.0
401859964596,596,"{'id': '129', 'text': 'Running Finger Roll Layup'}",Jalen Brunson makes two point shot (OG Anunoby assists),92,83,4,7:26,True,2,{'id': '18'},"[{'athlete': {'id': '3934672'}}, {'athlete': {'id': '3934719'}}]",2026-06-06T02:55:16Z,True,"{'x': 20, 'y': 2}",2,+2 Points,446.0
401859964598,598,"{'id': '45', 'text': 'Personal Foul'}",OG Anunoby personal foul,92,83,4,7:12,False,0,{'id': '18'},[{'athlete': {'id': '3934719'}}],2026-06-06T02:55:35Z,False,"{'x': 25, 'y': 14}",0,Foul,432.0
401859964600,600,"{'id': '131', 'text': 'Pullup Jump Shot'}",Stephon Castle misses 17-foot pullup jump shot,92,83,4,6:58,False,0,{'id': '24'},[{'athlete': {'id': '4845367'}}],2026-06-06T02:56:06Z,True,"{'x': 32, 'y': 16}",2,Missed FG,418.0
401859964601,601,"{'id': '155', 'text': 'Defensive Rebound'}",Karl-Anthony Towns defensive rebound,92,83,4,6:56,False,0,{'id': '18'},[{'athlete': {'id': '3136195'}}],2026-06-06T02:56:08Z,False,"{'x': 32, 'y': 16}",0,Rebound,416.0
401859964602,602,"{'id': '92', 'text': 'Jump Shot'}",OG Anunoby misses 23-foot three point jumper,92,83,4,6:52,False,0,{'id': '18'},[{'athlete': {'id': '3934719'}}],2026-06-06T02:56:12Z,True,"{'x': 49, 'y': 1}",3,Missed 3PT,412.0
401859964603,603,"{'id': '156', 'text': 'Offensive Rebound'}",Jalen Brunson offensive rebound,92,83,4,6:47,False,0,{'id': '18'},[{'athlete': {'id': '3934672'}}],2026-06-06T02:56:16Z,False,"{'x': 49, 'y': 1}",0,Rebound,407.0
401859964604,604,"{'id': '92', 'text': 'Jump Shot'}",Miles McBride makes 24-foot three point jumper (Jalen Brunson assists),95,83,4,6:45,True,3,{'id': '18'},"[{'athlete': {'id': '4431823'}}, {'athlete': {'id': '3934672'}}]",2026-06-06T02:56:20Z,True,"{'x': 8, 'y': 19}",3,+3 Points,405.0
401859964606,606,"{'id': '16', 'text': 'Full Timeout'}",Spurs Full timeout,95,83,4,6:45,False,0,{'id': '24'},,2026-06-06T02:56:26Z,False,"{'x': -214748340, 'y': -214748365}",0,Timeout,405.0
401859964609,609,"{'id': '584', 'text': 'Substitution'}",De'Aaron Fox enters the game for Stephon Castle,95,83,4,6:45,False,0,{'id': '24'},"[{'athlete': {'id': '4066259'}}, {'athlete': {'id': '4845367'}}]",2026-06-06T02:59:39Z,False,"{'x': -214748340, 'y': -214748365}",0,Substitution,405.0
401859964611,611,"{'id': '110', 'text': 'Driving Layup Shot'}",Victor Wembanyama misses driving layup,95,83,4,6:25,False,0,{'id': '24'},[{'athlete': {'id': '5104157'}}],2026-06-06T03:00:30Z,True,"{'x': 23, 'y': 1}",2,Missed FG,385.0
401859964612,612,"{'id': '155', 'text': 'Defensive Rebound'}",Jalen Brunson defensive rebound,95,83,4,6:23,False,0,{'id': '18'},[{'athlete': {'id': '3934672'}}],2026-06-06T03:00:32Z,False,"{'x': 23, 'y': 1}",0,Rebound,383.0
401859964613,613,"{'id': '115', 'text': 'Driving Dunk Shot'}",OG Anunoby makes 1-foot driving dunk (Karl-Anthony Towns assists),97,83,4,6:04,True,2,{'id': '18'},"[{'athlete': {'id': '3934719'}}, {'athlete': {'id': '3136195'}}]",2026-06-06T03:00:52Z,True,"{'x': 25, 'y': -1}",2,+2 Points,364.0
401859964614,614,"{'id': '44', 'text': 'Shooting Foul'}",Mikal Bridges shooting foul,97,83,4,5:59,False,0,{'id': '18'},[{'athlete': {'id': '3147657'}}],2026-06-06T03:01:00Z,False,"{'x': 23, 'y': 2}",0,Foul,359.0
401859964616,616,"{'id': '98', 'text': 'Free Throw - 1 of 2'}",Dylan Harper makes free throw 1 of 2,97,84,4,5:59,True,1,{'id': '24'},[{'athlete': {'id': '5037871'}}],2026-06-06T03:01:51Z,True,"{'x': -214748340, 'y': -214748365}",1,+1 Point,359.0
401859964617,617,"{'id': '99', 'text': 'Free Throw - 2 of 2'}",Dylan Harper makes free throw 2 of 2,97,85,4,5:59,True,1,{'id': '24'},[{'athlete': {'id': '5037871'}}],2026-06-06T03:02:18Z,True,"{'x': -214748340, 'y': -214748365}",1,+1 Point,359.0
401859964618,618,"{'id': '95', 'text': 'Layup Shot'}",Julian Champagnie blocks Karl-Anthony Towns's layup,97,85,4,5:37,False,0,{'id': '18'},"[{'athlete': {'id': '3136195'}}, {'athlete': {'id': '4592479'}}]",2026-06-06T03:02:44Z,True,"{'x': 23, 'y': 0}",2,Missed FG,337.0
401859964620,620,"{'id': '156', 'text': 'Offensive Rebound'}",Karl-Anthony Towns offensive rebound,97,85,4,5:36,False,0,{'id': '18'},[{'athlete': {'id': '3136195'}}],2026-06-06T03:02:45Z,False,"{'x': 23, 'y': 0}",0,Rebound,336.0
401859964621,621,"{'id': '70', 'text': 'Shot Clock Turnover'}",shot clock turnover ,97,85,4,5:35,False,0,{'id': '18'},,2026-06-06T03:02:49Z,False,"{'x': 20, 'y': 1}",0,Turnover,335.0
401859964622,622,"{'id': '132', 'text': 'Step Back Jump Shot'}",De'Aaron Fox makes 25-foot three point step back jumpshot,97,88,4,5:27,True,3,{'id': '24'},[{'athlete': {'id': '4066259'}}],2026-06-06T03:03:06Z,True,"{'x': 22, 'y': 25}",3,+3 Points,327.0
401859964623,623,"{'id': '16', 'text': 'Full Timeout'}",Knicks Full timeout,97,88,4,5:26,False,0,{'id': '18'},,2026-06-06T03:03:14Z,False,"{'x': -214748340, 'y': -214748365}",0,Timeout,326.0
401859964626,626,"{'id': '114', 'text': 'Turnaround Jump Shot'}",Miles McBride misses 17-foot turnaround jump shot,97,88,4,5:00,False,0,{'id': '18'},[{'athlete': {'id': '4431823'}}],2026-06-06T03:05:28Z,True,"{'x': 43, 'y': -1}",2,Missed FG,300.0
401859964627,627,"{'id': '155', 'text': 'Defensive Rebound'}",Devin Vassell defensive rebound,97,88,4,4:58,False,0,{'id': '24'},[{'athlete': {'id': '4395630'}}],2026-06-06T03:05:30Z,False,"{'x': 43, 'y': -1}",0,Rebound,298.0
401859964628,628,"{'id': '110', 'text': 'Driving Layup Shot'}",De'Aaron Fox makes driving layup,97,90,4,4:48,True,2,{'id': '24'},[{'athlete': {'id': '4066259'}}],2026-06-06T03:05:41Z,True,"{'x': 24, 'y': 1}",2,+2 Points,288.0
401859964629,629,"{'id': '131', 'text': 'Pullup Jump Shot'}",Mikal Bridges misses 24-foot three point pullup jump shot,97,90,4,4:35,False,0,{'id': '18'},[{'athlete': {'id': '3147657'}}],2026-06-06T03:05:52Z,True,"{'x': 49, 'y': 1}",3,Missed 3PT,275.0
401859964630,630,"{'id': '155', 'text': 'Defensive Rebound'}",Dylan Harper defensive rebound,97,90,4,4:32,False,0,{'id': '24'},[{'athlete': {'id': '5037871'}}],2026-06-06T03:05:55Z,False,"{'x': 49, 'y': 1}",0,Rebound,272.0
401859964631,631,"{'id': '124', 'text': 'Finger Roll Layup'}",Victor Wembanyama makes finger roll layup,97,92,4,4:17,True,2,{'id': '24'},[{'athlete': {'id': '5104157'}}],2026-06-06T03:06:11Z,True,"{'x': 24, 'y': 1}",2,+2 Points,257.0
401859964632,632,"{'id': '16', 'text': 'Full Timeout'}",Knicks Full timeout,97,92,4,4:17,False,0,{'id': '18'},,2026-06-06T03:06:15Z,False,"{'x': -214748340, 'y': -214748365}",0,Timeout,257.0
401859964633,633,"{'id': '584', 'text': 'Substitution'}",Landry Shamet enters the game for Miles McBride,97,92,4,4:17,False,0,{'id': '18'},"[{'athlete': {'id': '3914044'}}, {'athlete': {'id': '4431823'}}]",2026-06-06T03:07:23Z,False,"{'x': -214748340, 'y': -214748365}",0,Substitution,257.0
401859964635,635,"{'id': '142', 'text': 'Cutting Finger Roll Layup Shot'}",Victor Wembanyama blocks Jalen Brunson 's 2-foot layup,97,92,4,4:01,False,0,{'id': '18'},"[{'athlete': {'id': '3934672'}}, {'athlete': {'id': '5104157'}}]",2026-06-06T03:08:04Z,True,"{'x': 22, 'y': -1}",2,Missed FG,241.0
401859964637,637,"{'id': '155', 'text': 'Defensive Rebound'}",De'Aaron Fox defensive rebound,97,92,4,3:59,False,0,{'id': '24'},[{'athlete': {'id': '4066259'}}],2026-06-06T03:08:06Z,False,"{'x': 22, 'y': -1}",0,Rebound,239.0
401859964638,638,"{'id': '92', 'text': 'Jump Shot'}",Devin Vassell makes 25-foot three point jumper (De'Aaron Fox assists),97,95,4,3:55,True,3,{'id': '24'},"[{'athlete': {'id': '4395630'}}, {'athlete': {'id': '4066259'}}]",2026-06-06T03:08:10Z,True,"{'x': 35, 'y': 24}",3,+3 Points,235.0
401859964640,640,"{'id': '131', 'text': 'Pullup Jump Shot'}",Jalen Brunson misses 24-foot three point pullup jump shot,97,95,4,3:26,False,0,{'id': '18'},[{'athlete': {'id': '3934672'}}],2026-06-06T03:08:39Z,True,"{'x': 44, 'y': 16}",3,Missed 3PT,206.0
401859964641,641,"{'id': '155', 'text': 'Defensive Rebound'}",Victor Wembanyama defensive rebound,97,95,4,3:24,False,0,{'id': '24'},[{'athlete': {'id': '5104157'}}],2026-06-06T03:08:41Z,False,"{'x': 44, 'y': 16}",0,Rebound,204.0
401859964642,642,"{'id': '62', 'text': 'Bad Pass\nTurnover'}","De'Aaron Fox bad pass
turnover (Mikal Bridges steals)",97,95,4,3:16,False,0,{'id': '24'},"[{'athlete': {'id': '4066259'}}, {'athlete': {'id': '3147657'}}]",2026-06-06T03:08:48Z,False,"{'x': 38, 'y': 30}",0,Turnover,196.0
401859964644,644,"{'id': '92', 'text': 'Jump Shot'}",Jalen Brunson misses 24-foot three point jumper,97,95,4,3:13,False,0,{'id': '18'},[{'athlete': {'id': '3934672'}}],2026-06-06T03:08:52Z,True,"{'x': 43, 'y': 17}",3,Missed 3PT,193.0
401859964645,645,"{'id': '155', 'text': 'Defensive Rebound'}",Julian Champagnie defensive rebound,97,95,4,3:09,False,0,{'id': '24'},[{'athlete': {'id': '4592479'}}],2026-06-06T03:08:55Z,False,"{'x': 43, 'y': 17}",0,Rebound,189.0
401859964646,646,"{'id': '144', 'text': 'Driving Floating Jump Shot'}",Dylan Harper makes 5-foot driving floating jump shot,97,97,4,2:59,True,2,{'id': '24'},[{'athlete': {'id': '5037871'}}],2026-06-06T03:09:05Z,True,"{'x': 26, 'y': 6}",2,+2 Points,179.0
401859964651,651,"{'id': '213', 'text': 'Challenge'}",Knicks Coach's Challenge,97,97,4,2:37,False,0,{'id': '18'},,2026-06-06T03:10:01Z,False,"{'x': -214748340, 'y': -214748365}",0,Challenge,157.0
401859964652,652,"{'id': '215', 'text': ""Coach's Challenge (Overturned)""}",(02:37) [Knicks] COACH'S CHALLENGE (CALL OVERTURNED) [Knicks] retain their timeout,97,97,4,2:37,False,0,{'id': '18'},,2026-06-06T03:10:15Z,False,"{'x': -214748340, 'y': -214748365}",0,Challenge,157.0
401859964653,653,"{'id': '44', 'text': 'Shooting Foul'}",Julian Champagnie shooting foul,97,97,4,2:37,False,0,{'id': '24'},[{'athlete': {'id': '4592479'}}],2026-06-06T03:11:32Z,False,"{'x': 2, 'y': -2}",0,Foul,157.0
401859964655,655,"{'id': '100', 'text': 'Free Throw - 1 of 3'}",OG Anunoby makes free throw 1 of 3,98,97,4,2:37,True,1,{'id': '18'},[{'athlete': {'id': '3934719'}}],2026-06-06T03:12:06Z,True,"{'x': -214748340, 'y': -214748365}",1,+1 Point,157.0
401859964656,656,"{'id': '101', 'text': 'Free Throw - 2 of 3'}",OG Anunoby makes free throw 2 of 3,99,97,4,2:37,True,1,{'id': '18'},[{'athlete': {'id': '3934719'}}],2026-06-06T03:12:21Z,True,"{'x': -214748340, 'y': -214748365}",1,+1 Point,157.0
401859964657,657,"{'id': '584', 'text': 'Substitution'}",Josh Hart enters the game for Landry Shamet,99,97,4,2:37,False,0,{'id': '18'},"[{'athlete': {'id': '3062679'}}, {'athlete': {'id': '3914044'}}]",2026-06-06T03:12:23Z,False,"{'x': -214748340, 'y': -214748365}",0,Substitution,157.0
401859964659,659,"{'id': '102', 'text': 'Free Throw - 3 of 3'}",OG Anunoby makes free throw 3 of 3,100,97,4,2:37,True,1,{'id': '18'},[{'athlete': {'id': '3934719'}}],2026-06-06T03:12:42Z,True,"{'x': -214748340, 'y': -214748365}",1,+1 Point,157.0
401859964660,660,"{'id': '118', 'text': 'Alley Oop Dunk Shot'}",Victor Wembanyama makes 1-foot alley oop dunk (De'Aaron Fox assists),100,99,4,2:27,True,2,{'id': '24'},"[{'athlete': {'id': '5104157'}}, {'athlete': {'id': '4066259'}}]",2026-06-06T03:12:58Z,True,"{'x': 25, 'y': 1}",2,+2 Points,147.0
401859964662,662,"{'id': '128', 'text': 'Driving Finger Roll Layup'}",OG Anunoby misses two point shot,100,99,4,1:58,False,0,{'id': '18'},[{'athlete': {'id': '3934719'}}],2026-06-06T03:13:26Z,True,"{'x': 25, 'y': 0}",2,Missed FG,118.0
401859964663,663,"{'id': '156', 'text': 'Offensive Rebound'}",Knicks offensive team rebound,100,99,4,1:58,False,0,{'id': '18'},,2026-06-06T03:13:26Z,False,"{'x': 25, 'y': 0}",0,Rebound,118.0
401859964665,665,"{'id': '8', 'text': 'Delay of Game'}",Spurs delay of game violation,100,99,4,1:58,False,0,{'id': '24'},,2026-06-06T03:13:50Z,False,"{'x': -214748340, 'y': -214748365}",0,Violation,118.0
401859964666,666,"{'id': '141', 'text': 'Cutting Layup Shot'}",Jalen Brunson makes 1-foot layup (Mikal Bridges assists),102,99,4,1:56,True,2,{'id': '18'},"[{'athlete': {'id': '3934672'}}, {'athlete': {'id': '3147657'}}]",2026-06-06T03:14:00Z,True,"{'x': 24, 'y': 1}",2,+2 Points,116.0
401859964668,668,"{'id': '132', 'text': 'Step Back Jump Shot'}",Victor Wembanyama misses 23-foot three point step back jumpshot,102,99,4,1:37,False,0,{'id': '24'},[{'athlete': {'id': '5104157'}}],2026-06-06T03:14:21Z,True,"{'x': 1, 'y': 2}",3,Missed 3PT,97.0
401859964669,669,"{'id': '155', 'text': 'Defensive Rebound'}",Josh Hart defensive rebound,102,99,4,1:35,False,0,{'id': '18'},[{'athlete': {'id': '3062679'}}],2026-06-06T03:14:23Z,False,"{'x': 1, 'y': 2}",0,Rebound,95.0
401859964670,670,"{'id': '129', 'text': 'Running Finger Roll Layup'}",Jalen Brunson misses two point shot,102,99,4,1:29,False,0,{'id': '18'},[{'athlete': {'id': '3934672'}}],2026-06-06T03:14:29Z,True,"{'x': 23, 'y': 0}",2,Missed FG,89.0
401859964671,671,"{'id': '155', 'text': 'Defensive Rebound'}",Devin Vassell defensive rebound,102,99,4,1:27,False,0,{'id': '24'},[{'athlete': {'id': '4395630'}}],2026-06-06T03:14:31Z,False,"{'x': 23, 'y': 0}",0,Rebound,87.0
401859964672,672,"{'id': '109', 'text': 'Running Layup Shot'}",Dylan Harper makes running layup (Devin Vassell assists),102,101,4,1:25,True,2,{'id': '24'},"[{'athlete': {'id': '5037871'}}, {'athlete': {'id': '4395630'}}]",2026-06-06T03:14:37Z,True,"{'x': 26, 'y': 2}",2,+2 Points,85.0
401859964674,674,"{'id': '9', 'text': 'Defensive Goaltending'}",Karl-Anthony Towns defensive goaltending violation,102,101,4,1:25,False,0,{'id': '18'},[{'athlete': {'id': '3136195'}}],2026-06-06T03:14:47Z,False,"{'x': -214748340, 'y': -214748365}",0,Goaltending,85.0
401859964675,675,"{'id': '278', 'text': 'Ref-Initiated Review (Supported)'}",(01:25) [Knicks] REF-INITIATED REVIEW (REPLAY SUPPORTS CALL),102,101,4,1:25,False,0,,,2026-06-06T03:14:45Z,False,"{'x': -214748340, 'y': -214748365}",0,Challenge,85.0
401859964676,676,"{'id': '62', 'text': 'Bad Pass\nTurnover'}","Mikal Bridges bad pass
turnover (Dylan Harper steals)",102,101,4,1:03,False,0,{'id': '18'},"[{'athlete': {'id': '3147657'}}, {'athlete': {'id': '5037871'}}]",2026-06-06T03:16:21Z,False,"{'x': 26, 'y': 5}",0,Turnover,63.0
401859964678,678,"{'id': '142', 'text': 'Cutting Finger Roll Layup Shot'}",Victor Wembanyama makes layup (Dylan Harper assists),102,103,4,57.3,True,2,{'id': '24'},"[{'athlete': {'id': '5104157'}}, {'athlete': {'id': '5037871'}}]",2026-06-06T03:16:29Z,True,"{'x': 25, 'y': 2}",2,+2 Points,57.3
401859964680,680,"{'id': '44', 'text': 'Shooting Foul'}",Karl-Anthony Towns shooting foul,102,103,4,57.3,False,0,{'id': '18'},[{'athlete': {'id': '3136195'}}],2026-06-06T03:16:34Z,False,"{'x': 25, 'y': 3}",0,Foul,57.3
401859964682,682,"{'id': '97', 'text': 'Free Throw - 1 of 1'}",Victor Wembanyama makes free throw 1 of 1,102,104,4,57.3,True,1,{'id': '24'},[{'athlete': {'id': '5104157'}}],2026-06-06T03:17:08Z,True,"{'x': -214748340, 'y': -214748365}",1,+1 Point,57.3
401859964683,683,"{'id': '121', 'text': 'Fade Away Jump Shot'}",Jalen Brunson makes 13-foot fade away jump shot,104,104,4,39.3,True,2,{'id': '18'},[{'athlete': {'id': '3934672'}}],2026-06-06T03:17:29Z,True,"{'x': 32, 'y': 12}",2,+2 Points,39.3
401859964684,684,"{'id': '16', 'text': 'Full Timeout'}",Spurs Full timeout,104,104,4,39.3,False,0,{'id': '24'},,2026-06-06T03:17:34Z,False,"{'x': -214748340, 'y': -214748365}",0,Timeout,39.3
401859964685,685,"{'id': '584', 'text': 'Substitution'}",Mitchell Robinson enters the game for Jalen Brunson,104,104,4,39.3,False,0,{'id': '18'},"[{'athlete': {'id': '4351852'}}, {'athlete': {'id': '3934672'}}]",2026-06-06T03:19:00Z,False,"{'x': -214748340, 'y': -214748365}",0,Substitution,39.3
401859964686,686,"{'id': '584', 'text': 'Substitution'}",Landry Shamet enters the game for Karl-Anthony Towns,104,104,4,39.3,False,0,{'id': '18'},"[{'athlete': {'id': '3914044'}}, {'athlete': {'id': '3136195'}}]",2026-06-06T03:19:00Z,False,"{'x': -214748340, 'y': -214748365}",0,Substitution,39.3
401859964689,689,"{'id': '131', 'text': 'Pullup Jump Shot'}",Victor Wembanyama misses 16-foot pullup jump shot,104,104,4,30.3,False,0,{'id': '24'},[{'athlete': {'id': '5104157'}}],2026-06-06T03:19:26Z,True,"{'x': 9, 'y': 7}",2,Missed FG,30.3
401859964690,690,"{'id': '155', 'text': 'Defensive Rebound'}",OG Anunoby defensive rebound,104,104,4,30.3,False,0,{'id': '18'},[{'athlete': {'id': '3934719'}}],2026-06-06T03:19:26Z,False,"{'x': 9, 'y': 7}",0,Rebound,30.3
401859964691,691,"{'id': '16', 'text': 'Full Timeout'}",Knicks Full timeout,104,104,4,30.3,False,0,{'id': '18'},,2026-06-06T03:19:33Z,False,"{'x': -214748340, 'y': -214748365}",0,Timeout,30.3
401859964692,692,"{'id': '584', 'text': 'Substitution'}",Stephon Castle enters the game for Julian Champagnie,104,104,4,30.3,False,0,{'id': '24'},"[{'athlete': {'id': '4845367'}}, {'athlete': {'id': '4592479'}}]",2026-06-06T03:20:40Z,False,"{'x': -214748340, 'y': -214748365}",0,Substitution,30.3
401859964693,693,"{'id': '584', 'text': 'Substitution'}",Karl-Anthony Towns enters the game for Josh Hart,104,104,4,30.3,False,0,{'id': '18'},"[{'athlete': {'id': '3136195'}}, {'athlete': {'id': '3062679'}}]",2026-06-06T03:20:40Z,False,"{'x': -214748340, 'y': -214748365}",0,Substitution,30.3
401859964694,694,"{'id': '584', 'text': 'Substitution'}",Jalen Brunson enters the game for Mitchell Robinson,104,104,4,30.3,False,0,{'id': '18'},"[{'athlete': {'id': '3934672'}}, {'athlete': {'id': '4351852'}}]",2026-06-06T03:20:40Z,False,"{'x': -214748340, 'y': -214748365}",0,Substitution,30.3
401859964698,698,"{'id': '45', 'text': 'Personal Foul'}",Stephon Castle personal foul,104,104,4,24.3,False,0,{'id': '24'},[{'athlete': {'id': '4845367'}}],2026-06-06T03:21:17Z,False,"{'x': 35, 'y': 26}",0,Foul,24.3
401859964700,700,"{'id': '131', 'text': 'Pullup Jump Shot'}",Jalen Brunson misses 16-foot pullup jump shot,104,104,4,13.5,False,0,{'id': '18'},[{'athlete': {'id': '3934672'}}],2026-06-06T03:21:41Z,True,"{'x': 33, 'y': 14}",2,Missed FG,13.5
401859964701,701,"{'id': '155', 'text': 'Defensive Rebound'}",Victor Wembanyama defensive rebound,104,104,4,11.8,False,0,{'id': '24'},[{'athlete': {'id': '5104157'}}],2026-06-06T03:21:43Z,False,"{'x': 33, 'y': 14}",0,Rebound,11.8
401859964702,702,"{'id': '62', 'text': 'Bad Pass\nTurnover'}","Victor Wembanyama bad pass
turnover (Jalen Brunson steals)",104,104,4,9.5,False,0,{'id': '24'},"[{'athlete': {'id': '5104157'}}, {'athlete': {'id': '3934672'}}]",2026-06-06T03:21:50Z,False,"{'x': 46, 'y': 36}",0,Turnover,9.5
401859964704,704,"{'id': '45', 'text': 'Personal Foul'}",Victor Wembanyama personal foul,104,104,4,9.5,False,0,{'id': '24'},[{'athlete': {'id': '5104157'}}],2026-06-06T03:21:58Z,False,"{'x': 45, 'y': 33}",0,Foul,9.5
401859964706,706,"{'id': '98', 'text': 'Free Throw - 1 of 2'}",Jalen Brunson makes free throw 1 of 2,105,104,4,9.5,True,1,{'id': '18'},[{'athlete': {'id': '3934672'}}],2026-06-06T03:22:22Z,True,"{'x': -214748340, 'y': -214748365}",1,+1 Point,9.5
401859964707,707,"{'id': '584', 'text': 'Substitution'}",Luke Kornet enters the game for De'Aaron Fox,105,104,4,9.5,False,0,{'id': '24'},"[{'athlete': {'id': '3064560'}}, {'athlete': {'id': '4066259'}}]",2026-06-06T03:22:23Z,False,"{'x': -214748340, 'y': -214748365}",0,Substitution,9.5
401859964708,708,"{'id': '584', 'text': 'Substitution'}",Josh Hart enters the game for Karl-Anthony Towns,105,104,4,9.5,False,0,{'id': '18'},"[{'athlete': {'id': '3062679'}}, {'athlete': {'id': '3136195'}}]",2026-06-06T03:22:23Z,False,"{'x': -214748340, 'y': -214748365}",0,Substitution,9.5
401859964711,711,"{'id': '584', 'text': 'Substitution'}",Julian Champagnie enters the game for Dylan Harper,105,104,4,9.5,False,0,{'id': '24'},"[{'athlete': {'id': '4592479'}}, {'athlete': {'id': '5037871'}}]",2026-06-06T03:22:40Z,False,"{'x': -214748340, 'y': -214748365}",0,Substitution,9.5
401859964713,713,"{'id': '99', 'text': 'Free Throw - 2 of 2'}",Jalen Brunson misses free throw 2 of 2,105,104,4,9.5,False,0,{'id': '18'},[{'athlete': {'id': '3934672'}}],2026-06-06T03:23:00Z,True,"{'x': -214748340, 'y': -214748365}",1,Missed FT,9.5
401859964714,714,"{'id': '155', 'text': 'Defensive Rebound'}",Luke Kornet defensive rebound,105,104,4,7.5,False,0,{'id': '24'},[{'athlete': {'id': '3064560'}}],2026-06-06T03:23:01Z,False,"{'x': -214748340, 'y': -214748365}",0,Rebound,7.5
401859964715,715,"{'id': '16', 'text': 'Full Timeout'}",Spurs Full timeout,105,104,4,7.5,False,0,{'id': '24'},,2026-06-06T03:23:11Z,False,"{'x': -214748340, 'y': -214748365}",0,Timeout,7.5
401859964716,716,"{'id': '584', 'text': 'Substitution'}",Dylan Harper enters the game for Julian Champagnie,105,104,4,7.5,False,0,{'id': '24'},"[{'athlete': {'id': '5037871'}}, {'athlete': {'id': '4592479'}}]",2026-06-06T03:24:13Z,False,"{'x': -214748340, 'y': -214748365}",0,Substitution,7.5
401859964717,717,"{'id': '584', 'text': 'Substitution'}",Mitchell Robinson enters the game for Jalen Brunson,105,104,4,7.5,False,0,{'id': '18'},"[{'athlete': {'id': '4351852'}}, {'athlete': {'id': '3934672'}}]",2026-06-06T03:24:13Z,False,"{'x': -214748340, 'y': -214748365}",0,Substitution,7.5
401859964720,720,"{'id': '92', 'text': 'Jump Shot'}",Victor Wembanyama misses 20-foot jumper,105,104,4,2.0,False,0,{'id': '24'},[{'athlete': {'id': '5104157'}}],2026-06-06T03:24:50Z,True,"{'x': 38, 'y': 15}",2,Missed FG,2.0
401859964721,721,"{'id': '155', 'text': 'Defensive Rebound'}",Knicks defensive team rebound,105,104,4,2.0,False,0,{'id': '18'},,2026-06-06T03:24:50Z,False,"{'x': 38, 'y': 15}",0,Rebound,2.0
401859964722,722,"{'id': '412', 'text': 'End Period'}",End of the 4th Quarter,105,104,4,0.0,False,0,,,2026-06-06T03:27:06Z,False,"{'x': -214748340, 'y': -214748365}",0,End of 4th,0.0
401859964723,723,"{'id': '402', 'text': 'End Game'}",End of Game,105,104,4,0.0,False,0,,,2026-06-06T03:27:08Z,False,"{'x': -214748340, 'y': -214748365}",0,End of Game,0.0
