id,sequenceNumber,type,text,awayScore,homeScore,period,clock,scoringPlay,scoreValue,team,participants,wallclock,shootingPlay,coordinate,pointsAttempted,shortDescription,clockSec
4018732024,4,"{'id': '615', 'text': 'Jumpball'}",Chet Holmgren vs. Victor Wembanyama (Stephon Castle gains possession),0,0,1,12:00,False,0,{'id': '24'},"[{'athlete': {'id': '5104157'}}, {'athlete': {'id': '4433255'}}, {'athlete': {'id': '4845367'}}]",2026-05-29T00:36:55Z,False,"{'x': -214748340, 'y': -214748365}",0,Jump Ball,720.0
4018732027,7,"{'id': '92', 'text': 'Jump Shot'}",Julian Champagnie makes 26-foot three point jumper (Stephon Castle assists),0,3,1,11:45,True,3,{'id': '24'},"[{'athlete': {'id': '4592479'}}, {'athlete': {'id': '4845367'}}]",2026-05-29T00:37:06Z,True,"{'x': 35, 'y': 24}",3,+3 Points,705.0
4018732029,9,"{'id': '130', 'text': 'Floating Jump Shot'}",Isaiah Hartenstein makes 12-foot floating jump shot (Jared McCain assists),2,3,1,11:19,True,2,{'id': '25'},"[{'athlete': {'id': '4222252'}}, {'athlete': {'id': '4683778'}}]",2026-05-29T00:37:32Z,True,"{'x': 25, 'y': 12}",2,+2 Points,679.0
40187320211,11,"{'id': '92', 'text': 'Jump Shot'}",Victor Wembanyama makes 26-foot three point jumper (Stephon Castle assists),2,6,1,11:03,True,3,{'id': '24'},"[{'athlete': {'id': '5104157'}}, {'athlete': {'id': '4845367'}}]",2026-05-29T00:37:49Z,True,"{'x': 6, 'y': 18}",3,+3 Points,663.0
40187320213,13,"{'id': '128', 'text': 'Driving Finger Roll Layup'}",Victor Wembanyama blocks Jared McCain 's 4-foot two point shot,2,6,1,10:47,False,0,{'id': '25'},"[{'athlete': {'id': '4683778'}}, {'athlete': {'id': '5104157'}}]",2026-05-29T00:38:06Z,True,"{'x': 24, 'y': 4}",2,Missed FG,647.0
40187320214,14,"{'id': '156', 'text': 'Offensive Rebound'}",Isaiah Hartenstein offensive rebound,2,6,1,10:46,False,0,{'id': '25'},[{'athlete': {'id': '4222252'}}],2026-05-29T00:38:07Z,False,"{'x': 24, 'y': 4}",0,Rebound,646.0
40187320219,19,"{'id': '92', 'text': 'Jump Shot'}",Chet Holmgren misses 25-foot three point jumper,2,6,1,10:43,False,0,{'id': '25'},[{'athlete': {'id': '4433255'}}],2026-05-29T00:38:15Z,True,"{'x': 6, 'y': 18}",3,Missed 3PT,643.0
40187320220,20,"{'id': '155', 'text': 'Defensive Rebound'}",Spurs defensive team rebound,2,6,1,10:40,False,0,{'id': '24'},,2026-05-29T00:38:18Z,False,"{'x': 6, 'y': 18}",0,Rebound,640.0
40187320215,15,"{'id': '92', 'text': 'Jump Shot'}",Victor Wembanyama makes 26-foot three point jumper (Stephon Castle assists),2,9,1,10:34,True,3,{'id': '24'},"[{'athlete': {'id': '5104157'}}, {'athlete': {'id': '4845367'}}]",2026-05-29T00:38:24Z,True,"{'x': 39, 'y': 22}",3,+3 Points,634.0
40187320217,17,"{'id': '16', 'text': 'Full Timeout'}",Thunder Full timeout,2,9,1,10:33,False,0,{'id': '25'},,2026-05-29T00:38:30Z,False,"{'x': -214748340, 'y': -214748365}",0,Timeout,633.0
40187320222,22,"{'id': '92', 'text': 'Jump Shot'}",Luguentz Dort makes 24-foot three point jumper (Isaiah Hartenstein assists),5,9,1,10:20,True,3,{'id': '25'},"[{'athlete': {'id': '4397020'}}, {'athlete': {'id': '4222252'}}]",2026-05-29T00:42:19Z,True,"{'x': 49, 'y': 1}",3,+3 Points,620.0
40187320224,24,"{'id': '128', 'text': 'Driving Finger Roll Layup'}",Stephon Castle makes 2-foot two point shot,5,11,1,10:04,True,2,{'id': '24'},[{'athlete': {'id': '4845367'}}],2026-05-29T00:42:35Z,True,"{'x': 27, 'y': 3}",2,+2 Points,604.0
40187320225,25,"{'id': '130', 'text': 'Floating Jump Shot'}",Isaiah Hartenstein makes 11-foot floating jump shot (Shai Gilgeous-Alexander assists),7,11,1,9:51,True,2,{'id': '25'},"[{'athlete': {'id': '4222252'}}, {'athlete': {'id': '4278073'}}]",2026-05-29T00:42:48Z,True,"{'x': 26, 'y': 11}",2,+2 Points,591.0
40187320227,27,"{'id': '92', 'text': 'Jump Shot'}",Devin Vassell misses 25-foot three point jumper,7,11,1,9:26,False,0,{'id': '24'},[{'athlete': {'id': '4395630'}}],2026-05-29T00:43:13Z,True,"{'x': 21, 'y': 25}",3,Missed 3PT,566.0
40187320228,28,"{'id': '155', 'text': 'Defensive Rebound'}",Isaiah Hartenstein defensive rebound,7,11,1,9:23,False,0,{'id': '25'},[{'athlete': {'id': '4222252'}}],2026-05-29T00:43:16Z,False,"{'x': 21, 'y': 25}",0,Rebound,563.0
40187320229,29,"{'id': '95', 'text': 'Layup Shot'}",Isaiah Hartenstein misses layup,7,11,1,9:12,False,0,{'id': '25'},[{'athlete': {'id': '4222252'}}],2026-05-29T00:43:27Z,True,"{'x': 26, 'y': 2}",2,Missed FG,552.0
40187320231,31,"{'id': '155', 'text': 'Defensive Rebound'}",Victor Wembanyama defensive rebound,7,11,1,9:09,False,0,{'id': '24'},[{'athlete': {'id': '5104157'}}],2026-05-29T00:43:30Z,False,"{'x': 26, 'y': 2}",0,Rebound,549.0
40187320232,32,"{'id': '113', 'text': 'Running Jump Shot'}",Julian Champagnie misses 23-foot running jump shot,7,11,1,9:06,False,0,{'id': '24'},[{'athlete': {'id': '4592479'}}],2026-05-29T00:43:34Z,True,"{'x': 2, 'y': -1}",3,Missed 3PT,546.0
40187320233,33,"{'id': '155', 'text': 'Defensive Rebound'}",Chet Holmgren defensive rebound,7,11,1,9:02,False,0,{'id': '25'},[{'athlete': {'id': '4433255'}}],2026-05-29T00:43:38Z,False,"{'x': 2, 'y': -1}",0,Rebound,542.0
40187320234,34,"{'id': '92', 'text': 'Jump Shot'}",Luguentz Dort misses 28-foot three point jumper,7,11,1,8:46,False,0,{'id': '25'},[{'athlete': {'id': '4397020'}}],2026-05-29T00:43:53Z,True,"{'x': 25, 'y': 29}",3,Missed 3PT,526.0
40187320235,35,"{'id': '155', 'text': 'Defensive Rebound'}",Victor Wembanyama defensive rebound,7,11,1,8:42,False,0,{'id': '24'},[{'athlete': {'id': '5104157'}}],2026-05-29T00:43:57Z,False,"{'x': 25, 'y': 29}",0,Rebound,522.0
40187320236,36,"{'id': '133', 'text': 'Pullup Bank Jump Shot'}",De'Aaron Fox misses 8-foot two point shot,7,11,1,8:32,False,0,{'id': '24'},[{'athlete': {'id': '4066259'}}],2026-05-29T00:44:07Z,True,"{'x': 33, 'y': 4}",2,Missed FG,512.0
40187320237,37,"{'id': '156', 'text': 'Offensive Rebound'}",Victor Wembanyama offensive rebound,7,11,1,8:30,False,0,{'id': '24'},[{'athlete': {'id': '5104157'}}],2026-05-29T00:44:09Z,False,"{'x': 33, 'y': 4}",0,Rebound,510.0
40187320238,38,"{'id': '64', 'text': 'Traveling'}",Julian Champagnie traveling turnover,7,11,1,8:21,False,0,{'id': '24'},[{'athlete': {'id': '4592479'}}],2026-05-29T00:44:20Z,False,"{'x': 45, 'y': -1}",0,Turnover,501.0
40187320239,39,"{'id': '584', 'text': 'Substitution'}",Dylan Harper enters the game for De'Aaron Fox,7,11,1,8:21,False,0,{'id': '24'},"[{'athlete': {'id': '5037871'}}, {'athlete': {'id': '4066259'}}]",2026-05-29T00:44:29Z,False,"{'x': -214748340, 'y': -214748365}",0,Substitution,501.0
40187320241,41,"{'id': '130', 'text': 'Floating Jump Shot'}",Isaiah Hartenstein misses 14-foot floating jump shot,7,11,1,8:11,False,0,{'id': '25'},[{'athlete': {'id': '4222252'}}],2026-05-29T00:44:55Z,True,"{'x': 22, 'y': 14}",2,Missed FG,491.0
40187320242,42,"{'id': '155', 'text': 'Defensive Rebound'}",Victor Wembanyama defensive rebound,7,11,1,8:09,False,0,{'id': '24'},[{'athlete': {'id': '5104157'}}],2026-05-29T00:44:57Z,False,"{'x': 22, 'y': 14}",0,Rebound,489.0
40187320243,43,"{'id': '137', 'text': 'Turnaround Fade Away Jump Shot'}",Victor Wembanyama makes 8-foot two point shot,7,13,1,7:55,True,2,{'id': '24'},[{'athlete': {'id': '5104157'}}],2026-05-29T00:45:11Z,True,"{'x': 26, 'y': 9}",2,+2 Points,475.0
40187320244,44,"{'id': '45', 'text': 'Personal Foul'}",Julian Champagnie personal foul,7,13,1,7:40,False,0,{'id': '24'},[{'athlete': {'id': '4592479'}}],2026-05-29T00:45:28Z,False,"{'x': 40, 'y': 18}",0,Foul,460.0
40187320246,46,"{'id': '584', 'text': 'Substitution'}",Keldon Johnson enters the game for Julian Champagnie,7,13,1,7:40,False,0,{'id': '24'},"[{'athlete': {'id': '4395723'}}, {'athlete': {'id': '4592479'}}]",2026-05-29T00:45:36Z,False,"{'x': -214748340, 'y': -214748365}",0,Substitution,460.0
40187320247,47,"{'id': '584', 'text': 'Substitution'}",Jaylin Williams enters the game for Isaiah Hartenstein,7,13,1,7:40,False,0,{'id': '25'},"[{'athlete': {'id': '4432823'}}, {'athlete': {'id': '4222252'}}]",2026-05-29T00:45:36Z,False,"{'x': -214748340, 'y': -214748365}",0,Substitution,460.0
40187320250,50,"{'id': '131', 'text': 'Pullup Jump Shot'}",Shai Gilgeous-Alexander makes 17-foot pullup jump shot,9,13,1,7:33,True,2,{'id': '25'},[{'athlete': {'id': '4278073'}}],2026-05-29T00:45:57Z,True,"{'x': 19, 'y': 16}",2,+2 Points,453.0
40187320251,51,"{'id': '92', 'text': 'Jump Shot'}",Victor Wembanyama misses 26-foot three point jumper,9,13,1,7:17,False,0,{'id': '24'},[{'athlete': {'id': '5104157'}}],2026-05-29T00:46:13Z,True,"{'x': 18, 'y': 26}",3,Missed 3PT,437.0
40187320252,52,"{'id': '155', 'text': 'Defensive Rebound'}",Jared McCain defensive rebound,9,13,1,7:15,False,0,{'id': '25'},[{'athlete': {'id': '4683778'}}],2026-05-29T00:46:15Z,False,"{'x': 18, 'y': 26}",0,Rebound,435.0
40187320253,53,"{'id': '62', 'text': 'Bad Pass\nTurnover'}","Jared McCain bad pass
turnover (Victor Wembanyama steals)",9,13,1,7:07,False,0,{'id': '25'},"[{'athlete': {'id': '4683778'}}, {'athlete': {'id': '5104157'}}]",2026-05-29T00:46:23Z,False,"{'x': 43, 'y': 2}",0,Turnover,427.0
401873202119,119,"{'id': '109', 'text': 'Running Layup Shot'}",Luguentz Dort blocks Victor Wembanyama 's 4-foot running layup,9,13,1,7:04,False,0,{'id': '24'},"[{'athlete': {'id': '5104157'}}, {'athlete': {'id': '4397020'}}]",2026-05-29T00:46:26Z,True,"{'x': 25, 'y': 5}",2,Missed FG,424.0
401873202121,121,"{'id': '156', 'text': 'Offensive Rebound'}",Stephon Castle offensive rebound,9,13,1,7:03,False,0,{'id': '24'},[{'athlete': {'id': '4845367'}}],2026-05-29T00:46:27Z,False,"{'x': 25, 'y': 5}",0,Rebound,423.0
40187320255,55,"{'id': '44', 'text': 'Shooting Foul'}",Jaylin Williams shooting foul,9,13,1,7:02,False,0,{'id': '25'},[{'athlete': {'id': '4432823'}}],2026-05-29T00:46:29Z,False,"{'x': 22, 'y': 0}",0,Foul,422.0
40187320257,57,"{'id': '98', 'text': 'Free Throw - 1 of 2'}",Stephon Castle makes free throw 1 of 2,9,14,1,7:02,True,1,{'id': '24'},[{'athlete': {'id': '4845367'}}],2026-05-29T00:47:10Z,True,"{'x': -214748340, 'y': -214748365}",1,+1 Point,422.0
40187320258,58,"{'id': '584', 'text': 'Substitution'}",Alex Caruso enters the game for Jared McCain,9,14,1,7:02,False,0,{'id': '25'},"[{'athlete': {'id': '2991350'}}, {'athlete': {'id': '4683778'}}]",2026-05-29T00:47:11Z,False,"{'x': -214748340, 'y': -214748365}",0,Substitution,422.0
40187320260,60,"{'id': '99', 'text': 'Free Throw - 2 of 2'}",Stephon Castle misses free throw 2 of 2,9,14,1,7:02,False,0,{'id': '24'},[{'athlete': {'id': '4845367'}}],2026-05-29T00:47:10Z,True,"{'x': -214748340, 'y': -214748365}",1,Missed FT,422.0
40187320261,61,"{'id': '155', 'text': 'Defensive Rebound'}",Chet Holmgren defensive rebound,9,14,1,7:00,False,0,{'id': '25'},[{'athlete': {'id': '4433255'}}],2026-05-29T00:47:12Z,False,"{'x': -214748340, 'y': -214748365}",0,Rebound,420.0
40187320262,62,"{'id': '132', 'text': 'Step Back Jump Shot'}",Shai Gilgeous-Alexander makes 22-foot step back jumpshot,11,14,1,6:41,True,2,{'id': '25'},[{'athlete': {'id': '4278073'}}],2026-05-29T00:47:52Z,True,"{'x': 37, 'y': 19}",2,+2 Points,401.0
40187320263,63,"{'id': '62', 'text': 'Bad Pass\nTurnover'}","Devin Vassell bad pass
turnover (Chet Holmgren steals)",11,14,1,6:28,False,0,{'id': '24'},"[{'athlete': {'id': '4395630'}}, {'athlete': {'id': '4433255'}}]",2026-05-29T00:48:18Z,False,"{'x': 26, 'y': 1}",0,Turnover,388.0
40187320265,65,"{'id': '92', 'text': 'Jump Shot'}",Alex Caruso misses 23-foot three point jumper,11,14,1,6:21,False,0,{'id': '25'},[{'athlete': {'id': '2991350'}}],2026-05-29T00:48:24Z,True,"{'x': 2, 'y': 2}",3,Missed 3PT,381.0
40187320266,66,"{'id': '155', 'text': 'Defensive Rebound'}",Victor Wembanyama defensive rebound,11,14,1,6:19,False,0,{'id': '24'},[{'athlete': {'id': '5104157'}}],2026-05-29T00:48:26Z,False,"{'x': 2, 'y': 2}",0,Rebound,379.0
40187320267,67,"{'id': '92', 'text': 'Jump Shot'}",Dylan Harper misses 25-foot three point jumper,11,14,1,6:05,False,0,{'id': '24'},[{'athlete': {'id': '5037871'}}],2026-05-29T00:48:28Z,True,"{'x': 36, 'y': 23}",3,Missed 3PT,365.0
40187320268,68,"{'id': '155', 'text': 'Defensive Rebound'}",Jaylin Williams defensive rebound,11,14,1,6:03,False,0,{'id': '25'},[{'athlete': {'id': '4432823'}}],2026-05-29T00:48:30Z,False,"{'x': 36, 'y': 23}",0,Rebound,363.0
40187320269,69,"{'id': '131', 'text': 'Pullup Jump Shot'}",Luguentz Dort misses 13-foot pullup jump shot,11,14,1,5:52,False,0,{'id': '25'},[{'athlete': {'id': '4397020'}}],2026-05-29T00:48:42Z,True,"{'x': 25, 'y': 14}",2,Missed FG,352.0
40187320270,70,"{'id': '155', 'text': 'Defensive Rebound'}",Stephon Castle defensive rebound,11,14,1,5:49,False,0,{'id': '24'},[{'athlete': {'id': '4845367'}}],2026-05-29T00:48:45Z,False,"{'x': 25, 'y': 14}",0,Rebound,349.0
40187320271,71,"{'id': '63', 'text': 'Lost Ball Turnover'}",Victor Wembanyama lost ball turnover (Luguentz Dort steals),11,14,1,5:46,False,0,{'id': '24'},"[{'athlete': {'id': '5104157'}}, {'athlete': {'id': '4397020'}}]",2026-05-29T00:48:49Z,False,"{'x': 14, 'y': 13}",0,Turnover,346.0
40187320273,73,"{'id': '116', 'text': 'Running Dunk Shot'}",Luguentz Dort makes 1-foot running dunk,13,14,1,5:42,True,2,{'id': '25'},[{'athlete': {'id': '4397020'}}],2026-05-29T00:48:52Z,True,"{'x': 25, 'y': 2}",2,+2 Points,342.0
40187320274,74,"{'id': '92', 'text': 'Jump Shot'}",Stephon Castle misses 25-foot three point jumper,13,14,1,5:13,False,0,{'id': '24'},[{'athlete': {'id': '4845367'}}],2026-05-29T00:49:20Z,True,"{'x': 39, 'y': 21}",3,Missed 3PT,313.0
40187320275,75,"{'id': '155', 'text': 'Defensive Rebound'}",Jaylin Williams defensive rebound,13,14,1,5:11,False,0,{'id': '25'},[{'athlete': {'id': '4432823'}}],2026-05-29T00:49:22Z,False,"{'x': 39, 'y': 21}",0,Rebound,311.0
40187320293,93,"{'id': '277', 'text': ""Coach's Challenge (replaycenter)""}",(05:07) [Thunder] COACH'S CHALLENGE (CALL REPLAYCENTER),13,14,1,5:07,False,0,,,2026-05-29T00:49:54Z,False,"{'x': -214748340, 'y': -214748365}",0,Challenge,307.0
40187320277,77,"{'id': '90', 'text': 'Out of Bounds - Bad Pass Turnover'}",Shai Gilgeous-Alexander out of bounds bad pass turnover,13,14,1,5:00,False,0,{'id': '25'},[{'athlete': {'id': '4278073'}}],2026-05-29T00:50:02Z,False,"{'x': 30, 'y': -1}",0,Turnover,300.0
40187320278,78,"{'id': '584', 'text': 'Substitution'}",Luke Kornet enters the game for Victor Wembanyama,13,14,1,5:00,False,0,{'id': '24'},"[{'athlete': {'id': '3064560'}}, {'athlete': {'id': '5104157'}}]",2026-05-29T00:50:08Z,False,"{'x': -214748340, 'y': -214748365}",0,Substitution,300.0
40187320280,80,"{'id': '92', 'text': 'Jump Shot'}",Devin Vassell makes 25-foot three point jumper (Stephon Castle assists),13,17,1,4:52,True,3,{'id': '24'},"[{'athlete': {'id': '4395630'}}, {'athlete': {'id': '4845367'}}]",2026-05-29T00:50:24Z,True,"{'x': 39, 'y': 22}",3,+3 Points,292.0
40187320282,82,"{'id': '92', 'text': 'Jump Shot'}",Luguentz Dort misses 26-foot three point jumper,13,17,1,4:43,False,0,{'id': '25'},[{'athlete': {'id': '4397020'}}],2026-05-29T00:50:32Z,True,"{'x': 7, 'y': 20}",3,Missed 3PT,283.0
40187320283,83,"{'id': '156', 'text': 'Offensive Rebound'}",Chet Holmgren offensive rebound,13,17,1,4:40,False,0,{'id': '25'},[{'athlete': {'id': '4433255'}}],2026-05-29T00:50:35Z,False,"{'x': 7, 'y': 20}",0,Rebound,280.0
40187320284,84,"{'id': '44', 'text': 'Shooting Foul'}",Keldon Johnson shooting foul,13,17,1,4:40,False,0,{'id': '24'},[{'athlete': {'id': '4395723'}}],2026-05-29T00:50:37Z,False,"{'x': 31, 'y': 7}",0,Foul,280.0
40187320286,86,"{'id': '98', 'text': 'Free Throw - 1 of 2'}",Chet Holmgren makes free throw 1 of 2,14,17,1,4:40,True,1,{'id': '25'},[{'athlete': {'id': '4433255'}}],2026-05-29T00:51:06Z,True,"{'x': -214748340, 'y': -214748365}",1,+1 Point,280.0
40187320287,87,"{'id': '584', 'text': 'Substitution'}",Cason Wallace enters the game for Luguentz Dort,14,17,1,4:40,False,0,{'id': '25'},"[{'athlete': {'id': '4683692'}}, {'athlete': {'id': '4397020'}}]",2026-05-29T00:51:08Z,False,"{'x': -214748340, 'y': -214748365}",0,Substitution,280.0
40187320289,89,"{'id': '99', 'text': 'Free Throw - 2 of 2'}",Chet Holmgren makes free throw 2 of 2,15,17,1,4:40,True,1,{'id': '25'},[{'athlete': {'id': '4433255'}}],2026-05-29T00:51:27Z,True,"{'x': -214748340, 'y': -214748365}",1,+1 Point,280.0
40187320290,90,"{'id': '92', 'text': 'Jump Shot'}",Devin Vassell makes 25-foot three point jumper (Stephon Castle assists),15,20,1,4:29,True,3,{'id': '24'},"[{'athlete': {'id': '4395630'}}, {'athlete': {'id': '4845367'}}]",2026-05-29T00:51:41Z,True,"{'x': 31, 'y': 25}",3,+3 Points,269.0
40187320294,94,"{'id': '584', 'text': 'Substitution'}",De'Aaron Fox enters the game for Stephon Castle,15,20,1,4:13,False,0,{'id': '24'},"[{'athlete': {'id': '4066259'}}, {'athlete': {'id': '4845367'}}]",2026-05-29T00:52:11Z,False,"{'x': -214748340, 'y': -214748365}",0,Substitution,253.0
40187320295,95,"{'id': '584', 'text': 'Substitution'}",Jalen Williams enters the game for Jaylin Williams,15,20,1,4:13,False,0,{'id': '25'},"[{'athlete': {'id': '4593803'}}, {'athlete': {'id': '4432823'}}]",2026-05-29T00:52:11Z,False,"{'x': -214748340, 'y': -214748365}",0,Substitution,253.0
40187320296,96,"{'id': '584', 'text': 'Substitution'}",Isaiah Hartenstein enters the game for Chet Holmgren,15,20,1,4:13,False,0,{'id': '25'},"[{'athlete': {'id': '4222252'}}, {'athlete': {'id': '4433255'}}]",2026-05-29T00:52:11Z,False,"{'x': -214748340, 'y': -214748365}",0,Substitution,253.0
401873202100,100,"{'id': '132', 'text': 'Step Back Jump Shot'}",Shai Gilgeous-Alexander misses 16-foot step back jumpshot,15,20,1,4:04,False,0,{'id': '25'},[{'athlete': {'id': '4278073'}}],2026-05-29T00:52:45Z,True,"{'x': 14, 'y': 13}",2,Missed FG,244.0
401873202101,101,"{'id': '155', 'text': 'Defensive Rebound'}",De'Aaron Fox defensive rebound,15,20,1,4:01,False,0,{'id': '24'},[{'athlete': {'id': '4066259'}}],2026-05-29T00:52:48Z,False,"{'x': 14, 'y': 13}",0,Rebound,241.0
401873202102,102,"{'id': '92', 'text': 'Jump Shot'}",Keldon Johnson makes 25-foot three point jumper (Luke Kornet assists),15,23,1,3:53,True,3,{'id': '24'},"[{'athlete': {'id': '4395723'}}, {'athlete': {'id': '3064560'}}]",2026-05-29T00:52:56Z,True,"{'x': 26, 'y': 26}",3,+3 Points,233.0
401873202104,104,"{'id': '128', 'text': 'Driving Finger Roll Layup'}",Alex Caruso makes 2-foot two point shot,17,23,1,3:41,True,2,{'id': '25'},[{'athlete': {'id': '2991350'}}],2026-05-29T00:53:09Z,True,"{'x': 23, 'y': 2}",2,+2 Points,221.0
401873202105,105,"{'id': '63', 'text': 'Lost Ball Turnover'}",Keldon Johnson lost ball turnover (Cason Wallace steals),17,23,1,3:31,False,0,{'id': '24'},"[{'athlete': {'id': '4395723'}}, {'athlete': {'id': '4683692'}}]",2026-05-29T00:53:19Z,False,"{'x': 22, 'y': 2}",0,Turnover,211.0
401873202108,108,"{'id': '121', 'text': 'Fade Away Jump Shot'}",Shai Gilgeous-Alexander misses 11-foot fade away jump shot,17,23,1,3:17,False,0,{'id': '25'},[{'athlete': {'id': '4278073'}}],2026-05-29T00:53:33Z,True,"{'x': 19, 'y': 10}",2,Missed FG,197.0
401873202109,109,"{'id': '155', 'text': 'Defensive Rebound'}",Luke Kornet defensive rebound,17,23,1,3:15,False,0,{'id': '24'},[{'athlete': {'id': '3064560'}}],2026-05-29T00:53:35Z,False,"{'x': 19, 'y': 10}",0,Rebound,195.0
401873202110,110,"{'id': '63', 'text': 'Lost Ball Turnover'}",Dylan Harper lost ball turnover (Cason Wallace steals),17,23,1,3:08,False,0,{'id': '24'},"[{'athlete': {'id': '5037871'}}, {'athlete': {'id': '4683692'}}]",2026-05-29T00:53:42Z,False,"{'x': 22, 'y': 2}",0,Turnover,188.0
401873202112,112,"{'id': '129', 'text': 'Running Finger Roll Layup'}",Shai Gilgeous-Alexander misses two point shot,17,23,1,3:04,False,0,{'id': '25'},[{'athlete': {'id': '4278073'}}],2026-05-29T00:53:46Z,True,"{'x': 24, 'y': 2}",2,Missed FG,184.0
401873202113,113,"{'id': '155', 'text': 'Defensive Rebound'}",De'Aaron Fox defensive rebound,17,23,1,3:00,False,0,{'id': '24'},[{'athlete': {'id': '4066259'}}],2026-05-29T00:53:49Z,False,"{'x': 24, 'y': 2}",0,Rebound,180.0
401873202114,114,"{'id': '113', 'text': 'Running Jump Shot'}",Dylan Harper makes 25-foot running jump shot (De'Aaron Fox assists),17,26,1,2:56,True,3,{'id': '24'},"[{'athlete': {'id': '5037871'}}, {'athlete': {'id': '4066259'}}]",2026-05-29T00:53:53Z,True,"{'x': 43, 'y': 19}",3,+3 Points,176.0
401873202116,116,"{'id': '44', 'text': 'Shooting Foul'}",Dylan Harper shooting foul,17,26,1,2:45,False,0,{'id': '24'},[{'athlete': {'id': '5037871'}}],2026-05-29T00:54:07Z,False,"{'x': 17, 'y': 11}",0,Foul,165.0
401873202118,118,"{'id': '16', 'text': 'Full Timeout'}",Spurs Full timeout,17,26,1,2:45,False,0,{'id': '24'},,2026-05-29T00:54:27Z,False,"{'x': -214748340, 'y': -214748365}",0,Timeout,165.0
401873202122,122,"{'id': '584', 'text': 'Substitution'}",Julian Champagnie enters the game for Devin Vassell,17,26,1,2:45,False,0,{'id': '24'},"[{'athlete': {'id': '4592479'}}, {'athlete': {'id': '4395630'}}]",2026-05-29T00:57:56Z,False,"{'x': -214748340, 'y': -214748365}",0,Substitution,165.0
401873202124,124,"{'id': '98', 'text': 'Free Throw - 1 of 2'}",Jalen Williams misses free throw 1 of 2,17,26,1,2:45,False,0,{'id': '25'},[{'athlete': {'id': '4593803'}}],2026-05-29T00:58:16Z,True,"{'x': -214748340, 'y': -214748365}",1,Missed FT,165.0
401873202125,125,"{'id': '156', 'text': 'Offensive Rebound'}",Thunder offensive team rebound,17,26,1,2:45,False,0,{'id': '25'},,2026-05-29T00:58:16Z,False,"{'x': -214748340, 'y': -214748365}",0,Rebound,165.0
401873202126,126,"{'id': '99', 'text': 'Free Throw - 2 of 2'}",Jalen Williams makes free throw 2 of 2,18,26,1,2:45,True,1,{'id': '25'},[{'athlete': {'id': '4593803'}}],2026-05-29T00:58:33Z,True,"{'x': -214748340, 'y': -214748365}",1,+1 Point,165.0
401873202127,127,"{'id': '137', 'text': 'Turnaround Fade Away Jump Shot'}",De'Aaron Fox misses 9-foot two point shot,18,26,1,2:27,False,0,{'id': '24'},[{'athlete': {'id': '4066259'}}],2026-05-29T00:58:52Z,True,"{'x': 22, 'y': 9}",2,Missed FG,147.0
401873202128,128,"{'id': '156', 'text': 'Offensive Rebound'}",Spurs offensive team rebound,18,26,1,2:26,False,0,{'id': '24'},,2026-05-29T00:58:53Z,False,"{'x': 22, 'y': 9}",0,Rebound,146.0
401873202129,129,"{'id': '43', 'text': 'Loose Ball Foul'}",Isaiah Hartenstein loose ball foul,18,26,1,2:26,False,0,{'id': '25'},[{'athlete': {'id': '4222252'}}],2026-05-29T00:58:59Z,False,"{'x': 28, 'y': 1}",0,Foul,146.0
401873202131,131,"{'id': '131', 'text': 'Pullup Jump Shot'}",Dylan Harper makes 15-foot pullup jump shot,18,28,1,2:21,True,2,{'id': '24'},[{'athlete': {'id': '5037871'}}],2026-05-29T00:59:21Z,True,"{'x': 25, 'y': 15}",2,+2 Points,141.0
401873202132,132,"{'id': '118', 'text': 'Alley Oop Dunk Shot'}",Isaiah Hartenstein makes 1-foot alley oop dunk (Shai Gilgeous-Alexander assists),20,28,1,2:03,True,2,{'id': '25'},"[{'athlete': {'id': '4222252'}}, {'athlete': {'id': '4278073'}}]",2026-05-29T00:59:39Z,True,"{'x': 25, 'y': 1}",2,+2 Points,123.0
401873202134,134,"{'id': '145', 'text': 'Driving Floating Bank Jump Shot'}",Keldon Johnson makes 5-foot two point shot (Julian Champagnie assists),20,30,1,1:42,True,2,{'id': '24'},"[{'athlete': {'id': '4395723'}}, {'athlete': {'id': '4592479'}}]",2026-05-29T01:00:00Z,True,"{'x': 30, 'y': 2}",2,+2 Points,102.0
401873202137,137,"{'id': '114', 'text': 'Turnaround Jump Shot'}",Shai Gilgeous-Alexander makes 12-foot turnaround jump shot (Isaiah Hartenstein assists),22,30,1,1:20,True,2,{'id': '25'},"[{'athlete': {'id': '4278073'}}, {'athlete': {'id': '4222252'}}]",2026-05-29T01:00:21Z,True,"{'x': 24, 'y': 13}",2,+2 Points,80.0
401873202138,138,"{'id': '111', 'text': 'Alley Oop Layup Shot'}",Luke Kornet misses alley oop layup,22,30,1,1:07,False,0,{'id': '24'},[{'athlete': {'id': '3064560'}}],2026-05-29T01:00:35Z,True,"{'x': 26, 'y': 1}",2,Missed FG,67.0
401873202139,139,"{'id': '155', 'text': 'Defensive Rebound'}",Isaiah Hartenstein defensive rebound,22,30,1,1:04,False,0,{'id': '25'},[{'athlete': {'id': '4222252'}}],2026-05-29T01:00:38Z,False,"{'x': 26, 'y': 1}",0,Rebound,64.0
401873202140,140,"{'id': '87', 'text': 'Out of Bounds - Lost Ball Turnover'}",Jalen Williams out of bounds lost ball turnover,22,30,1,53.3,False,0,{'id': '25'},[{'athlete': {'id': '4593803'}}],2026-05-29T01:00:50Z,False,"{'x': 2, 'y': 29}",0,Turnover,53.3
401873202141,141,"{'id': '584', 'text': 'Substitution'}",Victor Wembanyama enters the game for Dylan Harper,22,30,1,53.3,False,0,{'id': '24'},"[{'athlete': {'id': '5104157'}}, {'athlete': {'id': '5037871'}}]",2026-05-29T01:00:55Z,False,"{'x': -214748340, 'y': -214748365}",0,Substitution,53.3
401873202142,142,"{'id': '584', 'text': 'Substitution'}",Stephon Castle enters the game for Keldon Johnson,22,30,1,53.3,False,0,{'id': '24'},"[{'athlete': {'id': '4845367'}}, {'athlete': {'id': '4395723'}}]",2026-05-29T01:00:55Z,False,"{'x': -214748340, 'y': -214748365}",0,Substitution,53.3
401873202143,143,"{'id': '584', 'text': 'Substitution'}",Harrison Barnes enters the game for Luke Kornet,22,30,1,53.3,False,0,{'id': '24'},"[{'athlete': {'id': '6578'}}, {'athlete': {'id': '3064560'}}]",2026-05-29T01:00:55Z,False,"{'x': -214748340, 'y': -214748365}",0,Substitution,53.3
401873202144,144,"{'id': '584', 'text': 'Substitution'}",Kenrich Williams enters the game for Alex Caruso,22,30,1,53.3,False,0,{'id': '25'},"[{'athlete': {'id': '3133626'}}, {'athlete': {'id': '2991350'}}]",2026-05-29T01:00:55Z,False,"{'x': -214748340, 'y': -214748365}",0,Substitution,53.3
401873202149,149,"{'id': '615', 'text': 'Jumpball'}",Kenrich Williams vs. De'Aaron Fox (Julian Champagnie gains possession),22,30,1,41.4,False,0,{'id': '24'},"[{'athlete': {'id': '4066259'}}, {'athlete': {'id': '3133626'}}, {'athlete': {'id': '4592479'}}]",2026-05-29T01:01:56Z,False,"{'x': -214748340, 'y': -214748365}",0,Jump Ball,41.4
401873202152,152,"{'id': '132', 'text': 'Step Back Jump Shot'}",Victor Wembanyama makes 26-foot three point step back jumpshot (Julian Champagnie assists),22,33,1,34.6,True,3,{'id': '24'},"[{'athlete': {'id': '5104157'}}, {'athlete': {'id': '4592479'}}]",2026-05-29T01:02:01Z,True,"{'x': 29, 'y': 26}",3,+3 Points,34.6
401873202154,154,"{'id': '131', 'text': 'Pullup Jump Shot'}",Shai Gilgeous-Alexander misses 27-foot three point pullup jump shot,22,33,1,27.1,False,0,{'id': '25'},[{'athlete': {'id': '4278073'}}],2026-05-29T01:02:11Z,True,"{'x': 10, 'y': 23}",3,Missed 3PT,27.1
401873202155,155,"{'id': '155', 'text': 'Defensive Rebound'}",Spurs defensive team rebound,22,33,1,24.8,False,0,{'id': '24'},,2026-05-29T01:02:13Z,False,"{'x': 10, 'y': 23}",0,Rebound,24.8
401873202156,156,"{'id': '43', 'text': 'Loose Ball Foul'}",Isaiah Hartenstein loose ball foul,22,33,1,24.8,False,0,{'id': '25'},[{'athlete': {'id': '4222252'}}],2026-05-29T01:02:16Z,False,"{'x': 21, 'y': 2}",0,Foul,24.8
401873202158,158,"{'id': '584', 'text': 'Substitution'}",Jaylin Williams enters the game for Isaiah Hartenstein,22,33,1,24.8,False,0,{'id': '25'},"[{'athlete': {'id': '4432823'}}, {'athlete': {'id': '4222252'}}]",2026-05-29T01:02:25Z,False,"{'x': -214748340, 'y': -214748365}",0,Substitution,24.8
401873202160,160,"{'id': '92', 'text': 'Jump Shot'}",De'Aaron Fox misses 23-foot three point jumper,22,33,1,9.3,False,0,{'id': '24'},[{'athlete': {'id': '4066259'}}],2026-05-29T01:02:55Z,True,"{'x': 1, 'y': 0}",3,Missed 3PT,9.3
401873202161,161,"{'id': '156', 'text': 'Offensive Rebound'}",Julian Champagnie offensive rebound,22,33,1,5.7,False,0,{'id': '24'},[{'athlete': {'id': '4592479'}}],2026-05-29T01:02:58Z,False,"{'x': 1, 'y': 0}",0,Rebound,5.7
401873202162,162,"{'id': '131', 'text': 'Pullup Jump Shot'}",Stephon Castle makes 15-foot pullup jump shot (Victor Wembanyama assists),22,35,1,1.0,True,2,{'id': '24'},"[{'athlete': {'id': '4845367'}}, {'athlete': {'id': '5104157'}}]",2026-05-29T01:03:03Z,True,"{'x': 37, 'y': 10}",2,+2 Points,1.0
401873202164,164,"{'id': '282', 'text': 'Heave Jump Shot'}",Jaylin Williams misses heave jump shot,22,35,1,0.0,False,0,{'id': '25'},[{'athlete': {'id': '4432823'}}],2026-05-29T01:03:13Z,True,"{'x': 25, 'y': 80}",3,Missed 3PT,0.0
401873202165,165,"{'id': '156', 'text': 'Offensive Rebound'}",Thunder offensive team rebound,22,35,1,0.0,False,0,{'id': '25'},,2026-05-29T01:03:13Z,False,"{'x': 25, 'y': 4}",0,Rebound,0.0
401873202166,166,"{'id': '412', 'text': 'End Period'}",End of the 1st Quarter,22,35,1,0.0,False,0,,,2026-05-29T01:03:19Z,False,"{'x': -214748340, 'y': -214748365}",0,End of 1st,0.0
401873202168,168,"{'id': '584', 'text': 'Substitution'}",Jared McCain enters the game for Shai Gilgeous-Alexander,22,35,2,12:00,False,0,{'id': '25'},"[{'athlete': {'id': '4683778'}}, {'athlete': {'id': '4278073'}}]",2026-05-29T01:06:20Z,False,"{'x': -214748340, 'y': -214748365}",0,Substitution,720.0
401873202169,169,"{'id': '584', 'text': 'Substitution'}",Chet Holmgren enters the game for Jalen Williams,22,35,2,12:00,False,0,{'id': '25'},"[{'athlete': {'id': '4433255'}}, {'athlete': {'id': '4593803'}}]",2026-05-29T01:06:20Z,False,"{'x': -214748340, 'y': -214748365}",0,Substitution,720.0
401873202170,170,"{'id': '584', 'text': 'Substitution'}",Alex Caruso enters the game for Kenrich Williams,22,35,2,12:00,False,0,{'id': '25'},"[{'athlete': {'id': '2991350'}}, {'athlete': {'id': '3133626'}}]",2026-05-29T01:06:20Z,False,"{'x': -214748340, 'y': -214748365}",0,Substitution,720.0
401873202175,175,"{'id': '121', 'text': 'Fade Away Jump Shot'}",Jared McCain misses 10-foot fade away jump shot,22,35,2,11:39,False,0,{'id': '25'},[{'athlete': {'id': '4683778'}}],2026-05-29T01:07:18Z,True,"{'x': 19, 'y': 7}",2,Missed FG,699.0
401873202176,176,"{'id': '155', 'text': 'Defensive Rebound'}",Julian Champagnie defensive rebound,22,35,2,11:36,False,0,{'id': '24'},[{'athlete': {'id': '4592479'}}],2026-05-29T01:07:21Z,False,"{'x': 19, 'y': 7}",0,Rebound,696.0
401873202178,178,"{'id': '128', 'text': 'Driving Finger Roll Layup'}",Victor Wembanyama makes 1-foot two point shot (De'Aaron Fox assists),22,37,2,11:29,True,2,{'id': '24'},"[{'athlete': {'id': '5104157'}}, {'athlete': {'id': '4066259'}}]",2026-05-29T01:07:29Z,True,"{'x': 24, 'y': 1}",2,+2 Points,689.0
401873202179,179,"{'id': '110', 'text': 'Driving Layup Shot'}",Alex Caruso makes driving layup (Jaylin Williams assists),24,37,2,11:09,True,2,{'id': '25'},"[{'athlete': {'id': '2991350'}}, {'athlete': {'id': '4432823'}}]",2026-05-29T01:07:50Z,True,"{'x': 27, 'y': 2}",2,+2 Points,669.0
401873202180,180,"{'id': '45', 'text': 'Personal Foul'}",Alex Caruso personal foul,24,37,2,10:53,False,0,{'id': '25'},[{'athlete': {'id': '2991350'}}],2026-05-29T01:08:07Z,False,"{'x': 39, 'y': 22}",0,Foul,653.0
401873202182,182,"{'id': '131', 'text': 'Pullup Jump Shot'}",De'Aaron Fox misses 27-foot three point pullup jump shot,24,37,2,10:40,False,0,{'id': '24'},[{'athlete': {'id': '4066259'}}],2026-05-29T01:08:38Z,True,"{'x': 14, 'y': 26}",3,Missed 3PT,640.0
401873202183,183,"{'id': '155', 'text': 'Defensive Rebound'}",Cason Wallace defensive rebound,24,37,2,10:35,False,0,{'id': '25'},[{'athlete': {'id': '4683692'}}],2026-05-29T01:08:43Z,False,"{'x': 14, 'y': 26}",0,Rebound,635.0
401873202184,184,"{'id': '113', 'text': 'Running Jump Shot'}",Jared McCain makes 26-foot running jump shot (Cason Wallace assists),27,37,2,10:33,True,3,{'id': '25'},"[{'athlete': {'id': '4683778'}}, {'athlete': {'id': '4683692'}}]",2026-05-29T01:08:45Z,True,"{'x': 5, 'y': 18}",3,+3 Points,633.0
401873202186,186,"{'id': '131', 'text': 'Pullup Jump Shot'}",Victor Wembanyama misses 26-foot three point pullup jump shot,27,37,2,10:26,False,0,{'id': '24'},[{'athlete': {'id': '5104157'}}],2026-05-29T01:08:53Z,True,"{'x': 41, 'y': 21}",3,Missed 3PT,626.0
401873202187,187,"{'id': '155', 'text': 'Defensive Rebound'}",Chet Holmgren defensive rebound,27,37,2,10:26,False,0,{'id': '25'},[{'athlete': {'id': '4433255'}}],2026-05-29T01:08:53Z,False,"{'x': 41, 'y': 21}",0,Rebound,626.0
401873202211,211,"{'id': '62', 'text': 'Bad Pass\nTurnover'}","Cason Wallace bad pass
turnover (Victor Wembanyama steals)",27,37,2,10:10,False,0,{'id': '25'},"[{'athlete': {'id': '4683692'}}, {'athlete': {'id': '5104157'}}]",2026-05-29T01:09:05Z,False,"{'x': 25, 'y': 2}",0,Turnover,610.0
401873202191,191,"{'id': '44', 'text': 'Shooting Foul'}",Chet Holmgren shooting foul,27,37,2,10:03,False,0,{'id': '25'},[{'athlete': {'id': '4433255'}}],2026-05-29T01:09:17Z,False,"{'x': 31, 'y': 2}",0,Foul,603.0
401873202193,193,"{'id': '98', 'text': 'Free Throw - 1 of 2'}",Stephon Castle makes free throw 1 of 2,27,38,2,10:03,True,1,{'id': '24'},[{'athlete': {'id': '4845367'}}],2026-05-29T01:10:03Z,True,"{'x': -214748340, 'y': -214748365}",1,+1 Point,603.0
401873202194,194,"{'id': '584', 'text': 'Substitution'}",Dylan Harper enters the game for De'Aaron Fox,27,38,2,10:03,False,0,{'id': '24'},"[{'athlete': {'id': '5037871'}}, {'athlete': {'id': '4066259'}}]",2026-05-29T01:10:04Z,False,"{'x': -214748340, 'y': -214748365}",0,Substitution,603.0
401873202197,197,"{'id': '99', 'text': 'Free Throw - 2 of 2'}",Stephon Castle makes free throw 2 of 2,27,39,2,10:03,True,1,{'id': '24'},[{'athlete': {'id': '4845367'}}],2026-05-29T01:10:25Z,True,"{'x': -214748340, 'y': -214748365}",1,+1 Point,603.0
401873202198,198,"{'id': '144', 'text': 'Driving Floating Jump Shot'}",Alex Caruso misses driving floating jump shot,27,39,2,9:53,False,0,{'id': '25'},[{'athlete': {'id': '2991350'}}],2026-05-29T01:10:36Z,True,"{'x': 18, 'y': 10}",2,Missed FG,593.0
401873202199,199,"{'id': '155', 'text': 'Defensive Rebound'}",Julian Champagnie defensive rebound,27,39,2,9:50,False,0,{'id': '24'},[{'athlete': {'id': '4592479'}}],2026-05-29T01:10:39Z,False,"{'x': 18, 'y': 10}",0,Rebound,590.0
401873202217,217,"{'id': '127', 'text': 'Layup Running Reverse'}",Stephon Castle misses two point shot,27,39,2,9:50,False,0,{'id': '24'},[{'athlete': {'id': '4845367'}}],2026-05-29T01:10:46Z,True,"{'x': 25, 'y': 4}",2,Missed FG,590.0
401873202218,218,"{'id': '155', 'text': 'Defensive Rebound'}",Thunder defensive team rebound,27,39,2,9:48,False,0,{'id': '25'},,2026-05-29T01:10:48Z,False,"{'x': 25, 'y': 4}",0,Rebound,588.0
401873202201,201,"{'id': '92', 'text': 'Jump Shot'}",Jaylin Williams misses 23-foot three point jumper,27,39,2,9:41,False,0,{'id': '25'},[{'athlete': {'id': '4432823'}}],2026-05-29T01:10:56Z,True,"{'x': 48, 'y': 4}",3,Missed 3PT,581.0
401873202202,202,"{'id': '156', 'text': 'Offensive Rebound'}",Chet Holmgren offensive rebound,27,39,2,9:38,False,0,{'id': '25'},[{'athlete': {'id': '4433255'}}],2026-05-29T01:10:59Z,False,"{'x': 48, 'y': 4}",0,Rebound,578.0
401873202203,203,"{'id': '138', 'text': 'Putback Dunk Shot'}",Chet Holmgren makes 1-foot dunk,29,39,2,9:36,True,2,{'id': '25'},[{'athlete': {'id': '4433255'}}],2026-05-29T01:11:00Z,True,"{'x': 25, 'y': 2}",2,+2 Points,576.0
401873202204,204,"{'id': '45', 'text': 'Personal Foul'}",Jaylin Williams personal foul,29,39,2,9:16,False,0,{'id': '25'},[{'athlete': {'id': '4432823'}}],2026-05-29T01:11:24Z,False,"{'x': 17, 'y': 24}",0,Foul,556.0
401873202207,207,"{'id': '131', 'text': 'Pullup Jump Shot'}",Dylan Harper makes 25-foot three pointer,29,42,2,9:07,True,3,{'id': '24'},[{'athlete': {'id': '5037871'}}],2026-05-29T01:11:51Z,True,"{'x': 29, 'y': 25}",3,+3 Points,547.0
401873202208,208,"{'id': '95', 'text': 'Layup Shot'}",Cason Wallace makes layup (Chet Holmgren assists),31,42,2,8:48,True,2,{'id': '25'},"[{'athlete': {'id': '4683692'}}, {'athlete': {'id': '4433255'}}]",2026-05-29T01:12:10Z,True,"{'x': 24, 'y': 3}",2,+2 Points,528.0
401873202210,210,"{'id': '16', 'text': 'Full Timeout'}",Spurs Full timeout,31,42,2,8:47,False,0,{'id': '24'},,2026-05-29T01:12:16Z,False,"{'x': -214748340, 'y': -214748365}",0,Timeout,527.0
401873202213,213,"{'id': '584', 'text': 'Substitution'}",Luke Kornet enters the game for Victor Wembanyama,31,42,2,8:47,False,0,{'id': '24'},"[{'athlete': {'id': '3064560'}}, {'athlete': {'id': '5104157'}}]",2026-05-29T01:15:37Z,False,"{'x': -214748340, 'y': -214748365}",0,Substitution,527.0
401873202214,214,"{'id': '584', 'text': 'Substitution'}",Devin Vassell enters the game for Harrison Barnes,31,42,2,8:47,False,0,{'id': '24'},"[{'athlete': {'id': '4395630'}}, {'athlete': {'id': '6578'}}]",2026-05-29T01:15:37Z,False,"{'x': -214748340, 'y': -214748365}",0,Substitution,527.0
401873202219,219,"{'id': '132', 'text': 'Step Back Jump Shot'}",Stephon Castle misses 8-foot step back jumpshot,31,42,2,8:26,False,0,{'id': '24'},[{'athlete': {'id': '4845367'}}],2026-05-29T01:16:18Z,True,"{'x': 25, 'y': 9}",2,Missed FG,506.0
401873202220,220,"{'id': '155', 'text': 'Defensive Rebound'}",Chet Holmgren defensive rebound,31,42,2,8:23,False,0,{'id': '25'},[{'athlete': {'id': '4433255'}}],2026-05-29T01:16:21Z,False,"{'x': 25, 'y': 9}",0,Rebound,503.0
401873202221,221,"{'id': '144', 'text': 'Driving Floating Jump Shot'}",Jared McCain makes 10-foot driving floating jump shot,33,42,2,8:17,True,2,{'id': '25'},[{'athlete': {'id': '4683778'}}],2026-05-29T01:16:26Z,True,"{'x': 23, 'y': 11}",2,+2 Points,497.0
401873202222,222,"{'id': '131', 'text': 'Pullup Jump Shot'}",Dylan Harper makes 11-foot pullup jump shot,33,44,2,7:52,True,2,{'id': '24'},[{'athlete': {'id': '5037871'}}],2026-05-29T01:16:51Z,True,"{'x': 36, 'y': 2}",2,+2 Points,472.0
401873202223,223,"{'id': '131', 'text': 'Pullup Jump Shot'}",Cason Wallace makes 26-foot three pointer,36,44,2,7:42,True,3,{'id': '25'},[{'athlete': {'id': '4683692'}}],2026-05-29T01:17:01Z,True,"{'x': 39, 'y': 23}",3,+3 Points,462.0
401873202224,224,"{'id': '132', 'text': 'Step Back Jump Shot'}",Chet Holmgren blocks Julian Champagnie 's 25-foot three point step back jumpshot,36,44,2,7:25,False,0,{'id': '24'},"[{'athlete': {'id': '4592479'}}, {'athlete': {'id': '4433255'}}]",2026-05-29T01:17:19Z,True,"{'x': 5, 'y': 16}",3,Missed 3PT,445.0
401873202226,226,"{'id': '155', 'text': 'Defensive Rebound'}",Jaylin Williams defensive rebound,36,44,2,7:22,False,0,{'id': '25'},[{'athlete': {'id': '4432823'}}],2026-05-29T01:17:22Z,False,"{'x': 5, 'y': 16}",0,Rebound,442.0
401873202227,227,"{'id': '120', 'text': 'Turnaround Hook Shot'}",Chet Holmgren makes 4-foot two point shot (Jared McCain assists),38,44,2,7:16,True,2,{'id': '25'},"[{'athlete': {'id': '4433255'}}, {'athlete': {'id': '4683778'}}]",2026-05-29T01:17:28Z,True,"{'x': 21, 'y': 2}",2,+2 Points,436.0
401873202229,229,"{'id': '92', 'text': 'Jump Shot'}",Devin Vassell makes 23-foot three point jumper (Dylan Harper assists),38,47,2,7:05,True,3,{'id': '24'},"[{'athlete': {'id': '4395630'}}, {'athlete': {'id': '5037871'}}]",2026-05-29T01:17:38Z,True,"{'x': 48, 'y': 1}",3,+3 Points,425.0
401873202231,231,"{'id': '92', 'text': 'Jump Shot'}",Jaylin Williams misses 26-foot three point jumper,38,47,2,6:54,False,0,{'id': '25'},[{'athlete': {'id': '4432823'}}],2026-05-29T01:17:50Z,True,"{'x': 7, 'y': 20}",3,Missed 3PT,414.0
401873202232,232,"{'id': '155', 'text': 'Defensive Rebound'}",Dylan Harper defensive rebound,38,47,2,6:50,False,0,{'id': '24'},[{'athlete': {'id': '5037871'}}],2026-05-29T01:17:54Z,False,"{'x': 7, 'y': 20}",0,Rebound,410.0
401873202233,233,"{'id': '92', 'text': 'Jump Shot'}",Stephon Castle misses 25-foot three point jumper,38,47,2,6:41,False,0,{'id': '24'},[{'athlete': {'id': '4845367'}}],2026-05-29T01:18:02Z,True,"{'x': 3, 'y': 15}",3,Missed 3PT,401.0
401873202234,234,"{'id': '155', 'text': 'Defensive Rebound'}",Chet Holmgren defensive rebound,38,47,2,6:38,False,0,{'id': '25'},[{'athlete': {'id': '4433255'}}],2026-05-29T01:18:05Z,False,"{'x': 3, 'y': 15}",0,Rebound,398.0
401873202235,235,"{'id': '92', 'text': 'Jump Shot'}",Cason Wallace makes 23-foot three point jumper (Jaylin Williams assists),41,47,2,6:28,True,3,{'id': '25'},"[{'athlete': {'id': '4683692'}}, {'athlete': {'id': '4432823'}}]",2026-05-29T01:18:16Z,True,"{'x': 2, 'y': 2}",3,+3 Points,388.0
401873202237,237,"{'id': '45', 'text': 'Personal Foul'}",Chet Holmgren personal foul,41,47,2,6:17,False,0,{'id': '25'},[{'athlete': {'id': '4433255'}}],2026-05-29T01:18:29Z,False,"{'x': 32, 'y': 30}",0,Foul,377.0
401873202240,240,"{'id': '584', 'text': 'Substitution'}",Victor Wembanyama enters the game for Stephon Castle,41,47,2,6:17,False,0,{'id': '24'},"[{'athlete': {'id': '5104157'}}, {'athlete': {'id': '4845367'}}]",2026-05-29T01:18:34Z,False,"{'x': -214748340, 'y': -214748365}",0,Substitution,377.0
401873202241,241,"{'id': '584', 'text': 'Substitution'}",Carter Bryant enters the game for Julian Champagnie,41,47,2,6:17,False,0,{'id': '24'},"[{'athlete': {'id': '5061568'}}, {'athlete': {'id': '4592479'}}]",2026-05-29T01:18:34Z,False,"{'x': -214748340, 'y': -214748365}",0,Substitution,377.0
401873202242,242,"{'id': '584', 'text': 'Substitution'}",De'Aaron Fox enters the game for Luke Kornet,41,47,2,6:17,False,0,{'id': '24'},"[{'athlete': {'id': '4066259'}}, {'athlete': {'id': '3064560'}}]",2026-05-29T01:18:34Z,False,"{'x': -214748340, 'y': -214748365}",0,Substitution,377.0
401873202243,243,"{'id': '584', 'text': 'Substitution'}",Shai Gilgeous-Alexander enters the game for Jaylin Williams,41,47,2,6:17,False,0,{'id': '25'},"[{'athlete': {'id': '4278073'}}, {'athlete': {'id': '4432823'}}]",2026-05-29T01:18:34Z,False,"{'x': -214748340, 'y': -214748365}",0,Substitution,377.0
401873202244,244,"{'id': '584', 'text': 'Substitution'}",Jalen Williams enters the game for Chet Holmgren,41,47,2,6:17,False,0,{'id': '25'},"[{'athlete': {'id': '4593803'}}, {'athlete': {'id': '4433255'}}]",2026-05-29T01:18:34Z,False,"{'x': -214748340, 'y': -214748365}",0,Substitution,377.0
401873202245,245,"{'id': '584', 'text': 'Substitution'}",Isaiah Hartenstein enters the game for Alex Caruso,41,47,2,6:17,False,0,{'id': '25'},"[{'athlete': {'id': '4222252'}}, {'athlete': {'id': '2991350'}}]",2026-05-29T01:18:34Z,False,"{'x': -214748340, 'y': -214748365}",0,Substitution,377.0
401873202252,252,"{'id': '110', 'text': 'Driving Layup Shot'}",Dylan Harper makes driving layup,41,49,2,6:05,True,2,{'id': '24'},[{'athlete': {'id': '5037871'}}],2026-05-29T01:19:13Z,True,"{'x': 24, 'y': 0}",2,+2 Points,365.0
401873202253,253,"{'id': '130', 'text': 'Floating Jump Shot'}",Isaiah Hartenstein misses 3-foot floating jump shot,41,49,2,5:51,False,0,{'id': '25'},[{'athlete': {'id': '4222252'}}],2026-05-29T01:19:29Z,True,"{'x': 27, 'y': 4}",2,Missed FG,351.0
401873202254,254,"{'id': '155', 'text': 'Defensive Rebound'}",Dylan Harper defensive rebound,41,49,2,5:45,False,0,{'id': '24'},[{'athlete': {'id': '5037871'}}],2026-05-29T01:19:35Z,False,"{'x': 27, 'y': 4}",0,Rebound,345.0
401873202255,255,"{'id': '144', 'text': 'Driving Floating Jump Shot'}",Victor Wembanyama makes 6-foot driving floating jump shot (De'Aaron Fox assists),41,51,2,5:29,True,2,{'id': '24'},"[{'athlete': {'id': '5104157'}}, {'athlete': {'id': '4066259'}}]",2026-05-29T01:19:49Z,True,"{'x': 28, 'y': 5}",2,+2 Points,329.0
401873202257,257,"{'id': '16', 'text': 'Full Timeout'}",Thunder Full timeout,41,51,2,5:29,False,0,{'id': '25'},,2026-05-29T01:19:54Z,False,"{'x': -214748340, 'y': -214748365}",0,Timeout,329.0
401873202258,258,"{'id': '584', 'text': 'Substitution'}",Luguentz Dort enters the game for Jared McCain,41,51,2,5:29,False,0,{'id': '25'},"[{'athlete': {'id': '4397020'}}, {'athlete': {'id': '4683778'}}]",2026-05-29T01:23:12Z,False,"{'x': -214748340, 'y': -214748365}",0,Substitution,329.0
401873202259,259,"{'id': '584', 'text': 'Substitution'}",Jaylin Williams enters the game for Isaiah Hartenstein,41,51,2,5:29,False,0,{'id': '25'},"[{'athlete': {'id': '4432823'}}, {'athlete': {'id': '4222252'}}]",2026-05-29T01:23:12Z,False,"{'x': -214748340, 'y': -214748365}",0,Substitution,329.0
401873202262,262,"{'id': '92', 'text': 'Jump Shot'}",Luguentz Dort misses 24-foot three point jumper,41,51,2,5:13,False,0,{'id': '25'},[{'athlete': {'id': '4397020'}}],2026-05-29T01:23:50Z,True,"{'x': 49, 'y': 2}",3,Missed 3PT,313.0
401873202263,263,"{'id': '155', 'text': 'Defensive Rebound'}",Carter Bryant defensive rebound,41,51,2,5:09,False,0,{'id': '24'},[{'athlete': {'id': '5061568'}}],2026-05-29T01:23:54Z,False,"{'x': 49, 'y': 2}",0,Rebound,309.0
401873202264,264,"{'id': '131', 'text': 'Pullup Jump Shot'}",Victor Wembanyama makes 14-foot pullup jump shot (Devin Vassell assists),41,53,2,5:01,True,2,{'id': '24'},"[{'athlete': {'id': '5104157'}}, {'athlete': {'id': '4395630'}}]",2026-05-29T01:24:02Z,True,"{'x': 19, 'y': 14}",2,+2 Points,301.0
401873202266,266,"{'id': '131', 'text': 'Pullup Jump Shot'}",Jaylin Williams makes 18-foot pullup jump shot (Jalen Williams assists),43,53,2,4:37,True,2,{'id': '25'},"[{'athlete': {'id': '4432823'}}, {'athlete': {'id': '4593803'}}]",2026-05-29T01:24:26Z,True,"{'x': 7, 'y': 3}",2,+2 Points,277.0
401873202268,268,"{'id': '131', 'text': 'Pullup Jump Shot'}",Victor Wembanyama misses 13-foot pullup jump shot,43,53,2,4:20,False,0,{'id': '24'},[{'athlete': {'id': '5104157'}}],2026-05-29T01:24:43Z,True,"{'x': 32, 'y': 12}",2,Missed FG,260.0
401873202269,269,"{'id': '155', 'text': 'Defensive Rebound'}",Luguentz Dort defensive rebound,43,53,2,4:17,False,0,{'id': '25'},[{'athlete': {'id': '4397020'}}],2026-05-29T01:24:46Z,False,"{'x': 32, 'y': 12}",0,Rebound,257.0
401873202270,270,"{'id': '92', 'text': 'Jump Shot'}",Luguentz Dort misses 26-foot three point jumper,43,53,2,4:05,False,0,{'id': '25'},[{'athlete': {'id': '4397020'}}],2026-05-29T01:24:57Z,True,"{'x': 33, 'y': 25}",3,Missed 3PT,245.0
401873202271,271,"{'id': '155', 'text': 'Defensive Rebound'}",Dylan Harper defensive rebound,43,53,2,4:02,False,0,{'id': '24'},[{'athlete': {'id': '5037871'}}],2026-05-29T01:25:00Z,False,"{'x': 33, 'y': 25}",0,Rebound,242.0
401873202272,272,"{'id': '92', 'text': 'Jump Shot'}",Victor Wembanyama misses 25-foot three point jumper,43,53,2,3:58,False,0,{'id': '24'},[{'athlete': {'id': '5104157'}}],2026-05-29T01:25:07Z,True,"{'x': 37, 'y': 22}",3,Missed 3PT,238.0
401873202273,273,"{'id': '155', 'text': 'Defensive Rebound'}",Jaylin Williams defensive rebound,43,53,2,3:56,False,0,{'id': '25'},[{'athlete': {'id': '4432823'}}],2026-05-29T01:25:09Z,False,"{'x': 37, 'y': 22}",0,Rebound,236.0
401873202275,275,"{'id': '584', 'text': 'Substitution'}",Stephon Castle enters the game for Dylan Harper,43,53,2,3:42,False,0,{'id': '24'},"[{'athlete': {'id': '4845367'}}, {'athlete': {'id': '5037871'}}]",2026-05-29T01:25:28Z,False,"{'x': -214748340, 'y': -214748365}",0,Substitution,222.0
401873202276,276,"{'id': '584', 'text': 'Substitution'}",Alex Caruso enters the game for Cason Wallace,43,53,2,3:42,False,0,{'id': '25'},"[{'athlete': {'id': '2991350'}}, {'athlete': {'id': '4683692'}}]",2026-05-29T01:25:28Z,False,"{'x': -214748340, 'y': -214748365}",0,Substitution,222.0
401873202279,279,"{'id': '131', 'text': 'Pullup Jump Shot'}",Shai Gilgeous-Alexander misses 27-foot three point pullup jump shot,43,53,2,3:33,False,0,{'id': '25'},[{'athlete': {'id': '4278073'}}],2026-05-29T01:25:55Z,True,"{'x': 35, 'y': 26}",3,Missed 3PT,213.0
401873202280,280,"{'id': '156', 'text': 'Offensive Rebound'}",Thunder offensive team rebound,43,53,2,3:32,False,0,{'id': '25'},,2026-05-29T01:25:56Z,False,"{'x': 35, 'y': 26}",0,Rebound,212.0
401873202281,281,"{'id': '70', 'text': 'Shot Clock Turnover'}",shot clock turnover ,43,53,2,3:32,False,0,{'id': '25'},,2026-05-29T01:26:01Z,False,"{'x': 18, 'y': 0}",0,Turnover,212.0
401873202282,282,"{'id': '92', 'text': 'Jump Shot'}",Carter Bryant misses 23-foot three point jumper,43,53,2,3:21,False,0,{'id': '24'},[{'athlete': {'id': '5061568'}}],2026-05-29T01:26:20Z,True,"{'x': 48, 'y': 5}",3,Missed 3PT,201.0
401873202283,283,"{'id': '155', 'text': 'Defensive Rebound'}",Thunder defensive team rebound,43,53,2,3:19,False,0,{'id': '25'},,2026-05-29T01:26:22Z,False,"{'x': 48, 'y': 5}",0,Rebound,199.0
401873202285,285,"{'id': '45', 'text': 'Personal Foul'}",Carter Bryant personal foul,43,53,2,3:09,False,0,{'id': '24'},[{'athlete': {'id': '5061568'}}],2026-05-29T01:26:48Z,False,"{'x': 12, 'y': 27}",0,Foul,189.0
401873202287,287,"{'id': '584', 'text': 'Substitution'}",Chet Holmgren enters the game for Jalen Williams,43,53,2,3:09,False,0,{'id': '25'},"[{'athlete': {'id': '4433255'}}, {'athlete': {'id': '4593803'}}]",2026-05-29T01:26:53Z,False,"{'x': -214748340, 'y': -214748365}",0,Substitution,189.0
401873202289,289,"{'id': '132', 'text': 'Step Back Jump Shot'}",Shai Gilgeous-Alexander misses 26-foot three point step back jumpshot,43,53,2,2:59,False,0,{'id': '25'},[{'athlete': {'id': '4278073'}}],2026-05-29T01:27:17Z,True,"{'x': 13, 'y': 24}",3,Missed 3PT,179.0
401873202290,290,"{'id': '155', 'text': 'Defensive Rebound'}",De'Aaron Fox defensive rebound,43,53,2,2:56,False,0,{'id': '24'},[{'athlete': {'id': '4066259'}}],2026-05-29T01:27:20Z,False,"{'x': 13, 'y': 24}",0,Rebound,176.0
401873202291,291,"{'id': '115', 'text': 'Driving Dunk Shot'}",Carter Bryant makes driving dunk (Stephon Castle assists),43,55,2,2:48,True,2,{'id': '24'},"[{'athlete': {'id': '5061568'}}, {'athlete': {'id': '4845367'}}]",2026-05-29T01:27:28Z,True,"{'x': 25, 'y': 0}",2,+2 Points,168.0
401873202293,293,"{'id': '151', 'text': 'Cutting Dunk Shot'}",Devin Vassell blocks Chet Holmgren's dunk,43,55,2,2:34,False,0,{'id': '25'},"[{'athlete': {'id': '4433255'}}, {'athlete': {'id': '4395630'}}]",2026-05-29T01:27:44Z,True,"{'x': 25, 'y': 3}",2,Missed FG,154.0
401873202295,295,"{'id': '156', 'text': 'Offensive Rebound'}",Thunder offensive team rebound,43,55,2,2:32,False,0,{'id': '25'},,2026-05-29T01:27:46Z,False,"{'x': 25, 'y': 3}",0,Rebound,152.0
401873202297,297,"{'id': '584', 'text': 'Substitution'}",Cason Wallace enters the game for Luguentz Dort,43,55,2,2:32,False,0,{'id': '25'},"[{'athlete': {'id': '4683692'}}, {'athlete': {'id': '4397020'}}]",2026-05-29T01:28:26Z,False,"{'x': -214748340, 'y': -214748365}",0,Substitution,152.0
401873202299,299,"{'id': '92', 'text': 'Jump Shot'}",Alex Caruso makes 25-foot three point jumper (Shai Gilgeous-Alexander assists),46,55,2,2:17,True,3,{'id': '25'},"[{'athlete': {'id': '2991350'}}, {'athlete': {'id': '4278073'}}]",2026-05-29T01:28:53Z,True,"{'x': 48, 'y': 12}",3,+3 Points,137.0
401873202301,301,"{'id': '92', 'text': 'Jump Shot'}",Devin Vassell misses 25-foot three point jumper,46,55,2,2:09,False,0,{'id': '24'},[{'athlete': {'id': '4395630'}}],2026-05-29T01:29:00Z,True,"{'x': 46, 'y': 15}",3,Missed 3PT,129.0
401873202302,302,"{'id': '155', 'text': 'Defensive Rebound'}",Jaylin Williams defensive rebound,46,55,2,2:09,False,0,{'id': '25'},[{'athlete': {'id': '4432823'}}],2026-05-29T01:29:00Z,False,"{'x': 46, 'y': 15}",0,Rebound,129.0
401873202303,303,"{'id': '45', 'text': 'Personal Foul'}",Stephon Castle personal foul,46,55,2,1:56,False,0,{'id': '24'},[{'athlete': {'id': '4845367'}}],2026-05-29T01:29:17Z,False,"{'x': 23, 'y': 32}",0,Foul,116.0
401873202305,305,"{'id': '132', 'text': 'Step Back Jump Shot'}",Shai Gilgeous-Alexander makes 18-foot step back jumpshot,48,55,2,1:46,True,2,{'id': '25'},[{'athlete': {'id': '4278073'}}],2026-05-29T01:29:57Z,True,"{'x': 28, 'y': 19}",2,+2 Points,106.0
401873202306,306,"{'id': '92', 'text': 'Jump Shot'}",Victor Wembanyama makes 25-foot three point jumper (De'Aaron Fox assists),48,58,2,1:36,True,3,{'id': '24'},"[{'athlete': {'id': '5104157'}}, {'athlete': {'id': '4066259'}}]",2026-05-29T01:30:08Z,True,"{'x': 20, 'y': 25}",3,+3 Points,96.0
401873202308,308,"{'id': '43', 'text': 'Loose Ball Foul'}",Carter Bryant loose ball foul,48,58,2,1:35,False,0,{'id': '24'},[{'athlete': {'id': '5061568'}}],2026-05-29T01:30:15Z,False,"{'x': 28, 'y': 0}",0,Foul,95.0
401873202310,310,"{'id': '280', 'text': 'Ref-Initiated Review (Stands)'}",(01:35) [Thunder] REF-INITIATED REVIEW (CALL STANDS),48,58,2,1:35,False,0,,,2026-05-29T01:30:49Z,False,"{'x': -214748340, 'y': -214748365}",0,Challenge,95.0
401873202311,311,"{'id': '584', 'text': 'Substitution'}",Julian Champagnie enters the game for Carter Bryant,48,58,2,1:35,False,0,{'id': '24'},"[{'athlete': {'id': '4592479'}}, {'athlete': {'id': '5061568'}}]",2026-05-29T01:33:40Z,False,"{'x': -214748340, 'y': -214748365}",0,Substitution,95.0
401873202313,313,"{'id': '98', 'text': 'Free Throw - 1 of 2'}",Shai Gilgeous-Alexander makes free throw 1 of 2,49,58,2,1:35,True,1,{'id': '25'},[{'athlete': {'id': '4278073'}}],2026-05-29T01:33:57Z,True,"{'x': -214748340, 'y': -214748365}",1,+1 Point,95.0
401873202314,314,"{'id': '584', 'text': 'Substitution'}",Jared McCain enters the game for Chet Holmgren,49,58,2,1:35,False,0,{'id': '25'},"[{'athlete': {'id': '4683778'}}, {'athlete': {'id': '4433255'}}]",2026-05-29T01:34:03Z,False,"{'x': -214748340, 'y': -214748365}",0,Substitution,95.0
401873202316,316,"{'id': '99', 'text': 'Free Throw - 2 of 2'}",Shai Gilgeous-Alexander makes free throw 2 of 2,50,58,2,1:35,True,1,{'id': '25'},[{'athlete': {'id': '4278073'}}],2026-05-29T01:33:57Z,True,"{'x': -214748340, 'y': -214748365}",1,+1 Point,95.0
401873202317,317,"{'id': '92', 'text': 'Jump Shot'}",Victor Wembanyama misses 26-foot three point jumper,50,58,2,1:14,False,0,{'id': '24'},[{'athlete': {'id': '5104157'}}],2026-05-29T01:34:46Z,True,"{'x': 40, 'y': 22}",3,Missed 3PT,74.0
401873202318,318,"{'id': '155', 'text': 'Defensive Rebound'}",Cason Wallace defensive rebound,50,58,2,1:11,False,0,{'id': '25'},[{'athlete': {'id': '4683692'}}],2026-05-29T01:34:49Z,False,"{'x': 40, 'y': 22}",0,Rebound,71.0
401873202319,319,"{'id': '113', 'text': 'Running Jump Shot'}",Cason Wallace makes 27-foot running jump shot (Shai Gilgeous-Alexander assists),53,58,2,1:05,True,3,{'id': '25'},"[{'athlete': {'id': '4683692'}}, {'athlete': {'id': '4278073'}}]",2026-05-29T01:34:54Z,True,"{'x': 5, 'y': 19}",3,+3 Points,65.0
401873202321,321,"{'id': '111', 'text': 'Alley Oop Layup Shot'}",Victor Wembanyama misses alley oop layup,53,58,2,49.5,False,0,{'id': '24'},[{'athlete': {'id': '5104157'}}],2026-05-29T01:35:11Z,True,"{'x': 24, 'y': 3}",2,Missed FG,49.5
401873202322,322,"{'id': '155', 'text': 'Defensive Rebound'}",Jaylin Williams defensive rebound,53,58,2,47.5,False,0,{'id': '25'},[{'athlete': {'id': '4432823'}}],2026-05-29T01:35:13Z,False,"{'x': 24, 'y': 3}",0,Rebound,47.5
401873202323,323,"{'id': '92', 'text': 'Jump Shot'}",Jaylin Williams misses 23-foot three point jumper,53,58,2,31.2,False,0,{'id': '25'},[{'athlete': {'id': '4432823'}}],2026-05-29T01:35:30Z,True,"{'x': 48, 'y': 6}",3,Missed 3PT,31.2
401873202324,324,"{'id': '155', 'text': 'Defensive Rebound'}",De'Aaron Fox defensive rebound,53,58,2,28.7,False,0,{'id': '24'},[{'athlete': {'id': '4066259'}}],2026-05-29T01:35:32Z,False,"{'x': 48, 'y': 6}",0,Rebound,28.7
401873202325,325,"{'id': '137', 'text': 'Turnaround Fade Away Jump Shot'}",De'Aaron Fox misses 16-foot two point shot,53,58,2,7.7,False,0,{'id': '24'},[{'athlete': {'id': '4066259'}}],2026-05-29T01:35:55Z,True,"{'x': 16, 'y': 14}",2,Missed FG,7.7
401873202326,326,"{'id': '156', 'text': 'Offensive Rebound'}",Victor Wembanyama offensive rebound,53,58,2,6.3,False,0,{'id': '24'},[{'athlete': {'id': '5104157'}}],2026-05-29T01:35:57Z,False,"{'x': 16, 'y': 14}",0,Rebound,6.3
401873202327,327,"{'id': '94', 'text': 'Tip Shot'}",Victor Wembanyama makes tip shot,53,60,2,5.5,True,2,{'id': '24'},[{'athlete': {'id': '5104157'}}],2026-05-29T01:35:59Z,True,"{'x': 25, 'y': 0}",2,+2 Points,5.5
401873202328,328,"{'id': '128', 'text': 'Driving Finger Roll Layup'}",Shai Gilgeous-Alexander misses two point shot,53,60,2,1.4,False,0,{'id': '25'},[{'athlete': {'id': '4278073'}}],2026-05-29T01:36:06Z,True,"{'x': 25, 'y': 9}",2,Missed FG,1.4
401873202329,329,"{'id': '155', 'text': 'Defensive Rebound'}",Stephon Castle defensive rebound,53,60,2,1.4,False,0,{'id': '24'},[{'athlete': {'id': '4845367'}}],2026-05-29T01:36:06Z,False,"{'x': 25, 'y': 9}",0,Rebound,1.4
401873202330,330,"{'id': '282', 'text': 'Heave Jump Shot'}",Stephon Castle misses heave jump shot,53,60,2,0.0,False,0,{'id': '24'},[{'athlete': {'id': '4845367'}}],2026-05-29T01:36:10Z,True,"{'x': 28, 'y': 88}",3,Missed 3PT,0.0
401873202331,331,"{'id': '156', 'text': 'Offensive Rebound'}",Spurs offensive team rebound,53,60,2,0.0,False,0,{'id': '24'},,2026-05-29T01:36:10Z,False,"{'x': 23, 'y': -4}",0,Rebound,0.0
401873202332,332,"{'id': '412', 'text': 'End Period'}",End of the 2nd Quarter,53,60,2,0.0,False,0,,,2026-05-29T01:36:16Z,False,"{'x': -214748340, 'y': -214748365}",0,Halftime,0.0
401873202333,333,"{'id': '584', 'text': 'Substitution'}",Luguentz Dort enters the game for Jaylin Williams,53,60,3,12:00,False,0,{'id': '25'},"[{'athlete': {'id': '4397020'}}, {'athlete': {'id': '4432823'}}]",2026-05-29T01:52:05Z,False,"{'x': -214748340, 'y': -214748365}",0,Substitution,720.0
401873202334,334,"{'id': '584', 'text': 'Substitution'}",Chet Holmgren enters the game for Alex Caruso,53,60,3,12:00,False,0,{'id': '25'},"[{'athlete': {'id': '4433255'}}, {'athlete': {'id': '2991350'}}]",2026-05-29T01:52:05Z,False,"{'x': -214748340, 'y': -214748365}",0,Substitution,720.0
401873202335,335,"{'id': '584', 'text': 'Substitution'}",Isaiah Hartenstein enters the game for Cason Wallace,53,60,3,12:00,False,0,{'id': '25'},"[{'athlete': {'id': '4222252'}}, {'athlete': {'id': '4683692'}}]",2026-05-29T01:52:05Z,False,"{'x': -214748340, 'y': -214748365}",0,Substitution,720.0
401873202340,340,"{'id': '132', 'text': 'Step Back Jump Shot'}",Shai Gilgeous-Alexander misses 15-foot step back jumpshot,53,60,3,11:43,False,0,{'id': '25'},[{'athlete': {'id': '4278073'}}],2026-05-29T01:52:52Z,True,"{'x': 10, 'y': 5}",2,Missed FG,703.0
401873202341,341,"{'id': '155', 'text': 'Defensive Rebound'}",Julian Champagnie defensive rebound,53,60,3,11:39,False,0,{'id': '24'},[{'athlete': {'id': '4592479'}}],2026-05-29T01:52:56Z,False,"{'x': 10, 'y': 5}",0,Rebound,699.0
401873202342,342,"{'id': '113', 'text': 'Running Jump Shot'}",Devin Vassell makes 26-foot running jump shot (De'Aaron Fox assists),53,63,3,11:35,True,3,{'id': '24'},"[{'athlete': {'id': '4395630'}}, {'athlete': {'id': '4066259'}}]",2026-05-29T01:52:59Z,True,"{'x': 6, 'y': 18}",3,+3 Points,695.0
401873202344,344,"{'id': '130', 'text': 'Floating Jump Shot'}",Isaiah Hartenstein makes 10-foot floating jump shot (Jared McCain assists),55,63,3,11:20,True,2,{'id': '25'},"[{'athlete': {'id': '4222252'}}, {'athlete': {'id': '4683778'}}]",2026-05-29T01:53:15Z,True,"{'x': 25, 'y': 11}",2,+2 Points,680.0
401873202346,346,"{'id': '92', 'text': 'Jump Shot'}",Victor Wembanyama misses 27-foot three point jumper,55,63,3,11:05,False,0,{'id': '24'},[{'athlete': {'id': '5104157'}}],2026-05-29T01:53:29Z,True,"{'x': 11, 'y': 24}",3,Missed 3PT,665.0
401873202347,347,"{'id': '155', 'text': 'Defensive Rebound'}",Shai Gilgeous-Alexander defensive rebound,55,63,3,11:02,False,0,{'id': '25'},[{'athlete': {'id': '4278073'}}],2026-05-29T01:53:32Z,False,"{'x': 11, 'y': 24}",0,Rebound,662.0
401873202348,348,"{'id': '129', 'text': 'Running Finger Roll Layup'}",Julian Champagnie blocks Jared McCain 's 3-foot two point shot,55,63,3,10:57,False,0,{'id': '25'},"[{'athlete': {'id': '4683778'}}, {'athlete': {'id': '4592479'}}]",2026-05-29T01:53:37Z,True,"{'x': 28, 'y': 0}",2,Missed FG,657.0
401873202350,350,"{'id': '156', 'text': 'Offensive Rebound'}",Isaiah Hartenstein offensive rebound,55,63,3,10:54,False,0,{'id': '25'},[{'athlete': {'id': '4222252'}}],2026-05-29T01:53:40Z,False,"{'x': 28, 'y': 0}",0,Rebound,654.0
401873202351,351,"{'id': '128', 'text': 'Driving Finger Roll Layup'}",Shai Gilgeous-Alexander makes 2-foot two point shot (Isaiah Hartenstein assists),57,63,3,10:54,True,2,{'id': '25'},"[{'athlete': {'id': '4278073'}}, {'athlete': {'id': '4222252'}}]",2026-05-29T01:53:46Z,True,"{'x': 24, 'y': 2}",2,+2 Points,654.0
401873202352,352,"{'id': '44', 'text': 'Shooting Foul'}",De'Aaron Fox shooting foul,57,63,3,10:54,False,0,{'id': '24'},[{'athlete': {'id': '4066259'}}],2026-05-29T01:53:54Z,False,"{'x': 23, 'y': 1}",0,Foul,654.0
401873202354,354,"{'id': '97', 'text': 'Free Throw - 1 of 1'}",Shai Gilgeous-Alexander makes free throw 1 of 1,58,63,3,10:54,True,1,{'id': '25'},[{'athlete': {'id': '4278073'}}],2026-05-29T01:54:26Z,True,"{'x': -214748340, 'y': -214748365}",1,+1 Point,654.0
401873202365,365,"{'id': '9', 'text': 'Defensive Goaltending'}",Victor Wembanyama defensive goaltending violation,58,63,3,10:54,False,0,{'id': '24'},[{'athlete': {'id': '5104157'}}],2026-05-29T01:53:50Z,False,"{'x': -214748340, 'y': -214748365}",0,Goaltending,654.0
401873202355,355,"{'id': '144', 'text': 'Driving Floating Jump Shot'}",Julian Champagnie makes 3-foot driving floating jump shot (De'Aaron Fox assists),58,65,3,10:47,True,2,{'id': '24'},"[{'athlete': {'id': '4592479'}}, {'athlete': {'id': '4066259'}}]",2026-05-29T01:54:34Z,True,"{'x': 26, 'y': 4}",2,+2 Points,647.0
401873202357,357,"{'id': '124', 'text': 'Finger Roll Layup'}",Chet Holmgren misses finger roll layup,58,65,3,10:30,False,0,{'id': '25'},[{'athlete': {'id': '4433255'}}],2026-05-29T01:54:52Z,True,"{'x': 25, 'y': 6}",2,Missed FG,630.0
401873202358,358,"{'id': '156', 'text': 'Offensive Rebound'}",Isaiah Hartenstein offensive rebound,58,65,3,10:28,False,0,{'id': '25'},[{'athlete': {'id': '4222252'}}],2026-05-29T01:54:54Z,False,"{'x': 25, 'y': 6}",0,Rebound,628.0
401873202359,359,"{'id': '94', 'text': 'Tip Shot'}",Isaiah Hartenstein makes tip shot,60,65,3,10:28,True,2,{'id': '25'},[{'athlete': {'id': '4222252'}}],2026-05-29T01:54:55Z,True,"{'x': 25, 'y': 0}",2,+2 Points,628.0
401873202360,360,"{'id': '92', 'text': 'Jump Shot'}",De'Aaron Fox misses 25-foot three point jumper,60,65,3,10:10,False,0,{'id': '24'},[{'athlete': {'id': '4066259'}}],2026-05-29T01:55:10Z,True,"{'x': 1, 'y': 8}",3,Missed 3PT,610.0
401873202361,361,"{'id': '156', 'text': 'Offensive Rebound'}",Stephon Castle offensive rebound,60,65,3,10:09,False,0,{'id': '24'},[{'athlete': {'id': '4845367'}}],2026-05-29T01:55:11Z,False,"{'x': 1, 'y': 8}",0,Rebound,609.0
401873202362,362,"{'id': '44', 'text': 'Shooting Foul'}",Jared McCain shooting foul,60,65,3,10:09,False,0,{'id': '25'},[{'athlete': {'id': '4683778'}}],2026-05-29T01:55:17Z,False,"{'x': 23, 'y': 1}",0,Foul,609.0
401873202364,364,"{'id': '98', 'text': 'Free Throw - 1 of 2'}",Stephon Castle makes free throw 1 of 2,60,66,3,10:09,True,1,{'id': '24'},[{'athlete': {'id': '4845367'}}],2026-05-29T01:55:48Z,True,"{'x': -214748340, 'y': -214748365}",1,+1 Point,609.0
401873202366,366,"{'id': '99', 'text': 'Free Throw - 2 of 2'}",Stephon Castle makes free throw 2 of 2,60,67,3,10:09,True,1,{'id': '24'},[{'athlete': {'id': '4845367'}}],2026-05-29T01:56:08Z,True,"{'x': -214748340, 'y': -214748365}",1,+1 Point,609.0
401873202367,367,"{'id': '110', 'text': 'Driving Layup Shot'}",Victor Wembanyama blocks Jared McCain 's 3-foot driving layup,60,67,3,9:49,False,0,{'id': '25'},"[{'athlete': {'id': '4683778'}}, {'athlete': {'id': '5104157'}}]",2026-05-29T01:56:30Z,True,"{'x': 22, 'y': 2}",2,Missed FG,589.0
401873202369,369,"{'id': '156', 'text': 'Offensive Rebound'}",Chet Holmgren offensive rebound,60,67,3,9:46,False,0,{'id': '25'},[{'athlete': {'id': '4433255'}}],2026-05-29T01:56:33Z,False,"{'x': 22, 'y': 2}",0,Rebound,586.0
401873202370,370,"{'id': '92', 'text': 'Jump Shot'}",Luguentz Dort misses 26-foot three point jumper,60,67,3,9:44,False,0,{'id': '25'},[{'athlete': {'id': '4397020'}}],2026-05-29T01:56:34Z,True,"{'x': 10, 'y': 22}",3,Missed 3PT,584.0
401873202371,371,"{'id': '155', 'text': 'Defensive Rebound'}",Victor Wembanyama defensive rebound,60,67,3,9:41,False,0,{'id': '24'},[{'athlete': {'id': '5104157'}}],2026-05-29T01:56:37Z,False,"{'x': 10, 'y': 22}",0,Rebound,581.0
401873202372,372,"{'id': '113', 'text': 'Running Jump Shot'}",Julian Champagnie makes 23-foot running jump shot (Stephon Castle assists),60,70,3,9:36,True,3,{'id': '24'},"[{'athlete': {'id': '4592479'}}, {'athlete': {'id': '4845367'}}]",2026-05-29T01:56:42Z,True,"{'x': 2, 'y': 2}",3,+3 Points,576.0
401873202374,374,"{'id': '16', 'text': 'Full Timeout'}",Thunder Full timeout,60,70,3,9:35,False,0,{'id': '25'},,2026-05-29T01:56:48Z,False,"{'x': -214748340, 'y': -214748365}",0,Timeout,575.0
401873202376,376,"{'id': '584', 'text': 'Substitution'}",Alex Caruso enters the game for Luguentz Dort,60,70,3,9:35,False,0,{'id': '25'},"[{'athlete': {'id': '2991350'}}, {'athlete': {'id': '4397020'}}]",2026-05-29T02:00:14Z,False,"{'x': -214748340, 'y': -214748365}",0,Substitution,575.0
401873202378,378,"{'id': '92', 'text': 'Jump Shot'}",Shai Gilgeous-Alexander misses 23-foot three point jumper,60,70,3,9:20,False,0,{'id': '25'},[{'athlete': {'id': '4278073'}}],2026-05-29T02:00:46Z,True,"{'x': 2, 'y': 6}",3,Missed 3PT,560.0
401873202379,379,"{'id': '156', 'text': 'Offensive Rebound'}",Chet Holmgren offensive rebound,60,70,3,9:18,False,0,{'id': '25'},[{'athlete': {'id': '4433255'}}],2026-05-29T02:00:48Z,False,"{'x': 2, 'y': 6}",0,Rebound,558.0
401873202380,380,"{'id': '150', 'text': 'Tip Dunk Shot'}",Chet Holmgren makes tip in dunk,62,70,3,9:17,True,2,{'id': '25'},[{'athlete': {'id': '4433255'}}],2026-05-29T02:00:52Z,True,"{'x': 25, 'y': 0}",2,+2 Points,557.0
401873202381,381,"{'id': '44', 'text': 'Shooting Foul'}",Isaiah Hartenstein shooting foul,62,70,3,8:59,False,0,{'id': '25'},[{'athlete': {'id': '4222252'}}],2026-05-29T02:01:07Z,False,"{'x': 23, 'y': 2}",0,Foul,539.0
401873202383,383,"{'id': '98', 'text': 'Free Throw - 1 of 2'}",Victor Wembanyama makes free throw 1 of 2,62,71,3,8:59,True,1,{'id': '24'},[{'athlete': {'id': '5104157'}}],2026-05-29T02:01:44Z,True,"{'x': -214748340, 'y': -214748365}",1,+1 Point,539.0
401873202384,384,"{'id': '99', 'text': 'Free Throw - 2 of 2'}",Victor Wembanyama makes free throw 2 of 2,62,72,3,8:59,True,1,{'id': '24'},[{'athlete': {'id': '5104157'}}],2026-05-29T02:02:06Z,True,"{'x': -214748340, 'y': -214748365}",1,+1 Point,539.0
401873202386,386,"{'id': '62', 'text': 'Bad Pass\nTurnover'}","Shai Gilgeous-Alexander bad pass
turnover (Devin Vassell steals)",62,72,3,8:46,False,0,{'id': '25'},"[{'athlete': {'id': '4278073'}}, {'athlete': {'id': '4395630'}}]",2026-05-29T02:02:32Z,False,"{'x': 20, 'y': 5}",0,Turnover,526.0
401873202388,388,"{'id': '146', 'text': 'Running Pullup Jump Shot'}",Devin Vassell misses running pullup jump shot,62,72,3,8:43,False,0,{'id': '24'},[{'athlete': {'id': '4395630'}}],2026-05-29T02:02:36Z,True,"{'x': 36, 'y': 24}",3,Missed 3PT,523.0
401873202389,389,"{'id': '156', 'text': 'Offensive Rebound'}",Victor Wembanyama offensive rebound,62,72,3,8:41,False,0,{'id': '24'},[{'athlete': {'id': '5104157'}}],2026-05-29T02:02:38Z,False,"{'x': 36, 'y': 24}",0,Rebound,521.0
401873202390,390,"{'id': '63', 'text': 'Lost Ball Turnover'}",Victor Wembanyama lost ball turnover (Jared McCain steals),62,72,3,8:40,False,0,{'id': '24'},"[{'athlete': {'id': '5104157'}}, {'athlete': {'id': '4683778'}}]",2026-05-29T02:02:40Z,False,"{'x': 22, 'y': 5}",0,Turnover,520.0
401873202392,392,"{'id': '132', 'text': 'Step Back Jump Shot'}",Shai Gilgeous-Alexander makes 11-foot step back jumpshot,64,72,3,8:23,True,2,{'id': '25'},[{'athlete': {'id': '4278073'}}],2026-05-29T02:02:55Z,True,"{'x': 36, 'y': 2}",2,+2 Points,503.0
401873202393,393,"{'id': '131', 'text': 'Pullup Jump Shot'}",De'Aaron Fox misses 7-foot pullup jump shot,64,72,3,8:12,False,0,{'id': '24'},[{'athlete': {'id': '4066259'}}],2026-05-29T02:03:06Z,True,"{'x': 26, 'y': 8}",2,Missed FG,492.0
401873202394,394,"{'id': '155', 'text': 'Defensive Rebound'}",Chet Holmgren defensive rebound,64,72,3,8:09,False,0,{'id': '25'},[{'athlete': {'id': '4433255'}}],2026-05-29T02:03:09Z,False,"{'x': 26, 'y': 8}",0,Rebound,489.0
401873202395,395,"{'id': '141', 'text': 'Cutting Layup Shot'}",Isaiah Hartenstein misses layup,64,72,3,8:03,False,0,{'id': '25'},[{'athlete': {'id': '4222252'}}],2026-05-29T02:03:18Z,True,"{'x': 27, 'y': 3}",2,Missed FG,483.0
401873202396,396,"{'id': '155', 'text': 'Defensive Rebound'}",Victor Wembanyama defensive rebound,64,72,3,8:01,False,0,{'id': '24'},[{'athlete': {'id': '5104157'}}],2026-05-29T02:03:20Z,False,"{'x': 27, 'y': 3}",0,Rebound,481.0
401873202397,397,"{'id': '109', 'text': 'Running Layup Shot'}",De'Aaron Fox makes running layup (Victor Wembanyama assists),64,74,3,7:53,True,2,{'id': '24'},"[{'athlete': {'id': '4066259'}}, {'athlete': {'id': '5104157'}}]",2026-05-29T02:03:25Z,True,"{'x': 25, 'y': 2}",2,+2 Points,473.0
401873202401,401,"{'id': '584', 'text': 'Substitution'}",Luke Kornet enters the game for Victor Wembanyama,64,74,3,7:39,False,0,{'id': '24'},"[{'athlete': {'id': '3064560'}}, {'athlete': {'id': '5104157'}}]",2026-05-29T02:05:56Z,False,"{'x': -214748340, 'y': -214748365}",0,Substitution,459.0
401873202402,402,"{'id': '584', 'text': 'Substitution'}",Dylan Harper enters the game for De'Aaron Fox,64,74,3,7:39,False,0,{'id': '24'},"[{'athlete': {'id': '5037871'}}, {'athlete': {'id': '4066259'}}]",2026-05-29T02:05:56Z,False,"{'x': -214748340, 'y': -214748365}",0,Substitution,459.0
401873202403,403,"{'id': '584', 'text': 'Substitution'}",Jaylin Williams enters the game for Isaiah Hartenstein,64,74,3,7:39,False,0,{'id': '25'},"[{'athlete': {'id': '4432823'}}, {'athlete': {'id': '4222252'}}]",2026-05-29T02:05:56Z,False,"{'x': -214748340, 'y': -214748365}",0,Substitution,459.0
401873202407,407,"{'id': '16', 'text': 'Full Timeout'}",Thunder Full timeout,64,74,3,7:39,False,0,{'id': '25'},,2026-05-29T02:04:04Z,False,"{'x': -214748340, 'y': -214748365}",0,Timeout,459.0
401873202408,408,"{'id': '215', 'text': ""Coach's Challenge (Overturned)""}",(07:39) [Thunder] COACH'S CHALLENGE (CALL OVERTURNED) [Thunder] retain their timeout,64,74,3,7:39,False,0,{'id': '25'},,2026-05-29T02:04:06Z,False,"{'x': -214748340, 'y': -214748365}",0,Challenge,459.0
401873202409,409,"{'id': '45', 'text': 'Personal Foul'}",De'Aaron Fox personal foul,64,74,3,7:39,False,0,{'id': '24'},[{'athlete': {'id': '4066259'}}],2026-05-29T02:05:55Z,False,"{'x': 30, 'y': 4}",0,Foul,459.0
401873202412,412,"{'id': '128', 'text': 'Driving Finger Roll Layup'}",Jared McCain misses two point shot,64,74,3,7:30,False,0,{'id': '25'},[{'athlete': {'id': '4683778'}}],2026-05-29T02:08:02Z,True,"{'x': 27, 'y': 4}",2,Missed FG,450.0
401873202413,413,"{'id': '155', 'text': 'Defensive Rebound'}",Dylan Harper defensive rebound,64,74,3,7:28,False,0,{'id': '24'},[{'athlete': {'id': '5037871'}}],2026-05-29T02:08:04Z,False,"{'x': 27, 'y': 4}",0,Rebound,448.0
401873202414,414,"{'id': '110', 'text': 'Driving Layup Shot'}",Stephon Castle makes driving layup (Dylan Harper assists),64,76,3,7:20,True,2,{'id': '24'},"[{'athlete': {'id': '4845367'}}, {'athlete': {'id': '5037871'}}]",2026-05-29T02:08:15Z,True,"{'x': 27, 'y': 2}",2,+2 Points,440.0
401873202416,416,"{'id': '44', 'text': 'Shooting Foul'}",Jaylin Williams shooting foul,64,76,3,7:20,False,0,{'id': '25'},[{'athlete': {'id': '4432823'}}],2026-05-29T02:08:18Z,False,"{'x': 27, 'y': 1}",0,Foul,440.0
401873202418,418,"{'id': '97', 'text': 'Free Throw - 1 of 1'}",Stephon Castle makes free throw 1 of 1,64,77,3,7:20,True,1,{'id': '24'},[{'athlete': {'id': '4845367'}}],2026-05-29T02:08:41Z,True,"{'x': -214748340, 'y': -214748365}",1,+1 Point,440.0
401873202419,419,"{'id': '131', 'text': 'Pullup Jump Shot'}",Shai Gilgeous-Alexander misses 14-foot pullup jump shot,64,77,3,7:09,False,0,{'id': '25'},[{'athlete': {'id': '4278073'}}],2026-05-29T02:08:54Z,True,"{'x': 34, 'y': 12}",2,Missed FG,429.0
401873202420,420,"{'id': '155', 'text': 'Defensive Rebound'}",Dylan Harper defensive rebound,64,77,3,7:08,False,0,{'id': '24'},[{'athlete': {'id': '5037871'}}],2026-05-29T02:08:55Z,False,"{'x': 34, 'y': 12}",0,Rebound,428.0
401873202421,421,"{'id': '132', 'text': 'Step Back Jump Shot'}",Dylan Harper makes 21-foot step back jumpshot (Devin Vassell assists),64,79,3,6:58,True,2,{'id': '24'},"[{'athlete': {'id': '5037871'}}, {'athlete': {'id': '4395630'}}]",2026-05-29T02:09:04Z,True,"{'x': 28, 'y': 21}",2,+2 Points,418.0
401873202427,427,"{'id': '110', 'text': 'Driving Layup Shot'}",Devin Vassell blocks Alex Caruso 's 2-foot driving layup,64,79,3,6:50,False,0,{'id': '25'},"[{'athlete': {'id': '2991350'}}, {'athlete': {'id': '4395630'}}]",2026-05-29T02:09:39Z,True,"{'x': 23, 'y': 2}",2,Missed FG,410.0
401873202425,425,"{'id': '213', 'text': 'Challenge'}",Spurs Coach's Challenge,64,79,3,6:49,False,0,{'id': '24'},,2026-05-29T02:09:42Z,False,"{'x': -214748340, 'y': -214748365}",0,Challenge,409.0
401873202426,426,"{'id': '215', 'text': ""Coach's Challenge (Overturned)""}",(06:49) [Spurs] COACH'S CHALLENGE (CALL OVERTURNED) [Spurs] retain their timeout,64,79,3,6:49,False,0,{'id': '24'},,2026-05-29T02:09:46Z,False,"{'x': -214748340, 'y': -214748365}",0,Challenge,409.0
401873202429,429,"{'id': '156', 'text': 'Offensive Rebound'}",Thunder offensive team rebound,64,79,3,6:49,False,0,{'id': '25'},,2026-05-29T02:09:40Z,False,"{'x': 23, 'y': 2}",0,Rebound,409.0
401873202431,431,"{'id': '584', 'text': 'Substitution'}",Isaiah Hartenstein enters the game for Jared McCain,64,79,3,6:49,False,0,{'id': '25'},"[{'athlete': {'id': '4222252'}}, {'athlete': {'id': '4683778'}}]",2026-05-29T02:12:13Z,False,"{'x': -214748340, 'y': -214748365}",0,Substitution,409.0
401873202432,432,"{'id': '584', 'text': 'Substitution'}",Cason Wallace enters the game for Chet Holmgren,64,79,3,6:49,False,0,{'id': '25'},"[{'athlete': {'id': '4683692'}}, {'athlete': {'id': '4433255'}}]",2026-05-29T02:12:13Z,False,"{'x': -214748340, 'y': -214748365}",0,Substitution,409.0
401873202433,433,"{'id': '584', 'text': 'Substitution'}",Jalen Williams enters the game for Jaylin Williams,64,79,3,6:49,False,0,{'id': '25'},"[{'athlete': {'id': '4593803'}}, {'athlete': {'id': '4432823'}}]",2026-05-29T02:12:13Z,False,"{'x': -214748340, 'y': -214748365}",0,Substitution,409.0
401873202437,437,"{'id': '45', 'text': 'Personal Foul'}",Luke Kornet personal foul,64,79,3,6:36,False,0,{'id': '24'},[{'athlete': {'id': '3064560'}}],2026-05-29T02:12:28Z,False,"{'x': 23, 'y': 1}",0,Foul,396.0
401873202440,440,"{'id': '45', 'text': 'Personal Foul'}",Julian Champagnie personal foul,64,79,3,6:26,False,0,{'id': '24'},[{'athlete': {'id': '4592479'}}],2026-05-29T02:12:59Z,False,"{'x': 23, 'y': 4}",0,Foul,386.0
401873202442,442,"{'id': '92', 'text': 'Jump Shot'}",Cason Wallace misses 25-foot three point jumper,64,79,3,6:15,False,0,{'id': '25'},[{'athlete': {'id': '4683692'}}],2026-05-29T02:13:27Z,True,"{'x': 40, 'y': 21}",3,Missed 3PT,375.0
401873202443,443,"{'id': '155', 'text': 'Defensive Rebound'}",Dylan Harper defensive rebound,64,79,3,6:13,False,0,{'id': '24'},[{'athlete': {'id': '5037871'}}],2026-05-29T02:13:30Z,False,"{'x': 40, 'y': 21}",0,Rebound,373.0
401873202444,444,"{'id': '44', 'text': 'Shooting Foul'}",Shai Gilgeous-Alexander shooting foul,64,79,3,6:11,False,0,{'id': '25'},[{'athlete': {'id': '4278073'}}],2026-05-29T02:13:33Z,False,"{'x': 27, 'y': 2}",0,Foul,371.0
401873202446,446,"{'id': '98', 'text': 'Free Throw - 1 of 2'}",Dylan Harper makes free throw 1 of 2,64,80,3,6:11,True,1,{'id': '24'},[{'athlete': {'id': '5037871'}}],2026-05-29T02:14:05Z,True,"{'x': -214748340, 'y': -214748365}",1,+1 Point,371.0
401873202447,447,"{'id': '99', 'text': 'Free Throw - 2 of 2'}",Dylan Harper makes free throw 2 of 2,64,81,3,6:11,True,1,{'id': '24'},[{'athlete': {'id': '5037871'}}],2026-05-29T02:14:24Z,True,"{'x': -214748340, 'y': -214748365}",1,+1 Point,371.0
401873202448,448,"{'id': '118', 'text': 'Alley Oop Dunk Shot'}",Isaiah Hartenstein misses alley oop dunk,64,81,3,5:54,False,0,{'id': '25'},[{'athlete': {'id': '4222252'}}],2026-05-29T02:14:45Z,True,"{'x': 26, 'y': 1}",2,Missed FG,354.0
401873202449,449,"{'id': '155', 'text': 'Defensive Rebound'}",Luke Kornet defensive rebound,64,81,3,5:52,False,0,{'id': '24'},[{'athlete': {'id': '3064560'}}],2026-05-29T02:14:47Z,False,"{'x': 26, 'y': 1}",0,Rebound,352.0
401873202450,450,"{'id': '44', 'text': 'Shooting Foul'}",Jalen Williams shooting foul,64,81,3,5:46,False,0,{'id': '25'},[{'athlete': {'id': '4593803'}}],2026-05-29T02:14:53Z,False,"{'x': 25, 'y': 2}",0,Foul,346.0
401873202452,452,"{'id': '98', 'text': 'Free Throw - 1 of 2'}",Dylan Harper makes free throw 1 of 2,64,82,3,5:46,True,1,{'id': '24'},[{'athlete': {'id': '5037871'}}],2026-05-29T02:15:23Z,True,"{'x': -214748340, 'y': -214748365}",1,+1 Point,346.0
401873202453,453,"{'id': '99', 'text': 'Free Throw - 2 of 2'}",Dylan Harper makes free throw 2 of 2,64,83,3,5:46,True,1,{'id': '24'},[{'athlete': {'id': '5037871'}}],2026-05-29T02:15:43Z,True,"{'x': -214748340, 'y': -214748365}",1,+1 Point,346.0
401873202454,454,"{'id': '62', 'text': 'Bad Pass\nTurnover'}","Jalen Williams bad pass
turnover (Stephon Castle steals)",64,83,3,5:31,False,0,{'id': '25'},"[{'athlete': {'id': '4593803'}}, {'athlete': {'id': '4845367'}}]",2026-05-29T02:16:05Z,False,"{'x': 20, 'y': 22}",0,Turnover,331.0
401873202456,456,"{'id': '63', 'text': 'Lost Ball Turnover'}",Stephon Castle lost ball turnover (Cason Wallace steals),64,83,3,5:27,False,0,{'id': '24'},"[{'athlete': {'id': '4845367'}}, {'athlete': {'id': '4683692'}}]",2026-05-29T02:16:10Z,False,"{'x': 28, 'y': 3}",0,Turnover,327.0
401873202458,458,"{'id': '92', 'text': 'Jump Shot'}",Jalen Williams misses 25-foot three point jumper,64,83,3,5:17,False,0,{'id': '25'},[{'athlete': {'id': '4593803'}}],2026-05-29T02:16:19Z,True,"{'x': 14, 'y': 23}",3,Missed 3PT,317.0
401873202459,459,"{'id': '155', 'text': 'Defensive Rebound'}",Julian Champagnie defensive rebound,64,83,3,5:14,False,0,{'id': '24'},[{'athlete': {'id': '4592479'}}],2026-05-29T02:16:22Z,False,"{'x': 14, 'y': 23}",0,Rebound,314.0
401873202460,460,"{'id': '144', 'text': 'Driving Floating Jump Shot'}",Stephon Castle makes 4-foot driving floating jump shot,64,85,3,5:02,True,2,{'id': '24'},[{'athlete': {'id': '4845367'}}],2026-05-29T02:16:37Z,True,"{'x': 27, 'y': 4}",2,+2 Points,302.0
401873202461,461,"{'id': '110', 'text': 'Driving Layup Shot'}",Julian Champagnie blocks Cason Wallace 's 4-foot driving layup,64,85,3,4:37,False,0,{'id': '25'},"[{'athlete': {'id': '4683692'}}, {'athlete': {'id': '4592479'}}]",2026-05-29T02:16:58Z,True,"{'x': 29, 'y': 3}",2,Missed FG,277.0
401873202463,463,"{'id': '156', 'text': 'Offensive Rebound'}",Cason Wallace offensive rebound,64,85,3,4:34,False,0,{'id': '25'},[{'athlete': {'id': '4683692'}}],2026-05-29T02:17:01Z,False,"{'x': 29, 'y': 3}",0,Rebound,274.0
401873202464,464,"{'id': '92', 'text': 'Jump Shot'}",Alex Caruso misses 26-foot three point jumper,64,85,3,4:32,False,0,{'id': '25'},[{'athlete': {'id': '2991350'}}],2026-05-29T02:17:04Z,True,"{'x': 42, 'y': 21}",3,Missed 3PT,272.0
401873202465,465,"{'id': '155', 'text': 'Defensive Rebound'}",Devin Vassell defensive rebound,64,85,3,4:29,False,0,{'id': '24'},[{'athlete': {'id': '4395630'}}],2026-05-29T02:17:07Z,False,"{'x': 42, 'y': 21}",0,Rebound,269.0
401873202466,466,"{'id': '131', 'text': 'Pullup Jump Shot'}",Dylan Harper misses 9-foot pullup jump shot,64,85,3,4:21,False,0,{'id': '24'},[{'athlete': {'id': '5037871'}}],2026-05-29T02:17:14Z,True,"{'x': 31, 'y': 8}",2,Missed FG,261.0
401873202467,467,"{'id': '156', 'text': 'Offensive Rebound'}",Luke Kornet offensive rebound,64,85,3,4:18,False,0,{'id': '24'},[{'athlete': {'id': '3064560'}}],2026-05-29T02:17:17Z,False,"{'x': 31, 'y': 8}",0,Rebound,258.0
401873202468,468,"{'id': '62', 'text': 'Bad Pass\nTurnover'}","Luke Kornet bad pass
turnover (Alex Caruso steals)",64,85,3,4:17,False,0,{'id': '24'},"[{'athlete': {'id': '3064560'}}, {'athlete': {'id': '2991350'}}]",2026-05-29T02:17:20Z,False,"{'x': 15, 'y': 4}",0,Turnover,257.0
401873202470,470,"{'id': '92', 'text': 'Jump Shot'}",Shai Gilgeous-Alexander misses 26-foot three point jumper,64,85,3,4:10,False,0,{'id': '25'},[{'athlete': {'id': '4278073'}}],2026-05-29T02:17:27Z,True,"{'x': 5, 'y': 18}",3,Missed 3PT,250.0
401873202471,471,"{'id': '155', 'text': 'Defensive Rebound'}",Luke Kornet defensive rebound,64,85,3,4:06,False,0,{'id': '24'},[{'athlete': {'id': '3064560'}}],2026-05-29T02:17:31Z,False,"{'x': 5, 'y': 18}",0,Rebound,246.0
401873202472,472,"{'id': '16', 'text': 'Full Timeout'}",Spurs Full timeout,64,85,3,4:01,False,0,{'id': '24'},,2026-05-29T02:17:40Z,False,"{'x': -214748340, 'y': -214748365}",0,Timeout,241.0
401873202473,473,"{'id': '584', 'text': 'Substitution'}",Victor Wembanyama enters the game for Stephon Castle,64,85,3,4:01,False,0,{'id': '24'},"[{'athlete': {'id': '5104157'}}, {'athlete': {'id': '4845367'}}]",2026-05-29T02:18:56Z,False,"{'x': -214748340, 'y': -214748365}",0,Substitution,241.0
401873202474,474,"{'id': '584', 'text': 'Substitution'}",De'Aaron Fox enters the game for Devin Vassell,64,85,3,4:01,False,0,{'id': '24'},"[{'athlete': {'id': '4066259'}}, {'athlete': {'id': '4395630'}}]",2026-05-29T02:18:56Z,False,"{'x': -214748340, 'y': -214748365}",0,Substitution,241.0
401873202475,475,"{'id': '584', 'text': 'Substitution'}",Keldon Johnson enters the game for Luke Kornet,64,85,3,4:01,False,0,{'id': '24'},"[{'athlete': {'id': '4395723'}}, {'athlete': {'id': '3064560'}}]",2026-05-29T02:18:56Z,False,"{'x': -214748340, 'y': -214748365}",0,Substitution,241.0
401873202476,476,"{'id': '584', 'text': 'Substitution'}",Jaylin Williams enters the game for Shai Gilgeous-Alexander,64,85,3,4:01,False,0,{'id': '25'},"[{'athlete': {'id': '4432823'}}, {'athlete': {'id': '4278073'}}]",2026-05-29T02:18:56Z,False,"{'x': -214748340, 'y': -214748365}",0,Substitution,241.0
401873202477,477,"{'id': '584', 'text': 'Substitution'}",Chet Holmgren enters the game for Alex Caruso,64,85,3,4:01,False,0,{'id': '25'},"[{'athlete': {'id': '4433255'}}, {'athlete': {'id': '2991350'}}]",2026-05-29T02:18:56Z,False,"{'x': -214748340, 'y': -214748365}",0,Substitution,241.0
401873202478,478,"{'id': '584', 'text': 'Substitution'}",Isaiah Joe enters the game for Isaiah Hartenstein,64,85,3,4:01,False,0,{'id': '25'},"[{'athlete': {'id': '4395702'}}, {'athlete': {'id': '4222252'}}]",2026-05-29T02:18:56Z,False,"{'x': -214748340, 'y': -214748365}",0,Substitution,241.0
401873202499,499,"{'id': '584', 'text': 'Substitution'}",Jared McCain enters the game for Jalen Williams,64,85,3,4:01,False,0,{'id': '25'},"[{'athlete': {'id': '4683778'}}, {'athlete': {'id': '4593803'}}]",2026-05-29T02:18:56Z,False,"{'x': -214748340, 'y': -214748365}",0,Substitution,241.0
401873202485,485,"{'id': '128', 'text': 'Driving Finger Roll Layup'}",Julian Champagnie makes 2-foot two point shot (De'Aaron Fox assists),64,87,3,3:49,True,2,{'id': '24'},"[{'athlete': {'id': '4592479'}}, {'athlete': {'id': '4066259'}}]",2026-05-29T02:19:31Z,True,"{'x': 23, 'y': 2}",2,+2 Points,229.0
401873202487,487,"{'id': '62', 'text': 'Bad Pass\nTurnover'}","Cason Wallace bad pass
turnover (Julian Champagnie steals)",64,87,3,3:31,False,0,{'id': '25'},"[{'athlete': {'id': '4683692'}}, {'athlete': {'id': '4592479'}}]",2026-05-29T02:19:48Z,False,"{'x': 30, 'y': 3}",0,Turnover,211.0
401873202489,489,"{'id': '92', 'text': 'Jump Shot'}",Julian Champagnie misses 26-foot three point jumper,64,87,3,3:23,False,0,{'id': '24'},[{'athlete': {'id': '4592479'}}],2026-05-29T02:19:58Z,True,"{'x': 38, 'y': 23}",3,Missed 3PT,203.0
401873202490,490,"{'id': '155', 'text': 'Defensive Rebound'}",Chet Holmgren defensive rebound,64,87,3,3:19,False,0,{'id': '25'},[{'athlete': {'id': '4433255'}}],2026-05-29T02:20:02Z,False,"{'x': 38, 'y': 23}",0,Rebound,199.0
401873202491,491,"{'id': '92', 'text': 'Jump Shot'}",Isaiah Joe misses 25-foot three point jumper,64,87,3,3:03,False,0,{'id': '25'},[{'athlete': {'id': '4395702'}}],2026-05-29T02:20:18Z,True,"{'x': 7, 'y': 19}",3,Missed 3PT,183.0
401873202492,492,"{'id': '155', 'text': 'Defensive Rebound'}",Keldon Johnson defensive rebound,64,87,3,3:01,False,0,{'id': '24'},[{'athlete': {'id': '4395723'}}],2026-05-29T02:20:20Z,False,"{'x': 7, 'y': 19}",0,Rebound,181.0
401873202493,493,"{'id': '63', 'text': 'Lost Ball Turnover'}",Victor Wembanyama lost ball turnover (Jared McCain steals),64,87,3,2:48,False,0,{'id': '24'},"[{'athlete': {'id': '5104157'}}, {'athlete': {'id': '4683778'}}]",2026-05-29T02:20:31Z,False,"{'x': 31, 'y': 9}",0,Turnover,168.0
401873202495,495,"{'id': '129', 'text': 'Running Finger Roll Layup'}",Jared McCain misses two point shot,64,87,3,2:43,False,0,{'id': '25'},[{'athlete': {'id': '4683778'}}],2026-05-29T02:20:38Z,True,"{'x': 23, 'y': 1}",2,Missed FG,163.0
401873202496,496,"{'id': '155', 'text': 'Defensive Rebound'}",Julian Champagnie defensive rebound,64,87,3,2:41,False,0,{'id': '24'},[{'athlete': {'id': '4592479'}}],2026-05-29T02:20:40Z,False,"{'x': 23, 'y': 1}",0,Rebound,161.0
401873202497,497,"{'id': '45', 'text': 'Personal Foul'}",Cason Wallace personal foul,64,87,3,2:32,False,0,{'id': '25'},[{'athlete': {'id': '4683692'}}],2026-05-29T02:20:50Z,False,"{'x': 9, 'y': 16}",0,Foul,152.0
401873202501,501,"{'id': '98', 'text': 'Free Throw - 1 of 2'}",De'Aaron Fox misses free throw 1 of 2,64,87,3,2:32,False,0,{'id': '24'},[{'athlete': {'id': '4066259'}}],2026-05-29T02:21:16Z,True,"{'x': -214748340, 'y': -214748365}",1,Missed FT,152.0
401873202502,502,"{'id': '156', 'text': 'Offensive Rebound'}",Spurs offensive team rebound,64,87,3,2:32,False,0,{'id': '24'},,2026-05-29T02:21:16Z,False,"{'x': -214748340, 'y': -214748365}",0,Rebound,152.0
401873202503,503,"{'id': '584', 'text': 'Substitution'}",Harrison Barnes enters the game for Dylan Harper,64,87,3,2:32,False,0,{'id': '24'},"[{'athlete': {'id': '6578'}}, {'athlete': {'id': '5037871'}}]",2026-05-29T02:21:17Z,False,"{'x': -214748340, 'y': -214748365}",0,Substitution,152.0
401873202505,505,"{'id': '99', 'text': 'Free Throw - 2 of 2'}",De'Aaron Fox makes free throw 2 of 2,64,88,3,2:32,True,1,{'id': '24'},[{'athlete': {'id': '4066259'}}],2026-05-29T02:21:33Z,True,"{'x': -214748340, 'y': -214748365}",1,+1 Point,152.0
401873202506,506,"{'id': '90', 'text': 'Out of Bounds - Bad Pass Turnover'}",Jared McCain out of bounds bad pass turnover,64,88,3,2:25,False,0,{'id': '25'},[{'athlete': {'id': '4683778'}}],2026-05-29T02:21:44Z,False,"{'x': 49, 'y': 16}",0,Turnover,145.0
401873202507,507,"{'id': '92', 'text': 'Jump Shot'}",Julian Champagnie misses 25-foot three point jumper,64,88,3,2:13,False,0,{'id': '24'},[{'athlete': {'id': '4592479'}}],2026-05-29T02:22:11Z,True,"{'x': 47, 'y': 13}",3,Missed 3PT,133.0
401873202508,508,"{'id': '156', 'text': 'Offensive Rebound'}",Harrison Barnes offensive rebound,64,88,3,2:11,False,0,{'id': '24'},[{'athlete': {'id': '6578'}}],2026-05-29T02:22:13Z,False,"{'x': 47, 'y': 13}",0,Rebound,131.0
401873202509,509,"{'id': '133', 'text': 'Pullup Bank Jump Shot'}",Keldon Johnson misses 7-foot two point shot,64,88,3,2:03,False,0,{'id': '24'},[{'athlete': {'id': '4395723'}}],2026-05-29T02:22:24Z,True,"{'x': 31, 'y': 5}",2,Missed FG,123.0
401873202510,510,"{'id': '156', 'text': 'Offensive Rebound'}",Spurs offensive team rebound,64,88,3,2:01,False,0,{'id': '24'},,2026-05-29T02:22:26Z,False,"{'x': 31, 'y': 5}",0,Rebound,121.0
401873202511,511,"{'id': '43', 'text': 'Loose Ball Foul'}",Cason Wallace loose ball foul,64,88,3,2:01,False,0,{'id': '25'},[{'athlete': {'id': '4683692'}}],2026-05-29T02:22:30Z,False,"{'x': 23, 'y': 3}",0,Foul,121.0
401873202513,513,"{'id': '98', 'text': 'Free Throw - 1 of 2'}",Victor Wembanyama makes free throw 1 of 2,64,89,3,2:01,True,1,{'id': '24'},[{'athlete': {'id': '5104157'}}],2026-05-29T02:23:00Z,True,"{'x': -214748340, 'y': -214748365}",1,+1 Point,121.0
401873202514,514,"{'id': '584', 'text': 'Substitution'}",Kenrich Williams enters the game for Jared McCain,64,89,3,2:01,False,0,{'id': '25'},"[{'athlete': {'id': '3133626'}}, {'athlete': {'id': '4683778'}}]",2026-05-29T02:23:03Z,False,"{'x': -214748340, 'y': -214748365}",0,Substitution,121.0
401873202515,515,"{'id': '584', 'text': 'Substitution'}",Shai Gilgeous-Alexander enters the game for Cason Wallace,64,89,3,2:01,False,0,{'id': '25'},"[{'athlete': {'id': '4278073'}}, {'athlete': {'id': '4683692'}}]",2026-05-29T02:23:03Z,False,"{'x': -214748340, 'y': -214748365}",0,Substitution,121.0
401873202518,518,"{'id': '99', 'text': 'Free Throw - 2 of 2'}",Victor Wembanyama makes free throw 2 of 2,64,90,3,2:01,True,1,{'id': '24'},[{'athlete': {'id': '5104157'}}],2026-05-29T02:23:34Z,True,"{'x': -214748340, 'y': -214748365}",1,+1 Point,121.0
401873202519,519,"{'id': '137', 'text': 'Turnaround Fade Away Jump Shot'}",Kenrich Williams misses 6-foot two point shot,64,90,3,1:45,False,0,{'id': '25'},[{'athlete': {'id': '3133626'}}],2026-05-29T02:23:51Z,True,"{'x': 20, 'y': 4}",2,Missed FG,105.0
401873202520,520,"{'id': '155', 'text': 'Defensive Rebound'}",De'Aaron Fox defensive rebound,64,90,3,1:41,False,0,{'id': '24'},[{'athlete': {'id': '4066259'}}],2026-05-29T02:23:55Z,False,"{'x': 20, 'y': 4}",0,Rebound,101.0
401873202521,521,"{'id': '113', 'text': 'Running Jump Shot'}",Keldon Johnson misses 23-foot running jump shot,64,90,3,1:40,False,0,{'id': '24'},[{'athlete': {'id': '4395723'}}],2026-05-29T02:23:59Z,True,"{'x': 48, 'y': 1}",3,Missed 3PT,100.0
401873202522,522,"{'id': '156', 'text': 'Offensive Rebound'}",Victor Wembanyama offensive rebound,64,90,3,1:38,False,0,{'id': '24'},[{'athlete': {'id': '5104157'}}],2026-05-29T02:24:01Z,False,"{'x': 48, 'y': 1}",0,Rebound,98.0
401873202523,523,"{'id': '94', 'text': 'Tip Shot'}",Victor Wembanyama misses tip shot,64,90,3,1:38,False,0,{'id': '24'},[{'athlete': {'id': '5104157'}}],2026-05-29T02:24:03Z,True,"{'x': 25, 'y': 0}",2,Missed FG,98.0
401873202524,524,"{'id': '155', 'text': 'Defensive Rebound'}",Kenrich Williams defensive rebound,64,90,3,1:36,False,0,{'id': '25'},[{'athlete': {'id': '3133626'}}],2026-05-29T02:24:05Z,False,"{'x': 25, 'y': 0}",0,Rebound,96.0
401873202525,525,"{'id': '147', 'text': 'Step Back Bank Jump Shot'}",Shai Gilgeous-Alexander misses two point shot,64,90,3,1:24,False,0,{'id': '25'},[{'athlete': {'id': '4278073'}}],2026-05-29T02:24:12Z,True,"{'x': 35, 'y': 4}",2,Missed FG,84.0
401873202526,526,"{'id': '155', 'text': 'Defensive Rebound'}",Keldon Johnson defensive rebound,64,90,3,1:22,False,0,{'id': '24'},[{'athlete': {'id': '4395723'}}],2026-05-29T02:24:14Z,False,"{'x': 35, 'y': 4}",0,Rebound,82.0
401873202527,527,"{'id': '45', 'text': 'Personal Foul'}",Kenrich Williams personal foul,64,90,3,1:16,False,0,{'id': '25'},[{'athlete': {'id': '3133626'}}],2026-05-29T02:24:23Z,False,"{'x': 21, 'y': 6}",0,Foul,76.0
401873202529,529,"{'id': '98', 'text': 'Free Throw - 1 of 2'}",De'Aaron Fox makes free throw 1 of 2,64,91,3,1:16,True,1,{'id': '24'},[{'athlete': {'id': '4066259'}}],2026-05-29T02:24:47Z,True,"{'x': -214748340, 'y': -214748365}",1,+1 Point,76.0
401873202530,530,"{'id': '584', 'text': 'Substitution'}",Stephon Castle enters the game for Julian Champagnie,64,91,3,1:16,False,0,{'id': '24'},"[{'athlete': {'id': '4845367'}}, {'athlete': {'id': '4592479'}}]",2026-05-29T02:24:53Z,False,"{'x': -214748340, 'y': -214748365}",0,Substitution,76.0
401873202532,532,"{'id': '99', 'text': 'Free Throw - 2 of 2'}",De'Aaron Fox makes free throw 2 of 2,64,92,3,1:16,True,1,{'id': '24'},[{'athlete': {'id': '4066259'}}],2026-05-29T02:25:10Z,True,"{'x': -214748340, 'y': -214748365}",1,+1 Point,76.0
401873202533,533,"{'id': '112', 'text': 'Reverse Layup Shot'}",Chet Holmgren makes reverse layup (Isaiah Joe assists),66,92,3,55.8,True,2,{'id': '25'},"[{'athlete': {'id': '4433255'}}, {'athlete': {'id': '4395702'}}]",2026-05-29T02:25:34Z,True,"{'x': 26, 'y': 1}",2,+2 Points,55.8
401873202535,535,"{'id': '121', 'text': 'Fade Away Jump Shot'}",De'Aaron Fox misses 11-foot fade away jump shot,66,92,3,37.2,False,0,{'id': '24'},[{'athlete': {'id': '4066259'}}],2026-05-29T02:25:54Z,True,"{'x': 26, 'y': 12}",2,Missed FG,37.2
401873202536,536,"{'id': '155', 'text': 'Defensive Rebound'}",Jaylin Williams defensive rebound,66,92,3,34.9,False,0,{'id': '25'},[{'athlete': {'id': '4432823'}}],2026-05-29T02:25:56Z,False,"{'x': 26, 'y': 12}",0,Rebound,34.9
401873202537,537,"{'id': '92', 'text': 'Jump Shot'}",Jaylin Williams misses 25-foot three point jumper,66,92,3,28.9,False,0,{'id': '25'},[{'athlete': {'id': '4432823'}}],2026-05-29T02:26:02Z,True,"{'x': 5, 'y': 15}",3,Missed 3PT,28.9
401873202538,538,"{'id': '155', 'text': 'Defensive Rebound'}",Stephon Castle defensive rebound,66,92,3,26.1,False,0,{'id': '24'},[{'athlete': {'id': '4845367'}}],2026-05-29T02:26:05Z,False,"{'x': 5, 'y': 15}",0,Rebound,26.1
401873202539,539,"{'id': '110', 'text': 'Driving Layup Shot'}",Chet Holmgren blocks Victor Wembanyama 's 8-foot driving layup,66,92,3,7.1,False,0,{'id': '24'},"[{'athlete': {'id': '5104157'}}, {'athlete': {'id': '4433255'}}]",2026-05-29T02:26:25Z,True,"{'x': 18, 'y': 4}",2,Missed FG,7.1
401873202541,541,"{'id': '155', 'text': 'Defensive Rebound'}",Thunder defensive team rebound,66,92,3,4.5,False,0,{'id': '25'},,2026-05-29T02:26:28Z,False,"{'x': 18, 'y': 4}",0,Rebound,4.5
401873202543,543,"{'id': '137', 'text': 'Turnaround Fade Away Jump Shot'}",Victor Wembanyama blocks Chet Holmgren 's 3-foot two point shot,66,92,3,1.8,False,0,{'id': '25'},"[{'athlete': {'id': '4433255'}}, {'athlete': {'id': '5104157'}}]",2026-05-29T02:26:39Z,True,"{'x': 22, 'y': 1}",2,Missed FG,1.8
401873202545,545,"{'id': '156', 'text': 'Offensive Rebound'}",Isaiah Joe offensive rebound,66,92,3,0.3,False,0,{'id': '25'},[{'athlete': {'id': '4395702'}}],2026-05-29T02:26:40Z,False,"{'x': 22, 'y': 1}",0,Rebound,0.3
401873202546,546,"{'id': '412', 'text': 'End Period'}",End of the 3rd Quarter,66,92,3,0.0,False,0,,,2026-05-29T02:26:47Z,False,"{'x': -214748340, 'y': -214748365}",0,End of 3rd,0.0
401873202547,547,"{'id': '584', 'text': 'Substitution'}",Jared McCain enters the game for Shai Gilgeous-Alexander,66,92,4,12:00,False,0,{'id': '25'},"[{'athlete': {'id': '4683778'}}, {'athlete': {'id': '4278073'}}]",2026-05-29T02:29:49Z,False,"{'x': -214748340, 'y': -214748365}",0,Substitution,720.0
401873202548,548,"{'id': '584', 'text': 'Substitution'}",Luguentz Dort enters the game for Chet Holmgren,66,92,4,12:00,False,0,{'id': '25'},"[{'athlete': {'id': '4397020'}}, {'athlete': {'id': '4433255'}}]",2026-05-29T02:29:49Z,False,"{'x': -214748340, 'y': -214748365}",0,Substitution,720.0
401873202552,552,"{'id': '136', 'text': 'Turnaround Bank Jump Shot'}",Victor Wembanyama misses 12-foot two point shot,66,92,4,11:42,False,0,{'id': '24'},[{'athlete': {'id': '5104157'}}],2026-05-29T02:30:44Z,True,"{'x': 33, 'y': 10}",2,Missed FG,702.0
401873202553,553,"{'id': '155', 'text': 'Defensive Rebound'}",Jaylin Williams defensive rebound,66,92,4,11:40,False,0,{'id': '25'},[{'athlete': {'id': '4432823'}}],2026-05-29T02:30:46Z,False,"{'x': 33, 'y': 10}",0,Rebound,700.0
401873202554,554,"{'id': '92', 'text': 'Jump Shot'}",Jared McCain makes 23-foot three point jumper (Isaiah Joe assists),69,92,4,11:28,True,3,{'id': '25'},"[{'athlete': {'id': '4683778'}}, {'athlete': {'id': '4395702'}}]",2026-05-29T02:30:54Z,True,"{'x': 2, 'y': 1}",3,+3 Points,688.0
401873202556,556,"{'id': '92', 'text': 'Jump Shot'}",Harrison Barnes makes 26-foot three point jumper (Stephon Castle assists),69,95,4,11:10,True,3,{'id': '24'},"[{'athlete': {'id': '6578'}}, {'athlete': {'id': '4845367'}}]",2026-05-29T02:31:12Z,True,"{'x': 4, 'y': 16}",3,+3 Points,670.0
401873202558,558,"{'id': '144', 'text': 'Driving Floating Jump Shot'}",Jared McCain makes 9-foot driving floating jump shot (Kenrich Williams assists),71,95,4,10:55,True,2,{'id': '25'},"[{'athlete': {'id': '4683778'}}, {'athlete': {'id': '3133626'}}]",2026-05-29T02:31:31Z,True,"{'x': 27, 'y': 10}",2,+2 Points,655.0
401873202560,560,"{'id': '44', 'text': 'Shooting Foul'}",Stephon Castle shooting foul,71,95,4,10:55,False,0,{'id': '24'},[{'athlete': {'id': '4845367'}}],2026-05-29T02:31:35Z,False,"{'x': 26, 'y': 6}",0,Foul,655.0
401873202562,562,"{'id': '16', 'text': 'Full Timeout'}",Spurs Full timeout,71,95,4,10:55,False,0,{'id': '24'},,2026-05-29T02:32:02Z,False,"{'x': -214748340, 'y': -214748365}",0,Timeout,655.0
401873202563,563,"{'id': '216', 'text': ""Coach's Challenge (Stands)""}",(10:55) [Spurs] COACH'S CHALLENGE (CALL STANDS) [Spurs] charged with a timeout,71,95,4,10:55,False,0,{'id': '24'},,2026-05-29T02:32:04Z,False,"{'x': -214748340, 'y': -214748365}",0,Challenge,655.0
401873202564,564,"{'id': '584', 'text': 'Substitution'}",Dylan Harper enters the game for De'Aaron Fox,71,95,4,10:55,False,0,{'id': '24'},"[{'athlete': {'id': '5037871'}}, {'athlete': {'id': '4066259'}}]",2026-05-29T02:34:02Z,False,"{'x': -214748340, 'y': -214748365}",0,Substitution,655.0
401873202566,566,"{'id': '97', 'text': 'Free Throw - 1 of 1'}",Jared McCain makes free throw 1 of 1,72,95,4,10:55,True,1,{'id': '25'},[{'athlete': {'id': '4683778'}}],2026-05-29T02:35:40Z,True,"{'x': -214748340, 'y': -214748365}",1,+1 Point,655.0
401873202567,567,"{'id': '92', 'text': 'Jump Shot'}",Keldon Johnson misses 25-foot three point jumper,72,95,4,10:36,False,0,{'id': '24'},[{'athlete': {'id': '4395723'}}],2026-05-29T02:36:02Z,True,"{'x': 1, 'y': 6}",3,Missed 3PT,636.0
401873202568,568,"{'id': '155', 'text': 'Defensive Rebound'}",Jaylin Williams defensive rebound,72,95,4,10:34,False,0,{'id': '25'},[{'athlete': {'id': '4432823'}}],2026-05-29T02:36:04Z,False,"{'x': 1, 'y': 6}",0,Rebound,634.0
401873202569,569,"{'id': '90', 'text': 'Out of Bounds - Bad Pass Turnover'}",Luguentz Dort out of bounds bad pass turnover,72,95,4,10:23,False,0,{'id': '25'},[{'athlete': {'id': '4397020'}}],2026-05-29T02:36:17Z,False,"{'x': 2, 'y': 12}",0,Turnover,623.0
401873202570,570,"{'id': '118', 'text': 'Alley Oop Dunk Shot'}",Victor Wembanyama makes 1-foot alley oop dunk (Stephon Castle assists),72,97,4,10:05,True,2,{'id': '24'},"[{'athlete': {'id': '5104157'}}, {'athlete': {'id': '4845367'}}]",2026-05-29T02:36:39Z,True,"{'x': 25, 'y': 2}",2,+2 Points,605.0
401873202572,572,"{'id': '44', 'text': 'Shooting Foul'}",Stephon Castle shooting foul,72,97,4,9:51,False,0,{'id': '24'},[{'athlete': {'id': '4845367'}}],2026-05-29T02:36:55Z,False,"{'x': 25, 'y': 7}",0,Foul,591.0
401873202574,574,"{'id': '98', 'text': 'Free Throw - 1 of 2'}",Jared McCain makes free throw 1 of 2,73,97,4,9:51,True,1,{'id': '25'},[{'athlete': {'id': '4683778'}}],2026-05-29T02:37:24Z,True,"{'x': -214748340, 'y': -214748365}",1,+1 Point,591.0
401873202575,575,"{'id': '99', 'text': 'Free Throw - 2 of 2'}",Jared McCain makes free throw 2 of 2,74,97,4,9:51,True,1,{'id': '25'},[{'athlete': {'id': '4683778'}}],2026-05-29T02:37:47Z,True,"{'x': -214748340, 'y': -214748365}",1,+1 Point,591.0
401873202576,576,"{'id': '92', 'text': 'Jump Shot'}",Harrison Barnes makes 23-foot three point jumper (Dylan Harper assists),74,100,4,9:38,True,3,{'id': '24'},"[{'athlete': {'id': '6578'}}, {'athlete': {'id': '5037871'}}]",2026-05-29T02:38:03Z,True,"{'x': 48, 'y': 4}",3,+3 Points,578.0
401873202578,578,"{'id': '92', 'text': 'Jump Shot'}",Luguentz Dort misses 23-foot three point jumper,74,100,4,9:24,False,0,{'id': '25'},[{'athlete': {'id': '4397020'}}],2026-05-29T02:38:16Z,True,"{'x': 48, 'y': 2}",3,Missed 3PT,564.0
401873202579,579,"{'id': '156', 'text': 'Offensive Rebound'}",Isaiah Joe offensive rebound,74,100,4,9:20,False,0,{'id': '25'},[{'athlete': {'id': '4395702'}}],2026-05-29T02:38:20Z,False,"{'x': 48, 'y': 2}",0,Rebound,560.0
401873202580,580,"{'id': '90', 'text': 'Out of Bounds - Bad Pass Turnover'}",Isaiah Joe out of bounds bad pass turnover,74,100,4,9:20,False,0,{'id': '25'},[{'athlete': {'id': '4395702'}}],2026-05-29T02:38:22Z,False,"{'x': 3, 'y': 11}",0,Turnover,560.0
401873202581,581,"{'id': '584', 'text': 'Substitution'}",Luke Kornet enters the game for Victor Wembanyama,74,100,4,9:20,False,0,{'id': '24'},"[{'athlete': {'id': '3064560'}}, {'athlete': {'id': '5104157'}}]",2026-05-29T02:38:28Z,False,"{'x': -214748340, 'y': -214748365}",0,Substitution,560.0
401873202583,583,"{'id': '118', 'text': 'Alley Oop Dunk Shot'}",Luke Kornet makes 1-foot alley oop dunk (Dylan Harper assists),74,102,4,9:05,True,2,{'id': '24'},"[{'athlete': {'id': '3064560'}}, {'athlete': {'id': '5037871'}}]",2026-05-29T02:38:53Z,True,"{'x': 26, 'y': 1}",2,+2 Points,545.0
401873202585,585,"{'id': '92', 'text': 'Jump Shot'}",Kenrich Williams makes 26-foot three point jumper (Jared McCain assists),77,102,4,8:51,True,3,{'id': '25'},"[{'athlete': {'id': '3133626'}}, {'athlete': {'id': '4683778'}}]",2026-05-29T02:39:06Z,True,"{'x': 42, 'y': 21}",3,+3 Points,531.0
401873202587,587,"{'id': '43', 'text': 'Loose Ball Foul'}",Luguentz Dort loose ball foul,77,102,4,8:51,False,0,{'id': '25'},[{'athlete': {'id': '4397020'}}],2026-05-29T02:39:12Z,False,"{'x': 31, 'y': -1}",0,Foul,531.0
401873202589,589,"{'id': '92', 'text': 'Jump Shot'}",Harrison Barnes misses 23-foot three point jumper,77,102,4,8:34,False,0,{'id': '24'},[{'athlete': {'id': '6578'}}],2026-05-29T02:39:37Z,True,"{'x': 2, 'y': 2}",3,Missed 3PT,514.0
401873202590,590,"{'id': '155', 'text': 'Defensive Rebound'}",Thunder defensive team rebound,77,102,4,8:32,False,0,{'id': '25'},,2026-05-29T02:39:39Z,False,"{'x': 2, 'y': 2}",0,Rebound,512.0
401873202592,592,"{'id': '62', 'text': 'Bad Pass\nTurnover'}","Kenrich Williams bad pass
turnover (Keldon Johnson steals)",77,102,4,8:18,False,0,{'id': '25'},"[{'athlete': {'id': '3133626'}}, {'athlete': {'id': '4395723'}}]",2026-05-29T02:40:02Z,False,"{'x': 31, 'y': 4}",0,Turnover,498.0
401873202594,594,"{'id': '109', 'text': 'Running Layup Shot'}",Dylan Harper misses running layup,77,102,4,8:15,False,0,{'id': '24'},[{'athlete': {'id': '5037871'}}],2026-05-29T02:40:07Z,True,"{'x': 24, 'y': 2}",2,Missed FG,495.0
401873202595,595,"{'id': '155', 'text': 'Defensive Rebound'}",Jared McCain defensive rebound,77,102,4,8:13,False,0,{'id': '25'},[{'athlete': {'id': '4683778'}}],2026-05-29T02:40:09Z,False,"{'x': 24, 'y': 2}",0,Rebound,493.0
401873202596,596,"{'id': '116', 'text': 'Running Dunk Shot'}",Jaylin Williams makes running dunk (Jared McCain assists),79,102,4,8:09,True,2,{'id': '25'},"[{'athlete': {'id': '4432823'}}, {'athlete': {'id': '4683778'}}]",2026-05-29T02:40:14Z,True,"{'x': 25, 'y': 1}",2,+2 Points,489.0
401873202598,598,"{'id': '126', 'text': 'Layup Driving Reverse'}",Stephon Castle makes two point shot,79,104,4,7:47,True,2,{'id': '24'},[{'athlete': {'id': '4845367'}}],2026-05-29T02:40:36Z,True,"{'x': 24, 'y': 2}",2,+2 Points,467.0
401873202599,599,"{'id': '44', 'text': 'Shooting Foul'}",Luguentz Dort shooting foul,79,104,4,7:47,False,0,{'id': '25'},[{'athlete': {'id': '4397020'}}],2026-05-29T02:40:39Z,False,"{'x': 24, 'y': 2}",0,Foul,467.0
401873202601,601,"{'id': '584', 'text': 'Substitution'}",Carter Bryant enters the game for Dylan Harper,79,104,4,7:47,False,0,{'id': '24'},"[{'athlete': {'id': '5061568'}}, {'athlete': {'id': '5037871'}}]",2026-05-29T02:41:12Z,False,"{'x': -214748340, 'y': -214748365}",0,Substitution,467.0
401873202603,603,"{'id': '97', 'text': 'Free Throw - 1 of 1'}",Stephon Castle makes free throw 1 of 1,79,105,4,7:47,True,1,{'id': '24'},[{'athlete': {'id': '4845367'}}],2026-05-29T02:41:33Z,True,"{'x': -214748340, 'y': -214748365}",1,+1 Point,467.0
401873202604,604,"{'id': '92', 'text': 'Jump Shot'}",Jared McCain misses 26-foot three point jumper,79,105,4,7:35,False,0,{'id': '25'},[{'athlete': {'id': '4683778'}}],2026-05-29T02:41:46Z,True,"{'x': 8, 'y': 20}",3,Missed 3PT,455.0
401873202605,605,"{'id': '155', 'text': 'Defensive Rebound'}",Carter Bryant defensive rebound,79,105,4,7:34,False,0,{'id': '24'},[{'athlete': {'id': '5061568'}}],2026-05-29T02:41:47Z,False,"{'x': 8, 'y': 20}",0,Rebound,454.0
401873202606,606,"{'id': '109', 'text': 'Running Layup Shot'}",Stephon Castle misses running layup,79,105,4,7:29,False,0,{'id': '24'},[{'athlete': {'id': '4845367'}}],2026-05-29T02:41:54Z,True,"{'x': 28, 'y': 2}",2,Missed FG,449.0
401873202607,607,"{'id': '156', 'text': 'Offensive Rebound'}",Luke Kornet offensive rebound,79,105,4,7:28,False,0,{'id': '24'},[{'athlete': {'id': '3064560'}}],2026-05-29T02:41:55Z,False,"{'x': 28, 'y': 2}",0,Rebound,448.0
401873202608,608,"{'id': '44', 'text': 'Shooting Foul'}",Isaiah Joe shooting foul,79,105,4,7:26,False,0,{'id': '25'},[{'athlete': {'id': '4395702'}}],2026-05-29T02:42:00Z,False,"{'x': 24, 'y': 2}",0,Foul,446.0
401873202610,610,"{'id': '98', 'text': 'Free Throw - 1 of 2'}",Luke Kornet misses free throw 1 of 2,79,105,4,7:26,False,0,{'id': '24'},[{'athlete': {'id': '3064560'}}],2026-05-29T02:42:26Z,True,"{'x': -214748340, 'y': -214748365}",1,Missed FT,446.0
401873202611,611,"{'id': '156', 'text': 'Offensive Rebound'}",Spurs offensive team rebound,79,105,4,7:26,False,0,{'id': '24'},,2026-05-29T02:42:26Z,False,"{'x': -214748340, 'y': -214748365}",0,Rebound,446.0
401873202612,612,"{'id': '584', 'text': 'Substitution'}",Jordan McLaughlin enters the game for Stephon Castle,79,105,4,7:26,False,0,{'id': '24'},"[{'athlete': {'id': '3134916'}}, {'athlete': {'id': '4845367'}}]",2026-05-29T02:42:27Z,False,"{'x': -214748340, 'y': -214748365}",0,Substitution,446.0
401873202614,614,"{'id': '584', 'text': 'Substitution'}",Aaron Wiggins enters the game for Luguentz Dort,79,105,4,7:26,False,0,{'id': '25'},"[{'athlete': {'id': '4397183'}}, {'athlete': {'id': '4397020'}}]",2026-05-29T02:42:35Z,False,"{'x': -214748340, 'y': -214748365}",0,Substitution,446.0
401873202616,616,"{'id': '99', 'text': 'Free Throw - 2 of 2'}",Luke Kornet makes free throw 2 of 2,79,106,4,7:26,True,1,{'id': '24'},[{'athlete': {'id': '3064560'}}],2026-05-29T02:42:59Z,True,"{'x': -214748340, 'y': -214748365}",1,+1 Point,446.0
401873202617,617,"{'id': '92', 'text': 'Jump Shot'}",Isaiah Joe makes 25-foot three point jumper (Jared McCain assists),82,106,4,7:08,True,3,{'id': '25'},"[{'athlete': {'id': '4395702'}}, {'athlete': {'id': '4683778'}}]",2026-05-29T02:43:18Z,True,"{'x': 44, 'y': 18}",3,+3 Points,428.0
401873202619,619,"{'id': '120', 'text': 'Turnaround Hook Shot'}",Keldon Johnson makes 8-foot two point shot,82,108,4,6:47,True,2,{'id': '24'},[{'athlete': {'id': '4395723'}}],2026-05-29T02:43:38Z,True,"{'x': 25, 'y': 9}",2,+2 Points,407.0
401873202620,620,"{'id': '92', 'text': 'Jump Shot'}",Isaiah Joe misses 26-foot three point jumper,82,108,4,6:35,False,0,{'id': '25'},[{'athlete': {'id': '4395702'}}],2026-05-29T02:43:50Z,True,"{'x': 6, 'y': 20}",3,Missed 3PT,395.0
401873202621,621,"{'id': '155', 'text': 'Defensive Rebound'}",Jordan McLaughlin defensive rebound,82,108,4,6:31,False,0,{'id': '24'},[{'athlete': {'id': '3134916'}}],2026-05-29T02:43:54Z,False,"{'x': 6, 'y': 20}",0,Rebound,391.0
401873202622,622,"{'id': '92', 'text': 'Jump Shot'}",Carter Bryant misses 23-foot three point jumper,82,108,4,6:18,False,0,{'id': '24'},[{'athlete': {'id': '5061568'}}],2026-05-29T02:44:07Z,True,"{'x': 48, 'y': 5}",3,Missed 3PT,378.0
401873202623,623,"{'id': '156', 'text': 'Offensive Rebound'}",Spurs offensive team rebound,82,108,4,6:17,False,0,{'id': '24'},,2026-05-29T02:44:08Z,False,"{'x': 48, 'y': 5}",0,Rebound,377.0
401873202624,624,"{'id': '43', 'text': 'Loose Ball Foul'}",Jaylin Williams loose ball foul,82,108,4,6:17,False,0,{'id': '25'},[{'athlete': {'id': '4432823'}}],2026-05-29T02:44:12Z,False,"{'x': 19, 'y': 2}",0,Foul,377.0
401873202626,626,"{'id': '584', 'text': 'Substitution'}",Lindy Waters III enters the game for Luke Kornet,82,108,4,6:17,False,0,{'id': '24'},"[{'athlete': {'id': '4066317'}}, {'athlete': {'id': '3064560'}}]",2026-05-29T02:44:21Z,False,"{'x': -214748340, 'y': -214748365}",0,Substitution,377.0
401873202627,627,"{'id': '584', 'text': 'Substitution'}",Nikola Topic enters the game for Jaylin Williams,82,108,4,6:17,False,0,{'id': '25'},"[{'athlete': {'id': '5159925'}}, {'athlete': {'id': '4432823'}}]",2026-05-29T02:44:21Z,False,"{'x': -214748340, 'y': -214748365}",0,Substitution,377.0
401873202630,630,"{'id': '120', 'text': 'Turnaround Hook Shot'}",Keldon Johnson makes 8-foot two point shot (Jordan McLaughlin assists),82,110,4,6:07,True,2,{'id': '24'},"[{'athlete': {'id': '4395723'}}, {'athlete': {'id': '3134916'}}]",2026-05-29T02:44:49Z,True,"{'x': 24, 'y': 8}",2,+2 Points,367.0
401873202632,632,"{'id': '131', 'text': 'Pullup Jump Shot'}",Kenrich Williams misses 19-foot pullup jump shot,82,110,4,5:53,False,0,{'id': '25'},[{'athlete': {'id': '3133626'}}],2026-05-29T02:45:03Z,True,"{'x': 39, 'y': 13}",2,Missed FG,353.0
401873202633,633,"{'id': '155', 'text': 'Defensive Rebound'}",Carter Bryant defensive rebound,82,110,4,5:52,False,0,{'id': '24'},[{'athlete': {'id': '5061568'}}],2026-05-29T02:45:04Z,False,"{'x': 39, 'y': 13}",0,Rebound,352.0
401873202634,634,"{'id': '113', 'text': 'Running Jump Shot'}",Harrison Barnes misses 23-foot running jump shot,82,110,4,5:45,False,0,{'id': '24'},[{'athlete': {'id': '6578'}}],2026-05-29T02:45:12Z,True,"{'x': 1, 'y': 2}",3,Missed 3PT,345.0
401873202635,635,"{'id': '156', 'text': 'Offensive Rebound'}",Keldon Johnson offensive rebound,82,110,4,5:44,False,0,{'id': '24'},[{'athlete': {'id': '4395723'}}],2026-05-29T02:45:13Z,False,"{'x': 1, 'y': 2}",0,Rebound,344.0
401873202636,636,"{'id': '63', 'text': 'Lost Ball Turnover'}",Harrison Barnes lost ball turnover (Nikola Topic steals),82,110,4,5:32,False,0,{'id': '24'},"[{'athlete': {'id': '6578'}}, {'athlete': {'id': '5159925'}}]",2026-05-29T02:45:24Z,False,"{'x': 19, 'y': 7}",0,Turnover,332.0
401873202638,638,"{'id': '113', 'text': 'Running Jump Shot'}",Kenrich Williams misses 25-foot running jump shot,82,110,4,5:26,False,0,{'id': '25'},[{'athlete': {'id': '3133626'}}],2026-05-29T02:45:30Z,True,"{'x': 28, 'y': 26}",3,Missed 3PT,326.0
401873202639,639,"{'id': '156', 'text': 'Offensive Rebound'}",Isaiah Joe offensive rebound,82,110,4,5:23,False,0,{'id': '25'},[{'athlete': {'id': '4395702'}}],2026-05-29T02:45:33Z,False,"{'x': 28, 'y': 26}",0,Rebound,323.0
401873202640,640,"{'id': '44', 'text': 'Shooting Foul'}",Lindy Waters III shooting foul,82,110,4,5:15,False,0,{'id': '24'},[{'athlete': {'id': '4066317'}}],2026-05-29T02:45:43Z,False,"{'x': 23, 'y': 1}",0,Foul,315.0
401873202642,642,"{'id': '98', 'text': 'Free Throw - 1 of 2'}",Kenrich Williams makes free throw 1 of 2,83,110,4,5:15,True,1,{'id': '25'},[{'athlete': {'id': '3133626'}}],2026-05-29T02:46:17Z,True,"{'x': -214748340, 'y': -214748365}",1,+1 Point,315.0
401873202643,643,"{'id': '584', 'text': 'Substitution'}",Kelly Olynyk enters the game for Keldon Johnson,83,110,4,5:15,False,0,{'id': '24'},"[{'athlete': {'id': '2489663'}}, {'athlete': {'id': '4395723'}}]",2026-05-29T02:46:18Z,False,"{'x': -214748340, 'y': -214748365}",0,Substitution,315.0
401873202644,644,"{'id': '584', 'text': 'Substitution'}",Bismack Biyombo enters the game for Harrison Barnes,83,110,4,5:15,False,0,{'id': '24'},"[{'athlete': {'id': '6427'}}, {'athlete': {'id': '6578'}}]",2026-05-29T02:46:18Z,False,"{'x': -214748340, 'y': -214748365}",0,Substitution,315.0
401873202645,645,"{'id': '584', 'text': 'Substitution'}",Luguentz Dort enters the game for Jared McCain,83,110,4,5:15,False,0,{'id': '25'},"[{'athlete': {'id': '4397020'}}, {'athlete': {'id': '4683778'}}]",2026-05-29T02:46:18Z,False,"{'x': -214748340, 'y': -214748365}",0,Substitution,315.0
401873202649,649,"{'id': '99', 'text': 'Free Throw - 2 of 2'}",Kenrich Williams makes free throw 2 of 2,84,110,4,5:15,True,1,{'id': '25'},[{'athlete': {'id': '3133626'}}],2026-05-29T02:46:45Z,True,"{'x': -214748340, 'y': -214748365}",1,+1 Point,315.0
401873202650,650,"{'id': '145', 'text': 'Driving Floating Bank Jump Shot'}",Jordan McLaughlin misses two point shot,84,110,4,5:00,False,0,{'id': '24'},[{'athlete': {'id': '3134916'}}],2026-05-29T02:47:01Z,True,"{'x': 28, 'y': 2}",2,Missed FG,300.0
401873202651,651,"{'id': '155', 'text': 'Defensive Rebound'}",Isaiah Joe defensive rebound,84,110,4,4:59,False,0,{'id': '25'},[{'athlete': {'id': '4395702'}}],2026-05-29T02:47:02Z,False,"{'x': 28, 'y': 2}",0,Rebound,299.0
401873202652,652,"{'id': '128', 'text': 'Driving Finger Roll Layup'}",Kenrich Williams misses two point shot,84,110,4,4:49,False,0,{'id': '25'},[{'athlete': {'id': '3133626'}}],2026-05-29T02:47:11Z,True,"{'x': 23, 'y': 1}",2,Missed FG,289.0
401873202653,653,"{'id': '155', 'text': 'Defensive Rebound'}",Carter Bryant defensive rebound,84,110,4,4:46,False,0,{'id': '24'},[{'athlete': {'id': '5061568'}}],2026-05-29T02:47:14Z,False,"{'x': 23, 'y': 1}",0,Rebound,286.0
401873202654,654,"{'id': '64', 'text': 'Traveling'}",Carter Bryant traveling turnover,84,110,4,4:34,False,0,{'id': '24'},[{'athlete': {'id': '5061568'}}],2026-05-29T02:47:28Z,False,"{'x': 38, 'y': 16}",0,Turnover,274.0
401873202655,655,"{'id': '584', 'text': 'Substitution'}",Mason Plumlee enters the game for Carter Bryant,84,110,4,4:34,False,0,{'id': '24'},"[{'athlete': {'id': '2488653'}}, {'athlete': {'id': '5061568'}}]",2026-05-29T02:47:32Z,False,"{'x': -214748340, 'y': -214748365}",0,Substitution,274.0
401873202657,657,"{'id': '16', 'text': 'Full Timeout'}",Thunder Full timeout,84,110,4,4:34,False,0,{'id': '25'},,2026-05-29T02:47:45Z,False,"{'x': -214748340, 'y': -214748365}",0,Timeout,274.0
401873202658,658,"{'id': '147', 'text': 'Step Back Bank Jump Shot'}",Aaron Wiggins makes 11-foot two point shot,86,110,4,4:13,True,2,{'id': '25'},[{'athlete': {'id': '4397183'}}],2026-05-29T02:51:39Z,True,"{'x': 16, 'y': 7}",2,+2 Points,253.0
401873202659,659,"{'id': '128', 'text': 'Driving Finger Roll Layup'}",Kelly Olynyk misses two point shot,86,110,4,3:55,False,0,{'id': '24'},[{'athlete': {'id': '2489663'}}],2026-05-29T02:51:59Z,True,"{'x': 26, 'y': 7}",2,Missed FG,235.0
401873202660,660,"{'id': '155', 'text': 'Defensive Rebound'}",Kenrich Williams defensive rebound,86,110,4,3:53,False,0,{'id': '25'},[{'athlete': {'id': '3133626'}}],2026-05-29T02:52:01Z,False,"{'x': 26, 'y': 7}",0,Rebound,233.0
401873202661,661,"{'id': '45', 'text': 'Personal Foul'}",Mason Plumlee personal foul,86,110,4,3:49,False,0,{'id': '24'},[{'athlete': {'id': '2488653'}}],2026-05-29T02:52:07Z,False,"{'x': 40, 'y': 25}",0,Foul,229.0
401873202663,663,"{'id': '92', 'text': 'Jump Shot'}",Luguentz Dort misses 26-foot three point jumper,86,110,4,3:44,False,0,{'id': '25'},[{'athlete': {'id': '4397020'}}],2026-05-29T02:52:30Z,True,"{'x': 5, 'y': 17}",3,Missed 3PT,224.0
401873202664,664,"{'id': '156', 'text': 'Offensive Rebound'}",Kenrich Williams offensive rebound,86,110,4,3:42,False,0,{'id': '25'},[{'athlete': {'id': '3133626'}}],2026-05-29T02:52:32Z,False,"{'x': 5, 'y': 17}",0,Rebound,222.0
401873202665,665,"{'id': '94', 'text': 'Tip Shot'}",Kenrich Williams makes tip shot,88,110,4,3:42,True,2,{'id': '25'},[{'athlete': {'id': '3133626'}}],2026-05-29T02:52:35Z,True,"{'x': 25, 'y': 0}",2,+2 Points,222.0
401873202666,666,"{'id': '112', 'text': 'Reverse Layup Shot'}",Kelly Olynyk makes 1-foot reverse layup (Jordan McLaughlin assists),88,112,4,3:24,True,2,{'id': '24'},"[{'athlete': {'id': '2489663'}}, {'athlete': {'id': '3134916'}}]",2026-05-29T02:52:49Z,True,"{'x': 26, 'y': 2}",2,+2 Points,204.0
401873202668,668,"{'id': '92', 'text': 'Jump Shot'}",Luguentz Dort misses 26-foot three point jumper,88,112,4,3:13,False,0,{'id': '25'},[{'athlete': {'id': '4397020'}}],2026-05-29T02:52:59Z,True,"{'x': 41, 'y': 22}",3,Missed 3PT,193.0
401873202669,669,"{'id': '155', 'text': 'Defensive Rebound'}",Kelly Olynyk defensive rebound,88,112,4,3:10,False,0,{'id': '24'},[{'athlete': {'id': '2489663'}}],2026-05-29T02:53:02Z,False,"{'x': 41, 'y': 22}",0,Rebound,190.0
401873202670,670,"{'id': '142', 'text': 'Cutting Finger Roll Layup Shot'}",Kelly Olynyk makes layup (Lindy Waters III assists),88,114,4,3:05,True,2,{'id': '24'},"[{'athlete': {'id': '2489663'}}, {'athlete': {'id': '4066317'}}]",2026-05-29T02:53:10Z,True,"{'x': 18, 'y': 5}",2,+2 Points,185.0
401873202672,672,"{'id': '44', 'text': 'Shooting Foul'}",Nikola Topic shooting foul,88,114,4,3:05,False,0,{'id': '25'},[{'athlete': {'id': '5159925'}}],2026-05-29T02:53:13Z,False,"{'x': 20, 'y': 5}",0,Foul,185.0
401873202674,674,"{'id': '97', 'text': 'Free Throw - 1 of 1'}",Kelly Olynyk makes free throw 1 of 1,88,115,4,3:05,True,1,{'id': '24'},[{'athlete': {'id': '2489663'}}],2026-05-29T02:53:33Z,True,"{'x': -214748340, 'y': -214748365}",1,+1 Point,185.0
401873202675,675,"{'id': '92', 'text': 'Jump Shot'}",Kenrich Williams misses 26-foot three point jumper,88,115,4,2:54,False,0,{'id': '25'},[{'athlete': {'id': '3133626'}}],2026-05-29T02:53:46Z,True,"{'x': 15, 'y': 25}",3,Missed 3PT,174.0
401873202676,676,"{'id': '155', 'text': 'Defensive Rebound'}",Jordan McLaughlin defensive rebound,88,115,4,2:53,False,0,{'id': '24'},[{'athlete': {'id': '3134916'}}],2026-05-29T02:53:47Z,False,"{'x': 15, 'y': 25}",0,Rebound,173.0
401873202678,678,"{'id': '92', 'text': 'Jump Shot'}",Lindy Waters III misses 24-foot three point jumper,88,115,4,2:36,False,0,{'id': '24'},[{'athlete': {'id': '4066317'}}],2026-05-29T02:54:16Z,True,"{'x': 1, 'y': 7}",3,Missed 3PT,156.0
401873202679,679,"{'id': '155', 'text': 'Defensive Rebound'}",Kenrich Williams defensive rebound,88,115,4,2:34,False,0,{'id': '25'},[{'athlete': {'id': '3133626'}}],2026-05-29T02:54:18Z,False,"{'x': 1, 'y': 7}",0,Rebound,154.0
401873202680,680,"{'id': '92', 'text': 'Jump Shot'}",Nikola Topic misses 25-foot three point jumper,88,115,4,2:20,False,0,{'id': '25'},[{'athlete': {'id': '5159925'}}],2026-05-29T02:54:32Z,True,"{'x': 48, 'y': 10}",3,Missed 3PT,140.0
401873202681,681,"{'id': '155', 'text': 'Defensive Rebound'}",Spurs defensive team rebound,88,115,4,2:18,False,0,{'id': '24'},,2026-05-29T02:54:41Z,False,"{'x': 48, 'y': 10}",0,Rebound,138.0
401873202682,682,"{'id': '43', 'text': 'Loose Ball Foul'}",Isaiah Joe loose ball foul,88,115,4,2:18,False,0,{'id': '25'},[{'athlete': {'id': '4395702'}}],2026-05-29T02:54:43Z,False,"{'x': 13, 'y': -3}",0,Foul,138.0
401873202684,684,"{'id': '98', 'text': 'Free Throw - 1 of 2'}",Kelly Olynyk misses free throw 1 of 2,88,115,4,2:18,False,0,{'id': '24'},[{'athlete': {'id': '2489663'}}],2026-05-29T02:55:17Z,True,"{'x': -214748340, 'y': -214748365}",1,Missed FT,138.0
401873202685,685,"{'id': '156', 'text': 'Offensive Rebound'}",Spurs offensive team rebound,88,115,4,2:18,False,0,{'id': '24'},,2026-05-29T02:55:17Z,False,"{'x': -214748340, 'y': -214748365}",0,Rebound,138.0
401873202686,686,"{'id': '99', 'text': 'Free Throw - 2 of 2'}",Kelly Olynyk makes free throw 2 of 2,88,116,4,2:18,True,1,{'id': '24'},[{'athlete': {'id': '2489663'}}],2026-05-29T02:55:17Z,True,"{'x': -214748340, 'y': -214748365}",1,+1 Point,138.0
401873202687,687,"{'id': '62', 'text': 'Bad Pass\nTurnover'}","Aaron Wiggins bad pass
turnover (Lindy Waters III steals)",88,116,4,2:09,False,0,{'id': '25'},"[{'athlete': {'id': '4397183'}}, {'athlete': {'id': '4066317'}}]",2026-05-29T02:55:29Z,False,"{'x': 12, 'y': 11}",0,Turnover,129.0
401873202689,689,"{'id': '90', 'text': 'Out of Bounds - Bad Pass Turnover'}",Jordan McLaughlin out of bounds bad pass turnover,88,116,4,2:05,False,0,{'id': '24'},[{'athlete': {'id': '3134916'}}],2026-05-29T02:55:35Z,False,"{'x': 38, 'y': 0}",0,Turnover,125.0
401873202690,690,"{'id': '132', 'text': 'Step Back Jump Shot'}",Aaron Wiggins makes 24-foot three point step back jumpshot (Kenrich Williams assists),91,116,4,1:54,True,3,{'id': '25'},"[{'athlete': {'id': '4397183'}}, {'athlete': {'id': '3133626'}}]",2026-05-29T02:55:52Z,True,"{'x': 2, 'y': 6}",3,+3 Points,114.0
401873202691,691,"{'id': '92', 'text': 'Jump Shot'}",Jordan McLaughlin misses 27-foot three point jumper,91,116,4,1:40,False,0,{'id': '24'},[{'athlete': {'id': '3134916'}}],2026-05-29T02:56:08Z,True,"{'x': 4, 'y': 18}",3,Missed 3PT,100.0
401873202692,692,"{'id': '155', 'text': 'Defensive Rebound'}",Kenrich Williams defensive rebound,91,116,4,1:40,False,0,{'id': '25'},[{'athlete': {'id': '3133626'}}],2026-05-29T02:56:08Z,False,"{'x': 4, 'y': 18}",0,Rebound,100.0
401873202693,693,"{'id': '113', 'text': 'Running Jump Shot'}",Isaiah Joe misses 23-foot running jump shot,91,116,4,1:34,False,0,{'id': '25'},[{'athlete': {'id': '4395702'}}],2026-05-29T02:56:15Z,True,"{'x': 2, 'y': 6}",3,Missed 3PT,94.0
401873202694,694,"{'id': '155', 'text': 'Defensive Rebound'}",Mason Plumlee defensive rebound,91,116,4,1:33,False,0,{'id': '24'},[{'athlete': {'id': '2488653'}}],2026-05-29T02:56:16Z,False,"{'x': 2, 'y': 6}",0,Rebound,93.0
401873202695,695,"{'id': '131', 'text': 'Pullup Jump Shot'}",Lindy Waters III makes 10-foot pullup jump shot,91,118,4,1:10,True,2,{'id': '24'},[{'athlete': {'id': '4066317'}}],2026-05-29T02:56:38Z,True,"{'x': 28, 'y': 10}",2,+2 Points,70.0
401873202696,696,"{'id': '144', 'text': 'Driving Floating Jump Shot'}",Aaron Wiggins misses driving floating jump shot,91,118,4,59.5,False,0,{'id': '25'},[{'athlete': {'id': '4397183'}}],2026-05-29T02:56:53Z,True,"{'x': 25, 'y': 8}",2,Missed FG,59.5
401873202697,697,"{'id': '155', 'text': 'Defensive Rebound'}",Jordan McLaughlin defensive rebound,91,118,4,56.5,False,0,{'id': '24'},[{'athlete': {'id': '3134916'}}],2026-05-29T02:56:56Z,False,"{'x': 25, 'y': 8}",0,Rebound,56.5
401873202700,700,"{'id': '130', 'text': 'Floating Jump Shot'}",Bismack Biyombo misses 8-foot floating jump shot,91,118,4,43.5,False,0,{'id': '24'},[{'athlete': {'id': '6427'}}],2026-05-29T02:57:10Z,True,"{'x': 25, 'y': 9}",2,Missed FG,43.5
401873202701,701,"{'id': '155', 'text': 'Defensive Rebound'}",Kenrich Williams defensive rebound,91,118,4,41.6,False,0,{'id': '25'},[{'athlete': {'id': '3133626'}}],2026-05-29T02:57:12Z,False,"{'x': 25, 'y': 9}",0,Rebound,41.6
401873202702,702,"{'id': '146', 'text': 'Running Pullup Jump Shot'}",Kenrich Williams misses running pullup jump shot,91,118,4,35.3,False,0,{'id': '25'},[{'athlete': {'id': '3133626'}}],2026-05-29T02:57:19Z,True,"{'x': 26, 'y': 26}",3,Missed 3PT,35.3
401873202703,703,"{'id': '155', 'text': 'Defensive Rebound'}",Jordan McLaughlin defensive rebound,91,118,4,32.5,False,0,{'id': '24'},[{'athlete': {'id': '3134916'}}],2026-05-29T02:57:22Z,False,"{'x': 26, 'y': 26}",0,Rebound,32.5
401873202704,704,"{'id': '70', 'text': 'Shot Clock Turnover'}",shot clock turnover ,91,118,4,8.3,False,0,{'id': '24'},,2026-05-29T02:57:46Z,False,"{'x': 12, 'y': 16}",0,Turnover,8.3
401873202708,708,"{'id': '277', 'text': ""Coach's Challenge (replaycenter)""}",(00:00) [Thunder] COACH'S CHALLENGE (CALL REPLAYCENTER),91,118,4,0.0,False,0,,,2026-05-29T03:05:39Z,False,"{'x': -214748340, 'y': -214748365}",0,Challenge,0.0
401873202709,709,"{'id': '277', 'text': ""Coach's Challenge (replaycenter)""}",(00:00) [Thunder] COACH'S CHALLENGE (CALL REPLAYCENTER),91,118,4,0.0,False,0,,,2026-05-29T03:05:39Z,False,"{'x': -214748340, 'y': -214748365}",0,Challenge,0.0
401873202710,710,"{'id': '277', 'text': ""Coach's Challenge (replaycenter)""}",(00:00) [Thunder] COACH'S CHALLENGE (CALL REPLAYCENTER),91,118,4,0.0,False,0,,,2026-05-29T03:05:40Z,False,"{'x': -214748340, 'y': -214748365}",0,Challenge,0.0
401873202705,705,"{'id': '412', 'text': 'End Period'}",End of the 4th Quarter,91,118,4,0.0,False,0,,,2026-05-29T02:58:11Z,False,"{'x': -214748340, 'y': -214748365}",0,End of 4th,0.0
401873202706,706,"{'id': '402', 'text': 'End Game'}",End of Game,91,118,4,0.0,False,0,,,2026-05-29T02:58:16Z,False,"{'x': -214748340, 'y': -214748365}",0,End of Game,0.0
