id,sequenceNumber,type,text,awayScore,homeScore,period,clock,scoringPlay,scoreValue,team,participants,wallclock,shootingPlay,coordinate,pointsAttempted,shortDescription,clockSec
4018731984,4,"{'id': '615', 'text': 'Jumpball'}",Victor Wembanyama vs. Chet Holmgren (Devin Vassell gains possession),0,0,1,12:00,False,0,{'id': '24'},"[{'athlete': {'id': '5104157'}}, {'athlete': {'id': '4433255'}}, {'athlete': {'id': '4395630'}}]",2026-05-21T00:36:59Z,False,"{'x': -214748340, 'y': -214748365}",0,Jump Ball,720.0
4018731987,7,"{'id': '92', 'text': 'Jump Shot'}",Devin Vassell misses 27-foot three point jumper,0,0,1,11:43,False,0,{'id': '24'},[{'athlete': {'id': '4395630'}}],2026-05-21T00:37:12Z,True,"{'x': 36, 'y': 25}",3,Missed 3PT,703.0
4018731988,8,"{'id': '155', 'text': 'Defensive Rebound'}",Isaiah Hartenstein defensive rebound,0,0,1,11:40,False,0,{'id': '25'},[{'athlete': {'id': '4222252'}}],2026-05-21T00:37:15Z,False,"{'x': 36, 'y': 25}",0,Rebound,700.0
4018731989,9,"{'id': '131', 'text': 'Pullup Jump Shot'}",Luguentz Dort makes 12-foot pullup jump shot (Shai Gilgeous-Alexander assists),0,2,1,11:29,True,2,{'id': '25'},"[{'athlete': {'id': '4397020'}}, {'athlete': {'id': '4278073'}}]",2026-05-21T00:37:26Z,True,"{'x': 31, 'y': 11}",2,+2 Points,689.0
40187319811,11,"{'id': '45', 'text': 'Personal Foul'}",Isaiah Hartenstein personal foul,0,2,1,11:13,False,0,{'id': '25'},[{'athlete': {'id': '4222252'}}],2026-05-21T00:37:51Z,False,"{'x': 37, 'y': 22}",0,Foul,673.0
40187319813,13,"{'id': '92', 'text': 'Jump Shot'}",Devin Vassell misses 24-foot three point jumper,0,2,1,11:05,False,0,{'id': '24'},[{'athlete': {'id': '4395630'}}],2026-05-21T00:38:10Z,True,"{'x': 2, 'y': 10}",3,Missed 3PT,665.0
40187319814,14,"{'id': '155', 'text': 'Defensive Rebound'}",Jalen Williams defensive rebound,0,2,1,11:03,False,0,{'id': '25'},[{'athlete': {'id': '4593803'}}],2026-05-21T00:38:12Z,False,"{'x': 2, 'y': 10}",0,Rebound,663.0
40187319815,15,"{'id': '44', 'text': 'Shooting Foul'}",Dylan Harper shooting foul,0,2,1,10:52,False,0,{'id': '24'},[{'athlete': {'id': '5037871'}}],2026-05-21T00:38:26Z,False,"{'x': 29, 'y': 10}",0,Foul,652.0
40187319817,17,"{'id': '98', 'text': 'Free Throw - 1 of 2'}",Luguentz Dort misses free throw 1 of 2,0,2,1,10:52,False,0,{'id': '25'},[{'athlete': {'id': '4397020'}}],2026-05-21T00:38:55Z,True,"{'x': -214748340, 'y': -214748365}",1,Missed FT,652.0
40187319818,18,"{'id': '156', 'text': 'Offensive Rebound'}",Thunder offensive team rebound,0,2,1,10:52,False,0,{'id': '25'},,2026-05-21T00:38:55Z,False,"{'x': -214748340, 'y': -214748365}",0,Rebound,652.0
40187319819,19,"{'id': '99', 'text': 'Free Throw - 2 of 2'}",Luguentz Dort makes free throw 2 of 2,0,3,1,10:52,True,1,{'id': '25'},[{'athlete': {'id': '4397020'}}],2026-05-21T00:39:18Z,True,"{'x': -214748340, 'y': -214748365}",1,+1 Point,652.0
40187319820,20,"{'id': '44', 'text': 'Shooting Foul'}",Luguentz Dort shooting foul,0,3,1,10:42,False,0,{'id': '25'},[{'athlete': {'id': '4397020'}}],2026-05-21T00:39:34Z,False,"{'x': 24, 'y': 4}",0,Foul,642.0
40187319822,22,"{'id': '98', 'text': 'Free Throw - 1 of 2'}",Julian Champagnie makes free throw 1 of 2,1,3,1,10:42,True,1,{'id': '24'},[{'athlete': {'id': '4592479'}}],2026-05-21T00:40:01Z,True,"{'x': -214748340, 'y': -214748365}",1,+1 Point,642.0
40187319823,23,"{'id': '99', 'text': 'Free Throw - 2 of 2'}",Julian Champagnie makes free throw 2 of 2,2,3,1,10:42,True,1,{'id': '24'},[{'athlete': {'id': '4592479'}}],2026-05-21T00:40:16Z,True,"{'x': -214748340, 'y': -214748365}",1,+1 Point,642.0
40187319824,24,"{'id': '132', 'text': 'Step Back Jump Shot'}",Shai Gilgeous-Alexander makes 17-foot step back jumpshot,2,5,1,10:21,True,2,{'id': '25'},[{'athlete': {'id': '4278073'}}],2026-05-21T00:40:40Z,True,"{'x': 43, 'y': 1}",2,+2 Points,621.0
40187319826,26,"{'id': '131', 'text': 'Pullup Jump Shot'}",Devin Vassell makes 23-foot three pointer (Dylan Harper assists),5,5,1,10:12,True,3,{'id': '24'},"[{'athlete': {'id': '4395630'}}, {'athlete': {'id': '5037871'}}]",2026-05-21T00:40:48Z,True,"{'x': 48, 'y': -3}",3,+3 Points,612.0
40187319828,28,"{'id': '131', 'text': 'Pullup Jump Shot'}",Jalen Williams makes 14-foot pullup jump shot,5,7,1,9:57,True,2,{'id': '25'},[{'athlete': {'id': '4593803'}}],2026-05-21T00:41:03Z,True,"{'x': 35, 'y': 11}",2,+2 Points,597.0
40187319829,29,"{'id': '92', 'text': 'Jump Shot'}",Victor Wembanyama makes 26-foot three point jumper (Dylan Harper assists),8,7,1,9:46,True,3,{'id': '24'},"[{'athlete': {'id': '5104157'}}, {'athlete': {'id': '5037871'}}]",2026-05-21T00:41:14Z,True,"{'x': 38, 'y': 23}",3,+3 Points,586.0
40187319832,32,"{'id': '132', 'text': 'Step Back Jump Shot'}",Shai Gilgeous-Alexander makes 10-foot step back jumpshot,8,9,1,9:22,True,2,{'id': '25'},[{'athlete': {'id': '4278073'}}],2026-05-21T00:41:53Z,True,"{'x': 14, 'y': 1}",2,+2 Points,562.0
40187319833,33,"{'id': '110', 'text': 'Driving Layup Shot'}",Dylan Harper makes driving layup,10,9,1,9:09,True,2,{'id': '24'},[{'athlete': {'id': '5037871'}}],2026-05-21T00:42:06Z,True,"{'x': 24, 'y': 3}",2,+2 Points,549.0
40187319834,34,"{'id': '42', 'text': 'Offensive Foul'}",Isaiah Hartenstein offensive foul,10,9,1,8:59,False,0,{'id': '25'},[{'athlete': {'id': '4222252'}}],2026-05-21T00:42:19Z,False,"{'x': 22, 'y': 5}",0,Foul,539.0
40187319836,36,"{'id': '16', 'text': 'Full Timeout'}",Spurs Full timeout,10,9,1,8:59,False,0,{'id': '24'},,2026-05-21T00:42:46Z,False,"{'x': -214748340, 'y': -214748365}",0,Timeout,539.0
40187319837,37,"{'id': '215', 'text': ""Coach's Challenge (Overturned)""}",(08:59) [Spurs] COACH'S CHALLENGE (CALL OVERTURNED) [Spurs] retain their timeout,10,9,1,8:59,False,0,{'id': '24'},,2026-05-21T00:42:47Z,False,"{'x': -214748340, 'y': -214748365}",0,Challenge,539.0
40187319838,38,"{'id': '84', 'text': 'Offensive Foul Turnover'}",Isaiah Hartenstein offensive foul turnover,10,9,1,8:59,False,0,{'id': '25'},[{'athlete': {'id': '4222252'}}],2026-05-21T00:42:19Z,False,"{'x': 22, 'y': 5}",0,Turnover,539.0
40187319839,39,"{'id': '131', 'text': 'Pullup Jump Shot'}",Devin Vassell misses 11-foot pullup jump shot,10,9,1,8:36,False,0,{'id': '24'},[{'athlete': {'id': '4395630'}}],2026-05-21T00:46:53Z,True,"{'x': 36, 'y': -1}",2,Missed FG,516.0
40187319840,40,"{'id': '155', 'text': 'Defensive Rebound'}",Isaiah Hartenstein defensive rebound,10,9,1,8:34,False,0,{'id': '25'},[{'athlete': {'id': '4222252'}}],2026-05-21T00:46:55Z,False,"{'x': 36, 'y': -1}",0,Rebound,514.0
40187319841,41,"{'id': '70', 'text': 'Shot Clock Turnover'}",shot clock turnover ,10,9,1,8:12,False,0,{'id': '25'},,2026-05-21T00:47:17Z,False,"{'x': 22, 'y': 12}",0,Turnover,492.0
40187319842,42,"{'id': '92', 'text': 'Jump Shot'}",Devin Vassell misses 26-foot three point jumper,10,9,1,7:56,False,0,{'id': '24'},[{'athlete': {'id': '4395630'}}],2026-05-21T00:47:44Z,True,"{'x': 35, 'y': 25}",3,Missed 3PT,476.0
40187319843,43,"{'id': '155', 'text': 'Defensive Rebound'}",Luguentz Dort defensive rebound,10,9,1,7:53,False,0,{'id': '25'},[{'athlete': {'id': '4397020'}}],2026-05-21T00:47:47Z,False,"{'x': 35, 'y': 25}",0,Rebound,473.0
40187319844,44,"{'id': '121', 'text': 'Fade Away Jump Shot'}",Jalen Williams misses 8-foot fade away jump shot,10,9,1,7:46,False,0,{'id': '25'},[{'athlete': {'id': '4593803'}}],2026-05-21T00:47:55Z,True,"{'x': 18, 'y': 5}",2,Missed FG,466.0
40187319845,45,"{'id': '155', 'text': 'Defensive Rebound'}",Victor Wembanyama defensive rebound,10,9,1,7:43,False,0,{'id': '24'},[{'athlete': {'id': '5104157'}}],2026-05-21T00:47:58Z,False,"{'x': 18, 'y': 5}",0,Rebound,463.0
40187319846,46,"{'id': '63', 'text': 'Lost Ball Turnover'}",Victor Wembanyama lost ball turnover (Jalen Williams steals),10,9,1,7:33,False,0,{'id': '24'},"[{'athlete': {'id': '5104157'}}, {'athlete': {'id': '4593803'}}]",2026-05-21T00:48:07Z,False,"{'x': 38, 'y': 14}",0,Turnover,453.0
40187319848,48,"{'id': '144', 'text': 'Driving Floating Jump Shot'}",Isaiah Hartenstein makes 13-foot driving floating jump shot (Luguentz Dort assists),10,11,1,7:23,True,2,{'id': '25'},"[{'athlete': {'id': '4222252'}}, {'athlete': {'id': '4397020'}}]",2026-05-21T00:48:18Z,True,"{'x': 21, 'y': 13}",2,+2 Points,443.0
40187319850,50,"{'id': '44', 'text': 'Shooting Foul'}",Shai Gilgeous-Alexander shooting foul,10,11,1,7:11,False,0,{'id': '25'},[{'athlete': {'id': '4278073'}}],2026-05-21T00:48:31Z,False,"{'x': 24, 'y': 2}",0,Foul,431.0
40187319852,52,"{'id': '98', 'text': 'Free Throw - 1 of 2'}",Stephon Castle makes free throw 1 of 2,11,11,1,7:11,True,1,{'id': '24'},[{'athlete': {'id': '4845367'}}],2026-05-21T00:49:01Z,True,"{'x': -214748340, 'y': -214748365}",1,+1 Point,431.0
40187319853,53,"{'id': '584', 'text': 'Substitution'}",Alex Caruso enters the game for Chet Holmgren,11,11,1,7:11,False,0,{'id': '25'},"[{'athlete': {'id': '2991350'}}, {'athlete': {'id': '4433255'}}]",2026-05-21T00:49:02Z,False,"{'x': -214748340, 'y': -214748365}",0,Substitution,431.0
40187319854,54,"{'id': '584', 'text': 'Substitution'}",Keldon Johnson enters the game for Julian Champagnie,11,11,1,7:11,False,0,{'id': '24'},"[{'athlete': {'id': '4395723'}}, {'athlete': {'id': '4592479'}}]",2026-05-21T00:49:02Z,False,"{'x': -214748340, 'y': -214748365}",0,Substitution,431.0
40187319855,55,"{'id': '584', 'text': 'Substitution'}",Luke Kornet enters the game for Victor Wembanyama,11,11,1,7:11,False,0,{'id': '24'},"[{'athlete': {'id': '3064560'}}, {'athlete': {'id': '5104157'}}]",2026-05-21T00:49:02Z,False,"{'x': -214748340, 'y': -214748365}",0,Substitution,431.0
40187319859,59,"{'id': '584', 'text': 'Substitution'}",Jaylin Williams enters the game for Isaiah Hartenstein,11,11,1,7:11,False,0,{'id': '25'},"[{'athlete': {'id': '4432823'}}, {'athlete': {'id': '4222252'}}]",2026-05-21T00:49:13Z,False,"{'x': -214748340, 'y': -214748365}",0,Substitution,431.0
40187319861,61,"{'id': '99', 'text': 'Free Throw - 2 of 2'}",Stephon Castle makes free throw 2 of 2,12,11,1,7:11,True,1,{'id': '24'},[{'athlete': {'id': '4845367'}}],2026-05-21T00:49:44Z,True,"{'x': -214748340, 'y': -214748365}",1,+1 Point,431.0
40187319862,62,"{'id': '92', 'text': 'Jump Shot'}",Jaylin Williams makes 24-foot three point jumper (Luguentz Dort assists),12,14,1,6:48,True,3,{'id': '25'},"[{'athlete': {'id': '4432823'}}, {'athlete': {'id': '4397020'}}]",2026-05-21T00:50:09Z,True,"{'x': 25, 'y': 25}",3,+3 Points,408.0
40187319864,64,"{'id': '62', 'text': 'Bad Pass\nTurnover'}","Stephon Castle bad pass
turnover (Jalen Williams steals)",12,14,1,6:34,False,0,{'id': '24'},"[{'athlete': {'id': '4845367'}}, {'athlete': {'id': '4593803'}}]",2026-05-21T00:50:23Z,False,"{'x': 31, 'y': 5}",0,Turnover,394.0
40187319866,66,"{'id': '109', 'text': 'Running Layup Shot'}",Shai Gilgeous-Alexander misses running layup,12,14,1,6:28,False,0,{'id': '25'},[{'athlete': {'id': '4278073'}}],2026-05-21T00:50:29Z,True,"{'x': 21, 'y': -2}",2,Missed FG,388.0
40187319867,67,"{'id': '155', 'text': 'Defensive Rebound'}",Luke Kornet defensive rebound,12,14,1,6:26,False,0,{'id': '24'},[{'athlete': {'id': '3064560'}}],2026-05-21T00:50:31Z,False,"{'x': 21, 'y': -2}",0,Rebound,386.0
40187319868,68,"{'id': '92', 'text': 'Jump Shot'}",Keldon Johnson misses 26-foot three point jumper,12,14,1,6:20,False,0,{'id': '24'},[{'athlete': {'id': '4395723'}}],2026-05-21T00:50:36Z,True,"{'x': 5, 'y': 17}",3,Missed 3PT,380.0
40187319869,69,"{'id': '156', 'text': 'Offensive Rebound'}",Stephon Castle offensive rebound,12,14,1,6:17,False,0,{'id': '24'},[{'athlete': {'id': '4845367'}}],2026-05-21T00:50:39Z,False,"{'x': 5, 'y': 17}",0,Rebound,377.0
40187319870,70,"{'id': '92', 'text': 'Jump Shot'}",Stephon Castle misses 4-foot jumper,12,14,1,6:15,False,0,{'id': '24'},[{'athlete': {'id': '4845367'}}],2026-05-21T00:50:41Z,True,"{'x': 23, 'y': 4}",2,Missed FG,375.0
40187319871,71,"{'id': '156', 'text': 'Offensive Rebound'}",Stephon Castle offensive rebound,12,14,1,6:13,False,0,{'id': '24'},[{'athlete': {'id': '4845367'}}],2026-05-21T00:50:43Z,False,"{'x': 23, 'y': 4}",0,Rebound,373.0
40187319872,72,"{'id': '44', 'text': 'Shooting Foul'}",Jaylin Williams shooting foul,12,14,1,6:13,False,0,{'id': '25'},[{'athlete': {'id': '4432823'}}],2026-05-21T00:50:45Z,False,"{'x': 25, 'y': 2}",0,Foul,373.0
40187319874,74,"{'id': '98', 'text': 'Free Throw - 1 of 2'}",Stephon Castle makes free throw 1 of 2,13,14,1,6:13,True,1,{'id': '24'},[{'athlete': {'id': '4845367'}}],2026-05-21T00:51:17Z,True,"{'x': -214748340, 'y': -214748365}",1,+1 Point,373.0
40187319875,75,"{'id': '584', 'text': 'Substitution'}",Ajay Mitchell enters the game for Shai Gilgeous-Alexander,13,14,1,6:13,False,0,{'id': '25'},"[{'athlete': {'id': '4900671'}}, {'athlete': {'id': '4278073'}}]",2026-05-21T00:51:18Z,False,"{'x': -214748340, 'y': -214748365}",0,Substitution,373.0
40187319876,76,"{'id': '584', 'text': 'Substitution'}",Carter Bryant enters the game for Dylan Harper,13,14,1,6:13,False,0,{'id': '24'},"[{'athlete': {'id': '5061568'}}, {'athlete': {'id': '5037871'}}]",2026-05-21T00:51:18Z,False,"{'x': -214748340, 'y': -214748365}",0,Substitution,373.0
40187319879,79,"{'id': '584', 'text': 'Substitution'}",Jared McCain enters the game for Jalen Williams,13,14,1,6:13,False,0,{'id': '25'},"[{'athlete': {'id': '4683778'}}, {'athlete': {'id': '4593803'}}]",2026-05-21T00:51:31Z,False,"{'x': -214748340, 'y': -214748365}",0,Substitution,373.0
40187319881,81,"{'id': '99', 'text': 'Free Throw - 2 of 2'}",Stephon Castle makes free throw 2 of 2,14,14,1,6:13,True,1,{'id': '24'},[{'athlete': {'id': '4845367'}}],2026-05-21T00:52:00Z,True,"{'x': -214748340, 'y': -214748365}",1,+1 Point,373.0
40187319882,82,"{'id': '63', 'text': 'Lost Ball Turnover'}",Ajay Mitchell lost ball turnover (Stephon Castle steals),14,14,1,5:59,False,0,{'id': '25'},"[{'athlete': {'id': '4900671'}}, {'athlete': {'id': '4845367'}}]",2026-05-21T00:52:16Z,False,"{'x': 33, 'y': 6}",0,Turnover,359.0
40187319884,84,"{'id': '151', 'text': 'Cutting Dunk Shot'}",Luke Kornet makes 1-foot dunk (Stephon Castle assists),16,14,1,5:50,True,2,{'id': '24'},"[{'athlete': {'id': '3064560'}}, {'athlete': {'id': '4845367'}}]",2026-05-21T00:52:25Z,True,"{'x': 24, 'y': 1}",2,+2 Points,350.0
40187319886,86,"{'id': '92', 'text': 'Jump Shot'}",Jared McCain misses 23-foot three point jumper,16,14,1,5:27,False,0,{'id': '25'},[{'athlete': {'id': '4683778'}}],2026-05-21T00:52:47Z,True,"{'x': 48, 'y': 0}",3,Missed 3PT,327.0
40187319887,87,"{'id': '155', 'text': 'Defensive Rebound'}",Stephon Castle defensive rebound,16,14,1,5:23,False,0,{'id': '24'},[{'athlete': {'id': '4845367'}}],2026-05-21T00:52:51Z,False,"{'x': 48, 'y': 0}",0,Rebound,323.0
40187319888,88,"{'id': '131', 'text': 'Pullup Jump Shot'}",Stephon Castle makes 14-foot pullup jump shot,18,14,1,5:17,True,2,{'id': '24'},[{'athlete': {'id': '4845367'}}],2026-05-21T00:52:57Z,True,"{'x': 30, 'y': 14}",2,+2 Points,317.0
40187319889,89,"{'id': '110', 'text': 'Driving Layup Shot'}",Ajay Mitchell makes driving layup (Jared McCain assists),18,16,1,4:57,True,2,{'id': '25'},"[{'athlete': {'id': '4900671'}}, {'athlete': {'id': '4683778'}}]",2026-05-21T00:53:19Z,True,"{'x': 24, 'y': -1}",2,+2 Points,297.0
40187319891,91,"{'id': '119', 'text': 'Driving Hook Shot'}",Keldon Johnson misses 2-foot two point shot,18,16,1,4:28,False,0,{'id': '24'},[{'athlete': {'id': '4395723'}}],2026-05-21T00:53:48Z,True,"{'x': 27, 'y': 1}",2,Missed FG,268.0
40187319892,92,"{'id': '155', 'text': 'Defensive Rebound'}",Jaylin Williams defensive rebound,18,16,1,4:25,False,0,{'id': '25'},[{'athlete': {'id': '4432823'}}],2026-05-21T00:53:50Z,False,"{'x': 27, 'y': 1}",0,Rebound,265.0
40187319893,93,"{'id': '92', 'text': 'Jump Shot'}",Luguentz Dort makes 23-foot three point jumper (Jaylin Williams assists),18,19,1,4:17,True,3,{'id': '25'},"[{'athlete': {'id': '4397020'}}, {'athlete': {'id': '4432823'}}]",2026-05-21T00:53:57Z,True,"{'x': 48, 'y': 2}",3,+3 Points,257.0
40187319895,95,"{'id': '144', 'text': 'Driving Floating Jump Shot'}",Stephon Castle makes 10-foot driving floating jump shot,20,19,1,4:03,True,2,{'id': '24'},[{'athlete': {'id': '4845367'}}],2026-05-21T00:54:11Z,True,"{'x': 25, 'y': 11}",2,+2 Points,243.0
40187319896,96,"{'id': '92', 'text': 'Jump Shot'}",Jaylin Williams misses 24-foot three point jumper,20,19,1,3:53,False,0,{'id': '25'},[{'athlete': {'id': '4432823'}}],2026-05-21T00:54:21Z,True,"{'x': 26, 'y': 25}",3,Missed 3PT,233.0
40187319897,97,"{'id': '156', 'text': 'Offensive Rebound'}",Jared McCain offensive rebound,20,19,1,3:50,False,0,{'id': '25'},[{'athlete': {'id': '4683778'}}],2026-05-21T00:54:25Z,False,"{'x': 26, 'y': 25}",0,Rebound,230.0
40187319898,98,"{'id': '44', 'text': 'Shooting Foul'}",Devin Vassell shooting foul,20,19,1,3:47,False,0,{'id': '24'},[{'athlete': {'id': '4395630'}}],2026-05-21T00:54:38Z,False,"{'x': 26, 'y': 0}",0,Foul,227.0
401873198100,100,"{'id': '98', 'text': 'Free Throw - 1 of 2'}",Jared McCain misses free throw 1 of 2,20,19,1,3:47,False,0,{'id': '25'},[{'athlete': {'id': '4683778'}}],2026-05-21T00:55:02Z,True,"{'x': -214748340, 'y': -214748365}",1,Missed FT,227.0
401873198101,101,"{'id': '156', 'text': 'Offensive Rebound'}",Thunder offensive team rebound,20,19,1,3:47,False,0,{'id': '25'},,2026-05-21T00:55:02Z,False,"{'x': -214748340, 'y': -214748365}",0,Rebound,227.0
401873198102,102,"{'id': '584', 'text': 'Substitution'}",Cason Wallace enters the game for Luguentz Dort,20,19,1,3:47,False,0,{'id': '25'},"[{'athlete': {'id': '4683692'}}, {'athlete': {'id': '4397020'}}]",2026-05-21T00:55:03Z,False,"{'x': -214748340, 'y': -214748365}",0,Substitution,227.0
401873198103,103,"{'id': '584', 'text': 'Substitution'}",Julian Champagnie enters the game for Stephon Castle,20,19,1,3:47,False,0,{'id': '24'},"[{'athlete': {'id': '4592479'}}, {'athlete': {'id': '4845367'}}]",2026-05-21T00:55:03Z,False,"{'x': -214748340, 'y': -214748365}",0,Substitution,227.0
401873198104,104,"{'id': '584', 'text': 'Substitution'}",Dylan Harper enters the game for Devin Vassell,20,19,1,3:47,False,0,{'id': '24'},"[{'athlete': {'id': '5037871'}}, {'athlete': {'id': '4395630'}}]",2026-05-21T00:55:03Z,False,"{'x': -214748340, 'y': -214748365}",0,Substitution,227.0
401873198108,108,"{'id': '99', 'text': 'Free Throw - 2 of 2'}",Jared McCain makes free throw 2 of 2,20,20,1,3:47,True,1,{'id': '25'},[{'athlete': {'id': '4683778'}}],2026-05-21T00:55:32Z,True,"{'x': -214748340, 'y': -214748365}",1,+1 Point,227.0
401873198109,109,"{'id': '92', 'text': 'Jump Shot'}",Julian Champagnie misses 26-foot three point jumper,20,20,1,3:25,False,0,{'id': '24'},[{'athlete': {'id': '4592479'}}],2026-05-21T00:55:56Z,True,"{'x': 4, 'y': 17}",3,Missed 3PT,205.0
401873198110,110,"{'id': '155', 'text': 'Defensive Rebound'}",Thunder defensive team rebound,20,20,1,3:24,False,0,{'id': '25'},,2026-05-21T00:55:59Z,False,"{'x': 4, 'y': 17}",0,Rebound,204.0
401873198112,112,"{'id': '63', 'text': 'Lost Ball Turnover'}",Ajay Mitchell lost ball turnover (Carter Bryant steals),20,20,1,3:14,False,0,{'id': '25'},"[{'athlete': {'id': '4900671'}}, {'athlete': {'id': '5061568'}}]",2026-05-21T00:56:14Z,False,"{'x': 19, 'y': 10}",0,Turnover,194.0
401873198114,114,"{'id': '92', 'text': 'Jump Shot'}",Keldon Johnson makes 23-foot three point jumper (Julian Champagnie assists),23,20,1,3:07,True,3,{'id': '24'},"[{'athlete': {'id': '4395723'}}, {'athlete': {'id': '4592479'}}]",2026-05-21T00:56:21Z,True,"{'x': 1, 'y': -2}",3,+3 Points,187.0
401873198116,116,"{'id': '16', 'text': 'Full Timeout'}",Thunder Full timeout,23,20,1,3:05,False,0,{'id': '25'},,2026-05-21T00:56:26Z,False,"{'x': -214748340, 'y': -214748365}",0,Timeout,185.0
401873198117,117,"{'id': '584', 'text': 'Substitution'}",Chet Holmgren enters the game for Jaylin Williams,23,20,1,3:05,False,0,{'id': '25'},"[{'athlete': {'id': '4433255'}}, {'athlete': {'id': '4432823'}}]",2026-05-21T00:59:46Z,False,"{'x': -214748340, 'y': -214748365}",0,Substitution,185.0
401873198118,118,"{'id': '584', 'text': 'Substitution'}",Jalen Williams enters the game for Alex Caruso,23,20,1,3:05,False,0,{'id': '25'},"[{'athlete': {'id': '4593803'}}, {'athlete': {'id': '2991350'}}]",2026-05-21T00:59:46Z,False,"{'x': -214748340, 'y': -214748365}",0,Substitution,185.0
401873198121,121,"{'id': '128', 'text': 'Driving Finger Roll Layup'}",Jared McCain misses two point shot,23,20,1,2:47,False,0,{'id': '25'},[{'athlete': {'id': '4683778'}}],2026-05-21T01:00:39Z,True,"{'x': 29, 'y': 3}",2,Missed FG,167.0
401873198122,122,"{'id': '155', 'text': 'Defensive Rebound'}",Julian Champagnie defensive rebound,23,20,1,2:45,False,0,{'id': '24'},[{'athlete': {'id': '4592479'}}],2026-05-21T01:00:41Z,False,"{'x': 29, 'y': 3}",0,Rebound,165.0
401873198123,123,"{'id': '110', 'text': 'Driving Layup Shot'}",Keldon Johnson misses driving layup,23,20,1,2:40,False,0,{'id': '24'},[{'athlete': {'id': '4395723'}}],2026-05-21T01:00:46Z,True,"{'x': 23, 'y': 2}",2,Missed FG,160.0
401873198124,124,"{'id': '156', 'text': 'Offensive Rebound'}",Keldon Johnson offensive rebound,23,20,1,2:37,False,0,{'id': '24'},[{'athlete': {'id': '4395723'}}],2026-05-21T01:00:49Z,False,"{'x': 23, 'y': 2}",0,Rebound,157.0
401873198125,125,"{'id': '94', 'text': 'Tip Shot'}",Keldon Johnson misses tip shot,23,20,1,2:37,False,0,{'id': '24'},[{'athlete': {'id': '4395723'}}],2026-05-21T01:00:49Z,True,"{'x': 25, 'y': 0}",2,Missed FG,157.0
401873198126,126,"{'id': '156', 'text': 'Offensive Rebound'}",Luke Kornet offensive rebound,23,20,1,2:36,False,0,{'id': '24'},[{'athlete': {'id': '3064560'}}],2026-05-21T01:00:50Z,False,"{'x': 25, 'y': 0}",0,Rebound,156.0
401873198127,127,"{'id': '125', 'text': 'Layup Shot Putback'}",Luke Kornet makes two point shot,25,20,1,2:35,True,2,{'id': '24'},[{'athlete': {'id': '3064560'}}],2026-05-21T01:00:50Z,True,"{'x': 26, 'y': 2}",2,+2 Points,155.0
401873198128,128,"{'id': '131', 'text': 'Pullup Jump Shot'}",Jalen Williams misses 15-foot pullup jump shot,25,20,1,2:23,False,0,{'id': '25'},[{'athlete': {'id': '4593803'}}],2026-05-21T01:01:03Z,True,"{'x': 35, 'y': 11}",2,Missed FG,143.0
401873198130,130,"{'id': '155', 'text': 'Defensive Rebound'}",Julian Champagnie defensive rebound,25,20,1,2:23,False,0,{'id': '24'},[{'athlete': {'id': '4592479'}}],2026-05-21T01:01:03Z,False,"{'x': 35, 'y': 11}",0,Rebound,143.0
401873198131,131,"{'id': '62', 'text': 'Bad Pass\nTurnover'}","Carter Bryant bad pass
turnover (Jared McCain steals)",25,20,1,2:17,False,0,{'id': '24'},"[{'athlete': {'id': '5061568'}}, {'athlete': {'id': '4683778'}}]",2026-05-21T01:01:09Z,False,"{'x': 22, 'y': 2}",0,Turnover,137.0
401873198133,133,"{'id': '149', 'text': 'Running Alley Oop Dunk Shot'}",Jalen Williams makes 1-foot dunk (Jared McCain assists),25,22,1,2:13,True,2,{'id': '25'},"[{'athlete': {'id': '4593803'}}, {'athlete': {'id': '4683778'}}]",2026-05-21T01:01:14Z,True,"{'x': 26, 'y': 0}",2,+2 Points,133.0
401873198135,135,"{'id': '132', 'text': 'Step Back Jump Shot'}",Dylan Harper misses 16-foot step back jumpshot,25,22,1,1:59,False,0,{'id': '24'},[{'athlete': {'id': '5037871'}}],2026-05-21T01:01:37Z,True,"{'x': 41, 'y': 4}",2,Missed FG,119.0
401873198136,136,"{'id': '155', 'text': 'Defensive Rebound'}",Chet Holmgren defensive rebound,25,22,1,1:55,False,0,{'id': '25'},[{'athlete': {'id': '4433255'}}],2026-05-21T01:01:41Z,False,"{'x': 41, 'y': 4}",0,Rebound,115.0
401873198137,137,"{'id': '92', 'text': 'Jump Shot'}",Chet Holmgren makes 23-foot jumper (Cason Wallace assists),25,24,1,1:45,True,2,{'id': '25'},"[{'athlete': {'id': '4433255'}}, {'athlete': {'id': '4683692'}}]",2026-05-21T01:01:50Z,True,"{'x': 21, 'y': 23}",2,+2 Points,105.0
401873198140,140,"{'id': '584', 'text': 'Substitution'}",Shai Gilgeous-Alexander enters the game for Jalen Williams,25,24,1,1:34,False,0,{'id': '25'},"[{'athlete': {'id': '4278073'}}, {'athlete': {'id': '4593803'}}]",2026-05-21T01:02:05Z,False,"{'x': -214748340, 'y': -214748365}",0,Substitution,94.0
401873198141,141,"{'id': '584', 'text': 'Substitution'}",Jordan McLaughlin enters the game for Luke Kornet,25,24,1,1:34,False,0,{'id': '24'},"[{'athlete': {'id': '3134916'}}, {'athlete': {'id': '3064560'}}]",2026-05-21T01:02:05Z,False,"{'x': -214748340, 'y': -214748365}",0,Substitution,94.0
401873198142,142,"{'id': '584', 'text': 'Substitution'}",Victor Wembanyama enters the game for Carter Bryant,25,24,1,1:34,False,0,{'id': '24'},"[{'athlete': {'id': '5104157'}}, {'athlete': {'id': '5061568'}}]",2026-05-21T01:02:05Z,False,"{'x': -214748340, 'y': -214748365}",0,Substitution,94.0
401873198146,146,"{'id': '63', 'text': 'Lost Ball Turnover'}",Dylan Harper lost ball turnover (Jared McCain steals),25,24,1,1:23,False,0,{'id': '24'},"[{'athlete': {'id': '5037871'}}, {'athlete': {'id': '4683778'}}]",2026-05-21T01:02:32Z,False,"{'x': 36, 'y': 15}",0,Turnover,83.0
401873198148,148,"{'id': '92', 'text': 'Jump Shot'}",Cason Wallace makes 22-foot three point jumper (Shai Gilgeous-Alexander assists),25,27,1,1:16,True,3,{'id': '25'},"[{'athlete': {'id': '4683692'}}, {'athlete': {'id': '4278073'}}]",2026-05-21T01:02:39Z,True,"{'x': 2, 'y': -1}",3,+3 Points,76.0
401873198150,150,"{'id': '132', 'text': 'Step Back Jump Shot'}",Jordan McLaughlin makes 27-foot three point step back jumpshot (Julian Champagnie assists),28,27,1,1:02,True,3,{'id': '24'},"[{'athlete': {'id': '3134916'}}, {'athlete': {'id': '4592479'}}]",2026-05-21T01:02:53Z,True,"{'x': 43, 'y': 21}",3,+3 Points,62.0
401873198152,152,"{'id': '131', 'text': 'Pullup Jump Shot'}",Jared McCain makes 13-foot pullup jump shot (Shai Gilgeous-Alexander assists),28,29,1,47.3,True,2,{'id': '25'},"[{'athlete': {'id': '4683778'}}, {'athlete': {'id': '4278073'}}]",2026-05-21T01:03:09Z,True,"{'x': 26, 'y': 13}",2,+2 Points,47.3
401873198154,154,"{'id': '110', 'text': 'Driving Layup Shot'}",Shai Gilgeous-Alexander blocks Keldon Johnson 's 1-foot driving layup,28,29,1,42.3,False,0,{'id': '24'},"[{'athlete': {'id': '4395723'}}, {'athlete': {'id': '4278073'}}]",2026-05-21T01:03:18Z,True,"{'x': 25, 'y': 1}",2,Missed FG,42.3
401873198156,156,"{'id': '156', 'text': 'Offensive Rebound'}",Jordan McLaughlin offensive rebound,28,29,1,39.2,False,0,{'id': '24'},[{'athlete': {'id': '3134916'}}],2026-05-21T01:03:21Z,False,"{'x': 25, 'y': 1}",0,Rebound,39.2
401873198157,157,"{'id': '92', 'text': 'Jump Shot'}",Julian Champagnie makes 27-foot three point jumper (Dylan Harper assists),31,29,1,28.7,True,3,{'id': '24'},"[{'athlete': {'id': '4592479'}}, {'athlete': {'id': '5037871'}}]",2026-05-21T01:03:31Z,True,"{'x': 36, 'y': 25}",3,+3 Points,28.7
401873198159,159,"{'id': '92', 'text': 'Jump Shot'}",Jared McCain misses 25-foot three point jumper,31,29,1,16.3,False,0,{'id': '25'},[{'athlete': {'id': '4683778'}}],2026-05-21T01:03:46Z,True,"{'x': 44, 'y': 17}",3,Missed 3PT,16.3
401873198160,160,"{'id': '156', 'text': 'Offensive Rebound'}",Chet Holmgren offensive rebound,31,29,1,13.7,False,0,{'id': '25'},[{'athlete': {'id': '4433255'}}],2026-05-21T01:03:49Z,False,"{'x': 44, 'y': 17}",0,Rebound,13.7
401873198161,161,"{'id': '44', 'text': 'Shooting Foul'}",Keldon Johnson shooting foul,31,29,1,10.8,False,0,{'id': '24'},[{'athlete': {'id': '4395723'}}],2026-05-21T01:03:54Z,False,"{'x': 32, 'y': 0}",0,Foul,10.8
401873198163,163,"{'id': '98', 'text': 'Free Throw - 1 of 2'}",Ajay Mitchell makes free throw 1 of 2,31,30,1,10.8,True,1,{'id': '25'},[{'athlete': {'id': '4900671'}}],2026-05-21T01:04:30Z,True,"{'x': -214748340, 'y': -214748365}",1,+1 Point,10.8
401873198164,164,"{'id': '584', 'text': 'Substitution'}",Luguentz Dort enters the game for Jared McCain,31,30,1,10.8,False,0,{'id': '25'},"[{'athlete': {'id': '4397020'}}, {'athlete': {'id': '4683778'}}]",2026-05-21T01:04:31Z,False,"{'x': -214748340, 'y': -214748365}",0,Substitution,10.8
401873198165,165,"{'id': '584', 'text': 'Substitution'}",Devin Vassell enters the game for Keldon Johnson,31,30,1,10.8,False,0,{'id': '24'},"[{'athlete': {'id': '4395630'}}, {'athlete': {'id': '4395723'}}]",2026-05-21T01:04:31Z,False,"{'x': -214748340, 'y': -214748365}",0,Substitution,10.8
401873198168,168,"{'id': '584', 'text': 'Substitution'}",Alex Caruso enters the game for Shai Gilgeous-Alexander,31,30,1,10.8,False,0,{'id': '25'},"[{'athlete': {'id': '2991350'}}, {'athlete': {'id': '4278073'}}]",2026-05-21T01:04:44Z,False,"{'x': -214748340, 'y': -214748365}",0,Substitution,10.8
401873198170,170,"{'id': '99', 'text': 'Free Throw - 2 of 2'}",Ajay Mitchell makes free throw 2 of 2,31,31,1,10.8,True,1,{'id': '25'},[{'athlete': {'id': '4900671'}}],2026-05-21T01:04:30Z,True,"{'x': -214748340, 'y': -214748365}",1,+1 Point,10.8
401873198174,174,"{'id': '277', 'text': ""Coach's Challenge (replaycenter)""}",(00:10.8) [Spurs] COACH'S CHALLENGE (CALL REPLAYCENTER),31,31,1,10.8,False,0,,,2026-05-21T01:04:30Z,False,"{'x': -214748340, 'y': -214748365}",0,Challenge,10.8
401873198171,171,"{'id': '24', 'text': 'Offensive Charge'}",Victor Wembanyama offensive charge,31,31,1,4.4,False,0,{'id': '24'},[{'athlete': {'id': '5104157'}}],2026-05-21T01:05:12Z,False,"{'x': 31, 'y': 6}",0,Foul,4.4
401873198173,173,"{'id': '84', 'text': 'Offensive Foul Turnover'}",Victor Wembanyama offensive foul turnover,31,31,1,4.4,False,0,{'id': '24'},[{'athlete': {'id': '5104157'}}],2026-05-21T01:05:12Z,False,"{'x': 31, 'y': 6}",0,Turnover,4.4
401873198175,175,"{'id': '584', 'text': 'Substitution'}",Shai Gilgeous-Alexander enters the game for Luguentz Dort,31,31,1,4.4,False,0,{'id': '25'},"[{'athlete': {'id': '4278073'}}, {'athlete': {'id': '4397020'}}]",2026-05-21T01:05:23Z,False,"{'x': -214748340, 'y': -214748365}",0,Substitution,4.4
401873198176,176,"{'id': '584', 'text': 'Substitution'}",Jaylin Williams enters the game for Cason Wallace,31,31,1,4.4,False,0,{'id': '25'},"[{'athlete': {'id': '4432823'}}, {'athlete': {'id': '4683692'}}]",2026-05-21T01:05:23Z,False,"{'x': -214748340, 'y': -214748365}",0,Substitution,4.4
401873198178,178,"{'id': '584', 'text': 'Substitution'}",Jared McCain enters the game for Alex Caruso,31,31,1,4.4,False,0,{'id': '25'},"[{'athlete': {'id': '4683778'}}, {'athlete': {'id': '2991350'}}]",2026-05-21T01:05:23Z,False,"{'x': -214748340, 'y': -214748365}",0,Substitution,4.4
401873198179,179,"{'id': '584', 'text': 'Substitution'}",Carter Bryant enters the game for Jordan McLaughlin,31,31,1,4.4,False,0,{'id': '24'},"[{'athlete': {'id': '5061568'}}, {'athlete': {'id': '3134916'}}]",2026-05-21T01:05:23Z,False,"{'x': -214748340, 'y': -214748365}",0,Substitution,4.4
401873198180,180,"{'id': '584', 'text': 'Substitution'}",Stephon Castle enters the game for Dylan Harper,31,31,1,4.4,False,0,{'id': '24'},"[{'athlete': {'id': '4845367'}}, {'athlete': {'id': '5037871'}}]",2026-05-21T01:05:23Z,False,"{'x': -214748340, 'y': -214748365}",0,Substitution,4.4
401873198187,187,"{'id': '584', 'text': 'Substitution'}",Isaiah Joe enters the game for Chet Holmgren,31,31,1,4.4,False,0,{'id': '25'},"[{'athlete': {'id': '4395702'}}, {'athlete': {'id': '4433255'}}]",2026-05-21T01:05:23Z,False,"{'x': -214748340, 'y': -214748365}",0,Substitution,4.4
401873198188,188,"{'id': '92', 'text': 'Jump Shot'}",Jaylin Williams misses 24-foot three point jumper,31,31,1,0.3,False,0,{'id': '25'},[{'athlete': {'id': '4432823'}}],2026-05-21T01:05:54Z,True,"{'x': 24, 'y': 25}",3,Missed 3PT,0.3
401873198189,189,"{'id': '156', 'text': 'Offensive Rebound'}",Thunder offensive team rebound,31,31,1,0.1,False,0,{'id': '25'},,2026-05-21T01:05:54Z,False,"{'x': 24, 'y': 25}",0,Rebound,0.1
401873198190,190,"{'id': '412', 'text': 'End Period'}",End of the 1st Quarter,31,31,1,0.0,False,0,,,2026-05-21T01:06:13Z,False,"{'x': -214748340, 'y': -214748365}",0,End of 1st,0.0
401873198191,191,"{'id': '584', 'text': 'Substitution'}",Isaiah Hartenstein enters the game for Jaylin Williams,31,31,2,12:00,False,0,{'id': '25'},"[{'athlete': {'id': '4222252'}}, {'athlete': {'id': '4432823'}}]",2026-05-21T01:06:16Z,False,"{'x': -214748340, 'y': -214748365}",0,Substitution,720.0
401873198192,192,"{'id': '584', 'text': 'Substitution'}",Alex Caruso enters the game for Jared McCain,31,31,2,12:00,False,0,{'id': '25'},"[{'athlete': {'id': '2991350'}}, {'athlete': {'id': '4683778'}}]",2026-05-21T01:06:16Z,False,"{'x': -214748340, 'y': -214748365}",0,Substitution,720.0
401873198193,193,"{'id': '584', 'text': 'Substitution'}",Jordan McLaughlin enters the game for Julian Champagnie,31,31,2,12:00,False,0,{'id': '24'},"[{'athlete': {'id': '3134916'}}, {'athlete': {'id': '4592479'}}]",2026-05-21T01:06:16Z,False,"{'x': -214748340, 'y': -214748365}",0,Substitution,720.0
401873198194,194,"{'id': '584', 'text': 'Substitution'}",Keldon Johnson enters the game for Carter Bryant,31,31,2,12:00,False,0,{'id': '24'},"[{'athlete': {'id': '4395723'}}, {'athlete': {'id': '5061568'}}]",2026-05-21T01:06:16Z,False,"{'x': -214748340, 'y': -214748365}",0,Substitution,720.0
401873198200,200,"{'id': '145', 'text': 'Driving Floating Bank Jump Shot'}",Ajay Mitchell misses two point shot,31,31,2,11:41,False,0,{'id': '25'},[{'athlete': {'id': '4900671'}}],2026-05-21T01:09:56Z,True,"{'x': 19, 'y': 2}",2,Missed FG,701.0
401873198201,201,"{'id': '156', 'text': 'Offensive Rebound'}",Alex Caruso offensive rebound,31,31,2,11:40,False,0,{'id': '25'},[{'athlete': {'id': '2991350'}}],2026-05-21T01:09:57Z,False,"{'x': 19, 'y': 2}",0,Rebound,700.0
401873198202,202,"{'id': '44', 'text': 'Shooting Foul'}",Victor Wembanyama shooting foul,31,31,2,11:38,False,0,{'id': '24'},[{'athlete': {'id': '5104157'}}],2026-05-21T01:10:01Z,False,"{'x': 29, 'y': 2}",0,Foul,698.0
401873198204,204,"{'id': '98', 'text': 'Free Throw - 1 of 2'}",Alex Caruso makes free throw 1 of 2,31,32,2,11:38,True,1,{'id': '25'},[{'athlete': {'id': '2991350'}}],2026-05-21T01:10:29Z,True,"{'x': -214748340, 'y': -214748365}",1,+1 Point,698.0
401873198205,205,"{'id': '99', 'text': 'Free Throw - 2 of 2'}",Alex Caruso makes free throw 2 of 2,31,33,2,11:38,True,1,{'id': '25'},[{'athlete': {'id': '2991350'}}],2026-05-21T01:10:46Z,True,"{'x': -214748340, 'y': -214748365}",1,+1 Point,698.0
401873198206,206,"{'id': '45', 'text': 'Personal Foul'}",Isaiah Joe personal foul,31,33,2,11:17,False,0,{'id': '25'},[{'athlete': {'id': '4395702'}}],2026-05-21T01:11:11Z,False,"{'x': 11, 'y': 5}",0,Foul,677.0
401873198208,208,"{'id': '63', 'text': 'Lost Ball Turnover'}",Stephon Castle lost ball turnover (Ajay Mitchell steals),31,33,2,11:12,False,0,{'id': '24'},"[{'athlete': {'id': '4845367'}}, {'athlete': {'id': '4900671'}}]",2026-05-21T01:11:35Z,False,"{'x': 23, 'y': 6}",0,Turnover,672.0
401873198210,210,"{'id': '92', 'text': 'Jump Shot'}",Alex Caruso makes 23-foot three point jumper (Shai Gilgeous-Alexander assists),31,36,2,10:59,True,3,{'id': '25'},"[{'athlete': {'id': '2991350'}}, {'athlete': {'id': '4278073'}}]",2026-05-21T01:11:48Z,True,"{'x': 2, 'y': -3}",3,+3 Points,659.0
401873198212,212,"{'id': '62', 'text': 'Bad Pass\nTurnover'}","Stephon Castle bad pass
turnover (Alex Caruso steals)",31,36,2,10:45,False,0,{'id': '24'},"[{'athlete': {'id': '4845367'}}, {'athlete': {'id': '2991350'}}]",2026-05-21T01:12:02Z,False,"{'x': 17, 'y': 14}",0,Turnover,645.0
401873198214,214,"{'id': '44', 'text': 'Shooting Foul'}",Devin Vassell shooting foul,31,36,2,10:42,False,0,{'id': '24'},[{'athlete': {'id': '4395630'}}],2026-05-21T01:12:08Z,False,"{'x': 26, 'y': 7}",0,Foul,642.0
401873198216,216,"{'id': '98', 'text': 'Free Throw - 1 of 2'}",Shai Gilgeous-Alexander makes free throw 1 of 2,31,37,2,10:42,True,1,{'id': '25'},[{'athlete': {'id': '4278073'}}],2026-05-21T01:12:38Z,True,"{'x': -214748340, 'y': -214748365}",1,+1 Point,642.0
401873198217,217,"{'id': '99', 'text': 'Free Throw - 2 of 2'}",Shai Gilgeous-Alexander makes free throw 2 of 2,31,38,2,10:42,True,1,{'id': '25'},[{'athlete': {'id': '4278073'}}],2026-05-21T01:12:38Z,True,"{'x': -214748340, 'y': -214748365}",1,+1 Point,642.0
401873198218,218,"{'id': '145', 'text': 'Driving Floating Bank Jump Shot'}",Victor Wembanyama misses two point shot,31,38,2,10:20,False,0,{'id': '24'},[{'athlete': {'id': '5104157'}}],2026-05-21T01:13:20Z,True,"{'x': 31, 'y': 4}",2,Missed FG,620.0
401873198219,219,"{'id': '156', 'text': 'Offensive Rebound'}",Victor Wembanyama offensive rebound,31,38,2,10:19,False,0,{'id': '24'},[{'athlete': {'id': '5104157'}}],2026-05-21T01:13:21Z,False,"{'x': 31, 'y': 4}",0,Rebound,619.0
401873198220,220,"{'id': '94', 'text': 'Tip Shot'}",Victor Wembanyama makes tip shot,33,38,2,10:19,True,2,{'id': '24'},[{'athlete': {'id': '5104157'}}],2026-05-21T01:13:23Z,True,"{'x': 25, 'y': 0}",2,+2 Points,619.0
401873198221,221,"{'id': '131', 'text': 'Pullup Jump Shot'}",Shai Gilgeous-Alexander makes 13-foot pullup jump shot,33,40,2,10:09,True,2,{'id': '25'},[{'athlete': {'id': '4278073'}}],2026-05-21T01:13:32Z,True,"{'x': 31, 'y': 12}",2,+2 Points,609.0
401873198222,222,"{'id': '44', 'text': 'Shooting Foul'}",Jordan McLaughlin shooting foul,33,40,2,10:09,False,0,{'id': '24'},[{'athlete': {'id': '3134916'}}],2026-05-21T01:13:35Z,False,"{'x': 31, 'y': 11}",0,Foul,609.0
401873198224,224,"{'id': '584', 'text': 'Substitution'}",Cason Wallace enters the game for Ajay Mitchell,33,40,2,10:09,False,0,{'id': '25'},"[{'athlete': {'id': '4683692'}}, {'athlete': {'id': '4900671'}}]",2026-05-21T01:13:44Z,False,"{'x': -214748340, 'y': -214748365}",0,Substitution,609.0
401873198225,225,"{'id': '584', 'text': 'Substitution'}",Dylan Harper enters the game for Jordan McLaughlin,33,40,2,10:09,False,0,{'id': '24'},"[{'athlete': {'id': '5037871'}}, {'athlete': {'id': '3134916'}}]",2026-05-21T01:13:44Z,False,"{'x': -214748340, 'y': -214748365}",0,Substitution,609.0
401873198228,228,"{'id': '97', 'text': 'Free Throw - 1 of 1'}",Shai Gilgeous-Alexander makes free throw 1 of 1,33,41,2,10:09,True,1,{'id': '25'},[{'athlete': {'id': '4278073'}}],2026-05-21T01:14:12Z,True,"{'x': -214748340, 'y': -214748365}",1,+1 Point,609.0
401873198229,229,"{'id': '128', 'text': 'Driving Finger Roll Layup'}",Dylan Harper makes 1-foot two point shot,35,41,2,9:58,True,2,{'id': '24'},[{'athlete': {'id': '5037871'}}],2026-05-21T01:14:25Z,True,"{'x': 26, 'y': 2}",2,+2 Points,598.0
401873198230,230,"{'id': '131', 'text': 'Pullup Jump Shot'}",Devin Vassell blocks Shai Gilgeous-Alexander 's 19-foot pullup jump shot,35,41,2,9:45,False,0,{'id': '25'},"[{'athlete': {'id': '4278073'}}, {'athlete': {'id': '4395630'}}]",2026-05-21T01:14:40Z,True,"{'x': 24, 'y': 19}",2,Missed FG,585.0
401873198232,232,"{'id': '156', 'text': 'Offensive Rebound'}",Isaiah Hartenstein offensive rebound,35,41,2,9:43,False,0,{'id': '25'},[{'athlete': {'id': '4222252'}}],2026-05-21T01:14:42Z,False,"{'x': 24, 'y': 19}",0,Rebound,583.0
401873198233,233,"{'id': '131', 'text': 'Pullup Jump Shot'}",Alex Caruso makes 14-foot pullup jump shot,35,43,2,9:31,True,2,{'id': '25'},[{'athlete': {'id': '2991350'}}],2026-05-21T01:14:52Z,True,"{'x': 11, 'y': 4}",2,+2 Points,571.0
401873198235,235,"{'id': '62', 'text': 'Bad Pass\nTurnover'}","Stephon Castle bad pass
turnover (Cason Wallace steals)",35,43,2,9:18,False,0,{'id': '24'},"[{'athlete': {'id': '4845367'}}, {'athlete': {'id': '4683692'}}]",2026-05-21T01:15:05Z,False,"{'x': 9, 'y': 21}",0,Turnover,558.0
401873198237,237,"{'id': '113', 'text': 'Running Jump Shot'}",Isaiah Joe misses 22-foot running jump shot,35,43,2,9:14,False,0,{'id': '25'},[{'athlete': {'id': '4395702'}}],2026-05-21T01:15:09Z,True,"{'x': 4, 'y': 9}",2,Missed FG,554.0
401873198238,238,"{'id': '155', 'text': 'Defensive Rebound'}",Victor Wembanyama defensive rebound,35,43,2,9:11,False,0,{'id': '24'},[{'athlete': {'id': '5104157'}}],2026-05-21T01:15:12Z,False,"{'x': 4, 'y': 9}",0,Rebound,551.0
401873198239,239,"{'id': '109', 'text': 'Running Layup Shot'}",Stephon Castle makes running layup (Victor Wembanyama assists),37,43,2,9:05,True,2,{'id': '24'},"[{'athlete': {'id': '4845367'}}, {'athlete': {'id': '5104157'}}]",2026-05-21T01:15:17Z,True,"{'x': 24, 'y': 1}",2,+2 Points,545.0
401873198240,240,"{'id': '131', 'text': 'Pullup Jump Shot'}",Shai Gilgeous-Alexander misses 14-foot pullup jump shot,37,43,2,8:52,False,0,{'id': '25'},[{'athlete': {'id': '4278073'}}],2026-05-21T01:15:33Z,True,"{'x': 33, 'y': 13}",2,Missed FG,532.0
401873198241,241,"{'id': '155', 'text': 'Defensive Rebound'}",Devin Vassell defensive rebound,37,43,2,8:49,False,0,{'id': '24'},[{'athlete': {'id': '4395630'}}],2026-05-21T01:15:36Z,False,"{'x': 33, 'y': 13}",0,Rebound,529.0
401873198242,242,"{'id': '44', 'text': 'Shooting Foul'}",Isaiah Joe shooting foul,37,43,2,8:44,False,0,{'id': '25'},[{'athlete': {'id': '4395702'}}],2026-05-21T01:15:47Z,False,"{'x': 28, 'y': 4}",0,Foul,524.0
401873198244,244,"{'id': '98', 'text': 'Free Throw - 1 of 2'}",Devin Vassell makes free throw 1 of 2,38,43,2,8:44,True,1,{'id': '24'},[{'athlete': {'id': '4395630'}}],2026-05-21T01:16:16Z,True,"{'x': -214748340, 'y': -214748365}",1,+1 Point,524.0
401873198245,245,"{'id': '99', 'text': 'Free Throw - 2 of 2'}",Devin Vassell makes free throw 2 of 2,39,43,2,8:44,True,1,{'id': '24'},[{'athlete': {'id': '4395630'}}],2026-05-21T01:16:16Z,True,"{'x': -214748340, 'y': -214748365}",1,+1 Point,524.0
401873198246,246,"{'id': '144', 'text': 'Driving Floating Jump Shot'}",Isaiah Hartenstein misses driving floating jump shot,39,43,2,8:36,False,0,{'id': '25'},[{'athlete': {'id': '4222252'}}],2026-05-21T01:16:46Z,True,"{'x': 25, 'y': 13}",2,Missed FG,516.0
401873198247,247,"{'id': '155', 'text': 'Defensive Rebound'}",Victor Wembanyama defensive rebound,39,43,2,8:35,False,0,{'id': '24'},[{'athlete': {'id': '5104157'}}],2026-05-21T01:16:47Z,False,"{'x': 25, 'y': 13}",0,Rebound,515.0
401873198248,248,"{'id': '115', 'text': 'Driving Dunk Shot'}",Stephon Castle makes 2-foot driving dunk (Victor Wembanyama assists),41,43,2,8:15,True,2,{'id': '24'},"[{'athlete': {'id': '4845367'}}, {'athlete': {'id': '5104157'}}]",2026-05-21T01:17:06Z,True,"{'x': 24, 'y': 2}",2,+2 Points,495.0
401873198250,250,"{'id': '92', 'text': 'Jump Shot'}",Cason Wallace makes 22-foot three point jumper (Shai Gilgeous-Alexander assists),41,46,2,7:59,True,3,{'id': '25'},"[{'athlete': {'id': '4683692'}}, {'athlete': {'id': '4278073'}}]",2026-05-21T01:17:21Z,True,"{'x': 48, 'y': 2}",3,+3 Points,479.0
401873198252,252,"{'id': '62', 'text': 'Bad Pass\nTurnover'}","Stephon Castle bad pass
turnover (Cason Wallace steals)",41,46,2,7:41,False,0,{'id': '24'},"[{'athlete': {'id': '4845367'}}, {'athlete': {'id': '4683692'}}]",2026-05-21T01:17:40Z,False,"{'x': 2, 'y': 12}",0,Turnover,461.0
401873198254,254,"{'id': '116', 'text': 'Running Dunk Shot'}",Shai Gilgeous-Alexander makes 1-foot running dunk (Alex Caruso assists),41,48,2,7:38,True,2,{'id': '25'},"[{'athlete': {'id': '4278073'}}, {'athlete': {'id': '2991350'}}]",2026-05-21T01:17:45Z,True,"{'x': 25, 'y': -1}",2,+2 Points,458.0
401873198256,256,"{'id': '16', 'text': 'Full Timeout'}",Spurs Full timeout,41,48,2,7:38,False,0,{'id': '24'},,2026-05-21T01:17:55Z,False,"{'x': -214748340, 'y': -214748365}",0,Timeout,458.0
401873198257,257,"{'id': '584', 'text': 'Substitution'}",Carter Bryant enters the game for Keldon Johnson,41,48,2,7:38,False,0,{'id': '24'},"[{'athlete': {'id': '5061568'}}, {'athlete': {'id': '4395723'}}]",2026-05-21T01:21:12Z,False,"{'x': -214748340, 'y': -214748365}",0,Substitution,458.0
401873198258,258,"{'id': '584', 'text': 'Substitution'}",Julian Champagnie enters the game for Stephon Castle,41,48,2,7:38,False,0,{'id': '24'},"[{'athlete': {'id': '4592479'}}, {'athlete': {'id': '4845367'}}]",2026-05-21T01:21:12Z,False,"{'x': -214748340, 'y': -214748365}",0,Substitution,458.0
401873198262,262,"{'id': '128', 'text': 'Driving Finger Roll Layup'}",Dylan Harper makes 1-foot two point shot,43,48,2,7:27,True,2,{'id': '24'},[{'athlete': {'id': '5037871'}}],2026-05-21T01:22:02Z,True,"{'x': 26, 'y': 2}",2,+2 Points,447.0
401873198263,263,"{'id': '110', 'text': 'Driving Layup Shot'}",Carter Bryant blocks Shai Gilgeous-Alexander's driving layup,43,48,2,7:12,False,0,{'id': '25'},"[{'athlete': {'id': '4278073'}}, {'athlete': {'id': '5061568'}}]",2026-05-21T01:22:19Z,True,"{'x': 24, 'y': 0}",2,Missed FG,432.0
401873198265,265,"{'id': '156', 'text': 'Offensive Rebound'}",Isaiah Hartenstein offensive rebound,43,48,2,7:11,False,0,{'id': '25'},[{'athlete': {'id': '4222252'}}],2026-05-21T01:22:20Z,False,"{'x': 24, 'y': 0}",0,Rebound,431.0
401873198266,266,"{'id': '125', 'text': 'Layup Shot Putback'}",Victor Wembanyama blocks Isaiah Hartenstein 's 1-foot two point shot,43,48,2,7:09,False,0,{'id': '25'},"[{'athlete': {'id': '4222252'}}, {'athlete': {'id': '5104157'}}]",2026-05-21T01:22:24Z,True,"{'x': 26, 'y': 1}",2,Missed FG,429.0
401873198268,268,"{'id': '155', 'text': 'Defensive Rebound'}",Dylan Harper defensive rebound,43,48,2,7:09,False,0,{'id': '24'},[{'athlete': {'id': '5037871'}}],2026-05-21T01:22:24Z,False,"{'x': 26, 'y': 1}",0,Rebound,429.0
401873198269,269,"{'id': '113', 'text': 'Running Jump Shot'}",Julian Champagnie misses 25-foot running jump shot,43,48,2,7:05,False,0,{'id': '24'},[{'athlete': {'id': '4592479'}}],2026-05-21T01:22:29Z,True,"{'x': 6, 'y': 17}",3,Missed 3PT,425.0
401873198270,270,"{'id': '155', 'text': 'Defensive Rebound'}",Cason Wallace defensive rebound,43,48,2,7:03,False,0,{'id': '25'},[{'athlete': {'id': '4683692'}}],2026-05-21T01:22:31Z,False,"{'x': 6, 'y': 17}",0,Rebound,423.0
401873198271,271,"{'id': '92', 'text': 'Jump Shot'}",Cason Wallace misses 25-foot three point jumper,43,48,2,6:47,False,0,{'id': '25'},[{'athlete': {'id': '4683692'}}],2026-05-21T01:22:42Z,True,"{'x': 10, 'y': 20}",3,Missed 3PT,407.0
401873198272,272,"{'id': '156', 'text': 'Offensive Rebound'}",Cason Wallace offensive rebound,43,48,2,6:47,False,0,{'id': '25'},[{'athlete': {'id': '4683692'}}],2026-05-21T01:22:42Z,False,"{'x': 10, 'y': 20}",0,Rebound,407.0
401873198273,273,"{'id': '92', 'text': 'Jump Shot'}",Isaiah Joe misses 23-foot three point jumper,43,48,2,6:38,False,0,{'id': '25'},[{'athlete': {'id': '4395702'}}],2026-05-21T01:22:51Z,True,"{'x': 2, 'y': 0}",3,Missed 3PT,398.0
401873198274,274,"{'id': '155', 'text': 'Defensive Rebound'}",Devin Vassell defensive rebound,43,48,2,6:37,False,0,{'id': '24'},[{'athlete': {'id': '4395630'}}],2026-05-21T01:22:52Z,False,"{'x': 2, 'y': 0}",0,Rebound,397.0
401873198275,275,"{'id': '63', 'text': 'Lost Ball Turnover'}",Devin Vassell lost ball turnover (Cason Wallace steals),43,48,2,6:24,False,0,{'id': '24'},"[{'athlete': {'id': '4395630'}}, {'athlete': {'id': '4683692'}}]",2026-05-21T01:23:04Z,False,"{'x': 25, 'y': 4}",0,Turnover,384.0
401873198277,277,"{'id': '132', 'text': 'Step Back Jump Shot'}",Shai Gilgeous-Alexander misses 10-foot step back jumpshot,43,48,2,6:16,False,0,{'id': '25'},[{'athlete': {'id': '4278073'}}],2026-05-21T01:23:13Z,True,"{'x': 19, 'y': 8}",2,Missed FG,376.0
401873198278,278,"{'id': '155', 'text': 'Defensive Rebound'}",Julian Champagnie defensive rebound,43,48,2,6:13,False,0,{'id': '24'},[{'athlete': {'id': '4592479'}}],2026-05-21T01:23:16Z,False,"{'x': 19, 'y': 8}",0,Rebound,373.0
401873198279,279,"{'id': '129', 'text': 'Running Finger Roll Layup'}",Dylan Harper misses two point shot,43,48,2,6:09,False,0,{'id': '24'},[{'athlete': {'id': '5037871'}}],2026-05-21T01:23:20Z,True,"{'x': 23, 'y': 4}",2,Missed FG,369.0
401873198280,280,"{'id': '155', 'text': 'Defensive Rebound'}",Alex Caruso defensive rebound,43,48,2,6:06,False,0,{'id': '25'},[{'athlete': {'id': '2991350'}}],2026-05-21T01:23:23Z,False,"{'x': 23, 'y': 4}",0,Rebound,366.0
401873198281,281,"{'id': '90', 'text': 'Out of Bounds - Bad Pass Turnover'}",Isaiah Hartenstein out of bounds bad pass turnover,43,48,2,5:58,False,0,{'id': '25'},[{'athlete': {'id': '4222252'}}],2026-05-21T01:23:32Z,False,"{'x': 26, 'y': 18}",0,Turnover,358.0
401873198282,282,"{'id': '584', 'text': 'Substitution'}",Jared McCain enters the game for Shai Gilgeous-Alexander,43,48,2,5:58,False,0,{'id': '25'},"[{'athlete': {'id': '4683778'}}, {'athlete': {'id': '4278073'}}]",2026-05-21T01:23:35Z,False,"{'x': -214748340, 'y': -214748365}",0,Substitution,358.0
401873198283,283,"{'id': '584', 'text': 'Substitution'}",Ajay Mitchell enters the game for Alex Caruso,43,48,2,5:58,False,0,{'id': '25'},"[{'athlete': {'id': '4900671'}}, {'athlete': {'id': '2991350'}}]",2026-05-21T01:23:35Z,False,"{'x': -214748340, 'y': -214748365}",0,Substitution,358.0
401873198284,284,"{'id': '584', 'text': 'Substitution'}",Jaylin Williams enters the game for Isaiah Joe,43,48,2,5:58,False,0,{'id': '25'},"[{'athlete': {'id': '4432823'}}, {'athlete': {'id': '4395702'}}]",2026-05-21T01:23:35Z,False,"{'x': -214748340, 'y': -214748365}",0,Substitution,358.0
401873198285,285,"{'id': '584', 'text': 'Substitution'}",Chet Holmgren enters the game for Isaiah Hartenstein,43,48,2,5:58,False,0,{'id': '25'},"[{'athlete': {'id': '4433255'}}, {'athlete': {'id': '4222252'}}]",2026-05-21T01:23:35Z,False,"{'x': -214748340, 'y': -214748365}",0,Substitution,358.0
401873198286,286,"{'id': '584', 'text': 'Substitution'}",Luke Kornet enters the game for Victor Wembanyama,43,48,2,5:58,False,0,{'id': '24'},"[{'athlete': {'id': '3064560'}}, {'athlete': {'id': '5104157'}}]",2026-05-21T01:23:35Z,False,"{'x': -214748340, 'y': -214748365}",0,Substitution,358.0
401873198287,287,"{'id': '584', 'text': 'Substitution'}",Stephon Castle enters the game for Dylan Harper,43,48,2,5:58,False,0,{'id': '24'},"[{'athlete': {'id': '4845367'}}, {'athlete': {'id': '5037871'}}]",2026-05-21T01:23:35Z,False,"{'x': -214748340, 'y': -214748365}",0,Substitution,358.0
401873198294,294,"{'id': '92', 'text': 'Jump Shot'}",Devin Vassell misses 29-foot three point jumper,43,48,2,5:45,False,0,{'id': '24'},[{'athlete': {'id': '4395630'}}],2026-05-21T01:24:15Z,True,"{'x': 8, 'y': 24}",3,Missed 3PT,345.0
401873198295,295,"{'id': '156', 'text': 'Offensive Rebound'}",Carter Bryant offensive rebound,43,48,2,5:39,False,0,{'id': '24'},[{'athlete': {'id': '5061568'}}],2026-05-21T01:24:21Z,False,"{'x': 8, 'y': 24}",0,Rebound,339.0
401873198296,296,"{'id': '92', 'text': 'Jump Shot'}",Stephon Castle misses 26-foot three point jumper,43,48,2,5:38,False,0,{'id': '24'},[{'athlete': {'id': '4845367'}}],2026-05-21T01:24:22Z,True,"{'x': 34, 'y': 26}",3,Missed 3PT,338.0
401873198297,297,"{'id': '155', 'text': 'Defensive Rebound'}",Jaylin Williams defensive rebound,43,48,2,5:35,False,0,{'id': '25'},[{'athlete': {'id': '4432823'}}],2026-05-21T01:24:25Z,False,"{'x': 34, 'y': 26}",0,Rebound,335.0
401873198298,298,"{'id': '92', 'text': 'Jump Shot'}",Cason Wallace makes 24-foot three point jumper (Ajay Mitchell assists),43,51,2,5:19,True,3,{'id': '25'},"[{'athlete': {'id': '4683692'}}, {'athlete': {'id': '4900671'}}]",2026-05-21T01:24:41Z,True,"{'x': 44, 'y': 16}",3,+3 Points,319.0
401873198300,300,"{'id': '90', 'text': 'Out of Bounds - Bad Pass Turnover'}",Carter Bryant out of bounds bad pass turnover,43,51,2,4:59,False,0,{'id': '24'},[{'athlete': {'id': '5061568'}}],2026-05-21T01:25:01Z,False,"{'x': 44, 'y': 9}",0,Turnover,299.0
401873198301,301,"{'id': '584', 'text': 'Substitution'}",Harrison Barnes enters the game for Carter Bryant,43,51,2,4:58,False,0,{'id': '24'},"[{'athlete': {'id': '6578'}}, {'athlete': {'id': '5061568'}}]",2026-05-21T01:25:07Z,False,"{'x': -214748340, 'y': -214748365}",0,Substitution,298.0
401873198303,303,"{'id': '92', 'text': 'Jump Shot'}",Jaylin Williams misses 23-foot three point jumper,43,51,2,4:53,False,0,{'id': '25'},[{'athlete': {'id': '4432823'}}],2026-05-21T01:25:33Z,True,"{'x': 48, 'y': 5}",3,Missed 3PT,293.0
401873198304,304,"{'id': '155', 'text': 'Defensive Rebound'}",Harrison Barnes defensive rebound,43,51,2,4:48,False,0,{'id': '24'},[{'athlete': {'id': '6578'}}],2026-05-21T01:25:38Z,False,"{'x': 48, 'y': 5}",0,Rebound,288.0
401873198305,305,"{'id': '145', 'text': 'Driving Floating Bank Jump Shot'}",Stephon Castle makes 1-foot two point shot,45,51,2,4:39,True,2,{'id': '24'},[{'athlete': {'id': '4845367'}}],2026-05-21T01:25:47Z,True,"{'x': 26, 'y': 2}",2,+2 Points,279.0
401873198308,308,"{'id': '110', 'text': 'Driving Layup Shot'}",Chet Holmgren makes driving layup (Jaylin Williams assists),45,53,2,4:29,True,2,{'id': '25'},"[{'athlete': {'id': '4433255'}}, {'athlete': {'id': '4432823'}}]",2026-05-21T01:26:22Z,True,"{'x': 24, 'y': 0}",2,+2 Points,269.0
401873198310,310,"{'id': '44', 'text': 'Shooting Foul'}",Luke Kornet shooting foul,45,53,2,4:29,False,0,{'id': '24'},[{'athlete': {'id': '3064560'}}],2026-05-21T01:26:25Z,False,"{'x': 24, 'y': -1}",0,Foul,269.0
401873198312,312,"{'id': '97', 'text': 'Free Throw - 1 of 1'}",Chet Holmgren makes free throw 1 of 1,45,54,2,4:29,True,1,{'id': '25'},[{'athlete': {'id': '4433255'}}],2026-05-21T01:26:48Z,True,"{'x': -214748340, 'y': -214748365}",1,+1 Point,269.0
401873198313,313,"{'id': '132', 'text': 'Step Back Jump Shot'}",Stephon Castle makes 15-foot step back jumpshot,47,54,2,4:17,True,2,{'id': '24'},[{'athlete': {'id': '4845367'}}],2026-05-21T01:27:01Z,True,"{'x': 28, 'y': 16}",2,+2 Points,257.0
401873198314,314,"{'id': '63', 'text': 'Lost Ball Turnover'}",Chet Holmgren lost ball turnover (Luke Kornet steals),47,54,2,4:01,False,0,{'id': '25'},"[{'athlete': {'id': '4433255'}}, {'athlete': {'id': '3064560'}}]",2026-05-21T01:27:16Z,False,"{'x': 19, 'y': 2}",0,Turnover,241.0
401873198320,320,"{'id': '584', 'text': 'Substitution'}",Shai Gilgeous-Alexander enters the game for Cason Wallace,47,54,2,3:57,False,0,{'id': '25'},"[{'athlete': {'id': '4278073'}}, {'athlete': {'id': '4683692'}}]",2026-05-21T01:27:26Z,False,"{'x': -214748340, 'y': -214748365}",0,Substitution,237.0
401873198321,321,"{'id': '584', 'text': 'Substitution'}",Dylan Harper enters the game for Devin Vassell,47,54,2,3:57,False,0,{'id': '24'},"[{'athlete': {'id': '5037871'}}, {'athlete': {'id': '4395630'}}]",2026-05-21T01:27:26Z,False,"{'x': -214748340, 'y': -214748365}",0,Substitution,237.0
401873198324,324,"{'id': '92', 'text': 'Jump Shot'}",Julian Champagnie misses 22-foot three point jumper,47,54,2,3:54,False,0,{'id': '24'},[{'athlete': {'id': '4592479'}}],2026-05-21T01:28:00Z,True,"{'x': 48, 'y': -1}",3,Missed 3PT,234.0
401873198325,325,"{'id': '155', 'text': 'Defensive Rebound'}",Shai Gilgeous-Alexander defensive rebound,47,54,2,3:51,False,0,{'id': '25'},[{'athlete': {'id': '4278073'}}],2026-05-21T01:28:03Z,False,"{'x': 48, 'y': -1}",0,Rebound,231.0
401873198326,326,"{'id': '146', 'text': 'Running Pullup Jump Shot'}",Shai Gilgeous-Alexander makes 12-foot running pullup jump shot,47,56,2,3:47,True,2,{'id': '25'},[{'athlete': {'id': '4278073'}}],2026-05-21T01:28:07Z,True,"{'x': 29, 'y': 12}",2,+2 Points,227.0
401873198327,327,"{'id': '132', 'text': 'Step Back Jump Shot'}",Dylan Harper misses 17-foot step back jumpshot,47,56,2,3:30,False,0,{'id': '24'},[{'athlete': {'id': '5037871'}}],2026-05-21T01:28:24Z,True,"{'x': 38, 'y': 13}",2,Missed FG,210.0
401873198328,328,"{'id': '155', 'text': 'Defensive Rebound'}",Jaylin Williams defensive rebound,47,56,2,3:28,False,0,{'id': '25'},[{'athlete': {'id': '4432823'}}],2026-05-21T01:28:26Z,False,"{'x': 38, 'y': 13}",0,Rebound,208.0
401873198329,329,"{'id': '92', 'text': 'Jump Shot'}",Chet Holmgren misses 14-foot jumper,47,56,2,3:04,False,0,{'id': '25'},[{'athlete': {'id': '4433255'}}],2026-05-21T01:28:50Z,True,"{'x': 36, 'y': 9}",2,Missed FG,184.0
401873198330,330,"{'id': '155', 'text': 'Defensive Rebound'}",Stephon Castle defensive rebound,47,56,2,3:01,False,0,{'id': '24'},[{'athlete': {'id': '4845367'}}],2026-05-21T01:28:53Z,False,"{'x': 36, 'y': 9}",0,Rebound,181.0
401873198331,331,"{'id': '45', 'text': 'Personal Foul'}",Jaylin Williams personal foul,47,56,2,2:56,False,0,{'id': '25'},[{'athlete': {'id': '4432823'}}],2026-05-21T01:29:01Z,False,"{'x': 29, 'y': 4}",0,Foul,176.0
401873198333,333,"{'id': '16', 'text': 'Full Timeout'}",Thunder Full timeout,47,56,2,2:56,False,0,{'id': '25'},,2026-05-21T01:29:18Z,False,"{'x': -214748340, 'y': -214748365}",0,Timeout,176.0
401873198334,334,"{'id': '584', 'text': 'Substitution'}",Luguentz Dort enters the game for Jared McCain,47,56,2,2:56,False,0,{'id': '25'},"[{'athlete': {'id': '4397020'}}, {'athlete': {'id': '4683778'}}]",2026-05-21T01:32:09Z,False,"{'x': -214748340, 'y': -214748365}",0,Substitution,176.0
401873198335,335,"{'id': '584', 'text': 'Substitution'}",Isaiah Hartenstein enters the game for Jaylin Williams,47,56,2,2:56,False,0,{'id': '25'},"[{'athlete': {'id': '4222252'}}, {'athlete': {'id': '4432823'}}]",2026-05-21T01:32:09Z,False,"{'x': -214748340, 'y': -214748365}",0,Substitution,176.0
401873198336,336,"{'id': '584', 'text': 'Substitution'}",Victor Wembanyama enters the game for Luke Kornet,47,56,2,2:56,False,0,{'id': '24'},"[{'athlete': {'id': '5104157'}}, {'athlete': {'id': '3064560'}}]",2026-05-21T01:32:09Z,False,"{'x': -214748340, 'y': -214748365}",0,Substitution,176.0
401873198340,340,"{'id': '63', 'text': 'Lost Ball Turnover'}",Victor Wembanyama lost ball turnover (Shai Gilgeous-Alexander steals),47,56,2,2:45,False,0,{'id': '24'},"[{'athlete': {'id': '5104157'}}, {'athlete': {'id': '4278073'}}]",2026-05-21T01:33:25Z,False,"{'x': 25, 'y': 7}",0,Turnover,165.0
401873198342,342,"{'id': '121', 'text': 'Fade Away Jump Shot'}",Shai Gilgeous-Alexander makes 8-foot fade away jump shot (Luguentz Dort assists),47,58,2,2:35,True,2,{'id': '25'},"[{'athlete': {'id': '4278073'}}, {'athlete': {'id': '4397020'}}]",2026-05-21T01:33:34Z,True,"{'x': 17, 'y': 0}",2,+2 Points,155.0
401873198344,344,"{'id': '44', 'text': 'Shooting Foul'}",Chet Holmgren shooting foul,47,58,2,2:13,False,0,{'id': '25'},[{'athlete': {'id': '4433255'}}],2026-05-21T01:33:59Z,False,"{'x': 26, 'y': 2}",0,Foul,133.0
401873198346,346,"{'id': '98', 'text': 'Free Throw - 1 of 2'}",Dylan Harper makes free throw 1 of 2,48,58,2,2:13,True,1,{'id': '24'},[{'athlete': {'id': '5037871'}}],2026-05-21T01:34:32Z,True,"{'x': -214748340, 'y': -214748365}",1,+1 Point,133.0
401873198347,347,"{'id': '99', 'text': 'Free Throw - 2 of 2'}",Dylan Harper makes free throw 2 of 2,49,58,2,2:13,True,1,{'id': '24'},[{'athlete': {'id': '5037871'}}],2026-05-21T01:34:48Z,True,"{'x': -214748340, 'y': -214748365}",1,+1 Point,133.0
401873198348,348,"{'id': '92', 'text': 'Jump Shot'}",Victor Wembanyama blocks Chet Holmgren 's 23-foot three point jumper,49,58,2,1:51,False,0,{'id': '25'},"[{'athlete': {'id': '4433255'}}, {'athlete': {'id': '5104157'}}]",2026-05-21T01:35:15Z,True,"{'x': 48, 'y': 1}",3,Missed 3PT,111.0
401873198350,350,"{'id': '155', 'text': 'Defensive Rebound'}",Harrison Barnes defensive rebound,49,58,2,1:50,False,0,{'id': '24'},[{'athlete': {'id': '6578'}}],2026-05-21T01:35:16Z,False,"{'x': 48, 'y': 1}",0,Rebound,110.0
401873198351,351,"{'id': '109', 'text': 'Running Layup Shot'}",Ajay Mitchell blocks Stephon Castle 's 3-foot running layup,49,58,2,1:46,False,0,{'id': '24'},"[{'athlete': {'id': '4845367'}}, {'athlete': {'id': '4900671'}}]",2026-05-21T01:35:24Z,True,"{'x': 23, 'y': 2}",2,Missed FG,106.0
401873198353,353,"{'id': '155', 'text': 'Defensive Rebound'}",Shai Gilgeous-Alexander defensive rebound,49,58,2,1:44,False,0,{'id': '25'},[{'athlete': {'id': '4278073'}}],2026-05-21T01:35:26Z,False,"{'x': 23, 'y': 2}",0,Rebound,104.0
401873198356,356,"{'id': '16', 'text': 'Full Timeout'}",Spurs Full timeout,49,58,2,1:34,False,0,{'id': '24'},,2026-05-21T01:36:02Z,False,"{'x': -214748340, 'y': -214748365}",0,Timeout,94.0
401873198357,357,"{'id': '215', 'text': ""Coach's Challenge (Overturned)""}",(01:34) [Spurs] COACH'S CHALLENGE (CALL OVERTURNED) [Spurs] retain their timeout,49,58,2,1:34,False,0,{'id': '24'},,2026-05-21T01:36:04Z,False,"{'x': -214748340, 'y': -214748365}",0,Challenge,94.0
401873198358,358,"{'id': '141', 'text': 'Cutting Layup Shot'}",Victor Wembanyama blocks Chet Holmgren 's 1-foot layup,49,58,2,1:34,False,0,{'id': '25'},"[{'athlete': {'id': '4433255'}}, {'athlete': {'id': '5104157'}}]",2026-05-21T01:36:02Z,True,"{'x': 27, 'y': 1}",2,Missed FG,94.0
401873198360,360,"{'id': '155', 'text': 'Defensive Rebound'}",Spurs defensive team rebound,49,58,2,1:34,False,0,{'id': '24'},,2026-05-21T01:36:02Z,False,"{'x': 27, 'y': 1}",0,Rebound,94.0
401873198361,361,"{'id': '584', 'text': 'Substitution'}",Devin Vassell enters the game for Stephon Castle,49,58,2,1:34,False,0,{'id': '24'},"[{'athlete': {'id': '4395630'}}, {'athlete': {'id': '4845367'}}]",2026-05-21T01:38:25Z,False,"{'x': -214748340, 'y': -214748365}",0,Substitution,94.0
401873198363,363,"{'id': '92', 'text': 'Jump Shot'}",Victor Wembanyama misses 26-foot three point jumper,49,58,2,1:21,False,0,{'id': '24'},[{'athlete': {'id': '5104157'}}],2026-05-21T01:38:57Z,True,"{'x': 23, 'y': 27}",3,Missed 3PT,81.0
401873198364,364,"{'id': '155', 'text': 'Defensive Rebound'}",Chet Holmgren defensive rebound,49,58,2,1:19,False,0,{'id': '25'},[{'athlete': {'id': '4433255'}}],2026-05-21T01:38:59Z,False,"{'x': 23, 'y': 27}",0,Rebound,79.0
401873198365,365,"{'id': '151', 'text': 'Cutting Dunk Shot'}",Isaiah Hartenstein makes dunk (Chet Holmgren assists),49,60,2,1:06,True,2,{'id': '25'},"[{'athlete': {'id': '4222252'}}, {'athlete': {'id': '4433255'}}]",2026-05-21T01:39:12Z,True,"{'x': 25, 'y': 0}",2,+2 Points,66.0
401873198367,367,"{'id': '92', 'text': 'Jump Shot'}",Harrison Barnes misses 23-foot three point jumper,49,60,2,50.1,False,0,{'id': '24'},[{'athlete': {'id': '6578'}}],2026-05-21T01:39:28Z,True,"{'x': 49, 'y': -2}",3,Missed 3PT,50.1
401873198368,368,"{'id': '156', 'text': 'Offensive Rebound'}",Victor Wembanyama offensive rebound,49,60,2,48.2,False,0,{'id': '24'},[{'athlete': {'id': '5104157'}}],2026-05-21T01:39:30Z,False,"{'x': 49, 'y': -2}",0,Rebound,48.2
401873198369,369,"{'id': '45', 'text': 'Personal Foul'}",Isaiah Hartenstein personal foul,49,60,2,47.1,False,0,{'id': '25'},[{'athlete': {'id': '4222252'}}],2026-05-21T01:39:35Z,False,"{'x': 18, 'y': 16}",0,Foul,47.1
401873198371,371,"{'id': '98', 'text': 'Free Throw - 1 of 2'}",Victor Wembanyama makes free throw 1 of 2,50,60,2,47.1,True,1,{'id': '24'},[{'athlete': {'id': '5104157'}}],2026-05-21T01:40:05Z,True,"{'x': -214748340, 'y': -214748365}",1,+1 Point,47.1
401873198372,372,"{'id': '584', 'text': 'Substitution'}",Alex Caruso enters the game for Luguentz Dort,50,60,2,47.1,False,0,{'id': '25'},"[{'athlete': {'id': '2991350'}}, {'athlete': {'id': '4397020'}}]",2026-05-21T01:40:05Z,False,"{'x': -214748340, 'y': -214748365}",0,Substitution,47.1
401873198373,373,"{'id': '584', 'text': 'Substitution'}",Isaiah Joe enters the game for Isaiah Hartenstein,50,60,2,47.1,False,0,{'id': '25'},"[{'athlete': {'id': '4395702'}}, {'athlete': {'id': '4222252'}}]",2026-05-21T01:40:05Z,False,"{'x': -214748340, 'y': -214748365}",0,Substitution,47.1
401873198376,376,"{'id': '99', 'text': 'Free Throw - 2 of 2'}",Victor Wembanyama makes free throw 2 of 2,51,60,2,47.1,True,1,{'id': '24'},[{'athlete': {'id': '5104157'}}],2026-05-21T01:40:36Z,True,"{'x': -214748340, 'y': -214748365}",1,+1 Point,47.1
401873198377,377,"{'id': '144', 'text': 'Driving Floating Jump Shot'}",Ajay Mitchell makes 7-foot driving floating jump shot,51,62,2,33.8,True,2,{'id': '25'},[{'athlete': {'id': '4900671'}}],2026-05-21T01:40:54Z,True,"{'x': 20, 'y': 5}",2,+2 Points,33.8
401873198378,378,"{'id': '131', 'text': 'Pullup Jump Shot'}",Dylan Harper misses 15-foot pullup jump shot,51,62,2,15.3,False,0,{'id': '24'},[{'athlete': {'id': '5037871'}}],2026-05-21T01:41:15Z,True,"{'x': 33, 'y': 13}",2,Missed FG,15.3
401873198379,379,"{'id': '156', 'text': 'Offensive Rebound'}",Harrison Barnes offensive rebound,51,62,2,11.7,False,0,{'id': '24'},[{'athlete': {'id': '6578'}}],2026-05-21T01:41:18Z,False,"{'x': 33, 'y': 13}",0,Rebound,11.7
401873198380,380,"{'id': '42', 'text': 'Offensive Foul'}",Harrison Barnes offensive foul,51,62,2,10.5,False,0,{'id': '24'},[{'athlete': {'id': '6578'}}],2026-05-21T01:41:21Z,False,"{'x': 25, 'y': 20}",0,Foul,10.5
401873198382,382,"{'id': '84', 'text': 'Offensive Foul Turnover'}",Harrison Barnes offensive foul turnover,51,62,2,10.5,False,0,{'id': '24'},[{'athlete': {'id': '6578'}}],2026-05-21T01:41:21Z,False,"{'x': 25, 'y': 20}",0,Turnover,10.5
401873198383,383,"{'id': '584', 'text': 'Substitution'}",Jared McCain enters the game for Chet Holmgren,51,62,2,10.5,False,0,{'id': '25'},"[{'athlete': {'id': '4683778'}}, {'athlete': {'id': '4433255'}}]",2026-05-21T01:41:28Z,False,"{'x': -214748340, 'y': -214748365}",0,Substitution,10.5
401873198384,384,"{'id': '584', 'text': 'Substitution'}",Aaron Wiggins enters the game for Alex Caruso,51,62,2,10.5,False,0,{'id': '25'},"[{'athlete': {'id': '4397183'}}, {'athlete': {'id': '2991350'}}]",2026-05-21T01:41:28Z,False,"{'x': -214748340, 'y': -214748365}",0,Substitution,10.5
401873198385,385,"{'id': '584', 'text': 'Substitution'}",Stephon Castle enters the game for Victor Wembanyama,51,62,2,10.5,False,0,{'id': '24'},"[{'athlete': {'id': '4845367'}}, {'athlete': {'id': '5104157'}}]",2026-05-21T01:41:28Z,False,"{'x': -214748340, 'y': -214748365}",0,Substitution,10.5
401873198386,386,"{'id': '584', 'text': 'Substitution'}",Carter Bryant enters the game for Harrison Barnes,51,62,2,10.5,False,0,{'id': '24'},"[{'athlete': {'id': '5061568'}}, {'athlete': {'id': '6578'}}]",2026-05-21T01:41:28Z,False,"{'x': -214748340, 'y': -214748365}",0,Substitution,10.5
401873198391,391,"{'id': '412', 'text': 'End Period'}",End of the 2nd Quarter,51,62,2,0.0,False,0,,,2026-05-21T01:42:09Z,False,"{'x': -214748340, 'y': -214748365}",0,Halftime,0.0
401873198392,392,"{'id': '584', 'text': 'Substitution'}",Luguentz Dort enters the game for Isaiah Joe,51,62,3,12:00,False,0,{'id': '25'},"[{'athlete': {'id': '4397020'}}, {'athlete': {'id': '4395702'}}]",2026-05-21T01:58:03Z,False,"{'x': -214748340, 'y': -214748365}",0,Substitution,720.0
401873198393,393,"{'id': '584', 'text': 'Substitution'}",Chet Holmgren enters the game for Ajay Mitchell,51,62,3,12:00,False,0,{'id': '25'},"[{'athlete': {'id': '4433255'}}, {'athlete': {'id': '4900671'}}]",2026-05-21T01:58:03Z,False,"{'x': -214748340, 'y': -214748365}",0,Substitution,720.0
401873198394,394,"{'id': '584', 'text': 'Substitution'}",Cason Wallace enters the game for Jared McCain,51,62,3,12:00,False,0,{'id': '25'},"[{'athlete': {'id': '4683692'}}, {'athlete': {'id': '4683778'}}]",2026-05-21T01:58:03Z,False,"{'x': -214748340, 'y': -214748365}",0,Substitution,720.0
401873198395,395,"{'id': '584', 'text': 'Substitution'}",Isaiah Hartenstein enters the game for Aaron Wiggins,51,62,3,12:00,False,0,{'id': '25'},"[{'athlete': {'id': '4222252'}}, {'athlete': {'id': '4397183'}}]",2026-05-21T01:58:03Z,False,"{'x': -214748340, 'y': -214748365}",0,Substitution,720.0
401873198396,396,"{'id': '584', 'text': 'Substitution'}",Victor Wembanyama enters the game for Carter Bryant,51,62,3,12:00,False,0,{'id': '24'},"[{'athlete': {'id': '5104157'}}, {'athlete': {'id': '5061568'}}]",2026-05-21T01:58:03Z,False,"{'x': -214748340, 'y': -214748365}",0,Substitution,720.0
401873198403,403,"{'id': '131', 'text': 'Pullup Jump Shot'}",Luguentz Dort makes 10-foot pullup jump shot (Isaiah Hartenstein assists),51,64,3,11:44,True,2,{'id': '25'},"[{'athlete': {'id': '4397020'}}, {'athlete': {'id': '4222252'}}]",2026-05-21T01:58:35Z,True,"{'x': 24, 'y': 11}",2,+2 Points,704.0
401873198405,405,"{'id': '137', 'text': 'Turnaround Fade Away Jump Shot'}",Victor Wembanyama makes 12-foot two point shot (Stephon Castle assists),53,64,3,11:21,True,2,{'id': '24'},"[{'athlete': {'id': '5104157'}}, {'athlete': {'id': '4845367'}}]",2026-05-21T01:58:57Z,True,"{'x': 19, 'y': 11}",2,+2 Points,681.0
401873198407,407,"{'id': '92', 'text': 'Jump Shot'}",Chet Holmgren misses 25-foot three point jumper,53,64,3,11:07,False,0,{'id': '25'},[{'athlete': {'id': '4433255'}}],2026-05-21T01:59:10Z,True,"{'x': 37, 'y': 23}",3,Missed 3PT,667.0
401873198408,408,"{'id': '156', 'text': 'Offensive Rebound'}",Luguentz Dort offensive rebound,53,64,3,11:04,False,0,{'id': '25'},[{'athlete': {'id': '4397020'}}],2026-05-21T01:59:13Z,False,"{'x': 37, 'y': 23}",0,Rebound,664.0
401873198409,409,"{'id': '90', 'text': 'Out of Bounds - Bad Pass Turnover'}",Luguentz Dort out of bounds bad pass turnover,53,64,3,11:04,False,0,{'id': '25'},[{'athlete': {'id': '4397020'}}],2026-05-21T01:59:20Z,False,"{'x': 19, 'y': -3}",0,Turnover,664.0
401873198410,410,"{'id': '110', 'text': 'Driving Layup Shot'}",Dylan Harper makes driving layup,55,64,3,10:51,True,2,{'id': '24'},[{'athlete': {'id': '5037871'}}],2026-05-21T01:59:34Z,True,"{'x': 24, 'y': 1}",2,+2 Points,651.0
401873198411,411,"{'id': '130', 'text': 'Floating Jump Shot'}",Isaiah Hartenstein makes 11-foot floating jump shot (Cason Wallace assists),55,66,3,10:24,True,2,{'id': '25'},"[{'athlete': {'id': '4222252'}}, {'athlete': {'id': '4683692'}}]",2026-05-21T02:00:00Z,True,"{'x': 14, 'y': 2}",2,+2 Points,624.0
401873198413,413,"{'id': '45', 'text': 'Personal Foul'}",Shai Gilgeous-Alexander personal foul,55,66,3,10:13,False,0,{'id': '25'},[{'athlete': {'id': '4278073'}}],2026-05-21T02:00:16Z,False,"{'x': 29, 'y': 14}",0,Foul,613.0
401873198415,415,"{'id': '92', 'text': 'Jump Shot'}",Julian Champagnie misses 26-foot three point jumper,55,66,3,10:05,False,0,{'id': '24'},[{'athlete': {'id': '4592479'}}],2026-05-21T02:00:39Z,True,"{'x': 37, 'y': 23}",3,Missed 3PT,605.0
401873198416,416,"{'id': '156', 'text': 'Offensive Rebound'}",Victor Wembanyama offensive rebound,55,66,3,10:01,False,0,{'id': '24'},[{'athlete': {'id': '5104157'}}],2026-05-21T02:00:43Z,False,"{'x': 37, 'y': 23}",0,Rebound,601.0
401873198417,417,"{'id': '131', 'text': 'Pullup Jump Shot'}",Victor Wembanyama makes 24-foot three pointer,58,66,3,9:57,True,3,{'id': '24'},[{'athlete': {'id': '5104157'}}],2026-05-21T02:00:47Z,True,"{'x': 10, 'y': 20}",3,+3 Points,597.0
401873198418,418,"{'id': '130', 'text': 'Floating Jump Shot'}",Isaiah Hartenstein misses 11-foot floating jump shot,58,66,3,9:35,False,0,{'id': '25'},[{'athlete': {'id': '4222252'}}],2026-05-21T02:01:08Z,True,"{'x': 21, 'y': 11}",2,Missed FG,575.0
401873198419,419,"{'id': '156', 'text': 'Offensive Rebound'}",Isaiah Hartenstein offensive rebound,58,66,3,9:34,False,0,{'id': '25'},[{'athlete': {'id': '4222252'}}],2026-05-21T02:01:09Z,False,"{'x': 21, 'y': 11}",0,Rebound,574.0
401873198420,420,"{'id': '92', 'text': 'Jump Shot'}",Cason Wallace misses 23-foot three point jumper,58,66,3,9:31,False,0,{'id': '25'},[{'athlete': {'id': '4683692'}}],2026-05-21T02:01:13Z,True,"{'x': 2, 'y': -1}",3,Missed 3PT,571.0
401873198421,421,"{'id': '155', 'text': 'Defensive Rebound'}",Victor Wembanyama defensive rebound,58,66,3,9:31,False,0,{'id': '24'},[{'athlete': {'id': '5104157'}}],2026-05-21T02:01:13Z,False,"{'x': 2, 'y': -1}",0,Rebound,571.0
401873198422,422,"{'id': '45', 'text': 'Personal Foul'}",Isaiah Hartenstein personal foul,58,66,3,9:20,False,0,{'id': '25'},[{'athlete': {'id': '4222252'}}],2026-05-21T02:01:32Z,False,"{'x': 29, 'y': 1}",0,Foul,560.0
401873198424,424,"{'id': '584', 'text': 'Substitution'}",Jared McCain enters the game for Chet Holmgren,58,66,3,9:20,False,0,{'id': '25'},"[{'athlete': {'id': '4683778'}}, {'athlete': {'id': '4433255'}}]",2026-05-21T02:01:43Z,False,"{'x': -214748340, 'y': -214748365}",0,Substitution,560.0
401873198425,425,"{'id': '584', 'text': 'Substitution'}",Jaylin Williams enters the game for Isaiah Hartenstein,58,66,3,9:20,False,0,{'id': '25'},"[{'athlete': {'id': '4432823'}}, {'athlete': {'id': '4222252'}}]",2026-05-21T02:01:43Z,False,"{'x': -214748340, 'y': -214748365}",0,Substitution,560.0
401873198428,428,"{'id': '92', 'text': 'Jump Shot'}",Devin Vassell makes 22-foot three point jumper (Victor Wembanyama assists),61,66,3,9:12,True,3,{'id': '24'},"[{'athlete': {'id': '4395630'}}, {'athlete': {'id': '5104157'}}]",2026-05-21T02:02:09Z,True,"{'x': 2, 'y': 0}",3,+3 Points,552.0
401873198430,430,"{'id': '92', 'text': 'Jump Shot'}",Jaylin Williams misses 22-foot three point jumper,61,66,3,8:52,False,0,{'id': '25'},[{'athlete': {'id': '4432823'}}],2026-05-21T02:02:29Z,True,"{'x': 2, 'y': -1}",3,Missed 3PT,532.0
401873198431,431,"{'id': '155', 'text': 'Defensive Rebound'}",Dylan Harper defensive rebound,61,66,3,8:48,False,0,{'id': '24'},[{'athlete': {'id': '5037871'}}],2026-05-21T02:02:33Z,False,"{'x': 2, 'y': -1}",0,Rebound,528.0
401873198432,432,"{'id': '128', 'text': 'Driving Finger Roll Layup'}",Dylan Harper makes two point shot,63,66,3,8:42,True,2,{'id': '24'},[{'athlete': {'id': '5037871'}}],2026-05-21T02:02:43Z,True,"{'x': 25, 'y': 0}",2,+2 Points,522.0
401873198433,433,"{'id': '16', 'text': 'Full Timeout'}",Thunder Full timeout,63,66,3,8:42,False,0,{'id': '25'},,2026-05-21T02:02:43Z,False,"{'x': -214748340, 'y': -214748365}",0,Timeout,522.0
401873198434,434,"{'id': '128', 'text': 'Driving Finger Roll Layup'}",Jared McCain misses two point shot,63,66,3,8:26,False,0,{'id': '25'},[{'athlete': {'id': '4683778'}}],2026-05-21T02:07:00Z,True,"{'x': 23, 'y': 2}",2,Missed FG,506.0
401873198435,435,"{'id': '156', 'text': 'Offensive Rebound'}",Luguentz Dort offensive rebound,63,66,3,8:24,False,0,{'id': '25'},[{'athlete': {'id': '4397020'}}],2026-05-21T02:07:02Z,False,"{'x': 23, 'y': 2}",0,Rebound,504.0
401873198436,436,"{'id': '92', 'text': 'Jump Shot'}",Luguentz Dort misses 25-foot three point jumper,63,66,3,8:22,False,0,{'id': '25'},[{'athlete': {'id': '4397020'}}],2026-05-21T02:07:05Z,True,"{'x': 2, 'y': 12}",3,Missed 3PT,502.0
401873198437,437,"{'id': '155', 'text': 'Defensive Rebound'}",Victor Wembanyama defensive rebound,63,66,3,8:19,False,0,{'id': '24'},[{'athlete': {'id': '5104157'}}],2026-05-21T02:07:08Z,False,"{'x': 2, 'y': 12}",0,Rebound,499.0
401873198438,438,"{'id': '131', 'text': 'Pullup Jump Shot'}",Victor Wembanyama makes 26-foot three pointer (Stephon Castle assists),66,66,3,8:11,True,3,{'id': '24'},"[{'athlete': {'id': '5104157'}}, {'athlete': {'id': '4845367'}}]",2026-05-21T02:07:16Z,True,"{'x': 26, 'y': 27}",3,+3 Points,491.0
401873198439,439,"{'id': '92', 'text': 'Jump Shot'}",Jaylin Williams makes 22-foot three point jumper (Shai Gilgeous-Alexander assists),66,69,3,7:56,True,3,{'id': '25'},"[{'athlete': {'id': '4432823'}}, {'athlete': {'id': '4278073'}}]",2026-05-21T02:07:30Z,True,"{'x': 48, 'y': -1}",3,+3 Points,476.0
401873198442,442,"{'id': '92', 'text': 'Jump Shot'}",Devin Vassell makes 23-foot three point jumper (Victor Wembanyama assists),69,69,3,7:40,True,3,{'id': '24'},"[{'athlete': {'id': '4395630'}}, {'athlete': {'id': '5104157'}}]",2026-05-21T02:07:47Z,True,"{'x': 2, 'y': -3}",3,+3 Points,460.0
401873198445,445,"{'id': '584', 'text': 'Substitution'}",Alex Caruso enters the game for Cason Wallace,69,69,3,7:24,False,0,{'id': '25'},"[{'athlete': {'id': '2991350'}}, {'athlete': {'id': '4683692'}}]",2026-05-21T02:08:05Z,False,"{'x': -214748340, 'y': -214748365}",0,Substitution,444.0
401873198447,447,"{'id': '92', 'text': 'Jump Shot'}",Alex Caruso makes 26-foot three point jumper (Shai Gilgeous-Alexander assists),69,72,3,7:18,True,3,{'id': '25'},"[{'athlete': {'id': '2991350'}}, {'athlete': {'id': '4278073'}}]",2026-05-21T02:08:30Z,True,"{'x': 32, 'y': 26}",3,+3 Points,438.0
401873198449,449,"{'id': '144', 'text': 'Driving Floating Jump Shot'}",Victor Wembanyama misses driving floating jump shot,69,72,3,7:04,False,0,{'id': '24'},[{'athlete': {'id': '5104157'}}],2026-05-21T02:08:47Z,True,"{'x': 30, 'y': 2}",2,Missed FG,424.0
401873198450,450,"{'id': '156', 'text': 'Offensive Rebound'}",Victor Wembanyama offensive rebound,69,72,3,7:02,False,0,{'id': '24'},[{'athlete': {'id': '5104157'}}],2026-05-21T02:08:49Z,False,"{'x': 30, 'y': 2}",0,Rebound,422.0
401873198451,451,"{'id': '150', 'text': 'Tip Dunk Shot'}",Victor Wembanyama makes tip in dunk,71,72,3,7:02,True,2,{'id': '24'},[{'athlete': {'id': '5104157'}}],2026-05-21T02:08:50Z,True,"{'x': 25, 'y': 0}",2,+2 Points,422.0
401873198452,452,"{'id': '141', 'text': 'Cutting Layup Shot'}",Victor Wembanyama blocks Alex Caruso 's 1-foot layup,71,72,3,6:45,False,0,{'id': '25'},"[{'athlete': {'id': '2991350'}}, {'athlete': {'id': '5104157'}}]",2026-05-21T02:09:02Z,True,"{'x': 24, 'y': 1}",2,Missed FG,405.0
401873198454,454,"{'id': '155', 'text': 'Defensive Rebound'}",Victor Wembanyama defensive rebound,71,72,3,6:44,False,0,{'id': '24'},[{'athlete': {'id': '5104157'}}],2026-05-21T02:09:03Z,False,"{'x': 24, 'y': 1}",0,Rebound,404.0
401873198455,455,"{'id': '45', 'text': 'Personal Foul'}",Luguentz Dort personal foul,71,72,3,6:44,False,0,{'id': '25'},[{'athlete': {'id': '4397020'}}],2026-05-21T02:09:10Z,False,"{'x': 18, 'y': 7}",0,Foul,404.0
401873198457,457,"{'id': '584', 'text': 'Substitution'}",Chet Holmgren enters the game for Jaylin Williams,71,72,3,6:44,False,0,{'id': '25'},"[{'athlete': {'id': '4433255'}}, {'athlete': {'id': '4432823'}}]",2026-05-21T02:09:17Z,False,"{'x': -214748340, 'y': -214748365}",0,Substitution,404.0
401873198459,459,"{'id': '584', 'text': 'Substitution'}",Ajay Mitchell enters the game for Luguentz Dort,71,72,3,6:44,False,0,{'id': '25'},"[{'athlete': {'id': '4900671'}}, {'athlete': {'id': '4397020'}}]",2026-05-21T02:09:31Z,False,"{'x': -214748340, 'y': -214748365}",0,Substitution,404.0
401873198461,461,"{'id': '92', 'text': 'Jump Shot'}",Stephon Castle misses 23-foot three point jumper,71,72,3,6:30,False,0,{'id': '24'},[{'athlete': {'id': '4845367'}}],2026-05-21T02:09:54Z,True,"{'x': 48, 'y': 0}",3,Missed 3PT,390.0
401873198462,462,"{'id': '155', 'text': 'Defensive Rebound'}",Shai Gilgeous-Alexander defensive rebound,71,72,3,6:28,False,0,{'id': '25'},[{'athlete': {'id': '4278073'}}],2026-05-21T02:09:56Z,False,"{'x': 48, 'y': 0}",0,Rebound,388.0
401873198463,463,"{'id': '45', 'text': 'Personal Foul'}",Julian Champagnie personal foul,71,72,3,6:24,False,0,{'id': '24'},[{'athlete': {'id': '4592479'}}],2026-05-21T02:10:03Z,False,"{'x': 18, 'y': 15}",0,Foul,384.0
401873198465,465,"{'id': '584', 'text': 'Substitution'}",Keldon Johnson enters the game for Julian Champagnie,71,72,3,6:24,False,0,{'id': '24'},"[{'athlete': {'id': '4395723'}}, {'athlete': {'id': '4592479'}}]",2026-05-21T02:10:20Z,False,"{'x': -214748340, 'y': -214748365}",0,Substitution,384.0
401873198467,467,"{'id': '92', 'text': 'Jump Shot'}",Alex Caruso makes 22-foot three point jumper (Chet Holmgren assists),71,75,3,6:15,True,3,{'id': '25'},"[{'athlete': {'id': '2991350'}}, {'athlete': {'id': '4433255'}}]",2026-05-21T02:10:38Z,True,"{'x': 48, 'y': 2}",3,+3 Points,375.0
401873198469,469,"{'id': '110', 'text': 'Driving Layup Shot'}",Stephon Castle makes driving layup,73,75,3,6:00,True,2,{'id': '24'},[{'athlete': {'id': '4845367'}}],2026-05-21T02:10:54Z,True,"{'x': 27, 'y': 0}",2,+2 Points,360.0
401873198470,470,"{'id': '132', 'text': 'Step Back Jump Shot'}",Shai Gilgeous-Alexander makes 17-foot step back jumpshot,73,77,3,5:38,True,2,{'id': '25'},[{'athlete': {'id': '4278073'}}],2026-05-21T02:11:15Z,True,"{'x': 36, 'y': 13}",2,+2 Points,338.0
401873198471,471,"{'id': '110', 'text': 'Driving Layup Shot'}",Shai Gilgeous-Alexander blocks Dylan Harper 's 3-foot driving layup,73,77,3,5:25,False,0,{'id': '24'},"[{'athlete': {'id': '5037871'}}, {'athlete': {'id': '4278073'}}]",2026-05-21T02:11:31Z,True,"{'x': 22, 'y': 1}",2,Missed FG,325.0
401873198473,473,"{'id': '155', 'text': 'Defensive Rebound'}",Jared McCain defensive rebound,73,77,3,5:23,False,0,{'id': '25'},[{'athlete': {'id': '4683778'}}],2026-05-21T02:11:33Z,False,"{'x': 22, 'y': 1}",0,Rebound,323.0
401873198474,474,"{'id': '146', 'text': 'Running Pullup Jump Shot'}",Jared McCain misses running pullup jump shot,73,77,3,5:16,False,0,{'id': '25'},[{'athlete': {'id': '4683778'}}],2026-05-21T02:11:38Z,True,"{'x': 24, 'y': 5}",2,Missed FG,316.0
401873198475,475,"{'id': '155', 'text': 'Defensive Rebound'}",Victor Wembanyama defensive rebound,73,77,3,5:12,False,0,{'id': '24'},[{'athlete': {'id': '5104157'}}],2026-05-21T02:11:42Z,False,"{'x': 24, 'y': 5}",0,Rebound,312.0
401873198476,476,"{'id': '63', 'text': 'Lost Ball Turnover'}",Stephon Castle lost ball turnover (Ajay Mitchell steals),73,77,3,5:07,False,0,{'id': '24'},"[{'athlete': {'id': '4845367'}}, {'athlete': {'id': '4900671'}}]",2026-05-21T02:11:46Z,False,"{'x': 18, 'y': 12}",0,Turnover,307.0
401873198478,478,"{'id': '113', 'text': 'Running Jump Shot'}",Jared McCain misses 26-foot running jump shot,73,77,3,5:03,False,0,{'id': '25'},[{'athlete': {'id': '4683778'}}],2026-05-21T02:11:51Z,True,"{'x': 2, 'y': 13}",3,Missed 3PT,303.0
401873198479,479,"{'id': '156', 'text': 'Offensive Rebound'}",Jared McCain offensive rebound,73,77,3,4:59,False,0,{'id': '25'},[{'athlete': {'id': '4683778'}}],2026-05-21T02:11:54Z,False,"{'x': 2, 'y': 13}",0,Rebound,299.0
401873198480,480,"{'id': '144', 'text': 'Driving Floating Jump Shot'}",Shai Gilgeous-Alexander misses driving floating jump shot,73,77,3,4:51,False,0,{'id': '25'},[{'athlete': {'id': '4278073'}}],2026-05-21T02:12:02Z,True,"{'x': 24, 'y': 7}",2,Missed FG,291.0
401873198481,481,"{'id': '155', 'text': 'Defensive Rebound'}",Spurs defensive team rebound,73,77,3,4:50,False,0,{'id': '24'},,2026-05-21T02:12:03Z,False,"{'x': 24, 'y': 7}",0,Rebound,290.0
401873198482,482,"{'id': '43', 'text': 'Loose Ball Foul'}",Chet Holmgren loose ball foul,73,77,3,4:50,False,0,{'id': '25'},[{'athlete': {'id': '4433255'}}],2026-05-21T02:12:19Z,False,"{'x': 17, 'y': 4}",0,Foul,290.0
401873198484,484,"{'id': '16', 'text': 'Full Timeout'}",Thunder Full timeout,73,77,3,4:50,False,0,{'id': '25'},,2026-05-21T02:12:39Z,False,"{'x': -214748340, 'y': -214748365}",0,Timeout,290.0
401873198485,485,"{'id': '216', 'text': ""Coach's Challenge (Stands)""}",(04:50) [Thunder] COACH'S CHALLENGE (CALL STANDS) [Thunder] charged with a timeout,73,77,3,4:50,False,0,{'id': '25'},,2026-05-21T02:12:40Z,False,"{'x': -214748340, 'y': -214748365}",0,Challenge,290.0
401873198486,486,"{'id': '584', 'text': 'Substitution'}",Luke Kornet enters the game for Victor Wembanyama,73,77,3,4:50,False,0,{'id': '24'},"[{'athlete': {'id': '3064560'}}, {'athlete': {'id': '5104157'}}]",2026-05-21T02:15:29Z,False,"{'x': -214748340, 'y': -214748365}",0,Substitution,290.0
401873198487,487,"{'id': '584', 'text': 'Substitution'}",Carter Bryant enters the game for Dylan Harper,73,77,3,4:50,False,0,{'id': '24'},"[{'athlete': {'id': '5061568'}}, {'athlete': {'id': '5037871'}}]",2026-05-21T02:15:29Z,False,"{'x': -214748340, 'y': -214748365}",0,Substitution,290.0
401873198490,490,"{'id': '132', 'text': 'Step Back Jump Shot'}",Stephon Castle misses 25-foot three point step back jumpshot,73,77,3,4:28,False,0,{'id': '24'},[{'athlete': {'id': '4845367'}}],2026-05-21T02:16:44Z,True,"{'x': 16, 'y': 24}",3,Missed 3PT,268.0
401873198491,491,"{'id': '155', 'text': 'Defensive Rebound'}",Alex Caruso defensive rebound,73,77,3,4:24,False,0,{'id': '25'},[{'athlete': {'id': '2991350'}}],2026-05-21T02:16:48Z,False,"{'x': 16, 'y': 24}",0,Rebound,264.0
401873198492,492,"{'id': '145', 'text': 'Driving Floating Bank Jump Shot'}",Shai Gilgeous-Alexander makes 1-foot two point shot,73,79,3,4:19,True,2,{'id': '25'},[{'athlete': {'id': '4278073'}}],2026-05-21T02:16:55Z,True,"{'x': 25, 'y': 2}",2,+2 Points,259.0
401873198493,493,"{'id': '44', 'text': 'Shooting Foul'}",Stephon Castle shooting foul,73,79,3,4:19,False,0,{'id': '24'},[{'athlete': {'id': '4845367'}}],2026-05-21T02:16:57Z,False,"{'x': 26, 'y': 4}",0,Foul,259.0
401873198495,495,"{'id': '97', 'text': 'Free Throw - 1 of 1'}",Shai Gilgeous-Alexander makes free throw 1 of 1,73,80,3,4:19,True,1,{'id': '25'},[{'athlete': {'id': '4278073'}}],2026-05-21T02:17:25Z,True,"{'x': -214748340, 'y': -214748365}",1,+1 Point,259.0
401873198496,496,"{'id': '110', 'text': 'Driving Layup Shot'}",Keldon Johnson misses driving layup,73,80,3,4:08,False,0,{'id': '24'},[{'athlete': {'id': '4395723'}}],2026-05-21T02:17:40Z,True,"{'x': 26, 'y': 0}",2,Missed FG,248.0
401873198497,497,"{'id': '156', 'text': 'Offensive Rebound'}",Keldon Johnson offensive rebound,73,80,3,4:07,False,0,{'id': '24'},[{'athlete': {'id': '4395723'}}],2026-05-21T02:17:41Z,False,"{'x': 26, 'y': 0}",0,Rebound,247.0
401873198498,498,"{'id': '125', 'text': 'Layup Shot Putback'}",Keldon Johnson misses two point shot,73,80,3,4:06,False,0,{'id': '24'},[{'athlete': {'id': '4395723'}}],2026-05-21T02:17:42Z,True,"{'x': 24, 'y': 0}",2,Missed FG,246.0
401873198499,499,"{'id': '156', 'text': 'Offensive Rebound'}",Keldon Johnson offensive rebound,73,80,3,4:05,False,0,{'id': '24'},[{'athlete': {'id': '4395723'}}],2026-05-21T02:17:43Z,False,"{'x': 24, 'y': 0}",0,Rebound,245.0
401873198500,500,"{'id': '94', 'text': 'Tip Shot'}",Keldon Johnson makes tip shot,75,80,3,4:05,True,2,{'id': '24'},[{'athlete': {'id': '4395723'}}],2026-05-21T02:17:46Z,True,"{'x': 25, 'y': 0}",2,+2 Points,245.0
401873198501,501,"{'id': '119', 'text': 'Driving Hook Shot'}",Chet Holmgren makes 3-foot two point shot (Alex Caruso assists),75,82,3,3:56,True,2,{'id': '25'},"[{'athlete': {'id': '4433255'}}, {'athlete': {'id': '2991350'}}]",2026-05-21T02:17:53Z,True,"{'x': 22, 'y': 3}",2,+2 Points,236.0
401873198503,503,"{'id': '44', 'text': 'Shooting Foul'}",Keldon Johnson shooting foul,75,82,3,3:56,False,0,{'id': '24'},[{'athlete': {'id': '4395723'}}],2026-05-21T02:17:56Z,False,"{'x': 22, 'y': 2}",0,Foul,236.0
401873198505,505,"{'id': '97', 'text': 'Free Throw - 1 of 1'}",Chet Holmgren makes free throw 1 of 1,75,83,3,3:56,True,1,{'id': '25'},[{'athlete': {'id': '4433255'}}],2026-05-21T02:18:22Z,True,"{'x': -214748340, 'y': -214748365}",1,+1 Point,236.0
401873198506,506,"{'id': '131', 'text': 'Pullup Jump Shot'}",Devin Vassell makes 14-foot pullup jump shot,77,83,3,3:39,True,2,{'id': '24'},[{'athlete': {'id': '4395630'}}],2026-05-21T02:18:43Z,True,"{'x': 28, 'y': 14}",2,+2 Points,219.0
401873198507,507,"{'id': '131', 'text': 'Pullup Jump Shot'}",Shai Gilgeous-Alexander makes 19-foot pullup jump shot,77,85,3,3:23,True,2,{'id': '25'},[{'athlete': {'id': '4278073'}}],2026-05-21T02:18:57Z,True,"{'x': 29, 'y': 20}",2,+2 Points,203.0
401873198508,508,"{'id': '62', 'text': 'Bad Pass\nTurnover'}","Stephon Castle bad pass
turnover (Ajay Mitchell steals)",77,85,3,3:07,False,0,{'id': '24'},"[{'athlete': {'id': '4845367'}}, {'athlete': {'id': '4900671'}}]",2026-05-21T02:19:14Z,False,"{'x': 33, 'y': 0}",0,Turnover,187.0
401873198510,510,"{'id': '115', 'text': 'Driving Dunk Shot'}",Chet Holmgren makes 1-foot driving dunk (Shai Gilgeous-Alexander assists),77,87,3,2:57,True,2,{'id': '25'},"[{'athlete': {'id': '4433255'}}, {'athlete': {'id': '4278073'}}]",2026-05-21T02:19:25Z,True,"{'x': 26, 'y': 2}",2,+2 Points,177.0
401873198512,512,"{'id': '16', 'text': 'Full Timeout'}",Spurs Full timeout,77,87,3,2:56,False,0,{'id': '24'},,2026-05-21T02:19:31Z,False,"{'x': -214748340, 'y': -214748365}",0,Timeout,176.0
401873198513,513,"{'id': '584', 'text': 'Substitution'}",Victor Wembanyama enters the game for Keldon Johnson,77,87,3,2:56,False,0,{'id': '24'},"[{'athlete': {'id': '5104157'}}, {'athlete': {'id': '4395723'}}]",2026-05-21T02:21:05Z,False,"{'x': -214748340, 'y': -214748365}",0,Substitution,176.0
401873198514,514,"{'id': '584', 'text': 'Substitution'}",Julian Champagnie enters the game for Stephon Castle,77,87,3,2:56,False,0,{'id': '24'},"[{'athlete': {'id': '4592479'}}, {'athlete': {'id': '4845367'}}]",2026-05-21T02:21:05Z,False,"{'x': -214748340, 'y': -214748365}",0,Substitution,176.0
401873198515,515,"{'id': '584', 'text': 'Substitution'}",Jordan McLaughlin enters the game for Luke Kornet,77,87,3,2:56,False,0,{'id': '24'},"[{'athlete': {'id': '3134916'}}, {'athlete': {'id': '3064560'}}]",2026-05-21T02:21:05Z,False,"{'x': -214748340, 'y': -214748365}",0,Substitution,176.0
401873198516,516,"{'id': '584', 'text': 'Substitution'}",Harrison Barnes enters the game for Carter Bryant,77,87,3,2:56,False,0,{'id': '24'},"[{'athlete': {'id': '6578'}}, {'athlete': {'id': '5061568'}}]",2026-05-21T02:21:05Z,False,"{'x': -214748340, 'y': -214748365}",0,Substitution,176.0
401873198521,521,"{'id': '44', 'text': 'Shooting Foul'}",Alex Caruso shooting foul,77,87,3,2:40,False,0,{'id': '25'},[{'athlete': {'id': '2991350'}}],2026-05-21T02:21:52Z,False,"{'x': 27, 'y': 1}",0,Foul,160.0
401873198523,523,"{'id': '98', 'text': 'Free Throw - 1 of 2'}",Harrison Barnes makes free throw 1 of 2,78,87,3,2:40,True,1,{'id': '24'},[{'athlete': {'id': '6578'}}],2026-05-21T02:22:12Z,True,"{'x': -214748340, 'y': -214748365}",1,+1 Point,160.0
401873198524,524,"{'id': '99', 'text': 'Free Throw - 2 of 2'}",Harrison Barnes makes free throw 2 of 2,79,87,3,2:40,True,1,{'id': '24'},[{'athlete': {'id': '6578'}}],2026-05-21T02:22:28Z,True,"{'x': -214748340, 'y': -214748365}",1,+1 Point,160.0
401873198525,525,"{'id': '118', 'text': 'Alley Oop Dunk Shot'}",Chet Holmgren makes alley oop dunk (Alex Caruso assists),79,89,3,2:29,True,2,{'id': '25'},"[{'athlete': {'id': '4433255'}}, {'athlete': {'id': '2991350'}}]",2026-05-21T02:22:42Z,True,"{'x': 25, 'y': 1}",2,+2 Points,149.0
401873198527,527,"{'id': '92', 'text': 'Jump Shot'}",Jordan McLaughlin makes 24-foot three point jumper (Victor Wembanyama assists),82,89,3,2:08,True,3,{'id': '24'},"[{'athlete': {'id': '3134916'}}, {'athlete': {'id': '5104157'}}]",2026-05-21T02:23:03Z,True,"{'x': 48, 'y': 8}",3,+3 Points,128.0
401873198529,529,"{'id': '112', 'text': 'Reverse Layup Shot'}",Ajay Mitchell makes 1-foot reverse layup (Alex Caruso assists),82,91,3,1:49,True,2,{'id': '25'},"[{'athlete': {'id': '4900671'}}, {'athlete': {'id': '2991350'}}]",2026-05-21T02:23:22Z,True,"{'x': 24, 'y': 2}",2,+2 Points,109.0
401873198531,531,"{'id': '144', 'text': 'Driving Floating Jump Shot'}",Julian Champagnie makes 2-foot driving floating jump shot (Devin Vassell assists),84,91,3,1:33,True,2,{'id': '24'},"[{'athlete': {'id': '4592479'}}, {'athlete': {'id': '4395630'}}]",2026-05-21T02:23:38Z,True,"{'x': 28, 'y': 1}",2,+2 Points,93.0
401873198533,533,"{'id': '92', 'text': 'Jump Shot'}",Jared McCain misses 23-foot three point jumper,84,91,3,1:21,False,0,{'id': '25'},[{'athlete': {'id': '4683778'}}],2026-05-21T02:23:50Z,True,"{'x': 48, 'y': -1}",3,Missed 3PT,81.0
401873198534,534,"{'id': '155', 'text': 'Defensive Rebound'}",Victor Wembanyama defensive rebound,84,91,3,1:17,False,0,{'id': '24'},[{'athlete': {'id': '5104157'}}],2026-05-21T02:23:54Z,False,"{'x': 48, 'y': -1}",0,Rebound,77.0
401873198537,537,"{'id': '44', 'text': 'Shooting Foul'}",Shai Gilgeous-Alexander shooting foul,84,91,3,1:11,False,0,{'id': '25'},[{'athlete': {'id': '4278073'}}],2026-05-21T02:24:16Z,False,"{'x': 26, 'y': 0}",0,Foul,71.0
401873198539,539,"{'id': '98', 'text': 'Free Throw - 1 of 2'}",Julian Champagnie misses free throw 1 of 2,84,91,3,1:11,False,0,{'id': '24'},[{'athlete': {'id': '4592479'}}],2026-05-21T02:24:34Z,True,"{'x': -214748340, 'y': -214748365}",1,Missed FT,71.0
401873198540,540,"{'id': '156', 'text': 'Offensive Rebound'}",Spurs offensive team rebound,84,91,3,1:11,False,0,{'id': '24'},,2026-05-21T02:24:34Z,False,"{'x': -214748340, 'y': -214748365}",0,Rebound,71.0
401873198541,541,"{'id': '584', 'text': 'Substitution'}",Cason Wallace enters the game for Alex Caruso,84,91,3,1:11,False,0,{'id': '25'},"[{'athlete': {'id': '4683692'}}, {'athlete': {'id': '2991350'}}]",2026-05-21T02:24:40Z,False,"{'x': -214748340, 'y': -214748365}",0,Substitution,71.0
401873198543,543,"{'id': '99', 'text': 'Free Throw - 2 of 2'}",Julian Champagnie makes free throw 2 of 2,85,91,3,1:11,True,1,{'id': '24'},[{'athlete': {'id': '4592479'}}],2026-05-21T02:24:51Z,True,"{'x': -214748340, 'y': -214748365}",1,+1 Point,71.0
401873198544,544,"{'id': '92', 'text': 'Jump Shot'}",Ajay Mitchell misses 23-foot three point jumper,85,91,3,1:02,False,0,{'id': '25'},[{'athlete': {'id': '4900671'}}],2026-05-21T02:25:02Z,True,"{'x': 48, 'y': -1}",3,Missed 3PT,62.0
401873198545,545,"{'id': '155', 'text': 'Defensive Rebound'}",Devin Vassell defensive rebound,85,91,3,59.7,False,0,{'id': '24'},[{'athlete': {'id': '4395630'}}],2026-05-21T02:25:04Z,False,"{'x': 48, 'y': -1}",0,Rebound,59.7
401873198546,546,"{'id': '113', 'text': 'Running Jump Shot'}",Devin Vassell makes 28-foot running jump shot (Jordan McLaughlin assists),88,91,3,54.9,True,3,{'id': '24'},"[{'athlete': {'id': '4395630'}}, {'athlete': {'id': '3134916'}}]",2026-05-21T02:25:09Z,True,"{'x': 36, 'y': 26}",3,+3 Points,54.9
401873198548,548,"{'id': '63', 'text': 'Lost Ball Turnover'}",Ajay Mitchell lost ball turnover (Julian Champagnie steals),88,91,3,40.2,False,0,{'id': '25'},"[{'athlete': {'id': '4900671'}}, {'athlete': {'id': '4592479'}}]",2026-05-21T02:25:30Z,False,"{'x': 19, 'y': 10}",0,Turnover,40.2
401873198550,550,"{'id': '63', 'text': 'Lost Ball Turnover'}",Victor Wembanyama lost ball turnover,88,91,3,36.6,False,0,{'id': '24'},[{'athlete': {'id': '5104157'}}],2026-05-21T02:25:37Z,False,"{'x': 26, 'y': 15}",0,Turnover,36.6
401873198552,552,"{'id': '43', 'text': 'Loose Ball Foul'}",Victor Wembanyama loose ball foul,88,91,3,36.6,False,0,{'id': '24'},[{'athlete': {'id': '5104157'}}],2026-05-21T02:25:40Z,False,"{'x': 31, 'y': 12}",0,Foul,36.6
401873198554,554,"{'id': '131', 'text': 'Pullup Jump Shot'}",Shai Gilgeous-Alexander makes 12-foot pullup jump shot,88,93,3,29.8,True,2,{'id': '25'},[{'athlete': {'id': '4278073'}}],2026-05-21T02:26:14Z,True,"{'x': 36, 'y': 6}",2,+2 Points,29.8
401873198555,555,"{'id': '62', 'text': 'Bad Pass\nTurnover'}","Jordan McLaughlin bad pass
turnover (Cason Wallace steals)",88,93,3,20.7,False,0,{'id': '24'},"[{'athlete': {'id': '3134916'}}, {'athlete': {'id': '4683692'}}]",2026-05-21T02:26:26Z,False,"{'x': 29, 'y': 24}",0,Turnover,20.7
401873198557,557,"{'id': '92', 'text': 'Jump Shot'}",Jared McCain makes 25-foot three point jumper (Shai Gilgeous-Alexander assists),88,96,3,4.7,True,3,{'id': '25'},"[{'athlete': {'id': '4683778'}}, {'athlete': {'id': '4278073'}}]",2026-05-21T02:26:41Z,True,"{'x': 45, 'y': 16}",3,+3 Points,4.7
401873198559,559,"{'id': '131', 'text': 'Pullup Jump Shot'}",Jordan McLaughlin misses 22-foot pullup jump shot,88,96,3,0.3,False,0,{'id': '24'},[{'athlete': {'id': '3134916'}}],2026-05-21T02:26:54Z,True,"{'x': 14, 'y': 20}",2,Missed FG,0.3
401873198560,560,"{'id': '156', 'text': 'Offensive Rebound'}",Spurs offensive team rebound,88,96,3,0.1,False,0,{'id': '24'},,2026-05-21T02:26:54Z,False,"{'x': 14, 'y': 20}",0,Rebound,0.1
401873198561,561,"{'id': '412', 'text': 'End Period'}",End of the 3rd Quarter,88,96,3,0.0,False,0,,,2026-05-21T02:27:10Z,False,"{'x': -214748340, 'y': -214748365}",0,End of 3rd,0.0
401873198562,562,"{'id': '584', 'text': 'Substitution'}",Isaiah Joe enters the game for Shai Gilgeous-Alexander,88,96,4,12:00,False,0,{'id': '25'},"[{'athlete': {'id': '4395702'}}, {'athlete': {'id': '4278073'}}]",2026-05-21T02:27:14Z,False,"{'x': -214748340, 'y': -214748365}",0,Substitution,720.0
401873198563,563,"{'id': '584', 'text': 'Substitution'}",Isaiah Hartenstein enters the game for Chet Holmgren,88,96,4,12:00,False,0,{'id': '25'},"[{'athlete': {'id': '4222252'}}, {'athlete': {'id': '4433255'}}]",2026-05-21T02:27:14Z,False,"{'x': -214748340, 'y': -214748365}",0,Substitution,720.0
401873198564,564,"{'id': '584', 'text': 'Substitution'}",Alex Caruso enters the game for Cason Wallace,88,96,4,12:00,False,0,{'id': '25'},"[{'athlete': {'id': '2991350'}}, {'athlete': {'id': '4683692'}}]",2026-05-21T02:27:14Z,False,"{'x': -214748340, 'y': -214748365}",0,Substitution,720.0
401873198565,565,"{'id': '584', 'text': 'Substitution'}",Keldon Johnson enters the game for Jordan McLaughlin,88,96,4,12:00,False,0,{'id': '24'},"[{'athlete': {'id': '4395723'}}, {'athlete': {'id': '3134916'}}]",2026-05-21T02:27:14Z,False,"{'x': -214748340, 'y': -214748365}",0,Substitution,720.0
401873198566,566,"{'id': '584', 'text': 'Substitution'}",Stephon Castle enters the game for Devin Vassell,88,96,4,12:00,False,0,{'id': '24'},"[{'athlete': {'id': '4845367'}}, {'athlete': {'id': '4395630'}}]",2026-05-21T02:27:14Z,False,"{'x': -214748340, 'y': -214748365}",0,Substitution,720.0
401873198573,573,"{'id': '112', 'text': 'Reverse Layup Shot'}",Stephon Castle makes 1-foot reverse layup (Victor Wembanyama assists),90,96,4,11:44,True,2,{'id': '24'},"[{'athlete': {'id': '4845367'}}, {'athlete': {'id': '5104157'}}]",2026-05-21T02:30:59Z,True,"{'x': 24, 'y': 0}",2,+2 Points,704.0
401873198575,575,"{'id': '92', 'text': 'Jump Shot'}",Jared McCain misses 23-foot three point jumper,90,96,4,11:29,False,0,{'id': '25'},[{'athlete': {'id': '4683778'}}],2026-05-21T02:31:14Z,True,"{'x': 2, 'y': 2}",3,Missed 3PT,689.0
401873198576,576,"{'id': '155', 'text': 'Defensive Rebound'}",Julian Champagnie defensive rebound,90,96,4,11:25,False,0,{'id': '24'},[{'athlete': {'id': '4592479'}}],2026-05-21T02:31:18Z,False,"{'x': 2, 'y': 2}",0,Rebound,685.0
401873198577,577,"{'id': '92', 'text': 'Jump Shot'}",Victor Wembanyama misses 23-foot three point jumper,90,96,4,11:19,False,0,{'id': '24'},[{'athlete': {'id': '5104157'}}],2026-05-21T02:31:24Z,True,"{'x': 2, 'y': 6}",3,Missed 3PT,679.0
401873198578,578,"{'id': '155', 'text': 'Defensive Rebound'}",Jared McCain defensive rebound,90,96,4,11:15,False,0,{'id': '25'},[{'athlete': {'id': '4683778'}}],2026-05-21T02:31:28Z,False,"{'x': 2, 'y': 6}",0,Rebound,675.0
401873198579,579,"{'id': '132', 'text': 'Step Back Jump Shot'}",Jared McCain misses 25-foot three point step back jumpshot,90,96,4,10:55,False,0,{'id': '25'},[{'athlete': {'id': '4683778'}}],2026-05-21T02:31:48Z,True,"{'x': 5, 'y': 15}",3,Missed 3PT,655.0
401873198580,580,"{'id': '155', 'text': 'Defensive Rebound'}",Julian Champagnie defensive rebound,90,96,4,10:53,False,0,{'id': '24'},[{'athlete': {'id': '4592479'}}],2026-05-21T02:31:50Z,False,"{'x': 5, 'y': 15}",0,Rebound,653.0
401873198581,581,"{'id': '110', 'text': 'Driving Layup Shot'}",Stephon Castle makes driving layup,92,96,4,10:38,True,2,{'id': '24'},[{'athlete': {'id': '4845367'}}],2026-05-21T02:32:05Z,True,"{'x': 27, 'y': 0}",2,+2 Points,638.0
401873198582,582,"{'id': '92', 'text': 'Jump Shot'}",Isaiah Joe misses 22-foot three point jumper,92,96,4,10:16,False,0,{'id': '25'},[{'athlete': {'id': '4395702'}}],2026-05-21T02:32:27Z,True,"{'x': 48, 'y': 0}",3,Missed 3PT,616.0
401873198583,583,"{'id': '156', 'text': 'Offensive Rebound'}",Jared McCain offensive rebound,92,96,4,10:12,False,0,{'id': '25'},[{'athlete': {'id': '4683778'}}],2026-05-21T02:32:31Z,False,"{'x': 48, 'y': 0}",0,Rebound,612.0
401873198584,584,"{'id': '92', 'text': 'Jump Shot'}",Jared McCain makes 23-foot three point jumper (Isaiah Joe assists),92,99,4,10:09,True,3,{'id': '25'},"[{'athlete': {'id': '4683778'}}, {'athlete': {'id': '4395702'}}]",2026-05-21T02:32:34Z,True,"{'x': 48, 'y': 8}",3,+3 Points,609.0
401873198586,586,"{'id': '45', 'text': 'Personal Foul'}",Isaiah Joe personal foul,92,99,4,10:01,False,0,{'id': '25'},[{'athlete': {'id': '4395702'}}],2026-05-21T02:32:46Z,False,"{'x': 25, 'y': 37}",0,Foul,601.0
401873198588,588,"{'id': '62', 'text': 'Bad Pass\nTurnover'}","Harrison Barnes bad pass
turnover (Ajay Mitchell steals)",92,99,4,9:47,False,0,{'id': '24'},"[{'athlete': {'id': '6578'}}, {'athlete': {'id': '4900671'}}]",2026-05-21T02:33:24Z,False,"{'x': 33, 'y': 3}",0,Turnover,587.0
401873198590,590,"{'id': '129', 'text': 'Running Finger Roll Layup'}",Jared McCain misses two point shot,92,99,4,9:41,False,0,{'id': '25'},[{'athlete': {'id': '4683778'}}],2026-05-21T02:33:29Z,True,"{'x': 21, 'y': 2}",2,Missed FG,581.0
401873198591,591,"{'id': '155', 'text': 'Defensive Rebound'}",Victor Wembanyama defensive rebound,92,99,4,9:39,False,0,{'id': '24'},[{'athlete': {'id': '5104157'}}],2026-05-21T02:33:31Z,False,"{'x': 21, 'y': 2}",0,Rebound,579.0
401873198592,592,"{'id': '110', 'text': 'Driving Layup Shot'}",Victor Wembanyama misses driving layup,92,99,4,9:36,False,0,{'id': '24'},[{'athlete': {'id': '5104157'}}],2026-05-21T02:33:38Z,True,"{'x': 28, 'y': -1}",2,Missed FG,576.0
401873198593,593,"{'id': '156', 'text': 'Offensive Rebound'}",Victor Wembanyama offensive rebound,92,99,4,9:35,False,0,{'id': '24'},[{'athlete': {'id': '5104157'}}],2026-05-21T02:33:39Z,False,"{'x': 28, 'y': -1}",0,Rebound,575.0
401873198594,594,"{'id': '94', 'text': 'Tip Shot'}",Victor Wembanyama makes tip shot,94,99,4,9:34,True,2,{'id': '24'},[{'athlete': {'id': '5104157'}}],2026-05-21T02:33:41Z,True,"{'x': 25, 'y': 0}",2,+2 Points,574.0
401873198595,595,"{'id': '144', 'text': 'Driving Floating Jump Shot'}",Isaiah Hartenstein misses driving floating jump shot,94,99,4,9:16,False,0,{'id': '25'},[{'athlete': {'id': '4222252'}}],2026-05-21T02:33:55Z,True,"{'x': 31, 'y': 15}",2,Missed FG,556.0
401873198596,596,"{'id': '155', 'text': 'Defensive Rebound'}",Stephon Castle defensive rebound,94,99,4,9:14,False,0,{'id': '24'},[{'athlete': {'id': '4845367'}}],2026-05-21T02:33:57Z,False,"{'x': 31, 'y': 15}",0,Rebound,554.0
401873198597,597,"{'id': '92', 'text': 'Jump Shot'}",Harrison Barnes makes 22-foot three point jumper (Stephon Castle assists),97,99,4,9:06,True,3,{'id': '24'},"[{'athlete': {'id': '6578'}}, {'athlete': {'id': '4845367'}}]",2026-05-21T02:34:05Z,True,"{'x': 2, 'y': -1}",3,+3 Points,546.0
401873198599,599,"{'id': '16', 'text': 'Full Timeout'}",Thunder Full timeout,97,99,4,9:05,False,0,{'id': '25'},,2026-05-21T02:34:09Z,False,"{'x': -214748340, 'y': -214748365}",0,Timeout,545.0
401873198600,600,"{'id': '584', 'text': 'Substitution'}",Shai Gilgeous-Alexander enters the game for Ajay Mitchell,97,99,4,9:05,False,0,{'id': '25'},"[{'athlete': {'id': '4278073'}}, {'athlete': {'id': '4900671'}}]",2026-05-21T02:37:07Z,False,"{'x': -214748340, 'y': -214748365}",0,Substitution,545.0
401873198601,601,"{'id': '584', 'text': 'Substitution'}",Cason Wallace enters the game for Isaiah Joe,97,99,4,9:05,False,0,{'id': '25'},"[{'athlete': {'id': '4683692'}}, {'athlete': {'id': '4395702'}}]",2026-05-21T02:37:07Z,False,"{'x': -214748340, 'y': -214748365}",0,Substitution,545.0
401873198604,604,"{'id': '45', 'text': 'Personal Foul'}",Stephon Castle personal foul,97,99,4,8:59,False,0,{'id': '24'},[{'athlete': {'id': '4845367'}}],2026-05-21T02:38:09Z,False,"{'x': 15, 'y': 36}",0,Foul,539.0
401873198606,606,"{'id': '615', 'text': 'Jumpball'}",Stephon Castle vs. Jared McCain (Shai Gilgeous-Alexander gains possession),97,99,4,8:46,False,0,{'id': '25'},"[{'athlete': {'id': '4683778'}}, {'athlete': {'id': '4845367'}}, {'athlete': {'id': '4278073'}}]",2026-05-21T02:39:22Z,False,"{'x': -214748340, 'y': -214748365}",0,Jump Ball,526.0
401873198609,609,"{'id': '131', 'text': 'Pullup Jump Shot'}",Alex Caruso misses 30-foot three point pullup jump shot,97,99,4,8:32,False,0,{'id': '25'},[{'athlete': {'id': '2991350'}}],2026-05-21T02:39:33Z,True,"{'x': 36, 'y': 28}",3,Missed 3PT,512.0
401873198610,610,"{'id': '156', 'text': 'Offensive Rebound'}",Thunder offensive team rebound,97,99,4,8:28,False,0,{'id': '25'},,2026-05-21T02:39:37Z,False,"{'x': 36, 'y': 28}",0,Rebound,508.0
401873198611,611,"{'id': '43', 'text': 'Loose Ball Foul'}",Keldon Johnson loose ball foul,97,99,4,8:28,False,0,{'id': '24'},[{'athlete': {'id': '4395723'}}],2026-05-21T02:39:41Z,False,"{'x': 15, 'y': 2}",0,Foul,508.0
401873198613,613,"{'id': '92', 'text': 'Jump Shot'}",Cason Wallace makes 26-foot three point jumper (Isaiah Hartenstein assists),97,102,4,8:24,True,3,{'id': '25'},"[{'athlete': {'id': '4683692'}}, {'athlete': {'id': '4222252'}}]",2026-05-21T02:40:03Z,True,"{'x': 32, 'y': 25}",3,+3 Points,504.0
401873198615,615,"{'id': '92', 'text': 'Jump Shot'}",Victor Wembanyama misses 25-foot three point jumper,97,102,4,8:10,False,0,{'id': '24'},[{'athlete': {'id': '5104157'}}],2026-05-21T02:40:17Z,True,"{'x': 20, 'y': 25}",3,Missed 3PT,490.0
401873198616,616,"{'id': '155', 'text': 'Defensive Rebound'}",Cason Wallace defensive rebound,97,102,4,8:07,False,0,{'id': '25'},[{'athlete': {'id': '4683692'}}],2026-05-21T02:40:20Z,False,"{'x': 20, 'y': 25}",0,Rebound,487.0
401873198617,617,"{'id': '122', 'text': 'Jump Shot Bank'}",Jared McCain makes 25-foot jump bank shot (Isaiah Hartenstein assists),97,105,4,8:01,True,3,{'id': '25'},"[{'athlete': {'id': '4683778'}}, {'athlete': {'id': '4222252'}}]",2026-05-21T02:40:26Z,True,"{'x': 24, 'y': 26}",3,+3 Points,481.0
401873198619,619,"{'id': '92', 'text': 'Jump Shot'}",Keldon Johnson misses 23-foot three point jumper,97,105,4,7:43,False,0,{'id': '24'},[{'athlete': {'id': '4395723'}}],2026-05-21T02:40:43Z,True,"{'x': 2, 'y': -2}",3,Missed 3PT,463.0
401873198620,620,"{'id': '155', 'text': 'Defensive Rebound'}",Shai Gilgeous-Alexander defensive rebound,97,105,4,7:39,False,0,{'id': '25'},[{'athlete': {'id': '4278073'}}],2026-05-21T02:40:47Z,False,"{'x': 2, 'y': -2}",0,Rebound,459.0
401873198621,621,"{'id': '45', 'text': 'Personal Foul'}",Stephon Castle personal foul,97,105,4,7:33,False,0,{'id': '24'},[{'athlete': {'id': '4845367'}}],2026-05-21T02:41:05Z,False,"{'x': 18, 'y': 16}",0,Foul,453.0
401873198623,623,"{'id': '584', 'text': 'Substitution'}",Devin Vassell enters the game for Keldon Johnson,97,105,4,7:33,False,0,{'id': '24'},"[{'athlete': {'id': '4395630'}}, {'athlete': {'id': '4395723'}}]",2026-05-21T02:41:09Z,False,"{'x': -214748340, 'y': -214748365}",0,Substitution,453.0
401873198624,624,"{'id': '584', 'text': 'Substitution'}",Carter Bryant enters the game for Harrison Barnes,97,105,4,7:33,False,0,{'id': '24'},"[{'athlete': {'id': '5061568'}}, {'athlete': {'id': '6578'}}]",2026-05-21T02:41:09Z,False,"{'x': -214748340, 'y': -214748365}",0,Substitution,453.0
401873198627,627,"{'id': '44', 'text': 'Shooting Foul'}",Julian Champagnie shooting foul,97,105,4,7:22,False,0,{'id': '24'},[{'athlete': {'id': '4592479'}}],2026-05-21T02:41:41Z,False,"{'x': 20, 'y': 5}",0,Foul,442.0
401873198629,629,"{'id': '98', 'text': 'Free Throw - 1 of 2'}",Alex Caruso makes free throw 1 of 2,97,106,4,7:22,True,1,{'id': '25'},[{'athlete': {'id': '2991350'}}],2026-05-21T02:42:08Z,True,"{'x': -214748340, 'y': -214748365}",1,+1 Point,442.0
401873198630,630,"{'id': '584', 'text': 'Substitution'}",Jordan McLaughlin enters the game for Julian Champagnie,97,106,4,7:22,False,0,{'id': '24'},"[{'athlete': {'id': '3134916'}}, {'athlete': {'id': '4592479'}}]",2026-05-21T02:42:08Z,False,"{'x': -214748340, 'y': -214748365}",0,Substitution,442.0
401873198632,632,"{'id': '99', 'text': 'Free Throw - 2 of 2'}",Alex Caruso makes free throw 2 of 2,97,107,4,7:22,True,1,{'id': '25'},[{'athlete': {'id': '2991350'}}],2026-05-21T02:42:33Z,True,"{'x': -214748340, 'y': -214748365}",1,+1 Point,442.0
401873198633,633,"{'id': '72', 'text': 'Back Court Turnover'}",Stephon Castle back court turnover,97,107,4,7:15,False,0,{'id': '24'},[{'athlete': {'id': '4845367'}}],2026-05-21T02:42:48Z,False,"{'x': 12, 'y': 42}",0,Turnover,435.0
401873198634,634,"{'id': '131', 'text': 'Pullup Jump Shot'}",Shai Gilgeous-Alexander misses 26-foot three point pullup jump shot,97,107,4,7:04,False,0,{'id': '25'},[{'athlete': {'id': '4278073'}}],2026-05-21T02:43:19Z,True,"{'x': 33, 'y': 25}",3,Missed 3PT,424.0
401873198635,635,"{'id': '156', 'text': 'Offensive Rebound'}",Jared McCain offensive rebound,97,107,4,7:01,False,0,{'id': '25'},[{'athlete': {'id': '4683778'}}],2026-05-21T02:43:22Z,False,"{'x': 33, 'y': 25}",0,Rebound,421.0
401873198636,636,"{'id': '92', 'text': 'Jump Shot'}",Shai Gilgeous-Alexander misses 26-foot three point jumper,97,107,4,6:59,False,0,{'id': '25'},[{'athlete': {'id': '4278073'}}],2026-05-21T02:43:24Z,True,"{'x': 24, 'y': 27}",3,Missed 3PT,419.0
401873198637,637,"{'id': '156', 'text': 'Offensive Rebound'}",Isaiah Hartenstein offensive rebound,97,107,4,6:56,False,0,{'id': '25'},[{'athlete': {'id': '4222252'}}],2026-05-21T02:43:27Z,False,"{'x': 24, 'y': 27}",0,Rebound,416.0
401873198638,638,"{'id': '44', 'text': 'Shooting Foul'}",Devin Vassell shooting foul,97,107,4,6:56,False,0,{'id': '24'},[{'athlete': {'id': '4395630'}}],2026-05-21T02:43:28Z,False,"{'x': 25, 'y': 1}",0,Foul,416.0
401873198640,640,"{'id': '98', 'text': 'Free Throw - 1 of 2'}",Isaiah Hartenstein makes free throw 1 of 2,97,108,4,6:56,True,1,{'id': '25'},[{'athlete': {'id': '4222252'}}],2026-05-21T02:43:58Z,True,"{'x': -214748340, 'y': -214748365}",1,+1 Point,416.0
401873198641,641,"{'id': '584', 'text': 'Substitution'}",Chet Holmgren enters the game for Alex Caruso,97,108,4,6:56,False,0,{'id': '25'},"[{'athlete': {'id': '4433255'}}, {'athlete': {'id': '2991350'}}]",2026-05-21T02:43:58Z,False,"{'x': -214748340, 'y': -214748365}",0,Substitution,416.0
401873198642,642,"{'id': '584', 'text': 'Substitution'}",Keldon Johnson enters the game for Carter Bryant,97,108,4,6:56,False,0,{'id': '24'},"[{'athlete': {'id': '4395723'}}, {'athlete': {'id': '5061568'}}]",2026-05-21T02:43:58Z,False,"{'x': -214748340, 'y': -214748365}",0,Substitution,416.0
401873198645,645,"{'id': '99', 'text': 'Free Throw - 2 of 2'}",Isaiah Hartenstein makes free throw 2 of 2,97,109,4,6:56,True,1,{'id': '25'},[{'athlete': {'id': '4222252'}}],2026-05-21T02:44:26Z,True,"{'x': -214748340, 'y': -214748365}",1,+1 Point,416.0
401873198646,646,"{'id': '92', 'text': 'Jump Shot'}",Victor Wembanyama misses 27-foot three point jumper,97,109,4,6:39,False,0,{'id': '24'},[{'athlete': {'id': '5104157'}}],2026-05-21T02:44:46Z,True,"{'x': 31, 'y': 27}",3,Missed 3PT,399.0
401873198647,647,"{'id': '155', 'text': 'Defensive Rebound'}",Thunder defensive team rebound,97,109,4,6:38,False,0,{'id': '25'},,2026-05-21T02:44:47Z,False,"{'x': 31, 'y': 27}",0,Rebound,398.0
401873198648,648,"{'id': '43', 'text': 'Loose Ball Foul'}",Keldon Johnson loose ball foul,97,109,4,6:38,False,0,{'id': '24'},[{'athlete': {'id': '4395723'}}],2026-05-21T02:44:53Z,False,"{'x': 24, 'y': 1}",0,Foul,398.0
401873198650,650,"{'id': '98', 'text': 'Free Throw - 1 of 2'}",Chet Holmgren misses free throw 1 of 2,97,109,4,6:38,False,0,{'id': '25'},[{'athlete': {'id': '4433255'}}],2026-05-21T02:45:26Z,True,"{'x': -214748340, 'y': -214748365}",1,Missed FT,398.0
401873198651,651,"{'id': '156', 'text': 'Offensive Rebound'}",Thunder offensive team rebound,97,109,4,6:38,False,0,{'id': '25'},,2026-05-21T02:45:26Z,False,"{'x': -214748340, 'y': -214748365}",0,Rebound,398.0
401873198652,652,"{'id': '584', 'text': 'Substitution'}",Julian Champagnie enters the game for Jordan McLaughlin,97,109,4,6:38,False,0,{'id': '24'},"[{'athlete': {'id': '4592479'}}, {'athlete': {'id': '3134916'}}]",2026-05-21T02:45:27Z,False,"{'x': -214748340, 'y': -214748365}",0,Substitution,398.0
401873198654,654,"{'id': '99', 'text': 'Free Throw - 2 of 2'}",Chet Holmgren makes free throw 2 of 2,97,110,4,6:38,True,1,{'id': '25'},[{'athlete': {'id': '4433255'}}],2026-05-21T02:45:56Z,True,"{'x': -214748340, 'y': -214748365}",1,+1 Point,398.0
401873198655,655,"{'id': '92', 'text': 'Jump Shot'}",Devin Vassell makes 25-foot three point jumper (Stephon Castle assists),100,110,4,6:30,True,3,{'id': '24'},"[{'athlete': {'id': '4395630'}}, {'athlete': {'id': '4845367'}}]",2026-05-21T02:46:09Z,True,"{'x': 48, 'y': 10}",3,+3 Points,390.0
401873198657,657,"{'id': '62', 'text': 'Bad Pass\nTurnover'}","Isaiah Hartenstein bad pass
turnover (Victor Wembanyama steals)",100,110,4,6:16,False,0,{'id': '25'},"[{'athlete': {'id': '4222252'}}, {'athlete': {'id': '5104157'}}]",2026-05-21T02:46:22Z,False,"{'x': 27, 'y': 10}",0,Turnover,376.0
401873198659,659,"{'id': '113', 'text': 'Running Jump Shot'}",Stephon Castle makes 26-foot running jump shot (Keldon Johnson assists),103,110,4,6:12,True,3,{'id': '24'},"[{'athlete': {'id': '4845367'}}, {'athlete': {'id': '4395723'}}]",2026-05-21T02:46:26Z,True,"{'x': 47, 'y': 16}",3,+3 Points,372.0
401873198661,661,"{'id': '114', 'text': 'Turnaround Jump Shot'}",Chet Holmgren misses 12-foot turnaround jump shot,103,110,4,5:56,False,0,{'id': '25'},[{'athlete': {'id': '4433255'}}],2026-05-21T02:46:42Z,True,"{'x': 19, 'y': 11}",2,Missed FG,356.0
401873198662,662,"{'id': '156', 'text': 'Offensive Rebound'}",Isaiah Hartenstein offensive rebound,103,110,4,5:54,False,0,{'id': '25'},[{'athlete': {'id': '4222252'}}],2026-05-21T02:46:44Z,False,"{'x': 19, 'y': 11}",0,Rebound,354.0
401873198663,663,"{'id': '130', 'text': 'Floating Jump Shot'}",Isaiah Hartenstein makes 7-foot floating jump shot (Cason Wallace assists),103,112,4,5:44,True,2,{'id': '25'},"[{'athlete': {'id': '4222252'}}, {'athlete': {'id': '4683692'}}]",2026-05-21T02:46:54Z,True,"{'x': 32, 'y': 2}",2,+2 Points,344.0
401873198665,665,"{'id': '45', 'text': 'Personal Foul'}",Cason Wallace personal foul,103,112,4,5:32,False,0,{'id': '25'},[{'athlete': {'id': '4683692'}}],2026-05-21T02:47:13Z,False,"{'x': 25, 'y': 41}",0,Foul,332.0
401873198667,667,"{'id': '16', 'text': 'Full Timeout'}",Spurs Full timeout,103,112,4,5:32,False,0,{'id': '24'},,2026-05-21T02:47:26Z,False,"{'x': -214748340, 'y': -214748365}",0,Timeout,332.0
401873198668,668,"{'id': '584', 'text': 'Substitution'}",Ajay Mitchell enters the game for Jared McCain,103,112,4,5:32,False,0,{'id': '25'},"[{'athlete': {'id': '4900671'}}, {'athlete': {'id': '4683778'}}]",2026-05-21T02:49:14Z,False,"{'x': -214748340, 'y': -214748365}",0,Substitution,332.0
401873198670,670,"{'id': '131', 'text': 'Pullup Jump Shot'}",Stephon Castle misses 27-foot three point pullup jump shot,103,112,4,5:17,False,0,{'id': '24'},[{'athlete': {'id': '4845367'}}],2026-05-21T02:51:29Z,True,"{'x': 38, 'y': 24}",3,Missed 3PT,317.0
401873198671,671,"{'id': '156', 'text': 'Offensive Rebound'}",Keldon Johnson offensive rebound,103,112,4,5:16,False,0,{'id': '24'},[{'athlete': {'id': '4395723'}}],2026-05-21T02:51:30Z,False,"{'x': 38, 'y': 24}",0,Rebound,316.0
401873198672,672,"{'id': '125', 'text': 'Layup Shot Putback'}",Keldon Johnson makes two point shot,105,112,4,5:14,True,2,{'id': '24'},[{'athlete': {'id': '4395723'}}],2026-05-21T02:51:34Z,True,"{'x': 25, 'y': 0}",2,+2 Points,314.0
401873198673,673,"{'id': '44', 'text': 'Shooting Foul'}",Cason Wallace shooting foul,105,112,4,5:14,False,0,{'id': '25'},[{'athlete': {'id': '4683692'}}],2026-05-21T02:51:36Z,False,"{'x': 25, 'y': 0}",0,Foul,314.0
401873198675,675,"{'id': '97', 'text': 'Free Throw - 1 of 1'}",Keldon Johnson misses free throw 1 of 1,105,112,4,5:14,False,0,{'id': '24'},[{'athlete': {'id': '4395723'}}],2026-05-21T02:52:00Z,True,"{'x': -214748340, 'y': -214748365}",1,Missed FT,314.0
401873198676,676,"{'id': '155', 'text': 'Defensive Rebound'}",Isaiah Hartenstein defensive rebound,105,112,4,5:11,False,0,{'id': '25'},[{'athlete': {'id': '4222252'}}],2026-05-21T02:52:03Z,False,"{'x': -214748340, 'y': -214748365}",0,Rebound,311.0
401873198677,677,"{'id': '144', 'text': 'Driving Floating Jump Shot'}",Shai Gilgeous-Alexander makes 3-foot driving floating jump shot (Ajay Mitchell assists),105,114,4,5:00,True,2,{'id': '25'},"[{'athlete': {'id': '4278073'}}, {'athlete': {'id': '4900671'}}]",2026-05-21T02:52:12Z,True,"{'x': 25, 'y': 4}",2,+2 Points,300.0
401873198679,679,"{'id': '122', 'text': 'Jump Shot Bank'}",Julian Champagnie misses 26-foot jump bank shot,105,114,4,4:40,False,0,{'id': '24'},[{'athlete': {'id': '4592479'}}],2026-05-21T02:52:32Z,True,"{'x': 14, 'y': 24}",3,Missed 3PT,280.0
401873198680,680,"{'id': '155', 'text': 'Defensive Rebound'}",Chet Holmgren defensive rebound,105,114,4,4:37,False,0,{'id': '25'},[{'athlete': {'id': '4433255'}}],2026-05-21T02:52:35Z,False,"{'x': 14, 'y': 24}",0,Rebound,277.0
401873198681,681,"{'id': '131', 'text': 'Pullup Jump Shot'}",Ajay Mitchell misses 29-foot three point pullup jump shot,105,114,4,4:16,False,0,{'id': '25'},[{'athlete': {'id': '4900671'}}],2026-05-21T02:52:56Z,True,"{'x': 39, 'y': 26}",3,Missed 3PT,256.0
401873198682,682,"{'id': '156', 'text': 'Offensive Rebound'}",Isaiah Hartenstein offensive rebound,105,114,4,4:12,False,0,{'id': '25'},[{'athlete': {'id': '4222252'}}],2026-05-21T02:53:00Z,False,"{'x': 39, 'y': 26}",0,Rebound,252.0
401873198683,683,"{'id': '131', 'text': 'Pullup Jump Shot'}",Shai Gilgeous-Alexander misses 25-foot three point pullup jump shot,105,114,4,4:07,False,0,{'id': '25'},[{'athlete': {'id': '4278073'}}],2026-05-21T02:53:06Z,True,"{'x': 36, 'y': 24}",3,Missed 3PT,247.0
401873198684,684,"{'id': '156', 'text': 'Offensive Rebound'}",Isaiah Hartenstein offensive rebound,105,114,4,4:03,False,0,{'id': '25'},[{'athlete': {'id': '4222252'}}],2026-05-21T02:53:10Z,False,"{'x': 36, 'y': 24}",0,Rebound,243.0
401873198685,685,"{'id': '131', 'text': 'Pullup Jump Shot'}",Shai Gilgeous-Alexander misses 20-foot pullup jump shot,105,114,4,3:55,False,0,{'id': '25'},[{'athlete': {'id': '4278073'}}],2026-05-21T02:53:17Z,True,"{'x': 5, 'y': 1}",2,Missed FG,235.0
401873198686,686,"{'id': '155', 'text': 'Defensive Rebound'}",Victor Wembanyama defensive rebound,105,114,4,3:51,False,0,{'id': '24'},[{'athlete': {'id': '5104157'}}],2026-05-21T02:53:21Z,False,"{'x': 5, 'y': 1}",0,Rebound,231.0
401873198687,687,"{'id': '92', 'text': 'Jump Shot'}",Keldon Johnson makes 23-foot three point jumper (Stephon Castle assists),108,114,4,3:45,True,3,{'id': '24'},"[{'athlete': {'id': '4395723'}}, {'athlete': {'id': '4845367'}}]",2026-05-21T02:53:27Z,True,"{'x': 2, 'y': -4}",3,+3 Points,225.0
401873198689,689,"{'id': '119', 'text': 'Driving Hook Shot'}",Ajay Mitchell misses 3-foot two point shot,108,114,4,3:19,False,0,{'id': '25'},[{'athlete': {'id': '4900671'}}],2026-05-21T02:53:54Z,True,"{'x': 22, 'y': 2}",2,Missed FG,199.0
401873198690,690,"{'id': '156', 'text': 'Offensive Rebound'}",Isaiah Hartenstein offensive rebound,108,114,4,3:19,False,0,{'id': '25'},[{'athlete': {'id': '4222252'}}],2026-05-21T02:53:54Z,False,"{'x': 22, 'y': 2}",0,Rebound,199.0
401873198691,691,"{'id': '44', 'text': 'Shooting Foul'}",Julian Champagnie shooting foul,108,114,4,3:19,False,0,{'id': '24'},[{'athlete': {'id': '4592479'}}],2026-05-21T02:53:59Z,False,"{'x': 24, 'y': 2}",0,Foul,199.0
401873198693,693,"{'id': '98', 'text': 'Free Throw - 1 of 2'}",Isaiah Hartenstein misses free throw 1 of 2,108,114,4,3:19,False,0,{'id': '25'},[{'athlete': {'id': '4222252'}}],2026-05-21T02:54:31Z,True,"{'x': -214748340, 'y': -214748365}",1,Missed FT,199.0
401873198694,694,"{'id': '156', 'text': 'Offensive Rebound'}",Thunder offensive team rebound,108,114,4,3:19,False,0,{'id': '25'},,2026-05-21T02:54:31Z,False,"{'x': -214748340, 'y': -214748365}",0,Rebound,199.0
401873198695,695,"{'id': '584', 'text': 'Substitution'}",Alex Caruso enters the game for Chet Holmgren,108,114,4,3:19,False,0,{'id': '25'},"[{'athlete': {'id': '2991350'}}, {'athlete': {'id': '4433255'}}]",2026-05-21T02:54:32Z,False,"{'x': -214748340, 'y': -214748365}",0,Substitution,199.0
401873198697,697,"{'id': '99', 'text': 'Free Throw - 2 of 2'}",Isaiah Hartenstein misses free throw 2 of 2,108,114,4,3:19,False,0,{'id': '25'},[{'athlete': {'id': '4222252'}}],2026-05-21T02:54:31Z,True,"{'x': -214748340, 'y': -214748365}",1,Missed FT,199.0
401873198698,698,"{'id': '155', 'text': 'Defensive Rebound'}",Victor Wembanyama defensive rebound,108,114,4,3:17,False,0,{'id': '24'},[{'athlete': {'id': '5104157'}}],2026-05-21T02:54:33Z,False,"{'x': -214748340, 'y': -214748365}",0,Rebound,197.0
401873198699,699,"{'id': '92', 'text': 'Jump Shot'}",Julian Champagnie misses 23-foot three point jumper,108,114,4,3:06,False,0,{'id': '24'},[{'athlete': {'id': '4592479'}}],2026-05-21T02:55:10Z,True,"{'x': 2, 'y': -3}",3,Missed 3PT,186.0
401873198700,700,"{'id': '155', 'text': 'Defensive Rebound'}",Thunder defensive team rebound,108,114,4,3:04,False,0,{'id': '25'},,2026-05-21T02:55:12Z,False,"{'x': 2, 'y': -3}",0,Rebound,184.0
401873198701,701,"{'id': '43', 'text': 'Loose Ball Foul'}",Devin Vassell loose ball foul,108,114,4,3:04,False,0,{'id': '24'},[{'athlete': {'id': '4395630'}}],2026-05-21T02:55:16Z,False,"{'x': 27, 'y': 1}",0,Foul,184.0
401873198703,703,"{'id': '98', 'text': 'Free Throw - 1 of 2'}",Shai Gilgeous-Alexander makes free throw 1 of 2,108,115,4,3:04,True,1,{'id': '25'},[{'athlete': {'id': '4278073'}}],2026-05-21T02:55:50Z,True,"{'x': -214748340, 'y': -214748365}",1,+1 Point,184.0
401873198704,704,"{'id': '99', 'text': 'Free Throw - 2 of 2'}",Shai Gilgeous-Alexander makes free throw 2 of 2,108,116,4,3:04,True,1,{'id': '25'},[{'athlete': {'id': '4278073'}}],2026-05-21T02:56:06Z,True,"{'x': -214748340, 'y': -214748365}",1,+1 Point,184.0
401873198705,705,"{'id': '45', 'text': 'Personal Foul'}",Shai Gilgeous-Alexander personal foul,108,116,4,2:56,False,0,{'id': '25'},[{'athlete': {'id': '4278073'}}],2026-05-21T02:56:24Z,False,"{'x': 23, 'y': -1}",0,Foul,176.0
401873198707,707,"{'id': '90', 'text': 'Out of Bounds - Bad Pass Turnover'}",Keldon Johnson out of bounds bad pass turnover,108,116,4,2:54,False,0,{'id': '24'},[{'athlete': {'id': '4395723'}}],2026-05-21T02:56:49Z,False,"{'x': 2, 'y': 40}",0,Turnover,174.0
401873198708,708,"{'id': '132', 'text': 'Step Back Jump Shot'}",Shai Gilgeous-Alexander misses 19-foot step back jumpshot,108,116,4,2:38,False,0,{'id': '25'},[{'athlete': {'id': '4278073'}}],2026-05-21T02:57:18Z,True,"{'x': 11, 'y': 14}",2,Missed FG,158.0
401873198709,709,"{'id': '155', 'text': 'Defensive Rebound'}",Devin Vassell defensive rebound,108,116,4,2:35,False,0,{'id': '24'},[{'athlete': {'id': '4395630'}}],2026-05-21T02:57:21Z,False,"{'x': 11, 'y': 14}",0,Rebound,155.0
401873198710,710,"{'id': '146', 'text': 'Running Pullup Jump Shot'}",Victor Wembanyama misses running pullup jump shot,108,116,4,2:31,False,0,{'id': '24'},[{'athlete': {'id': '5104157'}}],2026-05-21T02:57:26Z,True,"{'x': 34, 'y': 10}",2,Missed FG,151.0
401873198711,711,"{'id': '155', 'text': 'Defensive Rebound'}",Isaiah Hartenstein defensive rebound,108,116,4,2:29,False,0,{'id': '25'},[{'athlete': {'id': '4222252'}}],2026-05-21T02:57:28Z,False,"{'x': 34, 'y': 10}",0,Rebound,149.0
401873198712,712,"{'id': '131', 'text': 'Pullup Jump Shot'}",Ajay Mitchell makes 11-foot pullup jump shot (Alex Caruso assists),108,118,4,2:12,True,2,{'id': '25'},"[{'athlete': {'id': '4900671'}}, {'athlete': {'id': '2991350'}}]",2026-05-21T02:57:44Z,True,"{'x': 27, 'y': 11}",2,+2 Points,132.0
401873198714,714,"{'id': '131', 'text': 'Pullup Jump Shot'}",Devin Vassell makes 25-foot three pointer (Stephon Castle assists),111,118,4,1:56,True,3,{'id': '24'},"[{'athlete': {'id': '4395630'}}, {'athlete': {'id': '4845367'}}]",2026-05-21T02:57:59Z,True,"{'x': 8, 'y': 19}",3,+3 Points,116.0
401873198716,716,"{'id': '131', 'text': 'Pullup Jump Shot'}",Shai Gilgeous-Alexander misses 18-foot pullup jump shot,111,118,4,1:37,False,0,{'id': '25'},[{'athlete': {'id': '4278073'}}],2026-05-21T02:58:28Z,True,"{'x': 10, 'y': 10}",2,Missed FG,97.0
401873198717,717,"{'id': '155', 'text': 'Defensive Rebound'}",Victor Wembanyama defensive rebound,111,118,4,1:37,False,0,{'id': '24'},[{'athlete': {'id': '5104157'}}],2026-05-21T02:58:28Z,False,"{'x': 10, 'y': 10}",0,Rebound,97.0
401873198718,718,"{'id': '110', 'text': 'Driving Layup Shot'}",Victor Wembanyama makes driving layup (Stephon Castle assists),113,118,4,1:25,True,2,{'id': '24'},"[{'athlete': {'id': '5104157'}}, {'athlete': {'id': '4845367'}}]",2026-05-21T02:58:42Z,True,"{'x': 25, 'y': 1}",2,+2 Points,85.0
401873198720,720,"{'id': '42', 'text': 'Offensive Foul'}",Shai Gilgeous-Alexander offensive foul,113,118,4,1:15,False,0,{'id': '25'},[{'athlete': {'id': '4278073'}}],2026-05-21T02:58:59Z,False,"{'x': 21, 'y': 20}",0,Foul,75.0
401873198722,722,"{'id': '84', 'text': 'Offensive Foul Turnover'}",Shai Gilgeous-Alexander offensive foul turnover,113,118,4,1:15,False,0,{'id': '25'},[{'athlete': {'id': '4278073'}}],2026-05-21T02:58:59Z,False,"{'x': 21, 'y': 20}",0,Turnover,75.0
401873198723,723,"{'id': '92', 'text': 'Jump Shot'}",Devin Vassell misses 22-foot three point jumper,113,118,4,1:06,False,0,{'id': '24'},[{'athlete': {'id': '4395630'}}],2026-05-21T02:59:24Z,True,"{'x': 2, 'y': -1}",3,Missed 3PT,66.0
401873198724,724,"{'id': '156', 'text': 'Offensive Rebound'}",Keldon Johnson offensive rebound,113,118,4,1:03,False,0,{'id': '24'},[{'athlete': {'id': '4395723'}}],2026-05-21T02:59:27Z,False,"{'x': 2, 'y': -1}",0,Rebound,63.0
401873198725,725,"{'id': '90', 'text': 'Out of Bounds - Bad Pass Turnover'}",Stephon Castle out of bounds bad pass turnover,113,118,4,1:01,False,0,{'id': '24'},[{'athlete': {'id': '4845367'}}],2026-05-21T02:59:32Z,False,"{'x': 20, 'y': 22}",0,Turnover,61.0
401873198726,726,"{'id': '584', 'text': 'Substitution'}",Jared McCain enters the game for Ajay Mitchell,113,118,4,1:01,False,0,{'id': '25'},"[{'athlete': {'id': '4683778'}}, {'athlete': {'id': '4900671'}}]",2026-05-21T02:59:43Z,False,"{'x': -214748340, 'y': -214748365}",0,Substitution,61.0
401873198728,728,"{'id': '16', 'text': 'Full Timeout'}",Thunder Full timeout,113,118,4,1:01,False,0,{'id': '25'},,2026-05-21T03:00:18Z,False,"{'x': -214748340, 'y': -214748365}",0,Timeout,61.0
401873198729,729,"{'id': '132', 'text': 'Step Back Jump Shot'}",Shai Gilgeous-Alexander makes 18-foot step back jumpshot (Jared McCain assists),113,120,4,42.7,True,2,{'id': '25'},"[{'athlete': {'id': '4278073'}}, {'athlete': {'id': '4683778'}}]",2026-05-21T03:02:28Z,True,"{'x': 10, 'y': 12}",2,+2 Points,42.7
401873198731,731,"{'id': '92', 'text': 'Jump Shot'}",Stephon Castle misses 23-foot three point jumper,113,120,4,32.2,False,0,{'id': '24'},[{'athlete': {'id': '4845367'}}],2026-05-21T03:02:49Z,True,"{'x': 48, 'y': 5}",3,Missed 3PT,32.2
401873198732,732,"{'id': '155', 'text': 'Defensive Rebound'}",Isaiah Hartenstein defensive rebound,113,120,4,28.5,False,0,{'id': '25'},[{'athlete': {'id': '4222252'}}],2026-05-21T03:02:53Z,False,"{'x': 48, 'y': 5}",0,Rebound,28.5
401873198733,733,"{'id': '110', 'text': 'Driving Layup Shot'}",Alex Caruso makes driving layup (Cason Wallace assists),113,122,4,19.7,True,2,{'id': '25'},"[{'athlete': {'id': '2991350'}}, {'athlete': {'id': '4683692'}}]",2026-05-21T03:03:02Z,True,"{'x': 24, 'y': 2}",2,+2 Points,19.7
401873198735,735,"{'id': '16', 'text': 'Full Timeout'}",Spurs Full timeout,113,122,4,19.7,False,0,{'id': '24'},,2026-05-21T03:03:06Z,False,"{'x': -214748340, 'y': -214748365}",0,Timeout,19.7
401873198736,736,"{'id': '584', 'text': 'Substitution'}",Luguentz Dort enters the game for Isaiah Hartenstein,113,122,4,19.7,False,0,{'id': '25'},"[{'athlete': {'id': '4397020'}}, {'athlete': {'id': '4222252'}}]",2026-05-21T03:04:36Z,False,"{'x': -214748340, 'y': -214748365}",0,Substitution,19.7
401873198737,737,"{'id': '584', 'text': 'Substitution'}",Chet Holmgren enters the game for Jared McCain,113,122,4,19.7,False,0,{'id': '25'},"[{'athlete': {'id': '4433255'}}, {'athlete': {'id': '4683778'}}]",2026-05-21T03:04:36Z,False,"{'x': -214748340, 'y': -214748365}",0,Substitution,19.7
401873198740,740,"{'id': '92', 'text': 'Jump Shot'}",Devin Vassell misses 26-foot three point jumper,113,122,4,16.3,False,0,{'id': '24'},[{'athlete': {'id': '4395630'}}],2026-05-21T03:04:58Z,True,"{'x': 43, 'y': 20}",3,Missed 3PT,16.3
401873198741,741,"{'id': '155', 'text': 'Defensive Rebound'}",Cason Wallace defensive rebound,113,122,4,13.1,False,0,{'id': '25'},[{'athlete': {'id': '4683692'}}],2026-05-21T03:05:01Z,False,"{'x': 43, 'y': 20}",0,Rebound,13.1
401873198742,742,"{'id': '412', 'text': 'End Period'}",End of the 4th Quarter,113,122,4,0.0,False,0,,,2026-05-21T03:05:41Z,False,"{'x': -214748340, 'y': -214748365}",0,End of 4th,0.0
401873198743,743,"{'id': '402', 'text': 'End Game'}",End of Game,113,122,4,0.0,False,0,,,2026-05-21T03:05:43Z,False,"{'x': -214748340, 'y': -214748365}",0,End of Game,0.0
