id,sequenceNumber,type,text,awayScore,homeScore,period,clock,scoringPlay,scoreValue,team,participants,wallclock,shootingPlay,coordinate,pointsAttempted,shortDescription,clockSec
4018599634,4,"{'id': '615', 'text': 'Jumpball'}",Karl-Anthony Towns vs. Victor Wembanyama (Josh Hart gains possession),0,0,1,12:00,False,0,{'id': '18'},"[{'athlete': {'id': '3136195'}}, {'athlete': {'id': '5104157'}}, {'athlete': {'id': '3062679'}}]",2026-06-04T00:44:26Z,False,"{'x': -214748340, 'y': -214748365}",0,Jump Ball,720.0
4018599637,7,"{'id': '92', 'text': 'Jump Shot'}",Jalen Brunson makes 26-foot three point jumper (Karl-Anthony Towns assists),3,0,1,11:45,True,3,{'id': '18'},"[{'athlete': {'id': '3934672'}}, {'athlete': {'id': '3136195'}}]",2026-06-04T00:44:37Z,True,"{'x': 26, 'y': 26}",3,+3 Points,705.0
4018599639,9,"{'id': '131', 'text': 'Pullup Jump Shot'}",Victor Wembanyama makes 15-foot pullup jump shot,3,2,1,11:22,True,2,{'id': '24'},[{'athlete': {'id': '5104157'}}],2026-06-04T00:44:59Z,True,"{'x': 32, 'y': 14}",2,+2 Points,682.0
40185996310,10,"{'id': '110', 'text': 'Driving Layup Shot'}",Jalen Brunson misses driving layup,3,2,1,10:57,False,0,{'id': '18'},[{'athlete': {'id': '3934672'}}],2026-06-04T00:45:25Z,True,"{'x': 32, 'y': 4}",2,Missed FG,657.0
40185996311,11,"{'id': '156', 'text': 'Offensive Rebound'}",Josh Hart offensive rebound,3,2,1,10:54,False,0,{'id': '18'},[{'athlete': {'id': '3062679'}}],2026-06-04T00:45:27Z,False,"{'x': 32, 'y': 4}",0,Rebound,654.0
40185996312,12,"{'id': '92', 'text': 'Jump Shot'}",OG Anunoby makes 24-foot three point jumper (Josh Hart assists),6,2,1,10:53,True,3,{'id': '18'},"[{'athlete': {'id': '3934719'}}, {'athlete': {'id': '3062679'}}]",2026-06-04T00:45:29Z,True,"{'x': 1, 'y': 1}",3,+3 Points,653.0
40185996314,14,"{'id': '131', 'text': 'Pullup Jump Shot'}",Victor Wembanyama misses 7-foot pullup jump shot,6,2,1,10:31,False,0,{'id': '24'},[{'athlete': {'id': '5104157'}}],2026-06-04T00:45:50Z,True,"{'x': 23, 'y': 7}",2,Missed FG,631.0
40185996315,15,"{'id': '156', 'text': 'Offensive Rebound'}",Julian Champagnie offensive rebound,6,2,1,10:30,False,0,{'id': '24'},[{'athlete': {'id': '4592479'}}],2026-06-04T00:45:52Z,False,"{'x': 23, 'y': 7}",0,Rebound,630.0
40185996316,16,"{'id': '92', 'text': 'Jump Shot'}",Devin Vassell misses 25-foot three point jumper,6,2,1,10:29,False,0,{'id': '24'},[{'athlete': {'id': '4395630'}}],2026-06-04T00:45:53Z,True,"{'x': 20, 'y': 26}",3,Missed 3PT,629.0
40185996317,17,"{'id': '156', 'text': 'Offensive Rebound'}",Stephon Castle offensive rebound,6,2,1,10:27,False,0,{'id': '24'},[{'athlete': {'id': '4845367'}}],2026-06-04T00:45:55Z,False,"{'x': 20, 'y': 26}",0,Rebound,627.0
40185996318,18,"{'id': '125', 'text': 'Layup Shot Putback'}",Stephon Castle misses two point shot,6,2,1,10:26,False,0,{'id': '24'},[{'athlete': {'id': '4845367'}}],2026-06-04T00:46:00Z,True,"{'x': 23, 'y': 1}",2,Missed FG,626.0
40185996319,19,"{'id': '155', 'text': 'Defensive Rebound'}",Jalen Brunson defensive rebound,6,2,1,10:25,False,0,{'id': '18'},[{'athlete': {'id': '3934672'}}],2026-06-04T00:46:01Z,False,"{'x': 23, 'y': 1}",0,Rebound,625.0
40185996320,20,"{'id': '92', 'text': 'Jump Shot'}",Karl-Anthony Towns misses 27-foot three point jumper,6,2,1,10:18,False,0,{'id': '18'},[{'athlete': {'id': '3136195'}}],2026-06-04T00:46:05Z,True,"{'x': 17, 'y': 27}",3,Missed 3PT,618.0
40185996321,21,"{'id': '155', 'text': 'Defensive Rebound'}",Julian Champagnie defensive rebound,6,2,1,10:15,False,0,{'id': '24'},[{'athlete': {'id': '4592479'}}],2026-06-04T00:46:08Z,False,"{'x': 17, 'y': 27}",0,Rebound,615.0
40185996322,22,"{'id': '63', 'text': 'Lost Ball Turnover'}",Victor Wembanyama lost ball turnover (Mikal Bridges steals),6,2,1,10:06,False,0,{'id': '24'},"[{'athlete': {'id': '5104157'}}, {'athlete': {'id': '3147657'}}]",2026-06-04T00:46:16Z,False,"{'x': 25, 'y': 13}",0,Turnover,606.0
40185996324,24,"{'id': '109', 'text': 'Running Layup Shot'}",OG Anunoby makes running layup (Mikal Bridges assists),8,2,1,10:01,True,2,{'id': '18'},"[{'athlete': {'id': '3934719'}}, {'athlete': {'id': '3147657'}}]",2026-06-04T00:46:21Z,True,"{'x': 23, 'y': 2}",2,+2 Points,601.0
40185996326,26,"{'id': '141', 'text': 'Cutting Layup Shot'}",Josh Hart blocks Stephon Castle 's 7-foot layup,8,2,1,9:47,False,0,{'id': '24'},"[{'athlete': {'id': '4845367'}}, {'athlete': {'id': '3062679'}}]",2026-06-04T00:46:37Z,True,"{'x': 18, 'y': 2}",2,Missed FG,587.0
40185996328,28,"{'id': '156', 'text': 'Offensive Rebound'}",Stephon Castle offensive rebound,8,2,1,9:45,False,0,{'id': '24'},[{'athlete': {'id': '4845367'}}],2026-06-04T00:46:39Z,False,"{'x': 18, 'y': 2}",0,Rebound,585.0
40185996329,29,"{'id': '137', 'text': 'Turnaround Fade Away Jump Shot'}",Victor Wembanyama misses 12-foot two point shot,8,2,1,9:36,False,0,{'id': '24'},[{'athlete': {'id': '5104157'}}],2026-06-04T00:46:46Z,True,"{'x': 26, 'y': 13}",2,Missed FG,576.0
40185996330,30,"{'id': '155', 'text': 'Defensive Rebound'}",Josh Hart defensive rebound,8,2,1,9:33,False,0,{'id': '18'},[{'athlete': {'id': '3062679'}}],2026-06-04T00:46:49Z,False,"{'x': 26, 'y': 13}",0,Rebound,573.0
40185996331,31,"{'id': '146', 'text': 'Running Pullup Jump Shot'}",Mikal Bridges misses running pullup jump shot,8,2,1,9:29,False,0,{'id': '18'},[{'athlete': {'id': '3147657'}}],2026-06-04T00:46:53Z,True,"{'x': 34, 'y': 10}",2,Missed FG,569.0
40185996332,32,"{'id': '155', 'text': 'Defensive Rebound'}",Julian Champagnie defensive rebound,8,2,1,9:24,False,0,{'id': '24'},[{'athlete': {'id': '4592479'}}],2026-06-04T00:46:58Z,False,"{'x': 34, 'y': 10}",0,Rebound,564.0
40185996333,33,"{'id': '113', 'text': 'Running Jump Shot'}",De'Aaron Fox misses 25-foot running jump shot,8,2,1,9:20,False,0,{'id': '24'},[{'athlete': {'id': '4066259'}}],2026-06-04T00:47:01Z,True,"{'x': 4, 'y': 14}",3,Missed 3PT,560.0
40185996334,34,"{'id': '156', 'text': 'Offensive Rebound'}",Devin Vassell offensive rebound,8,2,1,9:19,False,0,{'id': '24'},[{'athlete': {'id': '4395630'}}],2026-06-04T00:47:02Z,False,"{'x': 4, 'y': 14}",0,Rebound,559.0
40185996335,35,"{'id': '94', 'text': 'Tip Shot'}",Devin Vassell makes tip shot,8,4,1,9:19,True,2,{'id': '24'},[{'athlete': {'id': '4395630'}}],2026-06-04T00:47:06Z,True,"{'x': 25, 'y': 0}",2,+2 Points,559.0
40185996336,36,"{'id': '128', 'text': 'Driving Finger Roll Layup'}",Josh Hart makes 2-foot two point shot (Karl-Anthony Towns assists),10,4,1,8:56,True,2,{'id': '18'},"[{'athlete': {'id': '3062679'}}, {'athlete': {'id': '3136195'}}]",2026-06-04T00:47:27Z,True,"{'x': 23, 'y': 1}",2,+2 Points,536.0
40185996338,38,"{'id': '132', 'text': 'Step Back Jump Shot'}",De'Aaron Fox misses 25-foot three point step back jumpshot,10,4,1,8:36,False,0,{'id': '24'},[{'athlete': {'id': '4066259'}}],2026-06-04T00:47:45Z,True,"{'x': 38, 'y': 22}",3,Missed 3PT,516.0
40185996339,39,"{'id': '155', 'text': 'Defensive Rebound'}",Josh Hart defensive rebound,10,4,1,8:32,False,0,{'id': '18'},[{'athlete': {'id': '3062679'}}],2026-06-04T00:47:49Z,False,"{'x': 38, 'y': 22}",0,Rebound,512.0
40185996340,40,"{'id': '109', 'text': 'Running Layup Shot'}",Victor Wembanyama blocks Josh Hart 's 3-foot running layup,10,4,1,8:29,False,0,{'id': '18'},"[{'athlete': {'id': '3062679'}}, {'athlete': {'id': '5104157'}}]",2026-06-04T00:47:55Z,True,"{'x': 28, 'y': 1}",2,Missed FG,509.0
40185996342,42,"{'id': '155', 'text': 'Defensive Rebound'}",Stephon Castle defensive rebound,10,4,1,8:28,False,0,{'id': '24'},[{'athlete': {'id': '4845367'}}],2026-06-04T00:47:56Z,False,"{'x': 28, 'y': 1}",0,Rebound,508.0
40185996343,43,"{'id': '113', 'text': 'Running Jump Shot'}",Victor Wembanyama makes 25-foot running jump shot (Stephon Castle assists),10,7,1,8:21,True,3,{'id': '24'},"[{'athlete': {'id': '5104157'}}, {'athlete': {'id': '4845367'}}]",2026-06-04T00:48:00Z,True,"{'x': 32, 'y': 25}",3,+3 Points,501.0
40185996345,45,"{'id': '131', 'text': 'Pullup Jump Shot'}",Julian Champagnie blocks Jalen Brunson 's 25-foot three point pullup jump shot,10,7,1,7:52,False,0,{'id': '18'},"[{'athlete': {'id': '3934672'}}, {'athlete': {'id': '4592479'}}]",2026-06-04T00:48:30Z,True,"{'x': 40, 'y': 21}",3,Missed 3PT,472.0
40185996347,47,"{'id': '156', 'text': 'Offensive Rebound'}",Knicks offensive team rebound,10,7,1,7:52,False,0,{'id': '18'},,2026-06-04T00:48:30Z,False,"{'x': 40, 'y': 21}",0,Rebound,472.0
40185996348,48,"{'id': '70', 'text': 'Shot Clock Turnover'}",shot clock turnover ,10,7,1,7:51,False,0,{'id': '18'},,2026-06-04T00:48:45Z,False,"{'x': 34, 'y': 7}",0,Turnover,471.0
40185996349,49,"{'id': '92', 'text': 'Jump Shot'}",De'Aaron Fox misses 24-foot three point jumper,10,7,1,7:43,False,0,{'id': '24'},[{'athlete': {'id': '4066259'}}],2026-06-04T00:48:52Z,True,"{'x': 1, 'y': 1}",3,Missed 3PT,463.0
40185996350,50,"{'id': '155', 'text': 'Defensive Rebound'}",Josh Hart defensive rebound,10,7,1,7:40,False,0,{'id': '18'},[{'athlete': {'id': '3062679'}}],2026-06-04T00:48:55Z,False,"{'x': 1, 'y': 1}",0,Rebound,460.0
40185996351,51,"{'id': '144', 'text': 'Driving Floating Jump Shot'}",Karl-Anthony Towns makes 3-foot driving floating jump shot,12,7,1,7:28,True,2,{'id': '18'},[{'athlete': {'id': '3136195'}}],2026-06-04T00:49:08Z,True,"{'x': 26, 'y': 4}",2,+2 Points,448.0
40185996352,52,"{'id': '16', 'text': 'Full Timeout'}",Spurs Full timeout,12,7,1,7:28,False,0,{'id': '24'},,2026-06-04T00:49:13Z,False,"{'x': -214748340, 'y': -214748365}",0,Timeout,448.0
40185996353,53,"{'id': '584', 'text': 'Substitution'}",Dylan Harper enters the game for De'Aaron Fox,12,7,1,7:28,False,0,{'id': '24'},"[{'athlete': {'id': '5037871'}}, {'athlete': {'id': '4066259'}}]",2026-06-04T00:52:29Z,False,"{'x': -214748340, 'y': -214748365}",0,Substitution,448.0
40185996354,54,"{'id': '584', 'text': 'Substitution'}",Keldon Johnson enters the game for Julian Champagnie,12,7,1,7:28,False,0,{'id': '24'},"[{'athlete': {'id': '4395723'}}, {'athlete': {'id': '4592479'}}]",2026-06-04T00:52:29Z,False,"{'x': -214748340, 'y': -214748365}",0,Substitution,448.0
40185996357,57,"{'id': '62', 'text': 'Bad Pass\nTurnover'}","Stephon Castle bad pass
turnover (Mikal Bridges steals)",12,7,1,7:08,False,0,{'id': '24'},"[{'athlete': {'id': '4845367'}}, {'athlete': {'id': '3147657'}}]",2026-06-04T00:53:16Z,False,"{'x': 39, 'y': 4}",0,Turnover,428.0
40185996359,59,"{'id': '128', 'text': 'Driving Finger Roll Layup'}",Karl-Anthony Towns makes 1-foot two point shot (Josh Hart assists),14,7,1,6:59,True,2,{'id': '18'},"[{'athlete': {'id': '3136195'}}, {'athlete': {'id': '3062679'}}]",2026-06-04T00:53:25Z,True,"{'x': 24, 'y': 1}",2,+2 Points,419.0
40185996361,61,"{'id': '92', 'text': 'Jump Shot'}",Stephon Castle misses 27-foot three point jumper,14,7,1,6:38,False,0,{'id': '24'},[{'athlete': {'id': '4845367'}}],2026-06-04T00:53:46Z,True,"{'x': 35, 'y': 25}",3,Missed 3PT,398.0
40185996362,62,"{'id': '155', 'text': 'Defensive Rebound'}",Knicks defensive team rebound,14,7,1,6:37,False,0,{'id': '18'},,2026-06-04T00:53:47Z,False,"{'x': 35, 'y': 25}",0,Rebound,397.0
40185996364,64,"{'id': '43', 'text': 'Loose Ball Foul'}",Keldon Johnson loose ball foul,14,7,1,6:37,False,0,{'id': '24'},[{'athlete': {'id': '4395723'}}],2026-06-04T00:54:18Z,False,"{'x': 23, 'y': 4}",0,Foul,397.0
40185996367,67,"{'id': '110', 'text': 'Driving Layup Shot'}",Karl-Anthony Towns misses driving layup,14,7,1,6:20,False,0,{'id': '18'},[{'athlete': {'id': '3136195'}}],2026-06-04T00:54:40Z,True,"{'x': 28, 'y': 2}",2,Missed FG,380.0
40185996368,68,"{'id': '155', 'text': 'Defensive Rebound'}",Devin Vassell defensive rebound,14,7,1,6:17,False,0,{'id': '24'},[{'athlete': {'id': '4395630'}}],2026-06-04T00:54:43Z,False,"{'x': 28, 'y': 2}",0,Rebound,377.0
40185996370,70,"{'id': '45', 'text': 'Personal Foul'}",Josh Hart personal foul,14,7,1,6:15,False,0,{'id': '18'},[{'athlete': {'id': '3062679'}}],2026-06-04T00:54:48Z,False,"{'x': 30, 'y': 7}",0,Foul,375.0
40185996372,72,"{'id': '584', 'text': 'Substitution'}",Landry Shamet enters the game for OG Anunoby,14,7,1,6:15,False,0,{'id': '18'},"[{'athlete': {'id': '3914044'}}, {'athlete': {'id': '3934719'}}]",2026-06-04T00:54:59Z,False,"{'x': -214748340, 'y': -214748365}",0,Substitution,375.0
40185996374,74,"{'id': '131', 'text': 'Pullup Jump Shot'}",Stephon Castle makes 8-foot pullup jump shot,14,9,1,6:07,True,2,{'id': '24'},[{'athlete': {'id': '4845367'}}],2026-06-04T00:55:18Z,True,"{'x': 26, 'y': 9}",2,+2 Points,367.0
40185996375,75,"{'id': '92', 'text': 'Jump Shot'}",Josh Hart misses 26-foot three point jumper,14,9,1,5:55,False,0,{'id': '18'},[{'athlete': {'id': '3062679'}}],2026-06-04T00:55:30Z,True,"{'x': 17, 'y': 26}",3,Missed 3PT,355.0
40185996376,76,"{'id': '155', 'text': 'Defensive Rebound'}",Victor Wembanyama defensive rebound,14,9,1,5:55,False,0,{'id': '24'},[{'athlete': {'id': '5104157'}}],2026-06-04T00:55:30Z,False,"{'x': 17, 'y': 26}",0,Rebound,355.0
40185996377,77,"{'id': '109', 'text': 'Running Layup Shot'}",Keldon Johnson misses running layup,14,9,1,5:47,False,0,{'id': '24'},[{'athlete': {'id': '4395723'}}],2026-06-04T00:55:38Z,True,"{'x': 23, 'y': 2}",2,Missed FG,347.0
40185996378,78,"{'id': '155', 'text': 'Defensive Rebound'}",Josh Hart defensive rebound,14,9,1,5:45,False,0,{'id': '18'},[{'athlete': {'id': '3062679'}}],2026-06-04T00:55:40Z,False,"{'x': 23, 'y': 2}",0,Rebound,345.0
40185996379,79,"{'id': '62', 'text': 'Bad Pass\nTurnover'}","Karl-Anthony Towns bad pass
turnover (Victor Wembanyama steals)",14,9,1,5:33,False,0,{'id': '18'},"[{'athlete': {'id': '3136195'}}, {'athlete': {'id': '5104157'}}]",2026-06-04T00:55:53Z,False,"{'x': 22, 'y': 3}",0,Turnover,333.0
40185996381,81,"{'id': '44', 'text': 'Shooting Foul'}",Josh Hart shooting foul,14,9,1,5:27,False,0,{'id': '18'},[{'athlete': {'id': '3062679'}}],2026-06-04T00:56:00Z,False,"{'x': 28, 'y': 0}",0,Foul,327.0
40185996383,83,"{'id': '98', 'text': 'Free Throw - 1 of 2'}",Stephon Castle makes free throw 1 of 2,14,10,1,5:27,True,1,{'id': '24'},[{'athlete': {'id': '4845367'}}],2026-06-04T00:56:35Z,True,"{'x': -214748340, 'y': -214748365}",1,+1 Point,327.0
40185996384,84,"{'id': '584', 'text': 'Substitution'}",Luke Kornet enters the game for Victor Wembanyama,14,10,1,5:27,False,0,{'id': '24'},"[{'athlete': {'id': '3064560'}}, {'athlete': {'id': '5104157'}}]",2026-06-04T00:56:36Z,False,"{'x': -214748340, 'y': -214748365}",0,Substitution,327.0
40185996385,85,"{'id': '584', 'text': 'Substitution'}",OG Anunoby enters the game for Josh Hart,14,10,1,5:27,False,0,{'id': '18'},"[{'athlete': {'id': '3934719'}}, {'athlete': {'id': '3062679'}}]",2026-06-04T00:56:36Z,False,"{'x': -214748340, 'y': -214748365}",0,Substitution,327.0
40185996388,88,"{'id': '99', 'text': 'Free Throw - 2 of 2'}",Stephon Castle makes free throw 2 of 2,14,11,1,5:27,True,1,{'id': '24'},[{'athlete': {'id': '4845367'}}],2026-06-04T00:57:00Z,True,"{'x': -214748340, 'y': -214748365}",1,+1 Point,327.0
40185996389,89,"{'id': '92', 'text': 'Jump Shot'}",Landry Shamet misses 25-foot three point jumper,14,11,1,5:08,False,0,{'id': '18'},[{'athlete': {'id': '3914044'}}],2026-06-04T00:57:22Z,True,"{'x': 2, 'y': 13}",3,Missed 3PT,308.0
40185996390,90,"{'id': '156', 'text': 'Offensive Rebound'}",Karl-Anthony Towns offensive rebound,14,11,1,5:07,False,0,{'id': '18'},[{'athlete': {'id': '3136195'}}],2026-06-04T00:57:23Z,False,"{'x': 2, 'y': 13}",0,Rebound,307.0
40185996391,91,"{'id': '121', 'text': 'Fade Away Jump Shot'}",Karl-Anthony Towns misses fade away jump shot,14,11,1,5:04,False,0,{'id': '18'},[{'athlete': {'id': '3136195'}}],2026-06-04T00:57:31Z,True,"{'x': 25, 'y': 0}",2,Missed FG,304.0
40185996392,92,"{'id': '155', 'text': 'Defensive Rebound'}",Stephon Castle defensive rebound,14,11,1,5:03,False,0,{'id': '24'},[{'athlete': {'id': '4845367'}}],2026-06-04T00:57:32Z,False,"{'x': 25, 'y': 0}",0,Rebound,303.0
40185996393,93,"{'id': '92', 'text': 'Jump Shot'}",Keldon Johnson misses 23-foot three point jumper,14,11,1,4:54,False,0,{'id': '24'},[{'athlete': {'id': '4395723'}}],2026-06-04T00:57:35Z,True,"{'x': 49, 'y': 0}",3,Missed 3PT,294.0
40185996394,94,"{'id': '155', 'text': 'Defensive Rebound'}",Mikal Bridges defensive rebound,14,11,1,4:50,False,0,{'id': '18'},[{'athlete': {'id': '3147657'}}],2026-06-04T00:57:39Z,False,"{'x': 49, 'y': 0}",0,Rebound,290.0
40185996395,95,"{'id': '131', 'text': 'Pullup Jump Shot'}",Jalen Brunson misses 16-foot pullup jump shot,14,11,1,4:44,False,0,{'id': '18'},[{'athlete': {'id': '3934672'}}],2026-06-04T00:57:48Z,True,"{'x': 35, 'y': 14}",2,Missed FG,284.0
40185996396,96,"{'id': '155', 'text': 'Defensive Rebound'}",Dylan Harper defensive rebound,14,11,1,4:42,False,0,{'id': '24'},[{'athlete': {'id': '5037871'}}],2026-06-04T00:57:50Z,False,"{'x': 35, 'y': 14}",0,Rebound,282.0
40185996397,97,"{'id': '146', 'text': 'Running Pullup Jump Shot'}",Devin Vassell misses running pullup jump shot,14,11,1,4:36,False,0,{'id': '24'},[{'athlete': {'id': '4395630'}}],2026-06-04T00:57:53Z,True,"{'x': 50, 'y': 4}",3,Missed 3PT,276.0
40185996398,98,"{'id': '155', 'text': 'Defensive Rebound'}",Knicks defensive team rebound,14,11,1,4:33,False,0,{'id': '18'},,2026-06-04T00:57:56Z,False,"{'x': 50, 'y': 4}",0,Rebound,273.0
40185996399,99,"{'id': '43', 'text': 'Loose Ball Foul'}",Keldon Johnson loose ball foul,14,11,1,4:33,False,0,{'id': '24'},[{'athlete': {'id': '4395723'}}],2026-06-04T00:58:00Z,False,"{'x': 22, 'y': 3}",0,Foul,273.0
401859963101,101,"{'id': '584', 'text': 'Substitution'}",De'Aaron Fox enters the game for Keldon Johnson,14,11,1,4:33,False,0,{'id': '24'},"[{'athlete': {'id': '4066259'}}, {'athlete': {'id': '4395723'}}]",2026-06-04T00:58:06Z,False,"{'x': -214748340, 'y': -214748365}",0,Substitution,273.0
401859963102,102,"{'id': '584', 'text': 'Substitution'}",Julian Champagnie enters the game for Stephon Castle,14,11,1,4:33,False,0,{'id': '24'},"[{'athlete': {'id': '4592479'}}, {'athlete': {'id': '4845367'}}]",2026-06-04T00:58:06Z,False,"{'x': -214748340, 'y': -214748365}",0,Substitution,273.0
401859963105,105,"{'id': '62', 'text': 'Bad Pass\nTurnover'}","Jalen Brunson bad pass
turnover (Dylan Harper steals)",14,11,1,4:15,False,0,{'id': '18'},"[{'athlete': {'id': '3934672'}}, {'athlete': {'id': '5037871'}}]",2026-06-04T00:58:36Z,False,"{'x': 17, 'y': 5}",0,Turnover,255.0
401859963107,107,"{'id': '44', 'text': 'Shooting Foul'}",Mikal Bridges shooting foul,14,11,1,4:13,False,0,{'id': '18'},[{'athlete': {'id': '3147657'}}],2026-06-04T00:58:41Z,False,"{'x': 27, 'y': 1}",0,Foul,253.0
401859963109,109,"{'id': '98', 'text': 'Free Throw - 1 of 2'}",Dylan Harper makes free throw 1 of 2,14,12,1,4:13,True,1,{'id': '24'},[{'athlete': {'id': '5037871'}}],2026-06-04T00:59:14Z,True,"{'x': -214748340, 'y': -214748365}",1,+1 Point,253.0
401859963110,110,"{'id': '584', 'text': 'Substitution'}",Miles McBride enters the game for Mikal Bridges,14,12,1,4:13,False,0,{'id': '18'},"[{'athlete': {'id': '4431823'}}, {'athlete': {'id': '3147657'}}]",2026-06-04T00:59:16Z,False,"{'x': -214748340, 'y': -214748365}",0,Substitution,253.0
401859963111,111,"{'id': '584', 'text': 'Substitution'}",Mitchell Robinson enters the game for Karl-Anthony Towns,14,12,1,4:13,False,0,{'id': '18'},"[{'athlete': {'id': '4351852'}}, {'athlete': {'id': '3136195'}}]",2026-06-04T00:59:16Z,False,"{'x': -214748340, 'y': -214748365}",0,Substitution,253.0
401859963114,114,"{'id': '99', 'text': 'Free Throw - 2 of 2'}",Dylan Harper makes free throw 2 of 2,14,13,1,4:13,True,1,{'id': '24'},[{'athlete': {'id': '5037871'}}],2026-06-04T00:59:39Z,True,"{'x': -214748340, 'y': -214748365}",1,+1 Point,253.0
401859963115,115,"{'id': '62', 'text': 'Bad Pass\nTurnover'}","Jalen Brunson bad pass
turnover (Luke Kornet steals)",14,13,1,4:01,False,0,{'id': '18'},"[{'athlete': {'id': '3934672'}}, {'athlete': {'id': '3064560'}}]",2026-06-04T00:59:53Z,False,"{'x': 29, 'y': 3}",0,Turnover,241.0
401859963117,117,"{'id': '146', 'text': 'Running Pullup Jump Shot'}",Dylan Harper makes 3-foot running pullup jump shot,14,15,1,3:58,True,2,{'id': '24'},[{'athlete': {'id': '5037871'}}],2026-06-04T00:59:58Z,True,"{'x': 26, 'y': 4}",2,+2 Points,238.0
401859963118,118,"{'id': '44', 'text': 'Shooting Foul'}",Landry Shamet shooting foul,14,15,1,3:58,False,0,{'id': '18'},[{'athlete': {'id': '3914044'}}],2026-06-04T01:00:02Z,False,"{'x': 26, 'y': 2}",0,Foul,238.0
401859963120,120,"{'id': '97', 'text': 'Free Throw - 1 of 1'}",Dylan Harper makes free throw 1 of 1,14,16,1,3:58,True,1,{'id': '24'},[{'athlete': {'id': '5037871'}}],2026-06-04T01:00:31Z,True,"{'x': -214748340, 'y': -214748365}",1,+1 Point,238.0
401859963121,121,"{'id': '92', 'text': 'Jump Shot'}",Jalen Brunson misses 26-foot three point jumper,14,16,1,3:36,False,0,{'id': '18'},[{'athlete': {'id': '3934672'}}],2026-06-04T01:00:55Z,True,"{'x': 36, 'y': 25}",3,Missed 3PT,216.0
401859963122,122,"{'id': '155', 'text': 'Defensive Rebound'}",Luke Kornet defensive rebound,14,16,1,3:32,False,0,{'id': '24'},[{'athlete': {'id': '3064560'}}],2026-06-04T01:00:59Z,False,"{'x': 36, 'y': 25}",0,Rebound,212.0
401859963123,123,"{'id': '92', 'text': 'Jump Shot'}",Dylan Harper makes 23-foot three point jumper (De'Aaron Fox assists),14,19,1,3:25,True,3,{'id': '24'},"[{'athlete': {'id': '5037871'}}, {'athlete': {'id': '4066259'}}]",2026-06-04T01:01:05Z,True,"{'x': 48, 'y': 5}",3,+3 Points,205.0
401859963125,125,"{'id': '92', 'text': 'Jump Shot'}",Landry Shamet makes 24-foot three point jumper (Jalen Brunson assists),17,19,1,3:12,True,3,{'id': '18'},"[{'athlete': {'id': '3914044'}}, {'athlete': {'id': '3934672'}}]",2026-06-04T01:01:18Z,True,"{'x': 1, 'y': 1}",3,+3 Points,192.0
401859963127,127,"{'id': '92', 'text': 'Jump Shot'}",Julian Champagnie makes 22-foot three point jumper (De'Aaron Fox assists),17,22,1,3:01,True,3,{'id': '24'},"[{'athlete': {'id': '4592479'}}, {'athlete': {'id': '4066259'}}]",2026-06-04T01:01:29Z,True,"{'x': 48, 'y': 0}",3,+3 Points,181.0
401859963129,129,"{'id': '110', 'text': 'Driving Layup Shot'}",Jalen Brunson misses driving layup,17,22,1,2:47,False,0,{'id': '18'},[{'athlete': {'id': '3934672'}}],2026-06-04T01:01:42Z,True,"{'x': 26, 'y': 2}",2,Missed FG,167.0
401859963130,130,"{'id': '155', 'text': 'Defensive Rebound'}",De'Aaron Fox defensive rebound,17,22,1,2:45,False,0,{'id': '24'},[{'athlete': {'id': '4066259'}}],2026-06-04T01:01:45Z,False,"{'x': 26, 'y': 2}",0,Rebound,165.0
401859963131,131,"{'id': '113', 'text': 'Running Jump Shot'}",Julian Champagnie misses 25-foot running jump shot,17,22,1,2:43,False,0,{'id': '24'},[{'athlete': {'id': '4592479'}}],2026-06-04T01:01:47Z,True,"{'x': 37, 'y': 22}",3,Missed 3PT,163.0
401859963132,132,"{'id': '155', 'text': 'Defensive Rebound'}",Mitchell Robinson defensive rebound,17,22,1,2:43,False,0,{'id': '18'},[{'athlete': {'id': '4351852'}}],2026-06-04T01:01:47Z,False,"{'x': 37, 'y': 22}",0,Rebound,163.0
401859963133,133,"{'id': '45', 'text': 'Personal Foul'}",Dylan Harper personal foul,17,22,1,2:33,False,0,{'id': '24'},[{'athlete': {'id': '5037871'}}],2026-06-04T01:02:01Z,False,"{'x': 45, 'y': 23}",0,Foul,153.0
401859963135,135,"{'id': '16', 'text': 'Full Timeout'}",Knicks Full timeout,17,22,1,2:33,False,0,{'id': '18'},,2026-06-04T01:02:10Z,False,"{'x': -214748340, 'y': -214748365}",0,Timeout,153.0
401859963136,136,"{'id': '584', 'text': 'Substitution'}",Victor Wembanyama enters the game for Luke Kornet,17,22,1,2:33,False,0,{'id': '24'},"[{'athlete': {'id': '5104157'}}, {'athlete': {'id': '3064560'}}]",2026-06-04T01:05:25Z,False,"{'x': -214748340, 'y': -214748365}",0,Substitution,153.0
401859963137,137,"{'id': '584', 'text': 'Substitution'}",Harrison Barnes enters the game for Devin Vassell,17,22,1,2:33,False,0,{'id': '24'},"[{'athlete': {'id': '6578'}}, {'athlete': {'id': '4395630'}}]",2026-06-04T01:05:25Z,False,"{'x': -214748340, 'y': -214748365}",0,Substitution,153.0
401859963140,140,"{'id': '132', 'text': 'Step Back Jump Shot'}",Jalen Brunson misses 12-foot step back jumpshot,17,22,1,2:19,False,0,{'id': '18'},[{'athlete': {'id': '3934672'}}],2026-06-04T01:06:09Z,True,"{'x': 36, 'y': 6}",2,Missed FG,139.0
401859963141,141,"{'id': '155', 'text': 'Defensive Rebound'}",Julian Champagnie defensive rebound,17,22,1,2:16,False,0,{'id': '24'},[{'athlete': {'id': '4592479'}}],2026-06-04T01:06:12Z,False,"{'x': 36, 'y': 6}",0,Rebound,136.0
401859963142,142,"{'id': '92', 'text': 'Jump Shot'}",Julian Champagnie makes 23-foot three point jumper (De'Aaron Fox assists),17,25,1,2:03,True,3,{'id': '24'},"[{'athlete': {'id': '4592479'}}, {'athlete': {'id': '4066259'}}]",2026-06-04T01:06:25Z,True,"{'x': 1, 'y': 2}",3,+3 Points,123.0
401859963144,144,"{'id': '43', 'text': 'Loose Ball Foul'}",Landry Shamet loose ball foul,17,25,1,2:03,False,0,{'id': '18'},[{'athlete': {'id': '3914044'}}],2026-06-04T01:06:31Z,False,"{'x': 29, 'y': 8}",0,Foul,123.0
401859963147,147,"{'id': '97', 'text': 'Free Throw - 1 of 1'}",Harrison Barnes misses free throw 1 of 1,17,25,1,2:03,False,0,{'id': '24'},[{'athlete': {'id': '6578'}}],2026-06-04T01:07:02Z,True,"{'x': -214748340, 'y': -214748365}",1,Missed FT,123.0
401859963148,148,"{'id': '155', 'text': 'Defensive Rebound'}",Miles McBride defensive rebound,17,25,1,1:59,False,0,{'id': '18'},[{'athlete': {'id': '4431823'}}],2026-06-04T01:07:06Z,False,"{'x': -214748340, 'y': -214748365}",0,Rebound,119.0
401859963150,150,"{'id': '131', 'text': 'Pullup Jump Shot'}",Miles McBride misses 26-foot three point pullup jump shot,17,25,1,1:41,False,0,{'id': '18'},[{'athlete': {'id': '4431823'}}],2026-06-04T01:07:23Z,True,"{'x': 26, 'y': 27}",3,Missed 3PT,101.0
401859963151,151,"{'id': '155', 'text': 'Defensive Rebound'}",Dylan Harper defensive rebound,17,25,1,1:37,False,0,{'id': '24'},[{'athlete': {'id': '5037871'}}],2026-06-04T01:07:27Z,False,"{'x': 26, 'y': 27}",0,Rebound,97.0
401859963153,153,"{'id': '144', 'text': 'Driving Floating Jump Shot'}",Dylan Harper makes 7-foot driving floating jump shot (Harrison Barnes assists),17,27,1,1:28,True,2,{'id': '24'},"[{'athlete': {'id': '5037871'}}, {'athlete': {'id': '6578'}}]",2026-06-04T01:07:37Z,True,"{'x': 26, 'y': 8}",2,+2 Points,88.0
401859963155,155,"{'id': '16', 'text': 'Full Timeout'}",Knicks Full timeout,17,27,1,1:27,False,0,{'id': '18'},,2026-06-04T01:07:44Z,False,"{'x': -214748340, 'y': -214748365}",0,Timeout,87.0
401859963157,157,"{'id': '584', 'text': 'Substitution'}",Jose Alvarado enters the game for OG Anunoby,17,27,1,1:27,False,0,{'id': '18'},"[{'athlete': {'id': '4277869'}}, {'athlete': {'id': '3934719'}}]",2026-06-04T01:09:05Z,False,"{'x': -214748340, 'y': -214748365}",0,Substitution,87.0
401859963158,158,"{'id': '584', 'text': 'Substitution'}",Mikal Bridges enters the game for Jalen Brunson,17,27,1,1:27,False,0,{'id': '18'},"[{'athlete': {'id': '3147657'}}, {'athlete': {'id': '3934672'}}]",2026-06-04T01:09:05Z,False,"{'x': -214748340, 'y': -214748365}",0,Substitution,87.0
401859963159,159,"{'id': '584', 'text': 'Substitution'}",Karl-Anthony Towns enters the game for Mitchell Robinson,17,27,1,1:27,False,0,{'id': '18'},"[{'athlete': {'id': '3136195'}}, {'athlete': {'id': '4351852'}}]",2026-06-04T01:09:05Z,False,"{'x': -214748340, 'y': -214748365}",0,Substitution,87.0
401859963163,163,"{'id': '92', 'text': 'Jump Shot'}",Miles McBride misses 26-foot three point jumper,17,27,1,1:16,False,0,{'id': '18'},[{'athlete': {'id': '4431823'}}],2026-06-04T01:09:30Z,True,"{'x': 3, 'y': 15}",3,Missed 3PT,76.0
401859963164,164,"{'id': '156', 'text': 'Offensive Rebound'}",Mikal Bridges offensive rebound,17,27,1,1:15,False,0,{'id': '18'},[{'athlete': {'id': '3147657'}}],2026-06-04T01:09:31Z,False,"{'x': 3, 'y': 15}",0,Rebound,75.0
401859963165,165,"{'id': '94', 'text': 'Tip Shot'}",Mikal Bridges makes tip shot,19,27,1,1:15,True,2,{'id': '18'},[{'athlete': {'id': '3147657'}}],2026-06-04T01:09:34Z,True,"{'x': 25, 'y': 0}",2,+2 Points,75.0
401859963166,166,"{'id': '135', 'text': 'Fade Away Bank Jump Shot'}",Victor Wembanyama misses 11-foot two point shot,19,27,1,58.3,False,0,{'id': '24'},[{'athlete': {'id': '5104157'}}],2026-06-04T01:09:49Z,True,"{'x': 15, 'y': 7}",2,Missed FG,58.3
401859963167,167,"{'id': '155', 'text': 'Defensive Rebound'}",Jose Alvarado defensive rebound,19,27,1,54.9,False,0,{'id': '18'},[{'athlete': {'id': '4277869'}}],2026-06-04T01:09:52Z,False,"{'x': 15, 'y': 7}",0,Rebound,54.9
401859963168,168,"{'id': '45', 'text': 'Personal Foul'}",Julian Champagnie personal foul,19,27,1,40.5,False,0,{'id': '24'},[{'athlete': {'id': '4592479'}}],2026-06-04T01:10:09Z,False,"{'x': 16, 'y': 3}",0,Foul,40.5
401859963170,170,"{'id': '584', 'text': 'Substitution'}",Stephon Castle enters the game for Harrison Barnes,19,27,1,40.5,False,0,{'id': '24'},"[{'athlete': {'id': '4845367'}}, {'athlete': {'id': '6578'}}]",2026-06-04T01:10:20Z,False,"{'x': -214748340, 'y': -214748365}",0,Substitution,40.5
401859963172,172,"{'id': '132', 'text': 'Step Back Jump Shot'}",Jose Alvarado misses 26-foot three point step back jumpshot,19,27,1,27.5,False,0,{'id': '18'},[{'athlete': {'id': '4277869'}}],2026-06-04T01:10:51Z,True,"{'x': 7, 'y': 20}",3,Missed 3PT,27.5
401859963173,173,"{'id': '155', 'text': 'Defensive Rebound'}",Julian Champagnie defensive rebound,19,27,1,25.9,False,0,{'id': '24'},[{'athlete': {'id': '4592479'}}],2026-06-04T01:10:53Z,False,"{'x': 7, 'y': 20}",0,Rebound,25.9
401859963174,174,"{'id': '114', 'text': 'Turnaround Jump Shot'}",Stephon Castle misses 11-foot turnaround jump shot,19,27,1,2.3,False,0,{'id': '24'},[{'athlete': {'id': '4845367'}}],2026-06-04T01:11:16Z,True,"{'x': 23, 'y': 11}",2,Missed FG,2.3
401859963175,175,"{'id': '155', 'text': 'Defensive Rebound'}",Karl-Anthony Towns defensive rebound,19,27,1,2.3,False,0,{'id': '18'},[{'athlete': {'id': '3136195'}}],2026-06-04T01:11:16Z,False,"{'x': 23, 'y': 11}",0,Rebound,2.3
401859963176,176,"{'id': '412', 'text': 'End Period'}",End of the 1st Quarter,19,27,1,0.0,False,0,,,2026-06-04T01:11:24Z,False,"{'x': -214748340, 'y': -214748365}",0,End of 1st,0.0
401859963177,177,"{'id': '584', 'text': 'Substitution'}",Harrison Barnes enters the game for Dylan Harper,19,27,2,12:00,False,0,{'id': '24'},"[{'athlete': {'id': '6578'}}, {'athlete': {'id': '5037871'}}]",2026-06-04T01:14:22Z,False,"{'x': -214748340, 'y': -214748365}",0,Substitution,720.0
401859963178,178,"{'id': '584', 'text': 'Substitution'}",OG Anunoby enters the game for Mikal Bridges,19,27,2,12:00,False,0,{'id': '18'},"[{'athlete': {'id': '3934719'}}, {'athlete': {'id': '3147657'}}]",2026-06-04T01:14:22Z,False,"{'x': -214748340, 'y': -214748365}",0,Substitution,720.0
401859963182,182,"{'id': '122', 'text': 'Jump Shot Bank'}",Victor Wembanyama misses 30-foot jump bank shot,19,27,2,11:36,False,0,{'id': '24'},[{'athlete': {'id': '5104157'}}],2026-06-04T01:15:28Z,True,"{'x': 7, 'y': 24}",3,Missed 3PT,696.0
401859963183,183,"{'id': '155', 'text': 'Defensive Rebound'}",Jose Alvarado defensive rebound,19,27,2,11:34,False,0,{'id': '18'},[{'athlete': {'id': '4277869'}}],2026-06-04T01:15:30Z,False,"{'x': 7, 'y': 24}",0,Rebound,694.0
401859963184,184,"{'id': '90', 'text': 'Out of Bounds - Bad Pass Turnover'}",Jose Alvarado out of bounds bad pass turnover,19,27,2,11:31,False,0,{'id': '18'},[{'athlete': {'id': '4277869'}}],2026-06-04T01:15:36Z,False,"{'x': 33, 'y': -2}",0,Turnover,691.0
401859963186,186,"{'id': '45', 'text': 'Personal Foul'}",Jose Alvarado personal foul,19,27,2,11:25,False,0,{'id': '18'},[{'athlete': {'id': '4277869'}}],2026-06-04T01:16:03Z,False,"{'x': 32, 'y': 6}",0,Foul,685.0
401859963188,188,"{'id': '92', 'text': 'Jump Shot'}",Harrison Barnes misses 25-foot three point jumper,19,27,2,11:17,False,0,{'id': '24'},[{'athlete': {'id': '6578'}}],2026-06-04T01:16:26Z,True,"{'x': 44, 'y': 17}",3,Missed 3PT,677.0
401859963189,189,"{'id': '155', 'text': 'Defensive Rebound'}",Karl-Anthony Towns defensive rebound,19,27,2,11:14,False,0,{'id': '18'},[{'athlete': {'id': '3136195'}}],2026-06-04T01:16:29Z,False,"{'x': 44, 'y': 17}",0,Rebound,674.0
401859963190,190,"{'id': '45', 'text': 'Personal Foul'}",De'Aaron Fox personal foul,19,27,2,11:05,False,0,{'id': '24'},[{'athlete': {'id': '4066259'}}],2026-06-04T01:16:40Z,False,"{'x': 24, 'y': 15}",0,Foul,665.0
401859963192,192,"{'id': '92', 'text': 'Jump Shot'}",Miles McBride makes 25-foot three point jumper (Jose Alvarado assists),22,27,2,10:54,True,3,{'id': '18'},"[{'athlete': {'id': '4431823'}}, {'athlete': {'id': '4277869'}}]",2026-06-04T01:17:11Z,True,"{'x': 37, 'y': 23}",3,+3 Points,654.0
401859963194,194,"{'id': '63', 'text': 'Lost Ball Turnover'}",Victor Wembanyama lost ball turnover (Jose Alvarado steals),22,27,2,10:46,False,0,{'id': '24'},"[{'athlete': {'id': '5104157'}}, {'athlete': {'id': '4277869'}}]",2026-06-04T01:17:19Z,False,"{'x': 28, 'y': 7}",0,Turnover,646.0
401859963196,196,"{'id': '115', 'text': 'Driving Dunk Shot'}",Victor Wembanyama blocks Karl-Anthony Towns 's 3-foot driving dunk,22,27,2,10:41,False,0,{'id': '18'},"[{'athlete': {'id': '3136195'}}, {'athlete': {'id': '5104157'}}]",2026-06-04T01:17:29Z,True,"{'x': 28, 'y': 1}",2,Missed FG,641.0
401859963198,198,"{'id': '156', 'text': 'Offensive Rebound'}",Knicks offensive team rebound,22,27,2,10:40,False,0,{'id': '18'},,2026-06-04T01:17:30Z,False,"{'x': 28, 'y': 1}",0,Rebound,640.0
401859963200,200,"{'id': '126', 'text': 'Layup Driving Reverse'}",Jose Alvarado makes two point shot,24,27,2,10:32,True,2,{'id': '18'},[{'athlete': {'id': '4277869'}}],2026-06-04T01:17:57Z,True,"{'x': 21, 'y': 1}",2,+2 Points,632.0
401859963201,201,"{'id': '9', 'text': 'Defensive Goaltending'}",Victor Wembanyama defensive goaltending violation,24,27,2,10:32,False,0,{'id': '24'},[{'athlete': {'id': '5104157'}}],2026-06-04T01:18:03Z,False,"{'x': -214748340, 'y': -214748365}",0,Goaltending,632.0
401859963202,202,"{'id': '45', 'text': 'Personal Foul'}",Miles McBride personal foul,24,27,2,10:24,False,0,{'id': '18'},[{'athlete': {'id': '4431823'}}],2026-06-04T01:18:18Z,False,"{'x': 23, 'y': 6}",0,Foul,624.0
401859963204,204,"{'id': '145', 'text': 'Driving Floating Bank Jump Shot'}",Stephon Castle makes 1-foot two point shot,24,29,2,10:15,True,2,{'id': '24'},[{'athlete': {'id': '4845367'}}],2026-06-04T01:18:46Z,True,"{'x': 26, 'y': 1}",2,+2 Points,615.0
401859963205,205,"{'id': '110', 'text': 'Driving Layup Shot'}",Karl-Anthony Towns makes driving layup,26,29,2,10:03,True,2,{'id': '18'},[{'athlete': {'id': '3136195'}}],2026-06-04T01:18:57Z,True,"{'x': 26, 'y': 2}",2,+2 Points,603.0
401859963206,206,"{'id': '44', 'text': 'Shooting Foul'}",Jose Alvarado shooting foul,26,29,2,9:58,False,0,{'id': '18'},[{'athlete': {'id': '4277869'}}],2026-06-04T01:19:05Z,False,"{'x': 21, 'y': 8}",0,Foul,598.0
401859963208,208,"{'id': '98', 'text': 'Free Throw - 1 of 2'}",Victor Wembanyama makes free throw 1 of 2,26,30,2,9:58,True,1,{'id': '24'},[{'athlete': {'id': '5104157'}}],2026-06-04T01:19:38Z,True,"{'x': -214748340, 'y': -214748365}",1,+1 Point,598.0
401859963209,209,"{'id': '584', 'text': 'Substitution'}",Dylan Harper enters the game for De'Aaron Fox,26,30,2,9:58,False,0,{'id': '24'},"[{'athlete': {'id': '5037871'}}, {'athlete': {'id': '4066259'}}]",2026-06-04T01:19:39Z,False,"{'x': -214748340, 'y': -214748365}",0,Substitution,598.0
401859963210,210,"{'id': '584', 'text': 'Substitution'}",Devin Vassell enters the game for Julian Champagnie,26,30,2,9:58,False,0,{'id': '24'},"[{'athlete': {'id': '4395630'}}, {'athlete': {'id': '4592479'}}]",2026-06-04T01:19:39Z,False,"{'x': -214748340, 'y': -214748365}",0,Substitution,598.0
401859963213,213,"{'id': '99', 'text': 'Free Throw - 2 of 2'}",Victor Wembanyama makes free throw 2 of 2,26,31,2,9:58,True,1,{'id': '24'},[{'athlete': {'id': '5104157'}}],2026-06-04T01:20:08Z,True,"{'x': -214748340, 'y': -214748365}",1,+1 Point,598.0
401859963214,214,"{'id': '131', 'text': 'Pullup Jump Shot'}",Landry Shamet misses 16-foot pullup jump shot,26,31,2,9:38,False,0,{'id': '18'},[{'athlete': {'id': '3914044'}}],2026-06-04T01:20:32Z,True,"{'x': 10, 'y': 7}",2,Missed FG,578.0
401859963215,215,"{'id': '155', 'text': 'Defensive Rebound'}",Devin Vassell defensive rebound,26,31,2,9:35,False,0,{'id': '24'},[{'athlete': {'id': '4395630'}}],2026-06-04T01:20:35Z,False,"{'x': 10, 'y': 7}",0,Rebound,575.0
401859963216,216,"{'id': '113', 'text': 'Running Jump Shot'}",Devin Vassell misses 27-foot running jump shot,26,31,2,9:33,False,0,{'id': '24'},[{'athlete': {'id': '4395630'}}],2026-06-04T01:20:38Z,True,"{'x': 26, 'y': 28}",3,Missed 3PT,573.0
401859963217,217,"{'id': '155', 'text': 'Defensive Rebound'}",Jose Alvarado defensive rebound,26,31,2,9:31,False,0,{'id': '18'},[{'athlete': {'id': '4277869'}}],2026-06-04T01:20:40Z,False,"{'x': 26, 'y': 28}",0,Rebound,571.0
401859963218,218,"{'id': '128', 'text': 'Driving Finger Roll Layup'}",Jose Alvarado makes 3-foot two point shot,28,31,2,9:19,True,2,{'id': '18'},[{'athlete': {'id': '4277869'}}],2026-06-04T01:20:50Z,True,"{'x': 28, 'y': 2}",2,+2 Points,559.0
401859963219,219,"{'id': '62', 'text': 'Bad Pass\nTurnover'}","Stephon Castle bad pass
turnover (OG Anunoby steals)",28,31,2,9:07,False,0,{'id': '24'},"[{'athlete': {'id': '4845367'}}, {'athlete': {'id': '3934719'}}]",2026-06-04T01:21:03Z,False,"{'x': 25, 'y': 8}",0,Turnover,547.0
401859963221,221,"{'id': '113', 'text': 'Running Jump Shot'}",Miles McBride misses 24-foot running jump shot,28,31,2,9:02,False,0,{'id': '18'},[{'athlete': {'id': '4431823'}}],2026-06-04T01:21:09Z,True,"{'x': 49, 'y': 8}",3,Missed 3PT,542.0
401859963222,222,"{'id': '155', 'text': 'Defensive Rebound'}",Devin Vassell defensive rebound,28,31,2,9:00,False,0,{'id': '24'},[{'athlete': {'id': '4395630'}}],2026-06-04T01:21:11Z,False,"{'x': 49, 'y': 8}",0,Rebound,540.0
401859963223,223,"{'id': '145', 'text': 'Driving Floating Bank Jump Shot'}",Victor Wembanyama misses two point shot,28,31,2,8:47,False,0,{'id': '24'},[{'athlete': {'id': '5104157'}}],2026-06-04T01:21:25Z,True,"{'x': 28, 'y': 2}",2,Missed FG,527.0
401859963224,224,"{'id': '155', 'text': 'Defensive Rebound'}",Jose Alvarado defensive rebound,28,31,2,8:44,False,0,{'id': '18'},[{'athlete': {'id': '4277869'}}],2026-06-04T01:21:28Z,False,"{'x': 28, 'y': 2}",0,Rebound,524.0
401859963225,225,"{'id': '113', 'text': 'Running Jump Shot'}",Landry Shamet misses 23-foot running jump shot,28,31,2,8:40,False,0,{'id': '18'},[{'athlete': {'id': '3914044'}}],2026-06-04T01:21:30Z,True,"{'x': 1, 'y': 2}",3,Missed 3PT,520.0
401859963226,226,"{'id': '155', 'text': 'Defensive Rebound'}",Dylan Harper defensive rebound,28,31,2,8:36,False,0,{'id': '24'},[{'athlete': {'id': '5037871'}}],2026-06-04T01:21:34Z,False,"{'x': 1, 'y': 2}",0,Rebound,516.0
401859963227,227,"{'id': '92', 'text': 'Jump Shot'}",Dylan Harper misses 26-foot three point jumper,28,31,2,8:28,False,0,{'id': '24'},[{'athlete': {'id': '5037871'}}],2026-06-04T01:21:42Z,True,"{'x': 29, 'y': 26}",3,Missed 3PT,508.0
401859963228,228,"{'id': '155', 'text': 'Defensive Rebound'}",Karl-Anthony Towns defensive rebound,28,31,2,8:25,False,0,{'id': '18'},[{'athlete': {'id': '3136195'}}],2026-06-04T01:21:45Z,False,"{'x': 29, 'y': 26}",0,Rebound,505.0
401859963229,229,"{'id': '42', 'text': 'Offensive Foul'}",Karl-Anthony Towns offensive foul,28,31,2,8:03,False,0,{'id': '18'},[{'athlete': {'id': '3136195'}}],2026-06-04T01:22:10Z,False,"{'x': 24, 'y': 2}",0,Foul,483.0
401859963231,231,"{'id': '16', 'text': 'Full Timeout'}",Spurs Full timeout,28,31,2,8:03,False,0,{'id': '24'},,2026-06-04T01:22:44Z,False,"{'x': -214748340, 'y': -214748365}",0,Timeout,483.0
401859963232,232,"{'id': '215', 'text': ""Coach's Challenge (Overturned)""}",(08:03) [Spurs] COACH'S CHALLENGE (CALL OVERTURNED) [Spurs] retain their timeout,28,31,2,8:03,False,0,{'id': '24'},,2026-06-04T01:22:56Z,False,"{'x': -214748340, 'y': -214748365}",0,Challenge,483.0
401859963233,233,"{'id': '84', 'text': 'Offensive Foul Turnover'}",Karl-Anthony Towns offensive foul turnover,28,31,2,8:03,False,0,{'id': '18'},[{'athlete': {'id': '3136195'}}],2026-06-04T01:22:10Z,False,"{'x': 24, 'y': 2}",0,Turnover,483.0
401859963234,234,"{'id': '584', 'text': 'Substitution'}",Luke Kornet enters the game for Victor Wembanyama,28,31,2,8:03,False,0,{'id': '24'},"[{'athlete': {'id': '3064560'}}, {'athlete': {'id': '5104157'}}]",2026-06-04T01:26:11Z,False,"{'x': -214748340, 'y': -214748365}",0,Substitution,483.0
401859963235,235,"{'id': '584', 'text': 'Substitution'}",Carter Bryant enters the game for Harrison Barnes,28,31,2,8:03,False,0,{'id': '24'},"[{'athlete': {'id': '5061568'}}, {'athlete': {'id': '6578'}}]",2026-06-04T01:26:11Z,False,"{'x': -214748340, 'y': -214748365}",0,Substitution,483.0
401859963236,236,"{'id': '584', 'text': 'Substitution'}",Josh Hart enters the game for Miles McBride,28,31,2,8:03,False,0,{'id': '18'},"[{'athlete': {'id': '3062679'}}, {'athlete': {'id': '4431823'}}]",2026-06-04T01:26:11Z,False,"{'x': -214748340, 'y': -214748365}",0,Substitution,483.0
401859963237,237,"{'id': '584', 'text': 'Substitution'}",Jalen Brunson enters the game for Jose Alvarado,28,31,2,8:03,False,0,{'id': '18'},"[{'athlete': {'id': '3934672'}}, {'athlete': {'id': '4277869'}}]",2026-06-04T01:26:11Z,False,"{'x': -214748340, 'y': -214748365}",0,Substitution,483.0
401859963238,238,"{'id': '584', 'text': 'Substitution'}",Jordan Clarkson enters the game for OG Anunoby,28,31,2,8:03,False,0,{'id': '18'},"[{'athlete': {'id': '2528426'}}, {'athlete': {'id': '3934719'}}]",2026-06-04T01:26:11Z,False,"{'x': -214748340, 'y': -214748365}",0,Substitution,483.0
401859963239,239,"{'id': '584', 'text': 'Substitution'}",Mitchell Robinson enters the game for Karl-Anthony Towns,28,31,2,8:03,False,0,{'id': '18'},"[{'athlete': {'id': '4351852'}}, {'athlete': {'id': '3136195'}}]",2026-06-04T01:26:11Z,False,"{'x': -214748340, 'y': -214748365}",0,Substitution,483.0
401859963240,240,"{'id': '584', 'text': 'Substitution'}",Mikal Bridges enters the game for Landry Shamet,28,31,2,8:03,False,0,{'id': '18'},"[{'athlete': {'id': '3147657'}}, {'athlete': {'id': '3914044'}}]",2026-06-04T01:26:11Z,False,"{'x': -214748340, 'y': -214748365}",0,Substitution,483.0
401859963248,248,"{'id': '45', 'text': 'Personal Foul'}",Josh Hart personal foul,28,31,2,7:44,False,0,{'id': '18'},[{'athlete': {'id': '3062679'}}],2026-06-04T01:26:41Z,False,"{'x': 25, 'y': 18}",0,Foul,464.0
401859963250,250,"{'id': '131', 'text': 'Pullup Jump Shot'}",Devin Vassell misses 13-foot pullup jump shot,28,31,2,7:36,False,0,{'id': '24'},[{'athlete': {'id': '4395630'}}],2026-06-04T01:27:09Z,True,"{'x': 28, 'y': 13}",2,Missed FG,456.0
401859963251,251,"{'id': '155', 'text': 'Defensive Rebound'}",Jalen Brunson defensive rebound,28,31,2,7:35,False,0,{'id': '18'},[{'athlete': {'id': '3934672'}}],2026-06-04T01:27:10Z,False,"{'x': 28, 'y': 13}",0,Rebound,455.0
401859963252,252,"{'id': '118', 'text': 'Alley Oop Dunk Shot'}",Mitchell Robinson makes 1-foot alley oop dunk (Josh Hart assists),30,31,2,7:26,True,2,{'id': '18'},"[{'athlete': {'id': '4351852'}}, {'athlete': {'id': '3062679'}}]",2026-06-04T01:27:20Z,True,"{'x': 24, 'y': 1}",2,+2 Points,446.0
401859963254,254,"{'id': '44', 'text': 'Shooting Foul'}",Luke Kornet shooting foul,30,31,2,7:26,False,0,{'id': '24'},[{'athlete': {'id': '3064560'}}],2026-06-04T01:27:26Z,False,"{'x': 26, 'y': 1}",0,Foul,446.0
401859963256,256,"{'id': '584', 'text': 'Substitution'}",De'Aaron Fox enters the game for Stephon Castle,30,31,2,7:26,False,0,{'id': '24'},"[{'athlete': {'id': '4066259'}}, {'athlete': {'id': '4845367'}}]",2026-06-04T01:27:35Z,False,"{'x': -214748340, 'y': -214748365}",0,Substitution,446.0
401859963257,257,"{'id': '584', 'text': 'Substitution'}",Landry Shamet enters the game for Josh Hart,30,31,2,7:26,False,0,{'id': '18'},"[{'athlete': {'id': '3914044'}}, {'athlete': {'id': '3062679'}}]",2026-06-04T01:27:35Z,False,"{'x': -214748340, 'y': -214748365}",0,Substitution,446.0
401859963260,260,"{'id': '97', 'text': 'Free Throw - 1 of 1'}",Mitchell Robinson misses free throw 1 of 1,30,31,2,7:26,False,0,{'id': '18'},[{'athlete': {'id': '4351852'}}],2026-06-04T01:27:59Z,True,"{'x': -214748340, 'y': -214748365}",1,Missed FT,446.0
401859963261,261,"{'id': '155', 'text': 'Defensive Rebound'}",Dylan Harper defensive rebound,30,31,2,7:23,False,0,{'id': '24'},[{'athlete': {'id': '5037871'}}],2026-06-04T01:28:02Z,False,"{'x': -214748340, 'y': -214748365}",0,Rebound,443.0
401859963262,262,"{'id': '45', 'text': 'Personal Foul'}",Jordan Clarkson personal foul,30,31,2,7:17,False,0,{'id': '18'},[{'athlete': {'id': '2528426'}}],2026-06-04T01:28:09Z,False,"{'x': 7, 'y': 7}",0,Foul,437.0
401859963264,264,"{'id': '98', 'text': 'Free Throw - 1 of 2'}",Carter Bryant misses free throw 1 of 2,30,31,2,7:17,False,0,{'id': '24'},[{'athlete': {'id': '5061568'}}],2026-06-04T01:28:39Z,True,"{'x': -214748340, 'y': -214748365}",1,Missed FT,437.0
401859963265,265,"{'id': '156', 'text': 'Offensive Rebound'}",Spurs offensive team rebound,30,31,2,7:17,False,0,{'id': '24'},,2026-06-04T01:28:39Z,False,"{'x': -214748340, 'y': -214748365}",0,Rebound,437.0
401859963266,266,"{'id': '99', 'text': 'Free Throw - 2 of 2'}",Carter Bryant makes free throw 2 of 2,30,32,2,7:17,True,1,{'id': '24'},[{'athlete': {'id': '5061568'}}],2026-06-04T01:28:52Z,True,"{'x': -214748340, 'y': -214748365}",1,+1 Point,437.0
401859963267,267,"{'id': '92', 'text': 'Jump Shot'}",Jordan Clarkson misses 25-foot three point jumper,30,32,2,7:02,False,0,{'id': '18'},[{'athlete': {'id': '2528426'}}],2026-06-04T01:29:09Z,True,"{'x': 4, 'y': 15}",3,Missed 3PT,422.0
401859963268,268,"{'id': '155', 'text': 'Defensive Rebound'}",Dylan Harper defensive rebound,30,32,2,6:59,False,0,{'id': '24'},[{'athlete': {'id': '5037871'}}],2026-06-04T01:29:12Z,False,"{'x': 4, 'y': 15}",0,Rebound,419.0
401859963269,269,"{'id': '132', 'text': 'Step Back Jump Shot'}",De'Aaron Fox misses 25-foot three point step back jumpshot,30,32,2,6:47,False,0,{'id': '24'},[{'athlete': {'id': '4066259'}}],2026-06-04T01:29:24Z,True,"{'x': 37, 'y': 23}",3,Missed 3PT,407.0
401859963270,270,"{'id': '156', 'text': 'Offensive Rebound'}",Devin Vassell offensive rebound,30,32,2,6:44,False,0,{'id': '24'},[{'athlete': {'id': '4395630'}}],2026-06-04T01:29:27Z,False,"{'x': 37, 'y': 23}",0,Rebound,404.0
401859963271,271,"{'id': '131', 'text': 'Pullup Jump Shot'}",De'Aaron Fox misses 6-foot pullup jump shot,30,32,2,6:41,False,0,{'id': '24'},[{'athlete': {'id': '4066259'}}],2026-06-04T01:29:31Z,True,"{'x': 25, 'y': 6}",2,Missed FG,401.0
401859963272,272,"{'id': '155', 'text': 'Defensive Rebound'}",Mitchell Robinson defensive rebound,30,32,2,6:40,False,0,{'id': '18'},[{'athlete': {'id': '4351852'}}],2026-06-04T01:29:32Z,False,"{'x': 25, 'y': 6}",0,Rebound,400.0
401859963273,273,"{'id': '129', 'text': 'Running Finger Roll Layup'}",Jalen Brunson misses two point shot,30,32,2,6:33,False,0,{'id': '18'},[{'athlete': {'id': '3934672'}}],2026-06-04T01:29:39Z,True,"{'x': 22, 'y': 1}",2,Missed FG,393.0
401859963274,274,"{'id': '156', 'text': 'Offensive Rebound'}",Mitchell Robinson offensive rebound,30,32,2,6:32,False,0,{'id': '18'},[{'athlete': {'id': '4351852'}}],2026-06-04T01:29:40Z,False,"{'x': 22, 'y': 1}",0,Rebound,392.0
401859963275,275,"{'id': '150', 'text': 'Tip Dunk Shot'}",Mitchell Robinson misses tip in dunk,30,32,2,6:32,False,0,{'id': '18'},[{'athlete': {'id': '4351852'}}],2026-06-04T01:29:44Z,True,"{'x': 25, 'y': 0}",2,Missed FG,392.0
401859963276,276,"{'id': '155', 'text': 'Defensive Rebound'}",Dylan Harper defensive rebound,30,32,2,6:31,False,0,{'id': '24'},[{'athlete': {'id': '5037871'}}],2026-06-04T01:29:45Z,False,"{'x': 25, 'y': 0}",0,Rebound,391.0
401859963277,277,"{'id': '129', 'text': 'Running Finger Roll Layup'}",De'Aaron Fox makes two point shot (Devin Vassell assists),30,34,2,6:25,True,2,{'id': '24'},"[{'athlete': {'id': '4066259'}}, {'athlete': {'id': '4395630'}}]",2026-06-04T01:29:47Z,True,"{'x': 25, 'y': 1}",2,+2 Points,385.0
401859963279,279,"{'id': '144', 'text': 'Driving Floating Jump Shot'}",Jalen Brunson makes 2-foot driving floating jump shot,32,34,2,6:03,True,2,{'id': '18'},[{'athlete': {'id': '3934672'}}],2026-06-04T01:30:09Z,True,"{'x': 23, 'y': 1}",2,+2 Points,363.0
401859963280,280,"{'id': '92', 'text': 'Jump Shot'}",Devin Vassell makes 26-foot three point jumper (Dylan Harper assists),32,37,2,5:55,True,3,{'id': '24'},"[{'athlete': {'id': '4395630'}}, {'athlete': {'id': '5037871'}}]",2026-06-04T01:30:16Z,True,"{'x': 10, 'y': 22}",3,+3 Points,355.0
401859963282,282,"{'id': '16', 'text': 'Full Timeout'}",Knicks Full timeout,32,37,2,5:52,False,0,{'id': '18'},,2026-06-04T01:30:32Z,False,"{'x': -214748340, 'y': -214748365}",0,Timeout,352.0
401859963283,283,"{'id': '144', 'text': 'Driving Floating Jump Shot'}",Jalen Brunson misses driving floating jump shot,32,37,2,5:37,False,0,{'id': '18'},[{'athlete': {'id': '3934672'}}],2026-06-04T01:34:24Z,True,"{'x': 27, 'y': 8}",2,Missed FG,337.0
401859963284,284,"{'id': '156', 'text': 'Offensive Rebound'}",Jalen Brunson offensive rebound,32,37,2,5:35,False,0,{'id': '18'},[{'athlete': {'id': '3934672'}}],2026-06-04T01:34:26Z,False,"{'x': 27, 'y': 8}",0,Rebound,335.0
401859963285,285,"{'id': '94', 'text': 'Tip Shot'}",Jalen Brunson makes tip shot,34,37,2,5:35,True,2,{'id': '18'},[{'athlete': {'id': '3934672'}}],2026-06-04T01:34:28Z,True,"{'x': 25, 'y': 0}",2,+2 Points,335.0
401859963286,286,"{'id': '42', 'text': 'Offensive Foul'}",Devin Vassell offensive foul,34,37,2,5:22,False,0,{'id': '24'},[{'athlete': {'id': '4395630'}}],2026-06-04T01:34:42Z,False,"{'x': 30, 'y': 8}",0,Foul,322.0
401859963288,288,"{'id': '84', 'text': 'Offensive Foul Turnover'}",Devin Vassell offensive foul turnover,34,37,2,5:22,False,0,{'id': '24'},[{'athlete': {'id': '4395630'}}],2026-06-04T01:34:42Z,False,"{'x': 30, 'y': 8}",0,Turnover,322.0
401859963289,289,"{'id': '124', 'text': 'Finger Roll Layup'}",Jalen Brunson makes finger roll layup,36,37,2,5:01,True,2,{'id': '18'},[{'athlete': {'id': '3934672'}}],2026-06-04T01:35:13Z,True,"{'x': 30, 'y': 3}",2,+2 Points,301.0
401859963290,290,"{'id': '121', 'text': 'Fade Away Jump Shot'}",De'Aaron Fox misses 9-foot fade away jump shot,36,37,2,4:44,False,0,{'id': '24'},[{'athlete': {'id': '4066259'}}],2026-06-04T01:35:30Z,True,"{'x': 21, 'y': 9}",2,Missed FG,284.0
401859963291,291,"{'id': '155', 'text': 'Defensive Rebound'}",Mitchell Robinson defensive rebound,36,37,2,4:40,False,0,{'id': '18'},[{'athlete': {'id': '4351852'}}],2026-06-04T01:35:34Z,False,"{'x': 21, 'y': 9}",0,Rebound,280.0
401859963292,292,"{'id': '144', 'text': 'Driving Floating Jump Shot'}",Jalen Brunson makes 5-foot driving floating jump shot,38,37,2,4:20,True,2,{'id': '18'},[{'athlete': {'id': '3934672'}}],2026-06-04T01:35:54Z,True,"{'x': 22, 'y': 4}",2,+2 Points,260.0
401859963293,293,"{'id': '128', 'text': 'Driving Finger Roll Layup'}",Dylan Harper makes 3-foot two point shot,38,39,2,4:11,True,2,{'id': '24'},[{'athlete': {'id': '5037871'}}],2026-06-04T01:36:03Z,True,"{'x': 26, 'y': 3}",2,+2 Points,251.0
401859963294,294,"{'id': '131', 'text': 'Pullup Jump Shot'}",Mikal Bridges makes 17-foot pullup jump shot,40,39,2,3:56,True,2,{'id': '18'},[{'athlete': {'id': '3147657'}}],2026-06-04T01:36:19Z,True,"{'x': 29, 'y': 17}",2,+2 Points,236.0
401859963295,295,"{'id': '92', 'text': 'Jump Shot'}",Carter Bryant misses 23-foot three point jumper,40,39,2,3:45,False,0,{'id': '24'},[{'athlete': {'id': '5061568'}}],2026-06-04T01:36:29Z,True,"{'x': 48, 'y': 6}",3,Missed 3PT,225.0
401859963296,296,"{'id': '155', 'text': 'Defensive Rebound'}",Mitchell Robinson defensive rebound,40,39,2,3:42,False,0,{'id': '18'},[{'athlete': {'id': '4351852'}}],2026-06-04T01:36:32Z,False,"{'x': 48, 'y': 6}",0,Rebound,222.0
401859963297,297,"{'id': '45', 'text': 'Personal Foul'}",Carter Bryant personal foul,40,39,2,3:37,False,0,{'id': '24'},[{'athlete': {'id': '5061568'}}],2026-06-04T01:36:41Z,False,"{'x': 7, 'y': 30}",0,Foul,217.0
401859963299,299,"{'id': '584', 'text': 'Substitution'}",Victor Wembanyama enters the game for Luke Kornet,40,39,2,3:37,False,0,{'id': '24'},"[{'athlete': {'id': '5104157'}}, {'athlete': {'id': '3064560'}}]",2026-06-04T01:36:48Z,False,"{'x': -214748340, 'y': -214748365}",0,Substitution,217.0
401859963300,300,"{'id': '584', 'text': 'Substitution'}",Keldon Johnson enters the game for Carter Bryant,40,39,2,3:37,False,0,{'id': '24'},"[{'athlete': {'id': '4395723'}}, {'athlete': {'id': '5061568'}}]",2026-06-04T01:36:48Z,False,"{'x': -214748340, 'y': -214748365}",0,Substitution,217.0
401859963301,301,"{'id': '584', 'text': 'Substitution'}",Stephon Castle enters the game for Devin Vassell,40,39,2,3:37,False,0,{'id': '24'},"[{'athlete': {'id': '4845367'}}, {'athlete': {'id': '4395630'}}]",2026-06-04T01:36:48Z,False,"{'x': -214748340, 'y': -214748365}",0,Substitution,217.0
401859963305,305,"{'id': '90', 'text': 'Out of Bounds - Bad Pass Turnover'}",Mikal Bridges out of bounds bad pass turnover,40,39,2,3:30,False,0,{'id': '18'},[{'athlete': {'id': '3147657'}}],2026-06-04T01:37:19Z,False,"{'x': 33, 'y': -1}",0,Turnover,210.0
401859963306,306,"{'id': '92', 'text': 'Jump Shot'}",Keldon Johnson makes 24-foot three point jumper (Stephon Castle assists),40,42,2,3:19,True,3,{'id': '24'},"[{'athlete': {'id': '4395723'}}, {'athlete': {'id': '4845367'}}]",2026-06-04T01:37:41Z,True,"{'x': 1, 'y': 1}",3,+3 Points,199.0
401859963308,308,"{'id': '131', 'text': 'Pullup Jump Shot'}",Jalen Brunson misses 27-foot three point pullup jump shot,40,42,2,3:01,False,0,{'id': '18'},[{'athlete': {'id': '3934672'}}],2026-06-04T01:38:00Z,True,"{'x': 40, 'y': 23}",3,Missed 3PT,181.0
401859963309,309,"{'id': '155', 'text': 'Defensive Rebound'}",Victor Wembanyama defensive rebound,40,42,2,2:58,False,0,{'id': '24'},[{'athlete': {'id': '5104157'}}],2026-06-04T01:38:03Z,False,"{'x': 40, 'y': 23}",0,Rebound,178.0
401859963310,310,"{'id': '92', 'text': 'Jump Shot'}",Victor Wembanyama misses 29-foot three point jumper,40,42,2,2:51,False,0,{'id': '24'},[{'athlete': {'id': '5104157'}}],2026-06-04T01:38:09Z,True,"{'x': 25, 'y': 29}",3,Missed 3PT,171.0
401859963311,311,"{'id': '155', 'text': 'Defensive Rebound'}",Jordan Clarkson defensive rebound,40,42,2,2:48,False,0,{'id': '18'},[{'athlete': {'id': '2528426'}}],2026-06-04T01:38:12Z,False,"{'x': 25, 'y': 29}",0,Rebound,168.0
401859963312,312,"{'id': '132', 'text': 'Step Back Jump Shot'}",Landry Shamet makes 24-foot three point step back jumpshot (Jalen Brunson assists),43,42,2,2:32,True,3,{'id': '18'},"[{'athlete': {'id': '3914044'}}, {'athlete': {'id': '3934672'}}]",2026-06-04T01:38:29Z,True,"{'x': 48, 'y': 9}",3,+3 Points,152.0
401859963314,314,"{'id': '44', 'text': 'Shooting Foul'}",Mitchell Robinson shooting foul,43,42,2,2:24,False,0,{'id': '18'},[{'athlete': {'id': '4351852'}}],2026-06-04T01:38:40Z,False,"{'x': 43, 'y': 0}",0,Foul,144.0
401859963316,316,"{'id': '98', 'text': 'Free Throw - 1 of 2'}",Victor Wembanyama makes free throw 1 of 2,43,43,2,2:24,True,1,{'id': '24'},[{'athlete': {'id': '5104157'}}],2026-06-04T01:39:11Z,True,"{'x': -214748340, 'y': -214748365}",1,+1 Point,144.0
401859963317,317,"{'id': '584', 'text': 'Substitution'}",Julian Champagnie enters the game for De'Aaron Fox,43,43,2,2:24,False,0,{'id': '24'},"[{'athlete': {'id': '4592479'}}, {'athlete': {'id': '4066259'}}]",2026-06-04T01:39:13Z,False,"{'x': -214748340, 'y': -214748365}",0,Substitution,144.0
401859963318,318,"{'id': '584', 'text': 'Substitution'}",OG Anunoby enters the game for Jordan Clarkson,43,43,2,2:24,False,0,{'id': '18'},"[{'athlete': {'id': '3934719'}}, {'athlete': {'id': '2528426'}}]",2026-06-04T01:39:13Z,False,"{'x': -214748340, 'y': -214748365}",0,Substitution,144.0
401859963319,319,"{'id': '584', 'text': 'Substitution'}",Karl-Anthony Towns enters the game for Jalen Brunson,43,43,2,2:24,False,0,{'id': '18'},"[{'athlete': {'id': '3136195'}}, {'athlete': {'id': '3934672'}}]",2026-06-04T01:39:13Z,False,"{'x': -214748340, 'y': -214748365}",0,Substitution,144.0
401859963320,320,"{'id': '584', 'text': 'Substitution'}",Jose Alvarado enters the game for Mitchell Robinson,43,43,2,2:24,False,0,{'id': '18'},"[{'athlete': {'id': '4277869'}}, {'athlete': {'id': '4351852'}}]",2026-06-04T01:39:13Z,False,"{'x': -214748340, 'y': -214748365}",0,Substitution,144.0
401859963325,325,"{'id': '99', 'text': 'Free Throw - 2 of 2'}",Victor Wembanyama makes free throw 2 of 2,43,44,2,2:24,True,1,{'id': '24'},[{'athlete': {'id': '5104157'}}],2026-06-04T01:39:47Z,True,"{'x': -214748340, 'y': -214748365}",1,+1 Point,144.0
401859963326,326,"{'id': '92', 'text': 'Jump Shot'}",OG Anunoby misses 23-foot three point jumper,43,44,2,2:10,False,0,{'id': '18'},[{'athlete': {'id': '3934719'}}],2026-06-04T01:40:04Z,True,"{'x': 48, 'y': 4}",3,Missed 3PT,130.0
401859963327,327,"{'id': '155', 'text': 'Defensive Rebound'}",Julian Champagnie defensive rebound,43,44,2,2:08,False,0,{'id': '24'},[{'athlete': {'id': '4592479'}}],2026-06-04T01:40:06Z,False,"{'x': 48, 'y': 4}",0,Rebound,128.0
401859963328,328,"{'id': '92', 'text': 'Jump Shot'}",Julian Champagnie makes 26-foot three point jumper (Victor Wembanyama assists),43,47,2,1:59,True,3,{'id': '24'},"[{'athlete': {'id': '4592479'}}, {'athlete': {'id': '5104157'}}]",2026-06-04T01:40:15Z,True,"{'x': 5, 'y': 18}",3,+3 Points,119.0
401859963330,330,"{'id': '92', 'text': 'Jump Shot'}",Jose Alvarado makes 25-foot three point jumper (Mikal Bridges assists),46,47,2,1:34,True,3,{'id': '18'},"[{'athlete': {'id': '4277869'}}, {'athlete': {'id': '3147657'}}]",2026-06-04T01:40:40Z,True,"{'x': 43, 'y': 19}",3,+3 Points,94.0
401859963332,332,"{'id': '92', 'text': 'Jump Shot'}",Julian Champagnie makes 24-foot three point jumper (Stephon Castle assists),46,50,2,1:22,True,3,{'id': '24'},"[{'athlete': {'id': '4592479'}}, {'athlete': {'id': '4845367'}}]",2026-06-04T01:40:52Z,True,"{'x': 1, 'y': 0}",3,+3 Points,82.0
401859963334,334,"{'id': '45', 'text': 'Personal Foul'}",Stephon Castle personal foul,46,50,2,1:14,False,0,{'id': '24'},[{'athlete': {'id': '4845367'}}],2026-06-04T01:41:03Z,False,"{'x': 23, 'y': 16}",0,Foul,74.0
401859963336,336,"{'id': '584', 'text': 'Substitution'}",De'Aaron Fox enters the game for Dylan Harper,46,50,2,1:14,False,0,{'id': '24'},"[{'athlete': {'id': '4066259'}}, {'athlete': {'id': '5037871'}}]",2026-06-04T01:41:10Z,False,"{'x': -214748340, 'y': -214748365}",0,Substitution,74.0
401859963337,337,"{'id': '584', 'text': 'Substitution'}",Devin Vassell enters the game for Keldon Johnson,46,50,2,1:14,False,0,{'id': '24'},"[{'athlete': {'id': '4395630'}}, {'athlete': {'id': '4395723'}}]",2026-06-04T01:41:10Z,False,"{'x': -214748340, 'y': -214748365}",0,Substitution,74.0
401859963338,338,"{'id': '584', 'text': 'Substitution'}",Jalen Brunson enters the game for Jose Alvarado,46,50,2,1:14,False,0,{'id': '18'},"[{'athlete': {'id': '3934672'}}, {'athlete': {'id': '4277869'}}]",2026-06-04T01:41:10Z,False,"{'x': -214748340, 'y': -214748365}",0,Substitution,74.0
401859963342,342,"{'id': '132', 'text': 'Step Back Jump Shot'}",Jalen Brunson misses 26-foot three point step back jumpshot,46,50,2,58.5,False,0,{'id': '18'},[{'athlete': {'id': '3934672'}}],2026-06-04T01:41:54Z,True,"{'x': 3, 'y': 14}",3,Missed 3PT,58.5
401859963343,343,"{'id': '156', 'text': 'Offensive Rebound'}",Knicks offensive team rebound,46,50,2,57.6,False,0,{'id': '18'},,2026-06-04T01:41:55Z,False,"{'x': 3, 'y': 14}",0,Rebound,57.6
401859963344,344,"{'id': '43', 'text': 'Loose Ball Foul'}",Stephon Castle loose ball foul,46,50,2,57.6,False,0,{'id': '24'},[{'athlete': {'id': '4845367'}}],2026-06-04T01:41:59Z,False,"{'x': 27, 'y': 4}",0,Foul,57.6
401859963346,346,"{'id': '98', 'text': 'Free Throw - 1 of 2'}",Karl-Anthony Towns makes free throw 1 of 2,47,50,2,57.6,True,1,{'id': '18'},[{'athlete': {'id': '3136195'}}],2026-06-04T01:42:31Z,True,"{'x': -214748340, 'y': -214748365}",1,+1 Point,57.6
401859963347,347,"{'id': '99', 'text': 'Free Throw - 2 of 2'}",Karl-Anthony Towns makes free throw 2 of 2,48,50,2,57.6,True,1,{'id': '18'},[{'athlete': {'id': '3136195'}}],2026-06-04T01:42:59Z,True,"{'x': -214748340, 'y': -214748365}",1,+1 Point,57.6
401859963348,348,"{'id': '132', 'text': 'Step Back Jump Shot'}",Stephon Castle misses 13-foot step back jumpshot,48,50,2,47.8,False,0,{'id': '24'},[{'athlete': {'id': '4845367'}}],2026-06-04T01:43:13Z,True,"{'x': 31, 'y': 12}",2,Missed FG,47.8
401859963349,349,"{'id': '155', 'text': 'Defensive Rebound'}",Karl-Anthony Towns defensive rebound,48,50,2,45.1,False,0,{'id': '18'},[{'athlete': {'id': '3136195'}}],2026-06-04T01:43:16Z,False,"{'x': 31, 'y': 12}",0,Rebound,45.1
401859963350,350,"{'id': '63', 'text': 'Lost Ball Turnover'}",Jalen Brunson lost ball turnover (De'Aaron Fox steals),48,50,2,39.2,False,0,{'id': '18'},"[{'athlete': {'id': '3934672'}}, {'athlete': {'id': '4066259'}}]",2026-06-04T01:43:22Z,False,"{'x': 31, 'y': 39}",0,Turnover,39.2
401859963352,352,"{'id': '116', 'text': 'Running Dunk Shot'}",De'Aaron Fox makes 1-foot running dunk,48,52,2,37.4,True,2,{'id': '24'},[{'athlete': {'id': '4066259'}}],2026-06-04T01:43:25Z,True,"{'x': 24, 'y': 1}",2,+2 Points,37.4
401859963353,353,"{'id': '144', 'text': 'Driving Floating Jump Shot'}",Karl-Anthony Towns misses driving floating jump shot,48,52,2,24.3,False,0,{'id': '18'},[{'athlete': {'id': '3136195'}}],2026-06-04T01:43:42Z,True,"{'x': 25, 'y': 4}",2,Missed FG,24.3
401859963354,354,"{'id': '156', 'text': 'Offensive Rebound'}",Karl-Anthony Towns offensive rebound,48,52,2,23.0,False,0,{'id': '18'},[{'athlete': {'id': '3136195'}}],2026-06-04T01:43:43Z,False,"{'x': 25, 'y': 4}",0,Rebound,23.0
401859963361,361,"{'id': '94', 'text': 'Tip Shot'}",Karl-Anthony Towns misses 1-foot tip shot,48,52,2,23.0,False,0,{'id': '18'},[{'athlete': {'id': '3136195'}}],2026-06-04T01:43:52Z,True,"{'x': 26, 'y': 2}",2,Missed FG,23.0
401859963362,362,"{'id': '155', 'text': 'Defensive Rebound'}",Stephon Castle defensive rebound,48,52,2,22.2,False,0,{'id': '24'},[{'athlete': {'id': '4845367'}}],2026-06-04T01:43:53Z,False,"{'x': 26, 'y': 2}",0,Rebound,22.2
401859963355,355,"{'id': '92', 'text': 'Jump Shot'}",Julian Champagnie makes 22-foot three point jumper (De'Aaron Fox assists),48,55,2,2.3,True,3,{'id': '24'},"[{'athlete': {'id': '4592479'}}, {'athlete': {'id': '4066259'}}]",2026-06-04T01:44:02Z,True,"{'x': 48, 'y': 0}",3,+3 Points,2.3
401859963357,357,"{'id': '282', 'text': 'Heave Jump Shot'}",Victor Wembanyama blocks Mikal Bridges 's 64-foot heave jump shot,48,55,2,0.3,False,0,{'id': '18'},"[{'athlete': {'id': '3147657'}}, {'athlete': {'id': '5104157'}}]",2026-06-04T01:44:08Z,True,"{'x': 16, 'y': 65}",3,Missed 3PT,0.3
401859963359,359,"{'id': '156', 'text': 'Offensive Rebound'}",Knicks offensive team rebound,48,55,2,0.1,False,0,{'id': '18'},,2026-06-04T01:44:08Z,False,"{'x': 35, 'y': 20}",0,Rebound,0.1
401859963360,360,"{'id': '412', 'text': 'End Period'}",End of the 2nd Quarter,48,55,2,0.0,False,0,,,2026-06-04T01:44:18Z,False,"{'x': -214748340, 'y': -214748365}",0,Halftime,0.0
401859963363,363,"{'id': '584', 'text': 'Substitution'}",Josh Hart enters the game for Landry Shamet,48,55,3,12:00,False,0,{'id': '18'},"[{'athlete': {'id': '3062679'}}, {'athlete': {'id': '3914044'}}]",2026-06-04T02:00:21Z,False,"{'x': -214748340, 'y': -214748365}",0,Substitution,720.0
401859963366,366,"{'id': '45', 'text': 'Personal Foul'}",Mikal Bridges personal foul,48,55,3,11:52,False,0,{'id': '18'},[{'athlete': {'id': '3147657'}}],2026-06-04T02:01:23Z,False,"{'x': 29, 'y': 4}",0,Foul,712.0
401859963368,368,"{'id': '131', 'text': 'Pullup Jump Shot'}",Victor Wembanyama misses 16-foot pullup jump shot,48,55,3,11:43,False,0,{'id': '24'},[{'athlete': {'id': '5104157'}}],2026-06-04T02:01:50Z,True,"{'x': 25, 'y': 17}",2,Missed FG,703.0
401859963369,369,"{'id': '155', 'text': 'Defensive Rebound'}",OG Anunoby defensive rebound,48,55,3,11:41,False,0,{'id': '18'},[{'athlete': {'id': '3934719'}}],2026-06-04T02:01:52Z,False,"{'x': 25, 'y': 17}",0,Rebound,701.0
401859963370,370,"{'id': '92', 'text': 'Jump Shot'}",Josh Hart misses 26-foot three point jumper,48,55,3,11:19,False,0,{'id': '18'},[{'athlete': {'id': '3062679'}}],2026-06-04T02:02:13Z,True,"{'x': 3, 'y': 14}",3,Missed 3PT,679.0
401859963371,371,"{'id': '155', 'text': 'Defensive Rebound'}",Devin Vassell defensive rebound,48,55,3,11:16,False,0,{'id': '24'},[{'athlete': {'id': '4395630'}}],2026-06-04T02:02:16Z,False,"{'x': 3, 'y': 14}",0,Rebound,676.0
401859963372,372,"{'id': '87', 'text': 'Out of Bounds - Lost Ball Turnover'}",Victor Wembanyama out of bounds lost ball turnover,48,55,3,11:10,False,0,{'id': '24'},[{'athlete': {'id': '5104157'}}],2026-06-04T02:02:26Z,False,"{'x': 25, 'y': 18}",0,Turnover,670.0
401859963373,373,"{'id': '45', 'text': 'Personal Foul'}",De'Aaron Fox personal foul,48,55,3,10:58,False,0,{'id': '24'},[{'athlete': {'id': '4066259'}}],2026-06-04T02:02:45Z,False,"{'x': 18, 'y': 2}",0,Foul,658.0
401859963375,375,"{'id': '132', 'text': 'Step Back Jump Shot'}",OG Anunoby misses 25-foot three point step back jumpshot,48,55,3,10:44,False,0,{'id': '18'},[{'athlete': {'id': '3934719'}}],2026-06-04T02:03:25Z,True,"{'x': 45, 'y': 16}",3,Missed 3PT,644.0
401859963376,376,"{'id': '155', 'text': 'Defensive Rebound'}",Devin Vassell defensive rebound,48,55,3,10:41,False,0,{'id': '24'},[{'athlete': {'id': '4395630'}}],2026-06-04T02:03:28Z,False,"{'x': 45, 'y': 16}",0,Rebound,641.0
401859963377,377,"{'id': '44', 'text': 'Shooting Foul'}",Karl-Anthony Towns shooting foul,48,55,3,10:31,False,0,{'id': '18'},[{'athlete': {'id': '3136195'}}],2026-06-04T02:03:41Z,False,"{'x': 23, 'y': 1}",0,Foul,631.0
401859963379,379,"{'id': '98', 'text': 'Free Throw - 1 of 2'}",Victor Wembanyama makes free throw 1 of 2,48,56,3,10:31,True,1,{'id': '24'},[{'athlete': {'id': '5104157'}}],2026-06-04T02:04:13Z,True,"{'x': -214748340, 'y': -214748365}",1,+1 Point,631.0
401859963380,380,"{'id': '99', 'text': 'Free Throw - 2 of 2'}",Victor Wembanyama makes free throw 2 of 2,48,57,3,10:31,True,1,{'id': '24'},[{'athlete': {'id': '5104157'}}],2026-06-04T02:04:32Z,True,"{'x': -214748340, 'y': -214748365}",1,+1 Point,631.0
401859963381,381,"{'id': '131', 'text': 'Pullup Jump Shot'}",OG Anunoby misses 17-foot pullup jump shot,48,57,3,10:12,False,0,{'id': '18'},[{'athlete': {'id': '3934719'}}],2026-06-04T02:04:53Z,True,"{'x': 29, 'y': 18}",2,Missed FG,612.0
401859963382,382,"{'id': '155', 'text': 'Defensive Rebound'}",Victor Wembanyama defensive rebound,48,57,3,10:09,False,0,{'id': '24'},[{'athlete': {'id': '5104157'}}],2026-06-04T02:04:56Z,False,"{'x': 29, 'y': 18}",0,Rebound,609.0
401859963383,383,"{'id': '113', 'text': 'Running Jump Shot'}",Julian Champagnie misses 26-foot running jump shot,48,57,3,10:04,False,0,{'id': '24'},[{'athlete': {'id': '4592479'}}],2026-06-04T02:05:00Z,True,"{'x': 4, 'y': 16}",3,Missed 3PT,604.0
401859963384,384,"{'id': '155', 'text': 'Defensive Rebound'}",Knicks defensive team rebound,48,57,3,10:03,False,0,{'id': '18'},,2026-06-04T02:05:01Z,False,"{'x': 4, 'y': 16}",0,Rebound,603.0
401859963386,386,"{'id': '132', 'text': 'Step Back Jump Shot'}",Jalen Brunson misses 17-foot step back jumpshot,48,57,3,9:46,False,0,{'id': '18'},[{'athlete': {'id': '3934672'}}],2026-06-04T02:05:28Z,True,"{'x': 30, 'y': 17}",2,Missed FG,586.0
401859963387,387,"{'id': '155', 'text': 'Defensive Rebound'}",Spurs defensive team rebound,48,57,3,9:44,False,0,{'id': '24'},,2026-06-04T02:05:30Z,False,"{'x': 30, 'y': 17}",0,Rebound,584.0
401859963389,389,"{'id': '144', 'text': 'Driving Floating Jump Shot'}",Stephon Castle makes 2-foot driving floating jump shot,48,59,3,9:31,True,2,{'id': '24'},[{'athlete': {'id': '4845367'}}],2026-06-04T02:05:45Z,True,"{'x': 27, 'y': 2}",2,+2 Points,571.0
401859963394,394,"{'id': '45', 'text': 'Personal Foul'}",Victor Wembanyama personal foul,48,59,3,9:22,False,0,{'id': '24'},[{'athlete': {'id': '5104157'}}],2026-06-04T02:06:18Z,False,"{'x': 27, 'y': 2}",0,Foul,562.0
401859963396,396,"{'id': '111', 'text': 'Alley Oop Layup Shot'}",Karl-Anthony Towns makes alley oop layup (Josh Hart assists),50,59,3,9:17,True,2,{'id': '18'},"[{'athlete': {'id': '3136195'}}, {'athlete': {'id': '3062679'}}]",2026-06-04T02:06:44Z,True,"{'x': 27, 'y': 1}",2,+2 Points,557.0
401859963398,398,"{'id': '44', 'text': 'Shooting Foul'}",Karl-Anthony Towns shooting foul,50,59,3,9:07,False,0,{'id': '18'},[{'athlete': {'id': '3136195'}}],2026-06-04T02:06:59Z,False,"{'x': 35, 'y': 9}",0,Foul,547.0
401859963400,400,"{'id': '98', 'text': 'Free Throw - 1 of 2'}",Victor Wembanyama makes free throw 1 of 2,50,60,3,9:07,True,1,{'id': '24'},[{'athlete': {'id': '5104157'}}],2026-06-04T02:07:31Z,True,"{'x': -214748340, 'y': -214748365}",1,+1 Point,547.0
401859963401,401,"{'id': '99', 'text': 'Free Throw - 2 of 2'}",Victor Wembanyama makes free throw 2 of 2,50,61,3,9:07,True,1,{'id': '24'},[{'athlete': {'id': '5104157'}}],2026-06-04T02:07:55Z,True,"{'x': -214748340, 'y': -214748365}",1,+1 Point,547.0
401859963402,402,"{'id': '131', 'text': 'Pullup Jump Shot'}",OG Anunoby misses 10-foot pullup jump shot,50,61,3,8:45,False,0,{'id': '18'},[{'athlete': {'id': '3934719'}}],2026-06-04T02:08:20Z,True,"{'x': 30, 'y': 9}",2,Missed FG,525.0
401859963403,403,"{'id': '155', 'text': 'Defensive Rebound'}",Julian Champagnie defensive rebound,50,61,3,8:42,False,0,{'id': '24'},[{'athlete': {'id': '4592479'}}],2026-06-04T02:08:23Z,False,"{'x': 30, 'y': 9}",0,Rebound,522.0
401859963404,404,"{'id': '92', 'text': 'Jump Shot'}",Stephon Castle misses 26-foot three point jumper,50,61,3,8:32,False,0,{'id': '24'},[{'athlete': {'id': '4845367'}}],2026-06-04T02:08:33Z,True,"{'x': 37, 'y': 23}",3,Missed 3PT,512.0
401859963405,405,"{'id': '155', 'text': 'Defensive Rebound'}",Karl-Anthony Towns defensive rebound,50,61,3,8:30,False,0,{'id': '18'},[{'athlete': {'id': '3136195'}}],2026-06-04T02:08:35Z,False,"{'x': 37, 'y': 23}",0,Rebound,510.0
401859963406,406,"{'id': '137', 'text': 'Turnaround Fade Away Jump Shot'}",Mikal Bridges misses 10-foot two point shot,50,61,3,8:11,False,0,{'id': '18'},[{'athlete': {'id': '3147657'}}],2026-06-04T02:08:54Z,True,"{'x': 15, 'y': 6}",2,Missed FG,491.0
401859963407,407,"{'id': '155', 'text': 'Defensive Rebound'}",Stephon Castle defensive rebound,50,61,3,8:08,False,0,{'id': '24'},[{'athlete': {'id': '4845367'}}],2026-06-04T02:08:57Z,False,"{'x': 15, 'y': 6}",0,Rebound,488.0
401859963408,408,"{'id': '146', 'text': 'Running Pullup Jump Shot'}",OG Anunoby blocks De'Aaron Fox 's 5-foot running pullup jump shot,50,61,3,8:04,False,0,{'id': '24'},"[{'athlete': {'id': '4066259'}}, {'athlete': {'id': '3934719'}}]",2026-06-04T02:09:02Z,True,"{'x': 24, 'y': 5}",2,Missed FG,484.0
401859963409,409,"{'id': '156', 'text': 'Offensive Rebound'}",Stephon Castle offensive rebound,50,61,3,8:03,False,0,{'id': '24'},[{'athlete': {'id': '4845367'}}],2026-06-04T02:09:03Z,False,"{'x': 24, 'y': 5}",0,Rebound,483.0
401859963410,410,"{'id': '94', 'text': 'Tip Shot'}",Stephon Castle makes tip shot,50,63,3,8:02,True,2,{'id': '24'},[{'athlete': {'id': '4845367'}}],2026-06-04T02:09:08Z,True,"{'x': 25, 'y': 0}",2,+2 Points,482.0
401859963411,411,"{'id': '131', 'text': 'Pullup Jump Shot'}",Jalen Brunson misses 24-foot three point pullup jump shot,50,63,3,7:53,False,0,{'id': '18'},[{'athlete': {'id': '3934672'}}],2026-06-04T02:09:13Z,True,"{'x': 1, 'y': 7}",3,Missed 3PT,473.0
401859963412,412,"{'id': '155', 'text': 'Defensive Rebound'}",De'Aaron Fox defensive rebound,50,63,3,7:51,False,0,{'id': '24'},[{'athlete': {'id': '4066259'}}],2026-06-04T02:09:15Z,False,"{'x': 1, 'y': 7}",0,Rebound,471.0
401859963413,413,"{'id': '45', 'text': 'Personal Foul'}",Jalen Brunson personal foul,50,63,3,7:46,False,0,{'id': '18'},[{'athlete': {'id': '3934672'}}],2026-06-04T02:09:24Z,False,"{'x': 26, 'y': 2}",0,Foul,466.0
401859963415,415,"{'id': '584', 'text': 'Substitution'}",Dylan Harper enters the game for De'Aaron Fox,50,63,3,7:46,False,0,{'id': '24'},"[{'athlete': {'id': '5037871'}}, {'athlete': {'id': '4066259'}}]",2026-06-04T02:09:41Z,False,"{'x': -214748340, 'y': -214748365}",0,Substitution,466.0
401859963417,417,"{'id': '92', 'text': 'Jump Shot'}",Victor Wembanyama misses 25-foot three point jumper,50,63,3,7:39,False,0,{'id': '24'},[{'athlete': {'id': '5104157'}}],2026-06-04T02:09:58Z,True,"{'x': 19, 'y': 25}",3,Missed 3PT,459.0
401859963418,418,"{'id': '156', 'text': 'Offensive Rebound'}",Julian Champagnie offensive rebound,50,63,3,7:35,False,0,{'id': '24'},[{'athlete': {'id': '4592479'}}],2026-06-04T02:10:03Z,False,"{'x': 19, 'y': 25}",0,Rebound,455.0
401859963419,419,"{'id': '92', 'text': 'Jump Shot'}",Stephon Castle misses 26-foot three point jumper,50,63,3,7:33,False,0,{'id': '24'},[{'athlete': {'id': '4845367'}}],2026-06-04T02:10:05Z,True,"{'x': 33, 'y': 26}",3,Missed 3PT,453.0
401859963420,420,"{'id': '155', 'text': 'Defensive Rebound'}",OG Anunoby defensive rebound,50,63,3,7:33,False,0,{'id': '18'},[{'athlete': {'id': '3934719'}}],2026-06-04T02:10:05Z,False,"{'x': 33, 'y': 26}",0,Rebound,453.0
401859963421,421,"{'id': '92', 'text': 'Jump Shot'}",Jalen Brunson misses 23-foot three point jumper,50,63,3,7:15,False,0,{'id': '18'},[{'athlete': {'id': '3934672'}}],2026-06-04T02:10:23Z,True,"{'x': 48, 'y': 3}",3,Missed 3PT,435.0
401859963422,422,"{'id': '155', 'text': 'Defensive Rebound'}",Victor Wembanyama defensive rebound,50,63,3,7:11,False,0,{'id': '24'},[{'athlete': {'id': '5104157'}}],2026-06-04T02:10:27Z,False,"{'x': 48, 'y': 3}",0,Rebound,431.0
401859963423,423,"{'id': '146', 'text': 'Running Pullup Jump Shot'}",Dylan Harper misses running pullup jump shot,50,63,3,7:07,False,0,{'id': '24'},[{'athlete': {'id': '5037871'}}],2026-06-04T02:10:37Z,True,"{'x': 34, 'y': 2}",2,Missed FG,427.0
401859963424,424,"{'id': '156', 'text': 'Offensive Rebound'}",Spurs offensive team rebound,50,63,3,7:04,False,0,{'id': '24'},,2026-06-04T02:10:40Z,False,"{'x': 34, 'y': 2}",0,Rebound,424.0
401859963426,426,"{'id': '584', 'text': 'Substitution'}",Luke Kornet enters the game for Victor Wembanyama,50,63,3,7:04,False,0,{'id': '24'},"[{'athlete': {'id': '3064560'}}, {'athlete': {'id': '5104157'}}]",2026-06-04T02:10:46Z,False,"{'x': -214748340, 'y': -214748365}",0,Substitution,424.0
401859963428,428,"{'id': '92', 'text': 'Jump Shot'}",Julian Champagnie misses 26-foot three point jumper,50,63,3,6:58,False,0,{'id': '24'},[{'athlete': {'id': '4592479'}}],2026-06-04T02:11:14Z,True,"{'x': 8, 'y': 20}",3,Missed 3PT,418.0
401859963429,429,"{'id': '155', 'text': 'Defensive Rebound'}",Karl-Anthony Towns defensive rebound,50,63,3,6:54,False,0,{'id': '18'},[{'athlete': {'id': '3136195'}}],2026-06-04T02:11:18Z,False,"{'x': 8, 'y': 20}",0,Rebound,414.0
401859963430,430,"{'id': '44', 'text': 'Shooting Foul'}",Luke Kornet shooting foul,50,63,3,6:50,False,0,{'id': '24'},[{'athlete': {'id': '3064560'}}],2026-06-04T02:11:25Z,False,"{'x': 22, 'y': 1}",0,Foul,410.0
401859963432,432,"{'id': '16', 'text': 'Full Timeout'}",Spurs Full timeout,50,63,3,6:50,False,0,{'id': '24'},,2026-06-04T02:11:45Z,False,"{'x': -214748340, 'y': -214748365}",0,Timeout,410.0
401859963433,433,"{'id': '98', 'text': 'Free Throw - 1 of 2'}",Mikal Bridges misses free throw 1 of 2,50,63,3,6:50,False,0,{'id': '18'},[{'athlete': {'id': '3147657'}}],2026-06-04T02:15:29Z,True,"{'x': -214748340, 'y': -214748365}",1,Missed FT,410.0
401859963434,434,"{'id': '156', 'text': 'Offensive Rebound'}",Knicks offensive team rebound,50,63,3,6:50,False,0,{'id': '18'},,2026-06-04T02:15:29Z,False,"{'x': -214748340, 'y': -214748365}",0,Rebound,410.0
401859963436,436,"{'id': '99', 'text': 'Free Throw - 2 of 2'}",Mikal Bridges makes free throw 2 of 2,51,63,3,6:50,True,1,{'id': '18'},[{'athlete': {'id': '3147657'}}],2026-06-04T02:15:29Z,True,"{'x': -214748340, 'y': -214748365}",1,+1 Point,410.0
401859963437,437,"{'id': '144', 'text': 'Driving Floating Jump Shot'}",Dylan Harper makes 3-foot driving floating jump shot,51,65,3,6:31,True,2,{'id': '24'},[{'athlete': {'id': '5037871'}}],2026-06-04T02:16:12Z,True,"{'x': 26, 'y': 4}",2,+2 Points,391.0
401859963438,438,"{'id': '131', 'text': 'Pullup Jump Shot'}",Mikal Bridges makes 11-foot pullup jump shot (Karl-Anthony Towns assists),53,65,3,6:10,True,2,{'id': '18'},"[{'athlete': {'id': '3147657'}}, {'athlete': {'id': '3136195'}}]",2026-06-04T02:16:42Z,True,"{'x': 25, 'y': 12}",2,+2 Points,370.0
401859963439,439,"{'id': '43', 'text': 'Loose Ball Foul'}",Dylan Harper loose ball foul,53,65,3,6:10,False,0,{'id': '24'},[{'athlete': {'id': '5037871'}}],2026-06-04T02:16:54Z,False,"{'x': 20, 'y': 4}",0,Foul,370.0
401859963442,442,"{'id': '97', 'text': 'Free Throw - 1 of 1'}",Josh Hart makes free throw 1 of 1,54,65,3,6:10,True,1,{'id': '18'},[{'athlete': {'id': '3062679'}}],2026-06-04T02:17:25Z,True,"{'x': -214748340, 'y': -214748365}",1,+1 Point,370.0
401859963443,443,"{'id': '584', 'text': 'Substitution'}",Miles McBride enters the game for OG Anunoby,54,65,3,6:10,False,0,{'id': '18'},"[{'athlete': {'id': '4431823'}}, {'athlete': {'id': '3934719'}}]",2026-06-04T02:17:24Z,False,"{'x': -214748340, 'y': -214748365}",0,Substitution,370.0
401859963444,444,"{'id': '584', 'text': 'Substitution'}",Landry Shamet enters the game for Mikal Bridges,54,65,3,6:10,False,0,{'id': '18'},"[{'athlete': {'id': '3914044'}}, {'athlete': {'id': '3147657'}}]",2026-06-04T02:17:24Z,False,"{'x': -214748340, 'y': -214748365}",0,Substitution,370.0
401859963447,447,"{'id': '131', 'text': 'Pullup Jump Shot'}",Stephon Castle makes 9-foot pullup jump shot,54,67,3,5:58,True,2,{'id': '24'},[{'athlete': {'id': '4845367'}}],2026-06-04T02:17:34Z,True,"{'x': 25, 'y': 10}",2,+2 Points,358.0
401859963448,448,"{'id': '141', 'text': 'Cutting Layup Shot'}",Landry Shamet makes 1-foot layup (Karl-Anthony Towns assists),56,67,3,5:40,True,2,{'id': '18'},"[{'athlete': {'id': '3914044'}}, {'athlete': {'id': '3136195'}}]",2026-06-04T02:17:52Z,True,"{'x': 24, 'y': 1}",2,+2 Points,340.0
401859963449,449,"{'id': '92', 'text': 'Jump Shot'}",Dylan Harper misses 26-foot three point jumper,56,67,3,5:33,False,0,{'id': '24'},[{'athlete': {'id': '5037871'}}],2026-06-04T02:18:04Z,True,"{'x': 11, 'y': 23}",3,Missed 3PT,333.0
401859963450,450,"{'id': '155', 'text': 'Defensive Rebound'}",Josh Hart defensive rebound,56,67,3,5:31,False,0,{'id': '18'},[{'athlete': {'id': '3062679'}}],2026-06-04T02:18:06Z,False,"{'x': 11, 'y': 23}",0,Rebound,331.0
401859963451,451,"{'id': '128', 'text': 'Driving Finger Roll Layup'}",Karl-Anthony Towns makes 2-foot two point shot (Miles McBride assists),58,67,3,5:21,True,2,{'id': '18'},"[{'athlete': {'id': '3136195'}}, {'athlete': {'id': '4431823'}}]",2026-06-04T02:18:13Z,True,"{'x': 23, 'y': 1}",2,+2 Points,321.0
401859963452,452,"{'id': '44', 'text': 'Shooting Foul'}",Luke Kornet shooting foul,58,67,3,5:21,False,0,{'id': '24'},[{'athlete': {'id': '3064560'}}],2026-06-04T02:18:16Z,False,"{'x': 24, 'y': 1}",0,Foul,321.0
401859963455,455,"{'id': '584', 'text': 'Substitution'}",De'Aaron Fox enters the game for Stephon Castle,58,67,3,5:21,False,0,{'id': '24'},"[{'athlete': {'id': '4066259'}}, {'athlete': {'id': '4845367'}}]",2026-06-04T02:18:39Z,False,"{'x': -214748340, 'y': -214748365}",0,Substitution,321.0
401859963457,457,"{'id': '97', 'text': 'Free Throw - 1 of 1'}",Karl-Anthony Towns makes free throw 1 of 1,59,67,3,5:21,True,1,{'id': '18'},[{'athlete': {'id': '3136195'}}],2026-06-04T02:19:01Z,True,"{'x': -214748340, 'y': -214748365}",1,+1 Point,321.0
401859963458,458,"{'id': '144', 'text': 'Driving Floating Jump Shot'}",Karl-Anthony Towns blocks Julian Champagnie 's 7-foot driving floating jump shot,59,67,3,5:07,False,0,{'id': '24'},"[{'athlete': {'id': '4592479'}}, {'athlete': {'id': '3136195'}}]",2026-06-04T02:19:19Z,True,"{'x': 28, 'y': 7}",2,Missed FG,307.0
401859963460,460,"{'id': '155', 'text': 'Defensive Rebound'}",Josh Hart defensive rebound,59,67,3,5:04,False,0,{'id': '18'},[{'athlete': {'id': '3062679'}}],2026-06-04T02:19:22Z,False,"{'x': 28, 'y': 7}",0,Rebound,304.0
401859963461,461,"{'id': '109', 'text': 'Running Layup Shot'}",Jalen Brunson makes running layup (Josh Hart assists),61,67,3,4:58,True,2,{'id': '18'},"[{'athlete': {'id': '3934672'}}, {'athlete': {'id': '3062679'}}]",2026-06-04T02:19:26Z,True,"{'x': 28, 'y': 4}",2,+2 Points,298.0
401859963463,463,"{'id': '16', 'text': 'Full Timeout'}",Spurs Full timeout,61,67,3,4:57,False,0,{'id': '24'},,2026-06-04T02:19:36Z,False,"{'x': -214748340, 'y': -214748365}",0,Timeout,297.0
401859963467,467,"{'id': '584', 'text': 'Substitution'}",Victor Wembanyama enters the game for Luke Kornet,61,67,3,4:57,False,0,{'id': '24'},"[{'athlete': {'id': '5104157'}}, {'athlete': {'id': '3064560'}}]",2026-06-04T02:22:57Z,False,"{'x': -214748340, 'y': -214748365}",0,Substitution,297.0
401859963468,468,"{'id': '584', 'text': 'Substitution'}",Keldon Johnson enters the game for Devin Vassell,61,67,3,4:57,False,0,{'id': '24'},"[{'athlete': {'id': '4395723'}}, {'athlete': {'id': '4395630'}}]",2026-06-04T02:22:57Z,False,"{'x': -214748340, 'y': -214748365}",0,Substitution,297.0
401859963471,471,"{'id': '126', 'text': 'Layup Driving Reverse'}",Dylan Harper makes two point shot (Julian Champagnie assists),61,69,3,4:35,True,2,{'id': '24'},"[{'athlete': {'id': '5037871'}}, {'athlete': {'id': '4592479'}}]",2026-06-04T02:23:39Z,True,"{'x': 27, 'y': 1}",2,+2 Points,275.0
401859963473,473,"{'id': '131', 'text': 'Pullup Jump Shot'}",Jalen Brunson misses 26-foot three point pullup jump shot,61,69,3,4:22,False,0,{'id': '18'},[{'athlete': {'id': '3934672'}}],2026-06-04T02:23:52Z,True,"{'x': 8, 'y': 21}",3,Missed 3PT,262.0
401859963474,474,"{'id': '155', 'text': 'Defensive Rebound'}",Victor Wembanyama defensive rebound,61,69,3,4:20,False,0,{'id': '24'},[{'athlete': {'id': '5104157'}}],2026-06-04T02:23:54Z,False,"{'x': 8, 'y': 21}",0,Rebound,260.0
401859963475,475,"{'id': '62', 'text': 'Bad Pass\nTurnover'}","De'Aaron Fox bad pass
turnover (Josh Hart steals)",61,69,3,4:13,False,0,{'id': '24'},"[{'athlete': {'id': '4066259'}}, {'athlete': {'id': '3062679'}}]",2026-06-04T02:24:02Z,False,"{'x': 6, 'y': 19}",0,Turnover,253.0
401859963477,477,"{'id': '113', 'text': 'Running Jump Shot'}",Landry Shamet makes 24-foot running jump shot (Miles McBride assists),64,69,3,4:08,True,3,{'id': '18'},"[{'athlete': {'id': '3914044'}}, {'athlete': {'id': '4431823'}}]",2026-06-04T02:24:07Z,True,"{'x': 1, 'y': 3}",3,+3 Points,248.0
401859963479,479,"{'id': '92', 'text': 'Jump Shot'}",Dylan Harper misses 22-foot three point jumper,64,69,3,3:50,False,0,{'id': '24'},[{'athlete': {'id': '5037871'}}],2026-06-04T02:24:24Z,True,"{'x': 48, 'y': 0}",3,Missed 3PT,230.0
401859963480,480,"{'id': '155', 'text': 'Defensive Rebound'}",Josh Hart defensive rebound,64,69,3,3:48,False,0,{'id': '18'},[{'athlete': {'id': '3062679'}}],2026-06-04T02:24:26Z,False,"{'x': 48, 'y': 0}",0,Rebound,228.0
401859963481,481,"{'id': '92', 'text': 'Jump Shot'}",Miles McBride misses 25-foot three point jumper,64,69,3,3:40,False,0,{'id': '18'},[{'athlete': {'id': '4431823'}}],2026-06-04T02:24:36Z,True,"{'x': 7, 'y': 18}",3,Missed 3PT,220.0
401859963482,482,"{'id': '156', 'text': 'Offensive Rebound'}",Karl-Anthony Towns offensive rebound,64,69,3,3:38,False,0,{'id': '18'},[{'athlete': {'id': '3136195'}}],2026-06-04T02:24:38Z,False,"{'x': 7, 'y': 18}",0,Rebound,218.0
401859963483,483,"{'id': '125', 'text': 'Layup Shot Putback'}",Karl-Anthony Towns makes two point shot,66,69,3,3:36,True,2,{'id': '18'},[{'athlete': {'id': '3136195'}}],2026-06-04T02:24:44Z,True,"{'x': 25, 'y': 0}",2,+2 Points,216.0
401859963484,484,"{'id': '131', 'text': 'Pullup Jump Shot'}",De'Aaron Fox makes 8-foot pullup jump shot,66,71,3,3:19,True,2,{'id': '24'},[{'athlete': {'id': '4066259'}}],2026-06-04T02:24:55Z,True,"{'x': 24, 'y': 8}",2,+2 Points,199.0
401859963485,485,"{'id': '92', 'text': 'Jump Shot'}",Josh Hart misses 25-foot three point jumper,66,71,3,2:56,False,0,{'id': '18'},[{'athlete': {'id': '3062679'}}],2026-06-04T02:25:21Z,True,"{'x': 26, 'y': 26}",3,Missed 3PT,176.0
401859963486,486,"{'id': '156', 'text': 'Offensive Rebound'}",Karl-Anthony Towns offensive rebound,66,71,3,2:53,False,0,{'id': '18'},[{'athlete': {'id': '3136195'}}],2026-06-04T02:25:24Z,False,"{'x': 26, 'y': 26}",0,Rebound,173.0
401859963487,487,"{'id': '125', 'text': 'Layup Shot Putback'}",Karl-Anthony Towns makes two point shot,68,71,3,2:52,True,2,{'id': '18'},[{'athlete': {'id': '3136195'}}],2026-06-04T02:25:26Z,True,"{'x': 25, 'y': 0}",2,+2 Points,172.0
401859963488,488,"{'id': '44', 'text': 'Shooting Foul'}",Keldon Johnson shooting foul,68,71,3,2:52,False,0,{'id': '24'},[{'athlete': {'id': '4395723'}}],2026-06-04T02:25:27Z,False,"{'x': 26, 'y': 0}",0,Foul,172.0
401859963490,490,"{'id': '97', 'text': 'Free Throw - 1 of 1'}",Karl-Anthony Towns makes free throw 1 of 1,69,71,3,2:52,True,1,{'id': '18'},[{'athlete': {'id': '3136195'}}],2026-06-04T02:26:12Z,True,"{'x': -214748340, 'y': -214748365}",1,+1 Point,172.0
401859963491,491,"{'id': '128', 'text': 'Driving Finger Roll Layup'}",De'Aaron Fox misses two point shot,69,71,3,2:41,False,0,{'id': '24'},[{'athlete': {'id': '4066259'}}],2026-06-04T02:26:27Z,True,"{'x': 23, 'y': 1}",2,Missed FG,161.0
401859963492,492,"{'id': '155', 'text': 'Defensive Rebound'}",Landry Shamet defensive rebound,69,71,3,2:39,False,0,{'id': '18'},[{'athlete': {'id': '3914044'}}],2026-06-04T02:26:29Z,False,"{'x': 23, 'y': 1}",0,Rebound,159.0
401859963493,493,"{'id': '92', 'text': 'Jump Shot'}",Karl-Anthony Towns misses 29-foot three point jumper,69,71,3,2:31,False,0,{'id': '18'},[{'athlete': {'id': '3136195'}}],2026-06-04T02:26:37Z,True,"{'x': 24, 'y': 30}",3,Missed 3PT,151.0
401859963494,494,"{'id': '155', 'text': 'Defensive Rebound'}",Dylan Harper defensive rebound,69,71,3,2:29,False,0,{'id': '24'},[{'athlete': {'id': '5037871'}}],2026-06-04T02:26:39Z,False,"{'x': 24, 'y': 30}",0,Rebound,149.0
401859963495,495,"{'id': '42', 'text': 'Offensive Foul'}",Victor Wembanyama offensive foul,69,71,3,2:17,False,0,{'id': '24'},[{'athlete': {'id': '5104157'}}],2026-06-04T02:26:55Z,False,"{'x': 24, 'y': 20}",0,Foul,137.0
401859963497,497,"{'id': '84', 'text': 'Offensive Foul Turnover'}",Victor Wembanyama offensive foul turnover,69,71,3,2:17,False,0,{'id': '24'},[{'athlete': {'id': '5104157'}}],2026-06-04T02:26:55Z,False,"{'x': 24, 'y': 20}",0,Turnover,137.0
401859963498,498,"{'id': '131', 'text': 'Pullup Jump Shot'}",Jalen Brunson makes 14-foot pullup jump shot,71,71,3,2:01,True,2,{'id': '18'},[{'athlete': {'id': '3934672'}}],2026-06-04T02:27:33Z,True,"{'x': 35, 'y': 11}",2,+2 Points,121.0
401859963499,499,"{'id': '144', 'text': 'Driving Floating Jump Shot'}",Miles McBride blocks Keldon Johnson's driving floating jump shot,71,71,3,1:56,False,0,{'id': '24'},"[{'athlete': {'id': '4395723'}}, {'athlete': {'id': '4431823'}}]",2026-06-04T02:27:42Z,True,"{'x': 22, 'y': 1}",2,Missed FG,116.0
401859963501,501,"{'id': '156', 'text': 'Offensive Rebound'}",Spurs offensive team rebound,71,71,3,1:55,False,0,{'id': '24'},,2026-06-04T02:27:43Z,False,"{'x': 22, 'y': 1}",0,Rebound,115.0
401859963503,503,"{'id': '584', 'text': 'Substitution'}",Devin Vassell enters the game for Julian Champagnie,71,71,3,1:55,False,0,{'id': '24'},"[{'athlete': {'id': '4395630'}}, {'athlete': {'id': '4592479'}}]",2026-06-04T02:27:49Z,False,"{'x': -214748340, 'y': -214748365}",0,Substitution,115.0
401859963504,504,"{'id': '584', 'text': 'Substitution'}",Harrison Barnes enters the game for Keldon Johnson,71,71,3,1:55,False,0,{'id': '24'},"[{'athlete': {'id': '6578'}}, {'athlete': {'id': '4395723'}}]",2026-06-04T02:27:49Z,False,"{'x': -214748340, 'y': -214748365}",0,Substitution,115.0
401859963505,505,"{'id': '584', 'text': 'Substitution'}",Mitchell Robinson enters the game for Karl-Anthony Towns,71,71,3,1:55,False,0,{'id': '18'},"[{'athlete': {'id': '4351852'}}, {'athlete': {'id': '3136195'}}]",2026-06-04T02:27:49Z,False,"{'x': -214748340, 'y': -214748365}",0,Substitution,115.0
401859963509,509,"{'id': '151', 'text': 'Cutting Dunk Shot'}",Devin Vassell makes 1-foot dunk (De'Aaron Fox assists),71,73,3,1:52,True,2,{'id': '24'},"[{'athlete': {'id': '4395630'}}, {'athlete': {'id': '4066259'}}]",2026-06-04T02:28:14Z,True,"{'x': 25, 'y': 1}",2,+2 Points,112.0
401859963511,511,"{'id': '44', 'text': 'Shooting Foul'}",Harrison Barnes shooting foul,71,73,3,1:37,False,0,{'id': '24'},[{'athlete': {'id': '6578'}}],2026-06-04T02:28:32Z,False,"{'x': 31, 'y': 11}",0,Foul,97.0
401859963513,513,"{'id': '98', 'text': 'Free Throw - 1 of 2'}",Jalen Brunson makes free throw 1 of 2,72,73,3,1:37,True,1,{'id': '18'},[{'athlete': {'id': '3934672'}}],2026-06-04T02:29:00Z,True,"{'x': -214748340, 'y': -214748365}",1,+1 Point,97.0
401859963514,514,"{'id': '99', 'text': 'Free Throw - 2 of 2'}",Jalen Brunson makes free throw 2 of 2,73,73,3,1:37,True,1,{'id': '18'},[{'athlete': {'id': '3934672'}}],2026-06-04T02:29:24Z,True,"{'x': -214748340, 'y': -214748365}",1,+1 Point,97.0
401859963515,515,"{'id': '92', 'text': 'Jump Shot'}",Victor Wembanyama misses 24-foot three point jumper,73,73,3,1:24,False,0,{'id': '24'},[{'athlete': {'id': '5104157'}}],2026-06-04T02:29:46Z,True,"{'x': 49, 'y': 5}",3,Missed 3PT,84.0
401859963516,516,"{'id': '155', 'text': 'Defensive Rebound'}",Josh Hart defensive rebound,73,73,3,1:19,False,0,{'id': '18'},[{'athlete': {'id': '3062679'}}],2026-06-04T02:29:51Z,False,"{'x': 49, 'y': 5}",0,Rebound,79.0
401859963517,517,"{'id': '137', 'text': 'Turnaround Fade Away Jump Shot'}",Jalen Brunson misses 14-foot two point shot,73,73,3,1:15,False,0,{'id': '18'},[{'athlete': {'id': '3934672'}}],2026-06-04T02:29:56Z,True,"{'x': 28, 'y': 15}",2,Missed FG,75.0
401859963518,518,"{'id': '155', 'text': 'Defensive Rebound'}",Harrison Barnes defensive rebound,73,73,3,1:13,False,0,{'id': '24'},[{'athlete': {'id': '6578'}}],2026-06-04T02:29:58Z,False,"{'x': 28, 'y': 15}",0,Rebound,73.0
401859963519,519,"{'id': '44', 'text': 'Shooting Foul'}",Landry Shamet shooting foul,73,73,3,1:07,False,0,{'id': '18'},[{'athlete': {'id': '3914044'}}],2026-06-04T02:30:05Z,False,"{'x': 26, 'y': 5}",0,Foul,67.0
401859963521,521,"{'id': '98', 'text': 'Free Throw - 1 of 2'}",De'Aaron Fox makes free throw 1 of 2,73,74,3,1:07,True,1,{'id': '24'},[{'athlete': {'id': '4066259'}}],2026-06-04T02:30:30Z,True,"{'x': -214748340, 'y': -214748365}",1,+1 Point,67.0
401859963522,522,"{'id': '99', 'text': 'Free Throw - 2 of 2'}",De'Aaron Fox misses free throw 2 of 2,73,74,3,1:07,False,0,{'id': '24'},[{'athlete': {'id': '4066259'}}],2026-06-04T02:30:30Z,True,"{'x': -214748340, 'y': -214748365}",1,Missed FT,67.0
401859963523,523,"{'id': '155', 'text': 'Defensive Rebound'}",Mitchell Robinson defensive rebound,73,74,3,1:05,False,0,{'id': '18'},[{'athlete': {'id': '4351852'}}],2026-06-04T02:30:32Z,False,"{'x': -214748340, 'y': -214748365}",0,Rebound,65.0
401859963524,524,"{'id': '90', 'text': 'Out of Bounds - Bad Pass Turnover'}",Jalen Brunson out of bounds bad pass turnover,73,74,3,43.2,False,0,{'id': '18'},[{'athlete': {'id': '3934672'}}],2026-06-04T02:31:16Z,False,"{'x': 28, 'y': -1}",0,Turnover,43.2
401859963525,525,"{'id': '115', 'text': 'Driving Dunk Shot'}",Victor Wembanyama makes 1-foot driving dunk (Devin Vassell assists),73,76,3,28.3,True,2,{'id': '24'},"[{'athlete': {'id': '5104157'}}, {'athlete': {'id': '4395630'}}]",2026-06-04T02:31:42Z,True,"{'x': 25, 'y': 2}",2,+2 Points,28.3
401859963527,527,"{'id': '122', 'text': 'Jump Shot Bank'}",Miles McBride makes 24-foot jump bank shot (Josh Hart assists),76,76,3,9.6,True,3,{'id': '18'},"[{'athlete': {'id': '4431823'}}, {'athlete': {'id': '3062679'}}]",2026-06-04T02:32:02Z,True,"{'x': 1, 'y': 3}",3,+3 Points,9.6
401859963529,529,"{'id': '131', 'text': 'Pullup Jump Shot'}",Victor Wembanyama misses 26-foot three point pullup jump shot,76,76,3,0.3,False,0,{'id': '24'},[{'athlete': {'id': '5104157'}}],2026-06-04T02:32:14Z,True,"{'x': 27, 'y': 27}",3,Missed 3PT,0.3
401859963530,530,"{'id': '156', 'text': 'Offensive Rebound'}",Spurs offensive team rebound,76,76,3,0.3,False,0,{'id': '24'},,2026-06-04T02:32:14Z,False,"{'x': 27, 'y': 27}",0,Rebound,0.3
401859963531,531,"{'id': '412', 'text': 'End Period'}",End of the 3rd Quarter,76,76,3,0.0,False,0,,,2026-06-04T02:32:20Z,False,"{'x': -214748340, 'y': -214748365}",0,End of 3rd,0.0
401859963532,532,"{'id': '584', 'text': 'Substitution'}",Stephon Castle enters the game for Dylan Harper,76,76,4,12:00,False,0,{'id': '24'},"[{'athlete': {'id': '4845367'}}, {'athlete': {'id': '5037871'}}]",2026-06-04T02:35:41Z,False,"{'x': -214748340, 'y': -214748365}",0,Substitution,720.0
401859963533,533,"{'id': '584', 'text': 'Substitution'}",Jose Alvarado enters the game for Josh Hart,76,76,4,12:00,False,0,{'id': '18'},"[{'athlete': {'id': '4277869'}}, {'athlete': {'id': '3062679'}}]",2026-06-04T02:35:41Z,False,"{'x': -214748340, 'y': -214748365}",0,Substitution,720.0
401859963534,534,"{'id': '584', 'text': 'Substitution'}",OG Anunoby enters the game for Jalen Brunson,76,76,4,12:00,False,0,{'id': '18'},"[{'athlete': {'id': '3934719'}}, {'athlete': {'id': '3934672'}}]",2026-06-04T02:35:41Z,False,"{'x': -214748340, 'y': -214748365}",0,Substitution,720.0
401859963535,535,"{'id': '584', 'text': 'Substitution'}",Karl-Anthony Towns enters the game for Mitchell Robinson,76,76,4,12:00,False,0,{'id': '18'},"[{'athlete': {'id': '3136195'}}, {'athlete': {'id': '4351852'}}]",2026-06-04T02:35:41Z,False,"{'x': -214748340, 'y': -214748365}",0,Substitution,720.0
401859963541,541,"{'id': '144', 'text': 'Driving Floating Jump Shot'}",Karl-Anthony Towns misses driving floating jump shot,76,76,4,11:38,False,0,{'id': '18'},[{'athlete': {'id': '3136195'}}],2026-06-04T02:36:24Z,True,"{'x': 25, 'y': 6}",2,Missed FG,698.0
401859963542,542,"{'id': '156', 'text': 'Offensive Rebound'}",Knicks offensive team rebound,76,76,4,11:33,False,0,{'id': '18'},,2026-06-04T02:36:29Z,False,"{'x': 25, 'y': 6}",0,Rebound,693.0
401859963544,544,"{'id': '112', 'text': 'Reverse Layup Shot'}",Landry Shamet makes 1-foot reverse layup (Miles McBride assists),78,76,4,11:32,True,2,{'id': '18'},"[{'athlete': {'id': '3914044'}}, {'athlete': {'id': '4431823'}}]",2026-06-04T02:36:50Z,True,"{'x': 24, 'y': 1}",2,+2 Points,692.0
401859963546,546,"{'id': '144', 'text': 'Driving Floating Jump Shot'}",De'Aaron Fox misses driving floating jump shot,78,76,4,11:11,False,0,{'id': '24'},[{'athlete': {'id': '4066259'}}],2026-06-04T02:37:13Z,True,"{'x': 25, 'y': 9}",2,Missed FG,671.0
401859963547,547,"{'id': '156', 'text': 'Offensive Rebound'}",Victor Wembanyama offensive rebound,78,76,4,11:09,False,0,{'id': '24'},[{'athlete': {'id': '5104157'}}],2026-06-04T02:37:15Z,False,"{'x': 25, 'y': 9}",0,Rebound,669.0
401859963548,548,"{'id': '44', 'text': 'Shooting Foul'}",Jose Alvarado shooting foul,78,76,4,11:09,False,0,{'id': '18'},[{'athlete': {'id': '4277869'}}],2026-06-04T02:37:17Z,False,"{'x': 24, 'y': 6}",0,Foul,669.0
401859963550,550,"{'id': '98', 'text': 'Free Throw - 1 of 2'}",Victor Wembanyama misses free throw 1 of 2,78,76,4,11:09,False,0,{'id': '24'},[{'athlete': {'id': '5104157'}}],2026-06-04T02:37:47Z,True,"{'x': -214748340, 'y': -214748365}",1,Missed FT,669.0
401859963551,551,"{'id': '156', 'text': 'Offensive Rebound'}",Spurs offensive team rebound,78,76,4,11:09,False,0,{'id': '24'},,2026-06-04T02:37:47Z,False,"{'x': -214748340, 'y': -214748365}",0,Rebound,669.0
401859963552,552,"{'id': '99', 'text': 'Free Throw - 2 of 2'}",Victor Wembanyama makes free throw 2 of 2,78,77,4,11:09,True,1,{'id': '24'},[{'athlete': {'id': '5104157'}}],2026-06-04T02:38:18Z,True,"{'x': -214748340, 'y': -214748365}",1,+1 Point,669.0
401859963553,553,"{'id': '92', 'text': 'Jump Shot'}",Jose Alvarado misses 26-foot three point jumper,78,77,4,10:45,False,0,{'id': '18'},[{'athlete': {'id': '4277869'}}],2026-06-04T02:38:45Z,True,"{'x': 31, 'y': 26}",3,Missed 3PT,645.0
401859963554,554,"{'id': '156', 'text': 'Offensive Rebound'}",Knicks offensive team rebound,78,77,4,10:44,False,0,{'id': '18'},,2026-06-04T02:38:46Z,False,"{'x': 31, 'y': 26}",0,Rebound,644.0
401859963555,555,"{'id': '43', 'text': 'Loose Ball Foul'}",De'Aaron Fox loose ball foul,78,77,4,10:44,False,0,{'id': '24'},[{'athlete': {'id': '4066259'}}],2026-06-04T02:38:50Z,False,"{'x': 22, 'y': 3}",0,Foul,644.0
401859963557,557,"{'id': '128', 'text': 'Driving Finger Roll Layup'}",OG Anunoby makes 2-foot two point shot,80,77,4,10:32,True,2,{'id': '18'},[{'athlete': {'id': '3934719'}}],2026-06-04T02:39:18Z,True,"{'x': 27, 'y': 0}",2,+2 Points,632.0
401859963558,558,"{'id': '137', 'text': 'Turnaround Fade Away Jump Shot'}",Victor Wembanyama misses 9-foot two point shot,80,77,4,10:16,False,0,{'id': '24'},[{'athlete': {'id': '5104157'}}],2026-06-04T02:39:34Z,True,"{'x': 16, 'y': 3}",2,Missed FG,616.0
401859963559,559,"{'id': '155', 'text': 'Defensive Rebound'}",Karl-Anthony Towns defensive rebound,80,77,4,10:13,False,0,{'id': '18'},[{'athlete': {'id': '3136195'}}],2026-06-04T02:39:37Z,False,"{'x': 16, 'y': 3}",0,Rebound,613.0
401859963560,560,"{'id': '145', 'text': 'Driving Floating Bank Jump Shot'}",OG Anunoby misses two point shot,80,77,4,9:56,False,0,{'id': '18'},[{'athlete': {'id': '3934719'}}],2026-06-04T02:39:56Z,True,"{'x': 18, 'y': 5}",2,Missed FG,596.0
401859963561,561,"{'id': '155', 'text': 'Defensive Rebound'}",Victor Wembanyama defensive rebound,80,77,4,9:53,False,0,{'id': '24'},[{'athlete': {'id': '5104157'}}],2026-06-04T02:39:59Z,False,"{'x': 18, 'y': 5}",0,Rebound,593.0
401859963562,562,"{'id': '110', 'text': 'Driving Layup Shot'}",Devin Vassell misses driving layup,80,77,4,9:45,False,0,{'id': '24'},[{'athlete': {'id': '4395630'}}],2026-06-04T02:40:05Z,True,"{'x': 28, 'y': 1}",2,Missed FG,585.0
401859963563,563,"{'id': '156', 'text': 'Offensive Rebound'}",Victor Wembanyama offensive rebound,80,77,4,9:44,False,0,{'id': '24'},[{'athlete': {'id': '5104157'}}],2026-06-04T02:40:06Z,False,"{'x': 28, 'y': 1}",0,Rebound,584.0
401859963564,564,"{'id': '125', 'text': 'Layup Shot Putback'}",Victor Wembanyama makes two point shot,80,79,4,9:44,True,2,{'id': '24'},[{'athlete': {'id': '5104157'}}],2026-06-04T02:40:11Z,True,"{'x': 25, 'y': 2}",2,+2 Points,584.0
401859963565,565,"{'id': '92', 'text': 'Jump Shot'}",OG Anunoby makes 23-foot three point jumper (Miles McBride assists),83,79,4,9:23,True,3,{'id': '18'},"[{'athlete': {'id': '3934719'}}, {'athlete': {'id': '4431823'}}]",2026-06-04T02:40:27Z,True,"{'x': 1, 'y': 2}",3,+3 Points,563.0
401859963567,567,"{'id': '114', 'text': 'Turnaround Jump Shot'}",Stephon Castle makes 5-foot turnaround jump shot (Victor Wembanyama assists),83,81,4,9:07,True,2,{'id': '24'},"[{'athlete': {'id': '4845367'}}, {'athlete': {'id': '5104157'}}]",2026-06-04T02:40:42Z,True,"{'x': 21, 'y': 5}",2,+2 Points,547.0
401859963569,569,"{'id': '92', 'text': 'Jump Shot'}",OG Anunoby makes 23-foot three point jumper,86,81,4,8:50,True,3,{'id': '18'},[{'athlete': {'id': '3934719'}}],2026-06-04T02:40:59Z,True,"{'x': 48, 'y': 4}",3,+3 Points,530.0
401859963570,570,"{'id': '92', 'text': 'Jump Shot'}",Stephon Castle makes 25-foot three point jumper (Devin Vassell assists),86,84,4,8:32,True,3,{'id': '24'},"[{'athlete': {'id': '4845367'}}, {'athlete': {'id': '4395630'}}]",2026-06-04T02:41:17Z,True,"{'x': 16, 'y': 24}",3,+3 Points,512.0
401859963573,573,"{'id': '144', 'text': 'Driving Floating Jump Shot'}",Jose Alvarado misses driving floating jump shot,86,84,4,8:07,False,0,{'id': '18'},[{'athlete': {'id': '4277869'}}],2026-06-04T02:41:54Z,True,"{'x': 30, 'y': 6}",2,Missed FG,487.0
401859963574,574,"{'id': '155', 'text': 'Defensive Rebound'}",De'Aaron Fox defensive rebound,86,84,4,8:04,False,0,{'id': '24'},[{'athlete': {'id': '4066259'}}],2026-06-04T02:41:57Z,False,"{'x': 30, 'y': 6}",0,Rebound,484.0
401859963575,575,"{'id': '113', 'text': 'Running Jump Shot'}",Devin Vassell misses 23-foot running jump shot,86,84,4,8:00,False,0,{'id': '24'},[{'athlete': {'id': '4395630'}}],2026-06-04T02:42:01Z,True,"{'x': 48, 'y': 2}",3,Missed 3PT,480.0
401859963576,576,"{'id': '156', 'text': 'Offensive Rebound'}",Harrison Barnes offensive rebound,86,84,4,7:58,False,0,{'id': '24'},[{'athlete': {'id': '6578'}}],2026-06-04T02:42:03Z,False,"{'x': 48, 'y': 2}",0,Rebound,478.0
401859963577,577,"{'id': '92', 'text': 'Jump Shot'}",Stephon Castle misses 25-foot three point jumper,86,84,4,7:56,False,0,{'id': '24'},[{'athlete': {'id': '4845367'}}],2026-06-04T02:42:06Z,True,"{'x': 24, 'y': 26}",3,Missed 3PT,476.0
401859963578,578,"{'id': '155', 'text': 'Defensive Rebound'}",Karl-Anthony Towns defensive rebound,86,84,4,7:54,False,0,{'id': '18'},[{'athlete': {'id': '3136195'}}],2026-06-04T02:42:08Z,False,"{'x': 24, 'y': 26}",0,Rebound,474.0
401859963579,579,"{'id': '109', 'text': 'Running Layup Shot'}",Miles McBride misses running layup,86,84,4,7:46,False,0,{'id': '18'},[{'athlete': {'id': '4431823'}}],2026-06-04T02:42:15Z,True,"{'x': 22, 'y': 1}",2,Missed FG,466.0
401859963580,580,"{'id': '155', 'text': 'Defensive Rebound'}",Stephon Castle defensive rebound,86,84,4,7:44,False,0,{'id': '24'},[{'athlete': {'id': '4845367'}}],2026-06-04T02:42:17Z,False,"{'x': 22, 'y': 1}",0,Rebound,464.0
401859963581,581,"{'id': '113', 'text': 'Running Jump Shot'}",Harrison Barnes misses 26-foot running jump shot,86,84,4,7:41,False,0,{'id': '24'},[{'athlete': {'id': '6578'}}],2026-06-04T02:42:21Z,True,"{'x': 4, 'y': 16}",3,Missed 3PT,461.0
401859963582,582,"{'id': '156', 'text': 'Offensive Rebound'}",Devin Vassell offensive rebound,86,84,4,7:39,False,0,{'id': '24'},[{'athlete': {'id': '4395630'}}],2026-06-04T02:42:23Z,False,"{'x': 4, 'y': 16}",0,Rebound,459.0
401859963583,583,"{'id': '94', 'text': 'Tip Shot'}",Devin Vassell makes tip shot,86,86,4,7:38,True,2,{'id': '24'},[{'athlete': {'id': '4395630'}}],2026-06-04T02:42:29Z,True,"{'x': 25, 'y': 0}",2,+2 Points,458.0
401859963584,584,"{'id': '16', 'text': 'Full Timeout'}",Knicks Full timeout,86,86,4,7:37,False,0,{'id': '18'},,2026-06-04T02:42:33Z,False,"{'x': -214748340, 'y': -214748365}",0,Timeout,457.0
401859963585,585,"{'id': '584', 'text': 'Substitution'}",Dylan Harper enters the game for Victor Wembanyama,86,86,4,7:37,False,0,{'id': '24'},"[{'athlete': {'id': '5037871'}}, {'athlete': {'id': '5104157'}}]",2026-06-04T02:45:54Z,False,"{'x': -214748340, 'y': -214748365}",0,Substitution,457.0
401859963586,586,"{'id': '584', 'text': 'Substitution'}",Julian Champagnie enters the game for De'Aaron Fox,86,86,4,7:37,False,0,{'id': '24'},"[{'athlete': {'id': '4592479'}}, {'athlete': {'id': '4066259'}}]",2026-06-04T02:45:54Z,False,"{'x': -214748340, 'y': -214748365}",0,Substitution,457.0
401859963587,587,"{'id': '584', 'text': 'Substitution'}",Luke Kornet enters the game for Harrison Barnes,86,86,4,7:37,False,0,{'id': '24'},"[{'athlete': {'id': '3064560'}}, {'athlete': {'id': '6578'}}]",2026-06-04T02:45:54Z,False,"{'x': -214748340, 'y': -214748365}",0,Substitution,457.0
401859963588,588,"{'id': '584', 'text': 'Substitution'}",Josh Hart enters the game for Landry Shamet,86,86,4,7:37,False,0,{'id': '18'},"[{'athlete': {'id': '3062679'}}, {'athlete': {'id': '3914044'}}]",2026-06-04T02:45:54Z,False,"{'x': -214748340, 'y': -214748365}",0,Substitution,457.0
401859963589,589,"{'id': '584', 'text': 'Substitution'}",Jalen Brunson enters the game for Jose Alvarado,86,86,4,7:37,False,0,{'id': '18'},"[{'athlete': {'id': '3934672'}}, {'athlete': {'id': '4277869'}}]",2026-06-04T02:45:54Z,False,"{'x': -214748340, 'y': -214748365}",0,Substitution,457.0
401859963590,590,"{'id': '584', 'text': 'Substitution'}",Mikal Bridges enters the game for OG Anunoby,86,86,4,7:37,False,0,{'id': '18'},"[{'athlete': {'id': '3147657'}}, {'athlete': {'id': '3934719'}}]",2026-06-04T02:45:54Z,False,"{'x': -214748340, 'y': -214748365}",0,Substitution,457.0
401859963591,591,"{'id': '584', 'text': 'Substitution'}",Mitchell Robinson enters the game for Karl-Anthony Towns,86,86,4,7:37,False,0,{'id': '18'},"[{'athlete': {'id': '4351852'}}, {'athlete': {'id': '3136195'}}]",2026-06-04T02:45:54Z,False,"{'x': -214748340, 'y': -214748365}",0,Substitution,457.0
401859963599,599,"{'id': '128', 'text': 'Driving Finger Roll Layup'}",Jalen Brunson makes 3-foot two point shot,88,86,4,7:22,True,2,{'id': '18'},[{'athlete': {'id': '3934672'}}],2026-06-04T02:46:31Z,True,"{'x': 22, 'y': 2}",2,+2 Points,442.0
401859963600,600,"{'id': '45', 'text': 'Personal Foul'}",Mikal Bridges personal foul,88,86,4,7:05,False,0,{'id': '18'},[{'athlete': {'id': '3147657'}}],2026-06-04T02:46:54Z,False,"{'x': 34, 'y': -1}",0,Foul,425.0
401859963602,602,"{'id': '131', 'text': 'Pullup Jump Shot'}",Stephon Castle misses 3-foot pullup jump shot,88,86,4,6:58,False,0,{'id': '24'},[{'athlete': {'id': '4845367'}}],2026-06-04T02:47:25Z,True,"{'x': 22, 'y': 2}",2,Missed FG,418.0
401859963603,603,"{'id': '155', 'text': 'Defensive Rebound'}",Josh Hart defensive rebound,88,86,4,6:56,False,0,{'id': '18'},[{'athlete': {'id': '3062679'}}],2026-06-04T02:47:27Z,False,"{'x': 22, 'y': 2}",0,Rebound,416.0
401859963604,604,"{'id': '44', 'text': 'Shooting Foul'}",Julian Champagnie shooting foul,88,86,4,6:52,False,0,{'id': '24'},[{'athlete': {'id': '4592479'}}],2026-06-04T02:47:32Z,False,"{'x': 21, 'y': 6}",0,Foul,412.0
401859963606,606,"{'id': '98', 'text': 'Free Throw - 1 of 2'}",Jalen Brunson makes free throw 1 of 2,89,86,4,6:52,True,1,{'id': '18'},[{'athlete': {'id': '3934672'}}],2026-06-04T02:48:08Z,True,"{'x': -214748340, 'y': -214748365}",1,+1 Point,412.0
401859963607,607,"{'id': '584', 'text': 'Substitution'}",Victor Wembanyama enters the game for Luke Kornet,89,86,4,6:52,False,0,{'id': '24'},"[{'athlete': {'id': '5104157'}}, {'athlete': {'id': '3064560'}}]",2026-06-04T02:48:09Z,False,"{'x': -214748340, 'y': -214748365}",0,Substitution,412.0
401859963608,608,"{'id': '584', 'text': 'Substitution'}",Landry Shamet enters the game for Miles McBride,89,86,4,6:52,False,0,{'id': '18'},"[{'athlete': {'id': '3914044'}}, {'athlete': {'id': '4431823'}}]",2026-06-04T02:48:09Z,False,"{'x': -214748340, 'y': -214748365}",0,Substitution,412.0
401859963611,611,"{'id': '99', 'text': 'Free Throw - 2 of 2'}",Jalen Brunson makes free throw 2 of 2,90,86,4,6:52,True,1,{'id': '18'},[{'athlete': {'id': '3934672'}}],2026-06-04T02:48:34Z,True,"{'x': -214748340, 'y': -214748365}",1,+1 Point,412.0
401859963612,612,"{'id': '62', 'text': 'Bad Pass\nTurnover'}","Dylan Harper bad pass
turnover (Josh Hart steals)",90,86,4,6:39,False,0,{'id': '24'},"[{'athlete': {'id': '5037871'}}, {'athlete': {'id': '3062679'}}]",2026-06-04T02:48:49Z,False,"{'x': 39, 'y': 3}",0,Turnover,399.0
401859963614,614,"{'id': '109', 'text': 'Running Layup Shot'}",Jalen Brunson makes running layup,92,86,4,6:34,True,2,{'id': '18'},[{'athlete': {'id': '3934672'}}],2026-06-04T02:48:54Z,True,"{'x': 21, 'y': 1}",2,+2 Points,394.0
401859963615,615,"{'id': '16', 'text': 'Full Timeout'}",Spurs Full timeout,92,86,4,6:34,False,0,{'id': '24'},,2026-06-04T02:49:01Z,False,"{'x': -214748340, 'y': -214748365}",0,Timeout,394.0
401859963616,616,"{'id': '584', 'text': 'Substitution'}",De'Aaron Fox enters the game for Stephon Castle,92,86,4,6:34,False,0,{'id': '24'},"[{'athlete': {'id': '4066259'}}, {'athlete': {'id': '4845367'}}]",2026-06-04T02:52:28Z,False,"{'x': -214748340, 'y': -214748365}",0,Substitution,394.0
401859963619,619,"{'id': '615', 'text': 'Jumpball'}",Mitchell Robinson vs. Victor Wembanyama (De'Aaron Fox gains possession),92,86,4,6:28,False,0,{'id': '24'},"[{'athlete': {'id': '5104157'}}, {'athlete': {'id': '4351852'}}, {'athlete': {'id': '4066259'}}]",2026-06-04T02:54:22Z,False,"{'x': -214748340, 'y': -214748365}",0,Jump Ball,388.0
401859963622,622,"{'id': '92', 'text': 'Jump Shot'}",Julian Champagnie misses 26-foot three point jumper,92,86,4,6:19,False,0,{'id': '24'},[{'athlete': {'id': '4592479'}}],2026-06-04T02:54:29Z,True,"{'x': 10, 'y': 22}",3,Missed 3PT,379.0
401859963623,623,"{'id': '155', 'text': 'Defensive Rebound'}",Josh Hart defensive rebound,92,86,4,6:15,False,0,{'id': '18'},[{'athlete': {'id': '3062679'}}],2026-06-04T02:54:33Z,False,"{'x': 10, 'y': 22}",0,Rebound,375.0
401859963624,624,"{'id': '128', 'text': 'Driving Finger Roll Layup'}",Jalen Brunson makes 4-foot two point shot,94,86,4,6:07,True,2,{'id': '18'},[{'athlete': {'id': '3934672'}}],2026-06-04T02:54:41Z,True,"{'x': 21, 'y': 3}",2,+2 Points,367.0
401859963625,625,"{'id': '45', 'text': 'Personal Foul'}",Josh Hart personal foul,94,86,4,6:03,False,0,{'id': '18'},[{'athlete': {'id': '3062679'}}],2026-06-04T02:54:47Z,False,"{'x': 6, 'y': 30}",0,Foul,363.0
401859963627,627,"{'id': '584', 'text': 'Substitution'}",Stephon Castle enters the game for Devin Vassell,94,86,4,6:03,False,0,{'id': '24'},"[{'athlete': {'id': '4845367'}}, {'athlete': {'id': '4395630'}}]",2026-06-04T02:55:00Z,False,"{'x': -214748340, 'y': -214748365}",0,Substitution,363.0
401859963629,629,"{'id': '64', 'text': 'Traveling'}",Victor Wembanyama traveling turnover,94,86,4,5:46,False,0,{'id': '24'},[{'athlete': {'id': '5104157'}}],2026-06-04T02:55:27Z,False,"{'x': 28, 'y': 10}",0,Turnover,346.0
401859963631,631,"{'id': '131', 'text': 'Pullup Jump Shot'}",Jalen Brunson misses 12-foot pullup jump shot,94,86,4,5:27,False,0,{'id': '18'},[{'athlete': {'id': '3934672'}}],2026-06-04T02:56:24Z,True,"{'x': 17, 'y': 10}",2,Missed FG,327.0
401859963632,632,"{'id': '155', 'text': 'Defensive Rebound'}",De'Aaron Fox defensive rebound,94,86,4,5:25,False,0,{'id': '24'},[{'athlete': {'id': '4066259'}}],2026-06-04T02:56:26Z,False,"{'x': 17, 'y': 10}",0,Rebound,325.0
401859963633,633,"{'id': '63', 'text': 'Lost Ball Turnover'}",De'Aaron Fox lost ball turnover (Josh Hart steals),94,86,4,5:19,False,0,{'id': '24'},"[{'athlete': {'id': '4066259'}}, {'athlete': {'id': '3062679'}}]",2026-06-04T02:56:32Z,False,"{'x': 24, 'y': 21}",0,Turnover,319.0
401859963635,635,"{'id': '121', 'text': 'Fade Away Jump Shot'}",Mikal Bridges misses 12-foot fade away jump shot,94,86,4,4:58,False,0,{'id': '18'},[{'athlete': {'id': '3147657'}}],2026-06-04T02:56:53Z,True,"{'x': 13, 'y': 3}",2,Missed FG,298.0
401859963636,636,"{'id': '155', 'text': 'Defensive Rebound'}",Victor Wembanyama defensive rebound,94,86,4,4:56,False,0,{'id': '24'},[{'athlete': {'id': '5104157'}}],2026-06-04T02:56:55Z,False,"{'x': 13, 'y': 3}",0,Rebound,296.0
401859963637,637,"{'id': '131', 'text': 'Pullup Jump Shot'}",Victor Wembanyama makes 26-foot three pointer,94,89,4,4:50,True,3,{'id': '24'},[{'athlete': {'id': '5104157'}}],2026-06-04T02:57:02Z,True,"{'x': 13, 'y': 24}",3,+3 Points,290.0
401859963638,638,"{'id': '16', 'text': 'Full Timeout'}",Knicks Full timeout,94,89,4,4:48,False,0,{'id': '18'},,2026-06-04T02:57:09Z,False,"{'x': -214748340, 'y': -214748365}",0,Timeout,288.0
401859963639,639,"{'id': '584', 'text': 'Substitution'}",OG Anunoby enters the game for Mitchell Robinson,94,89,4,4:48,False,0,{'id': '18'},"[{'athlete': {'id': '3934719'}}, {'athlete': {'id': '4351852'}}]",2026-06-04T02:58:40Z,False,"{'x': -214748340, 'y': -214748365}",0,Substitution,288.0
401859963640,640,"{'id': '584', 'text': 'Substitution'}",Karl-Anthony Towns enters the game for Mikal Bridges,94,89,4,4:48,False,0,{'id': '18'},"[{'athlete': {'id': '3136195'}}, {'athlete': {'id': '3147657'}}]",2026-06-04T02:58:40Z,False,"{'x': -214748340, 'y': -214748365}",0,Substitution,288.0
401859963643,643,"{'id': '131', 'text': 'Pullup Jump Shot'}",Jalen Brunson misses 18-foot pullup jump shot,94,89,4,4:27,False,0,{'id': '18'},[{'athlete': {'id': '3934672'}}],2026-06-04T02:59:15Z,True,"{'x': 34, 'y': 16}",2,Missed FG,267.0
401859963644,644,"{'id': '155', 'text': 'Defensive Rebound'}",Dylan Harper defensive rebound,94,89,4,4:25,False,0,{'id': '24'},[{'athlete': {'id': '5037871'}}],2026-06-04T02:59:17Z,False,"{'x': 34, 'y': 16}",0,Rebound,265.0
401859963645,645,"{'id': '145', 'text': 'Driving Floating Bank Jump Shot'}",Victor Wembanyama misses two point shot,94,89,4,4:16,False,0,{'id': '24'},[{'athlete': {'id': '5104157'}}],2026-06-04T02:59:28Z,True,"{'x': 22, 'y': 2}",2,Missed FG,256.0
401859963646,646,"{'id': '156', 'text': 'Offensive Rebound'}",Victor Wembanyama offensive rebound,94,89,4,4:15,False,0,{'id': '24'},[{'athlete': {'id': '5104157'}}],2026-06-04T02:59:29Z,False,"{'x': 22, 'y': 2}",0,Rebound,255.0
401859963647,647,"{'id': '92', 'text': 'Jump Shot'}",Victor Wembanyama misses 23-foot three point jumper,94,89,4,4:07,False,0,{'id': '24'},[{'athlete': {'id': '5104157'}}],2026-06-04T02:59:37Z,True,"{'x': 48, 'y': -1}",3,Missed 3PT,247.0
401859963648,648,"{'id': '156', 'text': 'Offensive Rebound'}",Julian Champagnie offensive rebound,94,89,4,4:05,False,0,{'id': '24'},[{'athlete': {'id': '4592479'}}],2026-06-04T02:59:39Z,False,"{'x': 48, 'y': -1}",0,Rebound,245.0
401859963649,649,"{'id': '44', 'text': 'Shooting Foul'}",Jalen Brunson shooting foul,94,89,4,4:04,False,0,{'id': '18'},[{'athlete': {'id': '3934672'}}],2026-06-04T02:59:43Z,False,"{'x': 26, 'y': 4}",0,Foul,244.0
401859963651,651,"{'id': '98', 'text': 'Free Throw - 1 of 2'}",Julian Champagnie makes free throw 1 of 2,94,90,4,4:04,True,1,{'id': '24'},[{'athlete': {'id': '4592479'}}],2026-06-04T03:00:11Z,True,"{'x': -214748340, 'y': -214748365}",1,+1 Point,244.0
401859963652,652,"{'id': '584', 'text': 'Substitution'}",Devin Vassell enters the game for Dylan Harper,94,90,4,4:04,False,0,{'id': '24'},"[{'athlete': {'id': '4395630'}}, {'athlete': {'id': '5037871'}}]",2026-06-04T03:00:11Z,False,"{'x': -214748340, 'y': -214748365}",0,Substitution,244.0
401859963654,654,"{'id': '99', 'text': 'Free Throw - 2 of 2'}",Julian Champagnie misses free throw 2 of 2,94,90,4,4:04,False,0,{'id': '24'},[{'athlete': {'id': '4592479'}}],2026-06-04T03:00:11Z,True,"{'x': -214748340, 'y': -214748365}",1,Missed FT,244.0
401859963655,655,"{'id': '155', 'text': 'Defensive Rebound'}",OG Anunoby defensive rebound,94,90,4,4:01,False,0,{'id': '18'},[{'athlete': {'id': '3934719'}}],2026-06-04T03:00:14Z,False,"{'x': -214748340, 'y': -214748365}",0,Rebound,241.0
401859963656,656,"{'id': '131', 'text': 'Pullup Jump Shot'}",OG Anunoby misses 14-foot pullup jump shot,94,90,4,3:39,False,0,{'id': '18'},[{'athlete': {'id': '3934719'}}],2026-06-04T03:01:06Z,True,"{'x': 17, 'y': 12}",2,Missed FG,219.0
401859963657,657,"{'id': '155', 'text': 'Defensive Rebound'}",Julian Champagnie defensive rebound,94,90,4,3:38,False,0,{'id': '24'},[{'athlete': {'id': '4592479'}}],2026-06-04T03:01:08Z,False,"{'x': 17, 'y': 12}",0,Rebound,218.0
401859963658,658,"{'id': '110', 'text': 'Driving Layup Shot'}",Victor Wembanyama makes driving layup,94,92,4,3:24,True,2,{'id': '24'},[{'athlete': {'id': '5104157'}}],2026-06-04T03:01:23Z,True,"{'x': 23, 'y': 1}",2,+2 Points,204.0
401859963659,659,"{'id': '44', 'text': 'Shooting Foul'}",Karl-Anthony Towns shooting foul,94,92,4,3:24,False,0,{'id': '18'},[{'athlete': {'id': '3136195'}}],2026-06-04T03:01:28Z,False,"{'x': 24, 'y': 0}",0,Foul,204.0
401859963661,661,"{'id': '97', 'text': 'Free Throw - 1 of 1'}",Victor Wembanyama makes free throw 1 of 1,94,93,4,3:24,True,1,{'id': '24'},[{'athlete': {'id': '5104157'}}],2026-06-04T03:02:20Z,True,"{'x': -214748340, 'y': -214748365}",1,+1 Point,204.0
401859963662,662,"{'id': '132', 'text': 'Step Back Jump Shot'}",Jalen Brunson misses 14-foot step back jumpshot,94,93,4,3:03,False,0,{'id': '18'},[{'athlete': {'id': '3934672'}}],2026-06-04T03:02:43Z,True,"{'x': 25, 'y': 15}",2,Missed FG,183.0
401859963663,663,"{'id': '155', 'text': 'Defensive Rebound'}",Victor Wembanyama defensive rebound,94,93,4,3:00,False,0,{'id': '24'},[{'athlete': {'id': '5104157'}}],2026-06-04T03:02:46Z,False,"{'x': 25, 'y': 15}",0,Rebound,180.0
401859963664,664,"{'id': '144', 'text': 'Driving Floating Jump Shot'}",Victor Wembanyama misses driving floating jump shot,94,93,4,2:51,False,0,{'id': '24'},[{'athlete': {'id': '5104157'}}],2026-06-04T03:02:54Z,True,"{'x': 25, 'y': 7}",2,Missed FG,171.0
401859963665,665,"{'id': '155', 'text': 'Defensive Rebound'}",Josh Hart defensive rebound,94,93,4,2:49,False,0,{'id': '18'},[{'athlete': {'id': '3062679'}}],2026-06-04T03:02:56Z,False,"{'x': 25, 'y': 7}",0,Rebound,169.0
401859963666,666,"{'id': '113', 'text': 'Running Jump Shot'}",Landry Shamet misses 25-foot running jump shot,94,93,4,2:46,False,0,{'id': '18'},[{'athlete': {'id': '3914044'}}],2026-06-04T03:02:59Z,True,"{'x': 40, 'y': 22}",3,Missed 3PT,166.0
401859963667,667,"{'id': '156', 'text': 'Offensive Rebound'}",Josh Hart offensive rebound,94,93,4,2:41,False,0,{'id': '18'},[{'athlete': {'id': '3062679'}}],2026-06-04T03:03:05Z,False,"{'x': 40, 'y': 22}",0,Rebound,161.0
401859963668,668,"{'id': '145', 'text': 'Driving Floating Bank Jump Shot'}",Jalen Brunson misses two point shot,94,93,4,2:35,False,0,{'id': '18'},[{'athlete': {'id': '3934672'}}],2026-06-04T03:03:12Z,True,"{'x': 28, 'y': 1}",2,Missed FG,155.0
401859963669,669,"{'id': '155', 'text': 'Defensive Rebound'}",Victor Wembanyama defensive rebound,94,93,4,2:32,False,0,{'id': '24'},[{'athlete': {'id': '5104157'}}],2026-06-04T03:03:15Z,False,"{'x': 28, 'y': 1}",0,Rebound,152.0
401859963670,670,"{'id': '92', 'text': 'Jump Shot'}",Devin Vassell misses 25-foot three point jumper,94,93,4,2:18,False,0,{'id': '24'},[{'athlete': {'id': '4395630'}}],2026-06-04T03:03:27Z,True,"{'x': 47, 'y': 13}",3,Missed 3PT,138.0
401859963671,671,"{'id': '156', 'text': 'Offensive Rebound'}",Devin Vassell offensive rebound,94,93,4,2:16,False,0,{'id': '24'},[{'athlete': {'id': '4395630'}}],2026-06-04T03:03:29Z,False,"{'x': 47, 'y': 13}",0,Rebound,136.0
401859963672,672,"{'id': '45', 'text': 'Personal Foul'}",Landry Shamet personal foul,94,93,4,2:16,False,0,{'id': '18'},[{'athlete': {'id': '3914044'}}],2026-06-04T03:03:37Z,False,"{'x': 29, 'y': 1}",0,Foul,136.0
401859963674,674,"{'id': '98', 'text': 'Free Throw - 1 of 2'}",Victor Wembanyama makes free throw 1 of 2,94,94,4,2:16,True,1,{'id': '24'},[{'athlete': {'id': '5104157'}}],2026-06-04T03:04:22Z,True,"{'x': -214748340, 'y': -214748365}",1,+1 Point,136.0
401859963675,675,"{'id': '584', 'text': 'Substitution'}",Mikal Bridges enters the game for Landry Shamet,94,94,4,2:16,False,0,{'id': '18'},"[{'athlete': {'id': '3147657'}}, {'athlete': {'id': '3914044'}}]",2026-06-04T03:04:23Z,False,"{'x': -214748340, 'y': -214748365}",0,Substitution,136.0
401859963677,677,"{'id': '99', 'text': 'Free Throw - 2 of 2'}",Victor Wembanyama makes free throw 2 of 2,94,95,4,2:16,True,1,{'id': '24'},[{'athlete': {'id': '5104157'}}],2026-06-04T03:04:47Z,True,"{'x': -214748340, 'y': -214748365}",1,+1 Point,136.0
401859963678,678,"{'id': '92', 'text': 'Jump Shot'}",OG Anunoby misses 26-foot three point jumper,94,95,4,1:57,False,0,{'id': '18'},[{'athlete': {'id': '3934719'}}],2026-06-04T03:05:07Z,True,"{'x': 15, 'y': 24}",3,Missed 3PT,117.0
401859963679,679,"{'id': '156', 'text': 'Offensive Rebound'}",Mikal Bridges offensive rebound,94,95,4,1:52,False,0,{'id': '18'},[{'athlete': {'id': '3147657'}}],2026-06-04T03:05:12Z,False,"{'x': 15, 'y': 24}",0,Rebound,112.0
401859963680,680,"{'id': '92', 'text': 'Jump Shot'}",Jalen Brunson makes 23-foot three point jumper (Mikal Bridges assists),97,95,4,1:50,True,3,{'id': '18'},"[{'athlete': {'id': '3934672'}}, {'athlete': {'id': '3147657'}}]",2026-06-04T03:05:13Z,True,"{'x': 48, 'y': 0}",3,+3 Points,110.0
401859963682,682,"{'id': '131', 'text': 'Pullup Jump Shot'}",De'Aaron Fox misses 9-foot pullup jump shot,97,95,4,1:31,False,0,{'id': '24'},[{'athlete': {'id': '4066259'}}],2026-06-04T03:05:37Z,True,"{'x': 27, 'y': 9}",2,Missed FG,91.0
401859963683,683,"{'id': '155', 'text': 'Defensive Rebound'}",Josh Hart defensive rebound,97,95,4,1:28,False,0,{'id': '18'},[{'athlete': {'id': '3062679'}}],2026-06-04T03:05:40Z,False,"{'x': 27, 'y': 9}",0,Rebound,88.0
401859963684,684,"{'id': '44', 'text': 'Shooting Foul'}",De'Aaron Fox shooting foul,97,95,4,1:11,False,0,{'id': '24'},[{'athlete': {'id': '4066259'}}],2026-06-04T03:06:01Z,False,"{'x': 31, 'y': 13}",0,Foul,71.0
401859963686,686,"{'id': '98', 'text': 'Free Throw - 1 of 2'}",Mikal Bridges makes free throw 1 of 2,98,95,4,1:11,True,1,{'id': '18'},[{'athlete': {'id': '3147657'}}],2026-06-04T03:06:33Z,True,"{'x': -214748340, 'y': -214748365}",1,+1 Point,71.0
401859963687,687,"{'id': '99', 'text': 'Free Throw - 2 of 2'}",Mikal Bridges makes free throw 2 of 2,99,95,4,1:11,True,1,{'id': '18'},[{'athlete': {'id': '3147657'}}],2026-06-04T03:06:55Z,True,"{'x': -214748340, 'y': -214748365}",1,+1 Point,71.0
401859963688,688,"{'id': '63', 'text': 'Lost Ball Turnover'}",Victor Wembanyama lost ball turnover (Josh Hart steals),99,95,4,57.3,False,0,{'id': '24'},"[{'athlete': {'id': '5104157'}}, {'athlete': {'id': '3062679'}}]",2026-06-04T03:07:13Z,False,"{'x': 35, 'y': 23}",0,Turnover,57.3
401859963690,690,"{'id': '131', 'text': 'Pullup Jump Shot'}",Jalen Brunson makes 14-foot pullup jump shot,101,95,4,37.8,True,2,{'id': '18'},[{'athlete': {'id': '3934672'}}],2026-06-04T03:07:32Z,True,"{'x': 34, 'y': 12}",2,+2 Points,37.8
401859963691,691,"{'id': '92', 'text': 'Jump Shot'}",Victor Wembanyama misses 27-foot three point jumper,101,95,4,32.1,False,0,{'id': '24'},[{'athlete': {'id': '5104157'}}],2026-06-04T03:07:42Z,True,"{'x': 36, 'y': 26}",3,Missed 3PT,32.1
401859963692,692,"{'id': '155', 'text': 'Defensive Rebound'}",Knicks defensive team rebound,101,95,4,29.4,False,0,{'id': '18'},,2026-06-04T03:07:45Z,False,"{'x': 36, 'y': 26}",0,Rebound,29.4
401859963694,694,"{'id': '43', 'text': 'Loose Ball Foul'}",De'Aaron Fox loose ball foul,101,95,4,29.4,False,0,{'id': '24'},[{'athlete': {'id': '4066259'}}],2026-06-04T03:07:52Z,False,"{'x': 31, 'y': -1}",0,Foul,29.4
401859963696,696,"{'id': '98', 'text': 'Free Throw - 1 of 2'}",OG Anunoby makes free throw 1 of 2,102,95,4,29.4,True,1,{'id': '18'},[{'athlete': {'id': '3934719'}}],2026-06-04T03:08:24Z,True,"{'x': -214748340, 'y': -214748365}",1,+1 Point,29.4
401859963697,697,"{'id': '584', 'text': 'Substitution'}",Landry Shamet enters the game for Karl-Anthony Towns,102,95,4,29.4,False,0,{'id': '18'},"[{'athlete': {'id': '3914044'}}, {'athlete': {'id': '3136195'}}]",2026-06-04T03:08:27Z,False,"{'x': -214748340, 'y': -214748365}",0,Substitution,29.4
401859963699,699,"{'id': '99', 'text': 'Free Throw - 2 of 2'}",OG Anunoby makes free throw 2 of 2,103,95,4,29.4,True,1,{'id': '18'},[{'athlete': {'id': '3934719'}}],2026-06-04T03:08:51Z,True,"{'x': -214748340, 'y': -214748365}",1,+1 Point,29.4
401859963701,701,"{'id': '16', 'text': 'Full Timeout'}",Spurs Full timeout,103,95,4,21.1,False,0,{'id': '24'},,2026-06-04T03:09:40Z,False,"{'x': -214748340, 'y': -214748365}",0,Timeout,21.1
401859963702,702,"{'id': '215', 'text': ""Coach's Challenge (Overturned)""}",(00:21.1) [Knicks] COACH'S CHALLENGE (CALL OVERTURNED) [Knicks] retain their timeout,103,95,4,21.1,False,0,{'id': '18'},,2026-06-04T03:09:42Z,False,"{'x': -214748340, 'y': -214748365}",0,Challenge,21.1
401859963703,703,"{'id': '90', 'text': 'Out of Bounds - Bad Pass Turnover'}",De'Aaron Fox out of bounds bad pass turnover,103,95,4,21.1,False,0,{'id': '24'},[{'athlete': {'id': '4066259'}}],2026-06-04T03:11:19Z,False,"{'x': 14, 'y': 4}",0,Turnover,21.1
401859963704,704,"{'id': '16', 'text': 'Full Timeout'}",Knicks Full timeout,103,95,4,21.1,False,0,{'id': '18'},,2026-06-04T03:11:39Z,False,"{'x': -214748340, 'y': -214748365}",0,Timeout,21.1
401859963705,705,"{'id': '584', 'text': 'Substitution'}",Karl-Anthony Towns enters the game for Landry Shamet,103,95,4,21.1,False,0,{'id': '18'},"[{'athlete': {'id': '3136195'}}, {'athlete': {'id': '3914044'}}]",2026-06-04T03:12:48Z,False,"{'x': -214748340, 'y': -214748365}",0,Substitution,21.1
401859963707,707,"{'id': '22', 'text': 'Personal Take Foul'}",Stephon Castle personal take foul,103,95,4,20.6,False,0,{'id': '24'},[{'athlete': {'id': '4845367'}}],2026-06-04T03:13:13Z,False,"{'x': 39, 'y': 27}",0,Foul,20.6
401859963709,709,"{'id': '98', 'text': 'Free Throw - 1 of 2'}",OG Anunoby makes free throw 1 of 2,104,95,4,20.6,True,1,{'id': '18'},[{'athlete': {'id': '3934719'}}],2026-06-04T03:13:35Z,True,"{'x': -214748340, 'y': -214748365}",1,+1 Point,20.6
401859963710,710,"{'id': '584', 'text': 'Substitution'}",Landry Shamet enters the game for Karl-Anthony Towns,104,95,4,20.6,False,0,{'id': '18'},"[{'athlete': {'id': '3914044'}}, {'athlete': {'id': '3136195'}}]",2026-06-04T03:13:39Z,False,"{'x': -214748340, 'y': -214748365}",0,Substitution,20.6
401859963712,712,"{'id': '99', 'text': 'Free Throw - 2 of 2'}",OG Anunoby makes free throw 2 of 2,105,95,4,20.6,True,1,{'id': '18'},[{'athlete': {'id': '3934719'}}],2026-06-04T03:13:56Z,True,"{'x': -214748340, 'y': -214748365}",1,+1 Point,20.6
401859963713,713,"{'id': '92', 'text': 'Jump Shot'}",Julian Champagnie misses 25-foot three point jumper,105,95,4,13.0,False,0,{'id': '24'},[{'athlete': {'id': '4592479'}}],2026-06-04T03:14:06Z,True,"{'x': 4, 'y': 16}",3,Missed 3PT,13.0
401859963714,714,"{'id': '155', 'text': 'Defensive Rebound'}",Josh Hart defensive rebound,105,95,4,9.6,False,0,{'id': '18'},[{'athlete': {'id': '3062679'}}],2026-06-04T03:14:10Z,False,"{'x': 4, 'y': 16}",0,Rebound,9.6
401859963715,715,"{'id': '412', 'text': 'End Period'}",End of the 4th Quarter,105,95,4,0.0,False,0,,,2026-06-04T03:14:36Z,False,"{'x': -214748340, 'y': -214748365}",0,End of 4th,0.0
401859963716,716,"{'id': '402', 'text': 'End Game'}",End of Game,105,95,4,0.0,False,0,,,2026-06-04T03:14:38Z,False,"{'x': -214748340, 'y': -214748365}",0,End of Game,0.0
