id,sequenceNumber,type,text,awayScore,homeScore,period,clock,scoringPlay,scoreValue,team,participants,wallclock,shootingPlay,coordinate,pointsAttempted,shortDescription,clockSec
4018599654,4,"{'id': '615', 'text': 'Jumpball'}",Victor Wembanyama vs. Karl-Anthony Towns (De'Aaron Fox gains possession),0,0,1,12:00,False,0,{'id': '24'},"[{'athlete': {'id': '5104157'}}, {'athlete': {'id': '3136195'}}, {'athlete': {'id': '4066259'}}]",2026-06-09T00:44:20Z,False,"{'x': -214748340, 'y': -214748365}",0,Jump Ball,720.0
4018599657,7,"{'id': '92', 'text': 'Jump Shot'}",De'Aaron Fox misses 22-foot three point jumper,0,0,1,11:38,False,0,{'id': '24'},[{'athlete': {'id': '4066259'}}],2026-06-09T00:44:38Z,True,"{'x': 2, 'y': 0}",3,Missed 3PT,698.0
4018599658,8,"{'id': '155', 'text': 'Defensive Rebound'}",Josh Hart defensive rebound,0,0,1,11:36,False,0,{'id': '18'},[{'athlete': {'id': '3062679'}}],2026-06-09T00:44:40Z,False,"{'x': 2, 'y': 0}",0,Rebound,696.0
4018599659,9,"{'id': '131', 'text': 'Pullup Jump Shot'}",Jalen Brunson misses 8-foot pullup jump shot,0,0,1,11:30,False,0,{'id': '18'},[{'athlete': {'id': '3934672'}}],2026-06-09T00:44:47Z,True,"{'x': 24, 'y': 8}",2,Missed FG,690.0
40185996510,10,"{'id': '155', 'text': 'Defensive Rebound'}",Victor Wembanyama defensive rebound,0,0,1,11:27,False,0,{'id': '24'},[{'athlete': {'id': '5104157'}}],2026-06-09T00:44:50Z,False,"{'x': 24, 'y': 8}",0,Rebound,687.0
40185996511,11,"{'id': '137', 'text': 'Turnaround Fade Away Jump Shot'}",De'Aaron Fox misses 6-foot two point shot,0,0,1,11:07,False,0,{'id': '24'},[{'athlete': {'id': '4066259'}}],2026-06-09T00:45:09Z,True,"{'x': 21, 'y': 6}",2,Missed FG,667.0
40185996512,12,"{'id': '155', 'text': 'Defensive Rebound'}",Karl-Anthony Towns defensive rebound,0,0,1,11:06,False,0,{'id': '18'},[{'athlete': {'id': '3136195'}}],2026-06-09T00:45:10Z,False,"{'x': 21, 'y': 6}",0,Rebound,666.0
40185996513,13,"{'id': '90', 'text': 'Out of Bounds - Bad Pass Turnover'}",Mikal Bridges out of bounds bad pass turnover,0,0,1,10:54,False,0,{'id': '18'},[{'athlete': {'id': '3147657'}}],2026-06-09T00:45:24Z,False,"{'x': 8, 'y': 40}",0,Turnover,654.0
40185996514,14,"{'id': '118', 'text': 'Alley Oop Dunk Shot'}",Victor Wembanyama makes 1-foot alley oop dunk (De'Aaron Fox assists),2,0,1,10:42,True,2,{'id': '24'},"[{'athlete': {'id': '5104157'}}, {'athlete': {'id': '4066259'}}]",2026-06-09T00:45:41Z,True,"{'x': 26, 'y': 1}",2,+2 Points,642.0
40185996516,16,"{'id': '90', 'text': 'Out of Bounds - Bad Pass Turnover'}",Josh Hart out of bounds bad pass turnover,2,0,1,10:27,False,0,{'id': '18'},[{'athlete': {'id': '3062679'}}],2026-06-09T00:45:55Z,False,"{'x': 14, 'y': 15}",0,Turnover,627.0
40185996517,17,"{'id': '96', 'text': 'Dunk Shot'}",Victor Wembanyama makes dunk (Stephon Castle assists),4,0,1,10:14,True,2,{'id': '24'},"[{'athlete': {'id': '5104157'}}, {'athlete': {'id': '4845367'}}]",2026-06-09T00:46:18Z,True,"{'x': 25, 'y': 1}",2,+2 Points,614.0
40185996519,19,"{'id': '132', 'text': 'Step Back Jump Shot'}",Victor Wembanyama blocks Mikal Bridges's three point step back jumpshot,4,0,1,10:01,False,0,{'id': '18'},"[{'athlete': {'id': '3147657'}}, {'athlete': {'id': '5104157'}}]",2026-06-09T00:46:34Z,True,"{'x': 2, 'y': 0}",3,Missed 3PT,601.0
40185996521,21,"{'id': '155', 'text': 'Defensive Rebound'}",Stephon Castle defensive rebound,4,0,1,10:00,False,0,{'id': '24'},[{'athlete': {'id': '4845367'}}],2026-06-09T00:46:35Z,False,"{'x': 2, 'y': 0}",0,Rebound,600.0
40185996522,22,"{'id': '92', 'text': 'Jump Shot'}",Devin Vassell makes 23-foot three point jumper (De'Aaron Fox assists),7,0,1,9:48,True,3,{'id': '24'},"[{'athlete': {'id': '4395630'}}, {'athlete': {'id': '4066259'}}]",2026-06-09T00:46:45Z,True,"{'x': 2, 'y': 4}",3,+3 Points,588.0
40185996524,24,"{'id': '92', 'text': 'Jump Shot'}",Josh Hart makes 25-foot three point jumper (Karl-Anthony Towns assists),7,3,1,9:32,True,3,{'id': '18'},"[{'athlete': {'id': '3062679'}}, {'athlete': {'id': '3136195'}}]",2026-06-09T00:47:00Z,True,"{'x': 9, 'y': 21}",3,+3 Points,572.0
40185996526,26,"{'id': '110', 'text': 'Driving Layup Shot'}",Stephon Castle makes driving layup,9,3,1,9:14,True,2,{'id': '24'},[{'athlete': {'id': '4845367'}}],2026-06-09T00:47:20Z,True,"{'x': 24, 'y': 1}",2,+2 Points,554.0
40185996527,27,"{'id': '44', 'text': 'Shooting Foul'}",Mikal Bridges shooting foul,9,3,1,9:14,False,0,{'id': '18'},[{'athlete': {'id': '3147657'}}],2026-06-09T00:47:22Z,False,"{'x': 24, 'y': 1}",0,Foul,554.0
40185996529,29,"{'id': '97', 'text': 'Free Throw - 1 of 1'}",Stephon Castle misses free throw 1 of 1,9,3,1,9:14,False,0,{'id': '24'},[{'athlete': {'id': '4845367'}}],2026-06-09T00:47:51Z,True,"{'x': -214748340, 'y': -214748365}",1,Missed FT,554.0
40185996530,30,"{'id': '155', 'text': 'Defensive Rebound'}",Karl-Anthony Towns defensive rebound,9,3,1,9:12,False,0,{'id': '18'},[{'athlete': {'id': '3136195'}}],2026-06-09T00:47:53Z,False,"{'x': -214748340, 'y': -214748365}",0,Rebound,552.0
40185996531,31,"{'id': '148', 'text': 'Turnaround Fadeaway Bank Jump Shot'}",Jalen Brunson makes 7-foot two point shot,9,5,1,9:00,True,2,{'id': '18'},[{'athlete': {'id': '3934672'}}],2026-06-09T00:48:04Z,True,"{'x': 31, 'y': 5}",2,+2 Points,540.0
40185996532,32,"{'id': '45', 'text': 'Personal Foul'}",Mikal Bridges personal foul,9,5,1,8:52,False,0,{'id': '18'},[{'athlete': {'id': '3147657'}}],2026-06-09T00:48:15Z,False,"{'x': 24, 'y': 24}",0,Foul,532.0
40185996534,34,"{'id': '584', 'text': 'Substitution'}",Landry Shamet enters the game for Mikal Bridges,9,5,1,8:52,False,0,{'id': '18'},"[{'athlete': {'id': '3914044'}}, {'athlete': {'id': '3147657'}}]",2026-06-09T00:48:15Z,False,"{'x': -214748340, 'y': -214748365}",0,Substitution,532.0
40185996536,36,"{'id': '87', 'text': 'Out of Bounds - Lost Ball Turnover'}",De'Aaron Fox out of bounds lost ball turnover,9,5,1,8:48,False,0,{'id': '24'},[{'athlete': {'id': '4066259'}}],2026-06-09T00:48:50Z,False,"{'x': 33, 'y': 38}",0,Turnover,528.0
40185996537,37,"{'id': '42', 'text': 'Offensive Foul'}",Jalen Brunson offensive foul,9,5,1,8:41,False,0,{'id': '18'},[{'athlete': {'id': '3934672'}}],2026-06-09T00:49:06Z,False,"{'x': 14, 'y': 25}",0,Foul,521.0
40185996539,39,"{'id': '84', 'text': 'Offensive Foul Turnover'}",Jalen Brunson offensive foul turnover,9,5,1,8:41,False,0,{'id': '18'},[{'athlete': {'id': '3934672'}}],2026-06-09T00:49:06Z,False,"{'x': 14, 'y': 25}",0,Turnover,521.0
40185996540,40,"{'id': '95', 'text': 'Layup Shot'}",Victor Wembanyama makes layup (Stephon Castle assists),11,5,1,8:33,True,2,{'id': '24'},"[{'athlete': {'id': '5104157'}}, {'athlete': {'id': '4845367'}}]",2026-06-09T00:49:31Z,True,"{'x': 26, 'y': 2}",2,+2 Points,513.0
40185996542,42,"{'id': '45', 'text': 'Personal Foul'}",Julian Champagnie personal foul,11,5,1,8:22,False,0,{'id': '24'},[{'athlete': {'id': '4592479'}}],2026-06-09T00:49:44Z,False,"{'x': 35, 'y': 12}",0,Foul,502.0
40185996544,44,"{'id': '92', 'text': 'Jump Shot'}",Landry Shamet misses 25-foot three point jumper,11,5,1,8:13,False,0,{'id': '18'},[{'athlete': {'id': '3914044'}}],2026-06-09T00:50:16Z,True,"{'x': 6, 'y': 17}",3,Missed 3PT,493.0
40185996545,45,"{'id': '155', 'text': 'Defensive Rebound'}",De'Aaron Fox defensive rebound,11,5,1,8:10,False,0,{'id': '24'},[{'athlete': {'id': '4066259'}}],2026-06-09T00:50:19Z,False,"{'x': 6, 'y': 17}",0,Rebound,490.0
40185996546,46,"{'id': '92', 'text': 'Jump Shot'}",Stephon Castle makes 26-foot three point jumper (Victor Wembanyama assists),14,5,1,8:01,True,3,{'id': '24'},"[{'athlete': {'id': '4845367'}}, {'athlete': {'id': '5104157'}}]",2026-06-09T00:50:28Z,True,"{'x': 10, 'y': 21}",3,+3 Points,481.0
40185996548,48,"{'id': '44', 'text': 'Shooting Foul'}",Devin Vassell shooting foul,14,5,1,7:51,False,0,{'id': '24'},[{'athlete': {'id': '4395630'}}],2026-06-09T00:50:41Z,False,"{'x': 13, 'y': 13}",0,Foul,471.0
40185996550,50,"{'id': '98', 'text': 'Free Throw - 1 of 2'}",Jalen Brunson makes free throw 1 of 2,14,6,1,7:51,True,1,{'id': '18'},[{'athlete': {'id': '3934672'}}],2026-06-09T00:51:08Z,True,"{'x': -214748340, 'y': -214748365}",1,+1 Point,471.0
40185996551,51,"{'id': '584', 'text': 'Substitution'}",Dylan Harper enters the game for Julian Champagnie,14,6,1,7:51,False,0,{'id': '24'},"[{'athlete': {'id': '5037871'}}, {'athlete': {'id': '4592479'}}]",2026-06-09T00:51:09Z,False,"{'x': -214748340, 'y': -214748365}",0,Substitution,471.0
40185996552,52,"{'id': '584', 'text': 'Substitution'}",Keldon Johnson enters the game for De'Aaron Fox,14,6,1,7:51,False,0,{'id': '24'},"[{'athlete': {'id': '4395723'}}, {'athlete': {'id': '4066259'}}]",2026-06-09T00:51:09Z,False,"{'x': -214748340, 'y': -214748365}",0,Substitution,471.0
40185996555,55,"{'id': '99', 'text': 'Free Throw - 2 of 2'}",Jalen Brunson misses free throw 2 of 2,14,6,1,7:51,False,0,{'id': '18'},[{'athlete': {'id': '3934672'}}],2026-06-09T00:51:08Z,True,"{'x': -214748340, 'y': -214748365}",1,Missed FT,471.0
40185996556,56,"{'id': '155', 'text': 'Defensive Rebound'}",Devin Vassell defensive rebound,14,6,1,7:48,False,0,{'id': '24'},[{'athlete': {'id': '4395630'}}],2026-06-09T00:51:11Z,False,"{'x': -214748340, 'y': -214748365}",0,Rebound,468.0
40185996557,57,"{'id': '131', 'text': 'Pullup Jump Shot'}",Stephon Castle makes 14-foot pullup jump shot,16,6,1,7:34,True,2,{'id': '24'},[{'athlete': {'id': '4845367'}}],2026-06-09T00:51:50Z,True,"{'x': 24, 'y': 15}",2,+2 Points,454.0
40185996558,58,"{'id': '92', 'text': 'Jump Shot'}",Josh Hart makes 25-foot three point jumper (Landry Shamet assists),16,9,1,7:10,True,3,{'id': '18'},"[{'athlete': {'id': '3062679'}}, {'athlete': {'id': '3914044'}}]",2026-06-09T00:52:14Z,True,"{'x': 9, 'y': 20}",3,+3 Points,430.0
40185996560,60,"{'id': '145', 'text': 'Driving Floating Bank Jump Shot'}",Victor Wembanyama makes 4-foot two point shot (Stephon Castle assists),18,9,1,7:02,True,2,{'id': '24'},"[{'athlete': {'id': '5104157'}}, {'athlete': {'id': '4845367'}}]",2026-06-09T00:52:25Z,True,"{'x': 27, 'y': 4}",2,+2 Points,422.0
40185996561,61,"{'id': '44', 'text': 'Shooting Foul'}",OG Anunoby shooting foul,18,9,1,7:02,False,0,{'id': '18'},[{'athlete': {'id': '3934719'}}],2026-06-09T00:52:27Z,False,"{'x': 27, 'y': 4}",0,Foul,422.0
40185996563,63,"{'id': '97', 'text': 'Free Throw - 1 of 1'}",Victor Wembanyama makes free throw 1 of 1,19,9,1,7:02,True,1,{'id': '24'},[{'athlete': {'id': '5104157'}}],2026-06-09T00:53:03Z,True,"{'x': -214748340, 'y': -214748365}",1,+1 Point,422.0
40185996565,65,"{'id': '16', 'text': 'Full Timeout'}",Knicks Full timeout,19,9,1,6:49,False,0,{'id': '18'},,2026-06-09T00:53:26Z,False,"{'x': -214748340, 'y': -214748365}",0,Timeout,409.0
40185996567,67,"{'id': '137', 'text': 'Turnaround Fade Away Jump Shot'}",OG Anunoby makes 9-foot two point shot,19,11,1,6:43,True,2,{'id': '18'},[{'athlete': {'id': '3934719'}}],2026-06-09T00:57:29Z,True,"{'x': 18, 'y': 6}",2,+2 Points,403.0
40185996568,68,"{'id': '86', 'text': 'Out of Bounds - Step Turnover'}",Victor Wembanyama steps out of bounds turnover,19,11,1,6:25,False,0,{'id': '24'},[{'athlete': {'id': '5104157'}}],2026-06-09T00:57:50Z,False,"{'x': 21, 'y': -3}",0,Turnover,385.0
40185996569,69,"{'id': '92', 'text': 'Jump Shot'}",OG Anunoby misses 23-foot three point jumper,19,11,1,6:03,False,0,{'id': '18'},[{'athlete': {'id': '3934719'}}],2026-06-09T00:58:19Z,True,"{'x': 2, 'y': 1}",3,Missed 3PT,363.0
40185996570,70,"{'id': '155', 'text': 'Defensive Rebound'}",Dylan Harper defensive rebound,19,11,1,6:00,False,0,{'id': '24'},[{'athlete': {'id': '5037871'}}],2026-06-09T00:58:22Z,False,"{'x': 2, 'y': 1}",0,Rebound,360.0
40185996571,71,"{'id': '110', 'text': 'Driving Layup Shot'}",Dylan Harper makes driving layup,21,11,1,5:48,True,2,{'id': '24'},[{'athlete': {'id': '5037871'}}],2026-06-09T00:58:34Z,True,"{'x': 25, 'y': 2}",2,+2 Points,348.0
40185996572,72,"{'id': '131', 'text': 'Pullup Jump Shot'}",Jalen Brunson misses 26-foot three point pullup jump shot,21,11,1,5:32,False,0,{'id': '18'},[{'athlete': {'id': '3934672'}}],2026-06-09T00:58:49Z,True,"{'x': 23, 'y': 27}",3,Missed 3PT,332.0
40185996573,73,"{'id': '155', 'text': 'Defensive Rebound'}",Devin Vassell defensive rebound,21,11,1,5:29,False,0,{'id': '24'},[{'athlete': {'id': '4395630'}}],2026-06-09T00:58:52Z,False,"{'x': 23, 'y': 27}",0,Rebound,329.0
40185996574,74,"{'id': '110', 'text': 'Driving Layup Shot'}",Landry Shamet blocks Victor Wembanyama 's 4-foot driving layup,21,11,1,5:21,False,0,{'id': '24'},"[{'athlete': {'id': '5104157'}}, {'athlete': {'id': '3914044'}}]",2026-06-09T00:59:01Z,True,"{'x': 28, 'y': 3}",2,Missed FG,321.0
40185996576,76,"{'id': '155', 'text': 'Defensive Rebound'}",Jalen Brunson defensive rebound,21,11,1,5:19,False,0,{'id': '18'},[{'athlete': {'id': '3934672'}}],2026-06-09T00:59:03Z,False,"{'x': 28, 'y': 3}",0,Rebound,319.0
40185996577,77,"{'id': '116', 'text': 'Running Dunk Shot'}",OG Anunoby makes 1-foot running dunk (Jalen Brunson assists),21,13,1,5:14,True,2,{'id': '18'},"[{'athlete': {'id': '3934719'}}, {'athlete': {'id': '3934672'}}]",2026-06-09T00:59:08Z,True,"{'x': 24, 'y': 1}",2,+2 Points,314.0
40185996579,79,"{'id': '92', 'text': 'Jump Shot'}",Devin Vassell makes 26-foot three point jumper (Dylan Harper assists),24,13,1,4:56,True,3,{'id': '24'},"[{'athlete': {'id': '4395630'}}, {'athlete': {'id': '5037871'}}]",2026-06-09T00:59:25Z,True,"{'x': 38, 'y': 24}",3,+3 Points,296.0
40185996581,81,"{'id': '45', 'text': 'Personal Foul'}",Keldon Johnson personal foul,24,13,1,4:35,False,0,{'id': '24'},[{'athlete': {'id': '4395723'}}],2026-06-09T00:59:51Z,False,"{'x': 19, 'y': 8}",0,Foul,275.0
40185996583,83,"{'id': '584', 'text': 'Substitution'}",Miles McBride enters the game for OG Anunoby,24,13,1,4:35,False,0,{'id': '18'},"[{'athlete': {'id': '4431823'}}, {'athlete': {'id': '3934719'}}]",2026-06-09T00:59:51Z,False,"{'x': -214748340, 'y': -214748365}",0,Substitution,275.0
40185996584,84,"{'id': '584', 'text': 'Substitution'}",Luke Kornet enters the game for Stephon Castle,24,13,1,4:35,False,0,{'id': '24'},"[{'athlete': {'id': '3064560'}}, {'athlete': {'id': '4845367'}}]",2026-06-09T00:59:51Z,False,"{'x': -214748340, 'y': -214748365}",0,Substitution,275.0
40185996585,85,"{'id': '584', 'text': 'Substitution'}",De'Aaron Fox enters the game for Victor Wembanyama,24,13,1,4:35,False,0,{'id': '24'},"[{'athlete': {'id': '4066259'}}, {'athlete': {'id': '5104157'}}]",2026-06-09T00:59:51Z,False,"{'x': -214748340, 'y': -214748365}",0,Substitution,275.0
40185996589,89,"{'id': '132', 'text': 'Step Back Jump Shot'}",Josh Hart misses 25-foot three point step back jumpshot,24,13,1,4:21,False,0,{'id': '18'},[{'athlete': {'id': '3062679'}}],2026-06-09T01:00:34Z,True,"{'x': 10, 'y': 20}",3,Missed 3PT,261.0
40185996590,90,"{'id': '155', 'text': 'Defensive Rebound'}",De'Aaron Fox defensive rebound,24,13,1,4:18,False,0,{'id': '24'},[{'athlete': {'id': '4066259'}}],2026-06-09T01:00:37Z,False,"{'x': 10, 'y': 20}",0,Rebound,258.0
40185996591,91,"{'id': '110', 'text': 'Driving Layup Shot'}",Karl-Anthony Towns blocks Keldon Johnson 's 2-foot driving layup,24,13,1,4:10,False,0,{'id': '24'},"[{'athlete': {'id': '4395723'}}, {'athlete': {'id': '3136195'}}]",2026-06-09T01:00:47Z,True,"{'x': 24, 'y': 1}",2,Missed FG,250.0
40185996593,93,"{'id': '156', 'text': 'Offensive Rebound'}",Luke Kornet offensive rebound,24,13,1,4:09,False,0,{'id': '24'},[{'athlete': {'id': '3064560'}}],2026-06-09T01:00:48Z,False,"{'x': 24, 'y': 1}",0,Rebound,249.0
40185996594,94,"{'id': '132', 'text': 'Step Back Jump Shot'}",De'Aaron Fox misses 10-foot step back jumpshot,24,13,1,4:02,False,0,{'id': '24'},[{'athlete': {'id': '4066259'}}],2026-06-09T01:00:57Z,True,"{'x': 21, 'y': 10}",2,Missed FG,242.0
40185996595,95,"{'id': '155', 'text': 'Defensive Rebound'}",Josh Hart defensive rebound,24,13,1,4:00,False,0,{'id': '18'},[{'athlete': {'id': '3062679'}}],2026-06-09T01:00:59Z,False,"{'x': 21, 'y': 10}",0,Rebound,240.0
40185996596,96,"{'id': '144', 'text': 'Driving Floating Jump Shot'}",Karl-Anthony Towns makes 2-foot driving floating jump shot,24,15,1,3:45,True,2,{'id': '18'},[{'athlete': {'id': '3136195'}}],2026-06-09T01:01:11Z,True,"{'x': 22, 'y': 1}",2,+2 Points,225.0
40185996597,97,"{'id': '137', 'text': 'Turnaround Fade Away Jump Shot'}",Dylan Harper misses 13-foot two point shot,24,15,1,3:30,False,0,{'id': '24'},[{'athlete': {'id': '5037871'}}],2026-06-09T01:01:24Z,True,"{'x': 35, 'y': 8}",2,Missed FG,210.0
40185996598,98,"{'id': '155', 'text': 'Defensive Rebound'}",Josh Hart defensive rebound,24,15,1,3:28,False,0,{'id': '18'},[{'athlete': {'id': '3062679'}}],2026-06-09T01:01:26Z,False,"{'x': 35, 'y': 8}",0,Rebound,208.0
40185996599,99,"{'id': '109', 'text': 'Running Layup Shot'}",Josh Hart makes running layup,24,17,1,3:24,True,2,{'id': '18'},[{'athlete': {'id': '3062679'}}],2026-06-09T01:01:31Z,True,"{'x': 27, 'y': 1}",2,+2 Points,204.0
401859965100,100,"{'id': '16', 'text': 'Full Timeout'}",Spurs Full timeout,24,17,1,3:24,False,0,{'id': '24'},,2026-06-09T01:01:35Z,False,"{'x': -214748340, 'y': -214748365}",0,Timeout,204.0
401859965103,103,"{'id': '277', 'text': ""Coach's Challenge (replaycenter)""}",(03:24) [Spurs] COACH'S CHALLENGE (CALL REPLAYCENTER),24,17,1,3:24,False,0,,,2026-06-09T01:03:40Z,False,"{'x': -214748340, 'y': -214748365}",0,Challenge,204.0
401859965104,104,"{'id': '35', 'text': 'Technical Foul'}",Josh Hart technical foul,24,17,1,3:24,False,0,{'id': '18'},[{'athlete': {'id': '3062679'}}],2026-06-09T01:04:10Z,False,"{'x': -214748340, 'y': -214748365}",0,Foul,204.0
401859965105,105,"{'id': '584', 'text': 'Substitution'}",Mitchell Robinson enters the game for Josh Hart,24,17,1,3:24,False,0,{'id': '18'},"[{'athlete': {'id': '4351852'}}, {'athlete': {'id': '3062679'}}]",2026-06-09T01:04:10Z,False,"{'x': -214748340, 'y': -214748365}",0,Substitution,204.0
401859965106,106,"{'id': '584', 'text': 'Substitution'}",OG Anunoby enters the game for Karl-Anthony Towns,24,17,1,3:24,False,0,{'id': '18'},"[{'athlete': {'id': '3934719'}}, {'athlete': {'id': '3136195'}}]",2026-06-09T01:04:10Z,False,"{'x': -214748340, 'y': -214748365}",0,Substitution,204.0
401859965109,109,"{'id': '103', 'text': 'Free Throw - Technical'}",Devin Vassell misses technical free throw,24,17,1,3:24,False,0,{'id': '24'},[{'athlete': {'id': '4395630'}}],2026-06-09T01:06:10Z,True,"{'x': -214748340, 'y': -214748365}",1,Missed FT,204.0
401859965110,110,"{'id': '156', 'text': 'Offensive Rebound'}",Spurs offensive team rebound,24,17,1,3:24,False,0,{'id': '24'},,2026-06-09T01:06:10Z,False,"{'x': -214748340, 'y': -214748365}",0,Rebound,204.0
401859965111,111,"{'id': '92', 'text': 'Jump Shot'}",Dylan Harper misses 23-foot three point jumper,24,17,1,3:09,False,0,{'id': '24'},[{'athlete': {'id': '5037871'}}],2026-06-09T01:06:40Z,True,"{'x': 48, 'y': 4}",3,Missed 3PT,189.0
401859965112,112,"{'id': '155', 'text': 'Defensive Rebound'}",Landry Shamet defensive rebound,24,17,1,3:07,False,0,{'id': '18'},[{'athlete': {'id': '3914044'}}],2026-06-09T01:06:42Z,False,"{'x': 48, 'y': 4}",0,Rebound,187.0
401859965113,113,"{'id': '131', 'text': 'Pullup Jump Shot'}",Landry Shamet misses 26-foot three point pullup jump shot,24,17,1,3:00,False,0,{'id': '18'},[{'athlete': {'id': '3914044'}}],2026-06-09T01:06:50Z,True,"{'x': 19, 'y': 26}",3,Missed 3PT,180.0
401859965114,114,"{'id': '155', 'text': 'Defensive Rebound'}",Dylan Harper defensive rebound,24,17,1,2:57,False,0,{'id': '24'},[{'athlete': {'id': '5037871'}}],2026-06-09T01:06:53Z,False,"{'x': 19, 'y': 26}",0,Rebound,177.0
401859965115,115,"{'id': '144', 'text': 'Driving Floating Jump Shot'}",Keldon Johnson makes 4-foot driving floating jump shot (De'Aaron Fox assists),26,17,1,2:49,True,2,{'id': '24'},"[{'athlete': {'id': '4395723'}}, {'athlete': {'id': '4066259'}}]",2026-06-09T01:07:00Z,True,"{'x': 26, 'y': 5}",2,+2 Points,169.0
401859965117,117,"{'id': '121', 'text': 'Fade Away Jump Shot'}",Jalen Brunson misses 8-foot fade away jump shot,26,17,1,2:32,False,0,{'id': '18'},[{'athlete': {'id': '3934672'}}],2026-06-09T01:07:18Z,True,"{'x': 28, 'y': 8}",2,Missed FG,152.0
401859965118,118,"{'id': '155', 'text': 'Defensive Rebound'}",Luke Kornet defensive rebound,26,17,1,2:30,False,0,{'id': '24'},[{'athlete': {'id': '3064560'}}],2026-06-09T01:07:20Z,False,"{'x': 28, 'y': 8}",0,Rebound,150.0
401859965119,119,"{'id': '131', 'text': 'Pullup Jump Shot'}",De'Aaron Fox makes 15-foot pullup jump shot (Luke Kornet assists),28,17,1,2:21,True,2,{'id': '24'},"[{'athlete': {'id': '4066259'}}, {'athlete': {'id': '3064560'}}]",2026-06-09T01:07:29Z,True,"{'x': 26, 'y': 16}",2,+2 Points,141.0
401859965121,121,"{'id': '110', 'text': 'Driving Layup Shot'}",Jalen Brunson makes driving layup,28,19,1,2:06,True,2,{'id': '18'},[{'athlete': {'id': '3934672'}}],2026-06-09T01:07:43Z,True,"{'x': 24, 'y': 1}",2,+2 Points,126.0
401859965122,122,"{'id': '151', 'text': 'Cutting Dunk Shot'}",Dylan Harper makes dunk (Luke Kornet assists),30,19,1,1:48,True,2,{'id': '24'},"[{'athlete': {'id': '5037871'}}, {'athlete': {'id': '3064560'}}]",2026-06-09T01:08:02Z,True,"{'x': 25, 'y': 0}",2,+2 Points,108.0
401859965124,124,"{'id': '62', 'text': 'Bad Pass\nTurnover'}","Miles McBride bad pass
turnover (Keldon Johnson steals)",30,19,1,1:40,False,0,{'id': '18'},"[{'athlete': {'id': '4431823'}}, {'athlete': {'id': '4395723'}}]",2026-06-09T01:08:10Z,False,"{'x': 8, 'y': 21}",0,Turnover,100.0
401859965126,126,"{'id': '129', 'text': 'Running Finger Roll Layup'}",Keldon Johnson misses two point shot,30,19,1,1:36,False,0,{'id': '24'},[{'athlete': {'id': '4395723'}}],2026-06-09T01:08:15Z,True,"{'x': 25, 'y': 3}",2,Missed FG,96.0
401859965127,127,"{'id': '155', 'text': 'Defensive Rebound'}",Landry Shamet defensive rebound,30,19,1,1:33,False,0,{'id': '18'},[{'athlete': {'id': '3914044'}}],2026-06-09T01:08:17Z,False,"{'x': 25, 'y': 3}",0,Rebound,93.0
401859965128,128,"{'id': '44', 'text': 'Shooting Foul'}",Luke Kornet shooting foul,30,19,1,1:26,False,0,{'id': '24'},[{'athlete': {'id': '3064560'}}],2026-06-09T01:08:25Z,False,"{'x': 24, 'y': 1}",0,Foul,86.0
401859965130,130,"{'id': '98', 'text': 'Free Throw - 1 of 2'}",OG Anunoby makes free throw 1 of 2,30,20,1,1:26,True,1,{'id': '18'},[{'athlete': {'id': '3934719'}}],2026-06-09T01:09:01Z,True,"{'x': -214748340, 'y': -214748365}",1,+1 Point,86.0
401859965132,132,"{'id': '584', 'text': 'Substitution'}",Julian Champagnie enters the game for Luke Kornet,30,20,1,1:26,False,0,{'id': '24'},"[{'athlete': {'id': '4592479'}}, {'athlete': {'id': '3064560'}}]",2026-06-09T01:09:01Z,False,"{'x': -214748340, 'y': -214748365}",0,Substitution,86.0
401859965135,135,"{'id': '99', 'text': 'Free Throw - 2 of 2'}",OG Anunoby makes free throw 2 of 2,30,21,1,1:26,True,1,{'id': '18'},[{'athlete': {'id': '3934719'}}],2026-06-09T01:09:26Z,True,"{'x': -214748340, 'y': -214748365}",1,+1 Point,86.0
401859965136,136,"{'id': '584', 'text': 'Substitution'}",Victor Wembanyama enters the game for Devin Vassell,30,21,1,1:26,False,0,{'id': '24'},"[{'athlete': {'id': '5104157'}}, {'athlete': {'id': '4395630'}}]",2026-06-09T01:09:01Z,False,"{'x': -214748340, 'y': -214748365}",0,Substitution,86.0
401859965137,137,"{'id': '92', 'text': 'Jump Shot'}",Julian Champagnie makes 26-foot three point jumper (Victor Wembanyama assists),33,21,1,1:12,True,3,{'id': '24'},"[{'athlete': {'id': '4592479'}}, {'athlete': {'id': '5104157'}}]",2026-06-09T01:09:42Z,True,"{'x': 33, 'y': 25}",3,+3 Points,72.0
401859965139,139,"{'id': '93', 'text': 'Hook Shot'}",Jalen Brunson misses 8-foot hook shot,33,21,1,49.1,False,0,{'id': '18'},[{'athlete': {'id': '3934672'}}],2026-06-09T01:10:08Z,True,"{'x': 29, 'y': 8}",2,Missed FG,49.1
401859965140,140,"{'id': '156', 'text': 'Offensive Rebound'}",Mitchell Robinson offensive rebound,33,21,1,48.2,False,0,{'id': '18'},[{'athlete': {'id': '4351852'}}],2026-06-09T01:10:09Z,False,"{'x': 29, 'y': 8}",0,Rebound,48.2
401859965147,147,"{'id': '125', 'text': 'Layup Shot Putback'}",Victor Wembanyama blocks Mitchell Robinson 's 3-foot two point shot,33,21,1,46.4,False,0,{'id': '18'},"[{'athlete': {'id': '4351852'}}, {'athlete': {'id': '5104157'}}]",2026-06-09T01:10:16Z,True,"{'x': 24, 'y': 3}",2,Missed FG,46.4
401859965149,149,"{'id': '156', 'text': 'Offensive Rebound'}",Knicks offensive team rebound,33,21,1,45.9,False,0,{'id': '18'},,2026-06-09T01:10:17Z,False,"{'x': 24, 'y': 3}",0,Rebound,45.9
401859965144,144,"{'id': '44', 'text': 'Shooting Foul'}",Victor Wembanyama shooting foul,33,21,1,45.0,False,0,{'id': '24'},[{'athlete': {'id': '5104157'}}],2026-06-09T01:10:42Z,False,"{'x': 25, 'y': 4}",0,Foul,45.0
401859965146,146,"{'id': '98', 'text': 'Free Throw - 1 of 2'}",Mitchell Robinson makes free throw 1 of 2,33,22,1,45.0,True,1,{'id': '18'},[{'athlete': {'id': '4351852'}}],2026-06-09T01:11:12Z,True,"{'x': -214748340, 'y': -214748365}",1,+1 Point,45.0
401859965150,150,"{'id': '584', 'text': 'Substitution'}",Devin Vassell enters the game for Keldon Johnson,33,22,1,45.0,False,0,{'id': '24'},"[{'athlete': {'id': '4395630'}}, {'athlete': {'id': '4395723'}}]",2026-06-09T01:11:12Z,False,"{'x': -214748340, 'y': -214748365}",0,Substitution,45.0
401859965152,152,"{'id': '99', 'text': 'Free Throw - 2 of 2'}",Mitchell Robinson misses free throw 2 of 2,33,22,1,45.0,False,0,{'id': '18'},[{'athlete': {'id': '4351852'}}],2026-06-09T01:11:12Z,True,"{'x': -214748340, 'y': -214748365}",1,Missed FT,45.0
401859965153,153,"{'id': '155', 'text': 'Defensive Rebound'}",Victor Wembanyama defensive rebound,33,22,1,44.0,False,0,{'id': '24'},[{'athlete': {'id': '5104157'}}],2026-06-09T01:11:13Z,False,"{'x': -214748340, 'y': -214748365}",0,Rebound,44.0
401859965154,154,"{'id': '92', 'text': 'Jump Shot'}",Victor Wembanyama misses 25-foot three point jumper,33,22,1,32.7,False,0,{'id': '24'},[{'athlete': {'id': '5104157'}}],2026-06-09T01:11:47Z,True,"{'x': 24, 'y': 26}",3,Missed 3PT,32.7
401859965155,155,"{'id': '155', 'text': 'Defensive Rebound'}",OG Anunoby defensive rebound,33,22,1,30.5,False,0,{'id': '18'},[{'athlete': {'id': '3934719'}}],2026-06-09T01:11:50Z,False,"{'x': 24, 'y': 26}",0,Rebound,30.5
401859965156,156,"{'id': '132', 'text': 'Step Back Jump Shot'}",Jalen Brunson misses 9-foot step back jumpshot,33,22,1,10.0,False,0,{'id': '18'},[{'athlete': {'id': '3934672'}}],2026-06-09T01:12:10Z,True,"{'x': 34, 'y': 4}",2,Missed FG,10.0
401859965157,157,"{'id': '155', 'text': 'Defensive Rebound'}",Victor Wembanyama defensive rebound,33,22,1,7.9,False,0,{'id': '24'},[{'athlete': {'id': '5104157'}}],2026-06-09T01:12:12Z,False,"{'x': 34, 'y': 4}",0,Rebound,7.9
401859965158,158,"{'id': '412', 'text': 'End Period'}",End of the 1st Quarter,33,22,1,0.0,False,0,,,2026-06-09T01:12:27Z,False,"{'x': -214748340, 'y': -214748365}",0,End of 1st,0.0
401859965161,161,"{'id': '584', 'text': 'Substitution'}",Jose Alvarado enters the game for Jalen Brunson,33,22,2,12:00,False,0,{'id': '18'},"[{'athlete': {'id': '4277869'}}, {'athlete': {'id': '3934672'}}]",2026-06-09T01:15:45Z,False,"{'x': -214748340, 'y': -214748365}",0,Substitution,720.0
401859965162,162,"{'id': '584', 'text': 'Substitution'}",Karl-Anthony Towns enters the game for Mitchell Robinson,33,22,2,12:00,False,0,{'id': '18'},"[{'athlete': {'id': '3136195'}}, {'athlete': {'id': '4351852'}}]",2026-06-09T01:15:45Z,False,"{'x': -214748340, 'y': -214748365}",0,Substitution,720.0
401859965163,163,"{'id': '584', 'text': 'Substitution'}",Carter Bryant enters the game for Dylan Harper,33,22,2,12:00,False,0,{'id': '24'},"[{'athlete': {'id': '5061568'}}, {'athlete': {'id': '5037871'}}]",2026-06-09T01:15:45Z,False,"{'x': -214748340, 'y': -214748365}",0,Substitution,720.0
401859965164,164,"{'id': '584', 'text': 'Substitution'}",Stephon Castle enters the game for Devin Vassell,33,22,2,12:00,False,0,{'id': '24'},"[{'athlete': {'id': '4845367'}}, {'athlete': {'id': '4395630'}}]",2026-06-09T01:15:45Z,False,"{'x': -214748340, 'y': -214748365}",0,Substitution,720.0
401859965170,170,"{'id': '144', 'text': 'Driving Floating Jump Shot'}",Jose Alvarado makes 5-foot driving floating jump shot (Landry Shamet assists),33,24,2,11:39,True,2,{'id': '18'},"[{'athlete': {'id': '4277869'}}, {'athlete': {'id': '3914044'}}]",2026-06-09T01:16:25Z,True,"{'x': 25, 'y': 6}",2,+2 Points,699.0
401859965172,172,"{'id': '92', 'text': 'Jump Shot'}",Carter Bryant makes 22-foot three point jumper (De'Aaron Fox assists),36,24,2,11:25,True,3,{'id': '24'},"[{'athlete': {'id': '5061568'}}, {'athlete': {'id': '4066259'}}]",2026-06-09T01:16:39Z,True,"{'x': 2, 'y': -1}",3,+3 Points,685.0
401859965174,174,"{'id': '132', 'text': 'Step Back Jump Shot'}",Carter Bryant blocks Landry Shamet 's 26-foot three point step back jumpshot,36,24,2,11:01,False,0,{'id': '18'},"[{'athlete': {'id': '3914044'}}, {'athlete': {'id': '5061568'}}]",2026-06-09T01:17:06Z,True,"{'x': 13, 'y': 23}",3,Missed 3PT,661.0
401859965176,176,"{'id': '155', 'text': 'Defensive Rebound'}",Stephon Castle defensive rebound,36,24,2,11:00,False,0,{'id': '24'},[{'athlete': {'id': '4845367'}}],2026-06-09T01:17:07Z,False,"{'x': 13, 'y': 23}",0,Rebound,660.0
401859965177,177,"{'id': '92', 'text': 'Jump Shot'}",Julian Champagnie misses 26-foot three point jumper,36,24,2,10:39,False,0,{'id': '24'},[{'athlete': {'id': '4592479'}}],2026-06-09T01:17:24Z,True,"{'x': 12, 'y': 23}",3,Missed 3PT,639.0
401859965178,178,"{'id': '155', 'text': 'Defensive Rebound'}",Jose Alvarado defensive rebound,36,24,2,10:36,False,0,{'id': '18'},[{'athlete': {'id': '4277869'}}],2026-06-09T01:17:27Z,False,"{'x': 12, 'y': 23}",0,Rebound,636.0
401859965179,179,"{'id': '132', 'text': 'Step Back Jump Shot'}",Miles McBride misses 22-foot three point step back jumpshot,36,24,2,10:22,False,0,{'id': '18'},[{'athlete': {'id': '4431823'}}],2026-06-09T01:17:43Z,True,"{'x': 2, 'y': 2}",3,Missed 3PT,622.0
401859965180,180,"{'id': '156', 'text': 'Offensive Rebound'}",Knicks offensive team rebound,36,24,2,10:21,False,0,{'id': '18'},,2026-06-09T01:17:44Z,False,"{'x': 2, 'y': 2}",0,Rebound,621.0
401859965181,181,"{'id': '43', 'text': 'Loose Ball Foul'}",Carter Bryant loose ball foul,36,24,2,10:21,False,0,{'id': '24'},[{'athlete': {'id': '5061568'}}],2026-06-09T01:17:47Z,False,"{'x': 24, 'y': 2}",0,Foul,621.0
401859965183,183,"{'id': '584', 'text': 'Substitution'}",Jordan Clarkson enters the game for Miles McBride,36,24,2,10:21,False,0,{'id': '18'},"[{'athlete': {'id': '2528426'}}, {'athlete': {'id': '4431823'}}]",2026-06-09T01:17:47Z,False,"{'x': -214748340, 'y': -214748365}",0,Substitution,621.0
401859965185,185,"{'id': '44', 'text': 'Shooting Foul'}",Stephon Castle shooting foul,36,24,2,10:14,False,0,{'id': '24'},[{'athlete': {'id': '4845367'}}],2026-06-09T01:18:35Z,False,"{'x': 2, 'y': 1}",0,Foul,614.0
401859965187,187,"{'id': '100', 'text': 'Free Throw - 1 of 3'}",OG Anunoby makes free throw 1 of 3,36,25,2,10:14,True,1,{'id': '18'},[{'athlete': {'id': '3934719'}}],2026-06-09T01:19:06Z,True,"{'x': -214748340, 'y': -214748365}",1,+1 Point,614.0
401859965188,188,"{'id': '101', 'text': 'Free Throw - 2 of 3'}",OG Anunoby makes free throw 2 of 3,36,26,2,10:14,True,1,{'id': '18'},[{'athlete': {'id': '3934719'}}],2026-06-09T01:19:27Z,True,"{'x': -214748340, 'y': -214748365}",1,+1 Point,614.0
401859965189,189,"{'id': '102', 'text': 'Free Throw - 3 of 3'}",OG Anunoby makes free throw 3 of 3,36,27,2,10:14,True,1,{'id': '18'},[{'athlete': {'id': '3934719'}}],2026-06-09T01:19:45Z,True,"{'x': -214748340, 'y': -214748365}",1,+1 Point,614.0
401859965190,190,"{'id': '44', 'text': 'Shooting Foul'}",Landry Shamet shooting foul,36,27,2,10:03,False,0,{'id': '18'},[{'athlete': {'id': '3914044'}}],2026-06-09T01:20:03Z,False,"{'x': 25, 'y': 4}",0,Foul,603.0
401859965192,192,"{'id': '98', 'text': 'Free Throw - 1 of 2'}",Stephon Castle makes free throw 1 of 2,37,27,2,10:03,True,1,{'id': '24'},[{'athlete': {'id': '4845367'}}],2026-06-09T01:20:32Z,True,"{'x': -214748340, 'y': -214748365}",1,+1 Point,603.0
401859965195,195,"{'id': '99', 'text': 'Free Throw - 2 of 2'}",Stephon Castle makes free throw 2 of 2,38,27,2,10:03,True,1,{'id': '24'},[{'athlete': {'id': '4845367'}}],2026-06-09T01:20:32Z,True,"{'x': -214748340, 'y': -214748365}",1,+1 Point,603.0
401859965213,213,"{'id': '584', 'text': 'Substitution'}",Mikal Bridges enters the game for Landry Shamet,38,27,2,10:03,False,0,{'id': '18'},"[{'athlete': {'id': '3147657'}}, {'athlete': {'id': '3914044'}}]",2026-06-09T01:20:57Z,False,"{'x': -214748340, 'y': -214748365}",0,Substitution,603.0
401859965196,196,"{'id': '131', 'text': 'Pullup Jump Shot'}",Jose Alvarado makes 11-foot pullup jump shot,38,29,2,9:41,True,2,{'id': '18'},[{'athlete': {'id': '4277869'}}],2026-06-09T01:21:23Z,True,"{'x': 30, 'y': 11}",2,+2 Points,581.0
401859965197,197,"{'id': '43', 'text': 'Loose Ball Foul'}",Carter Bryant loose ball foul,38,29,2,9:41,False,0,{'id': '24'},[{'athlete': {'id': '5061568'}}],2026-06-09T01:21:26Z,False,"{'x': 30, 'y': 11}",0,Foul,581.0
401859965199,199,"{'id': '97', 'text': 'Free Throw - 1 of 1'}",Karl-Anthony Towns makes free throw 1 of 1,38,30,2,9:41,True,1,{'id': '18'},[{'athlete': {'id': '3136195'}}],2026-06-09T01:22:14Z,True,"{'x': -214748340, 'y': -214748365}",1,+1 Point,581.0
401859965200,200,"{'id': '128', 'text': 'Driving Finger Roll Layup'}",Stephon Castle makes 1-foot two point shot,40,30,2,9:34,True,2,{'id': '24'},[{'athlete': {'id': '4845367'}}],2026-06-09T01:22:27Z,True,"{'x': 25, 'y': 2}",2,+2 Points,574.0
401859965201,201,"{'id': '92', 'text': 'Jump Shot'}",Jordan Clarkson makes 23-foot three point jumper (OG Anunoby assists),40,33,2,9:12,True,3,{'id': '18'},"[{'athlete': {'id': '2528426'}}, {'athlete': {'id': '3934719'}}]",2026-06-09T01:22:47Z,True,"{'x': 2, 'y': 1}",3,+3 Points,552.0
401859965203,203,"{'id': '92', 'text': 'Jump Shot'}",Stephon Castle misses 29-foot three point jumper,40,33,2,8:55,False,0,{'id': '24'},[{'athlete': {'id': '4845367'}}],2026-06-09T01:23:05Z,True,"{'x': 40, 'y': 25}",3,Missed 3PT,535.0
401859965204,204,"{'id': '155', 'text': 'Defensive Rebound'}",OG Anunoby defensive rebound,40,33,2,8:53,False,0,{'id': '18'},[{'athlete': {'id': '3934719'}}],2026-06-09T01:23:07Z,False,"{'x': 40, 'y': 25}",0,Rebound,533.0
401859965205,205,"{'id': '144', 'text': 'Driving Floating Jump Shot'}",Karl-Anthony Towns makes 9-foot driving floating jump shot,40,35,2,8:36,True,2,{'id': '18'},[{'athlete': {'id': '3136195'}}],2026-06-09T01:23:24Z,True,"{'x': 23, 'y': 10}",2,+2 Points,516.0
401859965208,208,"{'id': '63', 'text': 'Lost Ball Turnover'}",Stephon Castle lost ball turnover (Karl-Anthony Towns steals),40,35,2,8:19,False,0,{'id': '24'},"[{'athlete': {'id': '4845367'}}, {'athlete': {'id': '3136195'}}]",2026-06-09T01:23:41Z,False,"{'x': 35, 'y': 17}",0,Turnover,499.0
401859965211,211,"{'id': '113', 'text': 'Running Jump Shot'}",OG Anunoby makes 25-foot running jump shot (Mikal Bridges assists),40,38,2,8:13,True,3,{'id': '18'},"[{'athlete': {'id': '3934719'}}, {'athlete': {'id': '3147657'}}]",2026-06-09T01:23:47Z,True,"{'x': 37, 'y': 22}",3,+3 Points,493.0
401859965212,212,"{'id': '16', 'text': 'Full Timeout'}",Spurs Full timeout,40,38,2,8:12,False,0,{'id': '24'},,2026-06-09T01:23:53Z,False,"{'x': -214748340, 'y': -214748365}",0,Timeout,492.0
401859965216,216,"{'id': '584', 'text': 'Substitution'}",Josh Hart enters the game for OG Anunoby,40,38,2,8:12,False,0,{'id': '18'},"[{'athlete': {'id': '3062679'}}, {'athlete': {'id': '3934719'}}]",2026-06-09T01:23:53Z,False,"{'x': -214748340, 'y': -214748365}",0,Substitution,492.0
401859965217,217,"{'id': '584', 'text': 'Substitution'}",Devin Vassell enters the game for De'Aaron Fox,40,38,2,8:12,False,0,{'id': '24'},"[{'athlete': {'id': '4395630'}}, {'athlete': {'id': '4066259'}}]",2026-06-09T01:23:53Z,False,"{'x': -214748340, 'y': -214748365}",0,Substitution,492.0
401859965218,218,"{'id': '584', 'text': 'Substitution'}",Dylan Harper enters the game for Carter Bryant,40,38,2,8:12,False,0,{'id': '24'},"[{'athlete': {'id': '5037871'}}, {'athlete': {'id': '5061568'}}]",2026-06-09T01:23:53Z,False,"{'x': -214748340, 'y': -214748365}",0,Substitution,492.0
401859965222,222,"{'id': '45', 'text': 'Personal Foul'}",Karl-Anthony Towns personal foul,40,38,2,7:54,False,0,{'id': '18'},[{'athlete': {'id': '3136195'}}],2026-06-09T01:28:14Z,False,"{'x': 27, 'y': 9}",0,Foul,474.0
401859965224,224,"{'id': '121', 'text': 'Fade Away Jump Shot'}",Victor Wembanyama misses 11-foot fade away jump shot,40,38,2,7:43,False,0,{'id': '24'},[{'athlete': {'id': '5104157'}}],2026-06-09T01:28:40Z,True,"{'x': 26, 'y': 12}",2,Missed FG,463.0
401859965225,225,"{'id': '155', 'text': 'Defensive Rebound'}",Josh Hart defensive rebound,40,38,2,7:40,False,0,{'id': '18'},[{'athlete': {'id': '3062679'}}],2026-06-09T01:28:43Z,False,"{'x': 26, 'y': 12}",0,Rebound,460.0
401859965226,226,"{'id': '121', 'text': 'Fade Away Jump Shot'}",Karl-Anthony Towns misses 12-foot fade away jump shot,40,38,2,7:22,False,0,{'id': '18'},[{'athlete': {'id': '3136195'}}],2026-06-09T01:29:01Z,True,"{'x': 13, 'y': 1}",2,Missed FG,442.0
401859965227,227,"{'id': '155', 'text': 'Defensive Rebound'}",Victor Wembanyama defensive rebound,40,38,2,7:19,False,0,{'id': '24'},[{'athlete': {'id': '5104157'}}],2026-06-09T01:29:04Z,False,"{'x': 13, 'y': 1}",0,Rebound,439.0
401859965228,228,"{'id': '110', 'text': 'Driving Layup Shot'}",Stephon Castle makes driving layup (Dylan Harper assists),42,38,2,7:10,True,2,{'id': '24'},"[{'athlete': {'id': '4845367'}}, {'athlete': {'id': '5037871'}}]",2026-06-09T01:29:13Z,True,"{'x': 27, 'y': 1}",2,+2 Points,430.0
401859965230,230,"{'id': '131', 'text': 'Pullup Jump Shot'}",Jose Alvarado misses 26-foot three point pullup jump shot,42,38,2,6:49,False,0,{'id': '18'},[{'athlete': {'id': '4277869'}}],2026-06-09T01:29:35Z,True,"{'x': 5, 'y': 18}",3,Missed 3PT,409.0
401859965231,231,"{'id': '156', 'text': 'Offensive Rebound'}",Knicks offensive team rebound,42,38,2,6:48,False,0,{'id': '18'},,2026-06-09T01:29:36Z,False,"{'x': 5, 'y': 18}",0,Rebound,408.0
401859965232,232,"{'id': '43', 'text': 'Loose Ball Foul'}",Dylan Harper loose ball foul,42,38,2,6:48,False,0,{'id': '24'},[{'athlete': {'id': '5037871'}}],2026-06-09T01:29:43Z,False,"{'x': 26, 'y': 3}",0,Foul,408.0
401859965234,234,"{'id': '584', 'text': 'Substitution'}",Jalen Brunson enters the game for Jose Alvarado,42,38,2,6:48,False,0,{'id': '18'},"[{'athlete': {'id': '3934672'}}, {'athlete': {'id': '4277869'}}]",2026-06-09T01:29:43Z,False,"{'x': -214748340, 'y': -214748365}",0,Substitution,408.0
401859965235,235,"{'id': '584', 'text': 'Substitution'}",Luke Kornet enters the game for Victor Wembanyama,42,38,2,6:48,False,0,{'id': '24'},"[{'athlete': {'id': '3064560'}}, {'athlete': {'id': '5104157'}}]",2026-06-09T01:29:43Z,False,"{'x': -214748340, 'y': -214748365}",0,Substitution,408.0
401859965238,238,"{'id': '110', 'text': 'Driving Layup Shot'}",Karl-Anthony Towns makes driving layup (Jalen Brunson assists),42,40,2,6:44,True,2,{'id': '18'},"[{'athlete': {'id': '3136195'}}, {'athlete': {'id': '3934672'}}]",2026-06-09T01:30:16Z,True,"{'x': 27, 'y': 0}",2,+2 Points,404.0
401859965240,240,"{'id': '92', 'text': 'Jump Shot'}",Dylan Harper misses 23-foot three point jumper,42,40,2,6:35,False,0,{'id': '24'},[{'athlete': {'id': '5037871'}}],2026-06-09T01:30:26Z,True,"{'x': 2, 'y': 5}",3,Missed 3PT,395.0
401859965241,241,"{'id': '155', 'text': 'Defensive Rebound'}",Jordan Clarkson defensive rebound,42,40,2,6:32,False,0,{'id': '18'},[{'athlete': {'id': '2528426'}}],2026-06-09T01:30:29Z,False,"{'x': 2, 'y': 5}",0,Rebound,392.0
401859965243,243,"{'id': '62', 'text': 'Bad Pass\nTurnover'}","Josh Hart bad pass
turnover (Luke Kornet steals)",42,40,2,6:16,False,0,{'id': '18'},"[{'athlete': {'id': '3062679'}}, {'athlete': {'id': '3064560'}}]",2026-06-09T01:31:05Z,False,"{'x': 31, 'y': 16}",0,Turnover,376.0
401859965245,245,"{'id': '92', 'text': 'Jump Shot'}",Dylan Harper misses 25-foot three point jumper,42,40,2,6:03,False,0,{'id': '24'},[{'athlete': {'id': '5037871'}}],2026-06-09T01:31:19Z,True,"{'x': 39, 'y': 22}",3,Missed 3PT,363.0
401859965246,246,"{'id': '156', 'text': 'Offensive Rebound'}",Spurs offensive team rebound,42,40,2,6:00,False,0,{'id': '24'},,2026-06-09T01:31:22Z,False,"{'x': 39, 'y': 22}",0,Rebound,360.0
401859965248,248,"{'id': '63', 'text': 'Lost Ball Turnover'}",Devin Vassell lost ball turnover (Jordan Clarkson steals),42,40,2,5:56,False,0,{'id': '24'},"[{'athlete': {'id': '4395630'}}, {'athlete': {'id': '2528426'}}]",2026-06-09T01:31:40Z,False,"{'x': 10, 'y': -1}",0,Turnover,356.0
401859965250,250,"{'id': '62', 'text': 'Bad Pass\nTurnover'}","Jordan Clarkson bad pass
turnover (Stephon Castle steals)",42,40,2,5:55,False,0,{'id': '18'},"[{'athlete': {'id': '2528426'}}, {'athlete': {'id': '4845367'}}]",2026-06-09T01:31:43Z,False,"{'x': 11, 'y': 3}",0,Turnover,355.0
401859965252,252,"{'id': '110', 'text': 'Driving Layup Shot'}",Stephon Castle makes driving layup,44,40,2,5:53,True,2,{'id': '24'},[{'athlete': {'id': '4845367'}}],2026-06-09T01:31:46Z,True,"{'x': 24, 'y': 2}",2,+2 Points,353.0
401859965253,253,"{'id': '44', 'text': 'Shooting Foul'}",Karl-Anthony Towns shooting foul,44,40,2,5:53,False,0,{'id': '18'},[{'athlete': {'id': '3136195'}}],2026-06-09T01:31:48Z,False,"{'x': 24, 'y': 2}",0,Foul,353.0
401859965255,255,"{'id': '584', 'text': 'Substitution'}",OG Anunoby enters the game for Karl-Anthony Towns,44,40,2,5:53,False,0,{'id': '18'},"[{'athlete': {'id': '3934719'}}, {'athlete': {'id': '3136195'}}]",2026-06-09T01:31:48Z,False,"{'x': -214748340, 'y': -214748365}",0,Substitution,353.0
401859965257,257,"{'id': '97', 'text': 'Free Throw - 1 of 1'}",Stephon Castle makes free throw 1 of 1,45,40,2,5:53,True,1,{'id': '24'},[{'athlete': {'id': '4845367'}}],2026-06-09T01:32:23Z,True,"{'x': -214748340, 'y': -214748365}",1,+1 Point,353.0
401859965258,258,"{'id': '139', 'text': 'Hook Driving Bank'}",Jalen Brunson makes 1-foot two point shot,45,42,2,5:42,True,2,{'id': '18'},[{'athlete': {'id': '3934672'}}],2026-06-09T01:32:35Z,True,"{'x': 26, 'y': 1}",2,+2 Points,342.0
401859965259,259,"{'id': '110', 'text': 'Driving Layup Shot'}",Dylan Harper makes driving layup (Julian Champagnie assists),47,42,2,5:33,True,2,{'id': '24'},"[{'athlete': {'id': '5037871'}}, {'athlete': {'id': '4592479'}}]",2026-06-09T01:32:45Z,True,"{'x': 25, 'y': 1}",2,+2 Points,333.0
401859965261,261,"{'id': '128', 'text': 'Driving Finger Roll Layup'}",Jordan Clarkson makes 1-foot two point shot,47,44,2,5:23,True,2,{'id': '18'},[{'athlete': {'id': '2528426'}}],2026-06-09T01:32:55Z,True,"{'x': 24, 'y': 1}",2,+2 Points,323.0
401859965262,262,"{'id': '130', 'text': 'Floating Jump Shot'}",Stephon Castle makes 2-foot floating jump shot,49,44,2,5:10,True,2,{'id': '24'},[{'athlete': {'id': '4845367'}}],2026-06-09T01:33:07Z,True,"{'x': 25, 'y': 2}",2,+2 Points,310.0
401859965263,263,"{'id': '16', 'text': 'Full Timeout'}",Knicks Full timeout,49,44,2,5:10,False,0,{'id': '18'},,2026-06-09T01:33:14Z,False,"{'x': -214748340, 'y': -214748365}",0,Timeout,310.0
401859965264,264,"{'id': '584', 'text': 'Substitution'}",De'Aaron Fox enters the game for Stephon Castle,49,44,2,5:10,False,0,{'id': '24'},"[{'athlete': {'id': '4066259'}}, {'athlete': {'id': '4845367'}}]",2026-06-09T01:33:14Z,False,"{'x': -214748340, 'y': -214748365}",0,Substitution,310.0
401859965265,265,"{'id': '584', 'text': 'Substitution'}",Victor Wembanyama enters the game for Luke Kornet,49,44,2,5:10,False,0,{'id': '24'},"[{'athlete': {'id': '5104157'}}, {'athlete': {'id': '3064560'}}]",2026-06-09T01:33:14Z,False,"{'x': -214748340, 'y': -214748365}",0,Substitution,310.0
401859965268,268,"{'id': '132', 'text': 'Step Back Jump Shot'}",OG Anunoby makes 23-foot three point step back jumpshot (Jordan Clarkson assists),49,47,2,4:46,True,3,{'id': '18'},"[{'athlete': {'id': '3934719'}}, {'athlete': {'id': '2528426'}}]",2026-06-09T01:37:24Z,True,"{'x': 2, 'y': 2}",3,+3 Points,286.0
401859965269,269,"{'id': '110', 'text': 'Driving Layup Shot'}",OG Anunoby blocks Dylan Harper's driving layup,49,47,2,4:33,False,0,{'id': '24'},"[{'athlete': {'id': '5037871'}}, {'athlete': {'id': '3934719'}}]",2026-06-09T01:37:39Z,True,"{'x': 25, 'y': 2}",2,Missed FG,273.0
401859965271,271,"{'id': '156', 'text': 'Offensive Rebound'}",Spurs offensive team rebound,49,47,2,4:32,False,0,{'id': '24'},,2026-06-09T01:37:40Z,False,"{'x': 25, 'y': 2}",0,Rebound,272.0
401859965273,273,"{'id': '92', 'text': 'Jump Shot'}",Julian Champagnie misses 22-foot three point jumper,49,47,2,4:30,False,0,{'id': '24'},[{'athlete': {'id': '4592479'}}],2026-06-09T01:37:55Z,True,"{'x': 3, 'y': 0}",3,Missed 3PT,270.0
401859965274,274,"{'id': '155', 'text': 'Defensive Rebound'}",Josh Hart defensive rebound,49,47,2,4:27,False,0,{'id': '18'},[{'athlete': {'id': '3062679'}}],2026-06-09T01:37:58Z,False,"{'x': 3, 'y': 0}",0,Rebound,267.0
401859965275,275,"{'id': '92', 'text': 'Jump Shot'}",Jalen Brunson makes 25-foot three point jumper (Josh Hart assists),49,50,2,4:18,True,3,{'id': '18'},"[{'athlete': {'id': '3934672'}}, {'athlete': {'id': '3062679'}}]",2026-06-09T01:38:06Z,True,"{'x': 42, 'y': 20}",3,+3 Points,258.0
401859965277,277,"{'id': '92', 'text': 'Jump Shot'}",Victor Wembanyama makes 25-foot three point jumper (Julian Champagnie assists),52,50,2,3:58,True,3,{'id': '24'},"[{'athlete': {'id': '5104157'}}, {'athlete': {'id': '4592479'}}]",2026-06-09T01:38:25Z,True,"{'x': 29, 'y': 25}",3,+3 Points,238.0
401859965279,279,"{'id': '144', 'text': 'Driving Floating Jump Shot'}",Jalen Brunson misses driving floating jump shot,52,50,2,3:31,False,0,{'id': '18'},[{'athlete': {'id': '3934672'}}],2026-06-09T01:38:53Z,True,"{'x': 22, 'y': 15}",2,Missed FG,211.0
401859965280,280,"{'id': '155', 'text': 'Defensive Rebound'}",Spurs defensive team rebound,52,50,2,3:30,False,0,{'id': '24'},,2026-06-09T01:38:54Z,False,"{'x': 22, 'y': 15}",0,Rebound,210.0
401859965283,283,"{'id': '584', 'text': 'Substitution'}",Stephon Castle enters the game for Julian Champagnie,52,50,2,3:30,False,0,{'id': '24'},"[{'athlete': {'id': '4845367'}}, {'athlete': {'id': '4592479'}}]",2026-06-09T01:38:59Z,False,"{'x': -214748340, 'y': -214748365}",0,Substitution,210.0
401859965286,286,"{'id': '118', 'text': 'Alley Oop Dunk Shot'}",Victor Wembanyama makes alley oop dunk (De'Aaron Fox assists),54,50,2,3:20,True,2,{'id': '24'},"[{'athlete': {'id': '5104157'}}, {'athlete': {'id': '4066259'}}]",2026-06-09T01:39:30Z,True,"{'x': 25, 'y': 0}",2,+2 Points,200.0
401859965288,288,"{'id': '62', 'text': 'Bad Pass\nTurnover'}","OG Anunoby bad pass
turnover (Victor Wembanyama steals)",54,50,2,3:04,False,0,{'id': '18'},"[{'athlete': {'id': '3934719'}}, {'athlete': {'id': '5104157'}}]",2026-06-09T01:39:46Z,False,"{'x': 32, 'y': 6}",0,Turnover,184.0
401859965290,290,"{'id': '113', 'text': 'Running Jump Shot'}",Dylan Harper misses 25-foot running jump shot,54,50,2,3:00,False,0,{'id': '24'},[{'athlete': {'id': '5037871'}}],2026-06-09T01:39:52Z,True,"{'x': 13, 'y': 22}",3,Missed 3PT,180.0
401859965291,291,"{'id': '155', 'text': 'Defensive Rebound'}",Knicks defensive team rebound,54,50,2,2:59,False,0,{'id': '18'},,2026-06-09T01:39:53Z,False,"{'x': 13, 'y': 22}",0,Rebound,179.0
401859965292,292,"{'id': '43', 'text': 'Loose Ball Foul'}",Stephon Castle loose ball foul,54,50,2,2:59,False,0,{'id': '24'},[{'athlete': {'id': '4845367'}}],2026-06-09T01:40:13Z,False,"{'x': 19, 'y': 2}",0,Foul,179.0
401859965294,294,"{'id': '280', 'text': 'Ref-Initiated Review (Stands)'}",(02:59) [Spurs] REF-INITIATED REVIEW (CALL STANDS),54,50,2,2:59,False,0,,,2026-06-09T01:40:27Z,False,"{'x': -214748340, 'y': -214748365}",0,Challenge,179.0
401859965295,295,"{'id': '98', 'text': 'Free Throw - 1 of 2'}",Jalen Brunson makes free throw 1 of 2,54,51,2,2:59,True,1,{'id': '18'},[{'athlete': {'id': '3934672'}}],2026-06-09T01:42:35Z,True,"{'x': -214748340, 'y': -214748365}",1,+1 Point,179.0
401859965296,296,"{'id': '584', 'text': 'Substitution'}",Karl-Anthony Towns enters the game for Jordan Clarkson,54,51,2,2:59,False,0,{'id': '18'},"[{'athlete': {'id': '3136195'}}, {'athlete': {'id': '2528426'}}]",2026-06-09T01:40:20Z,False,"{'x': -214748340, 'y': -214748365}",0,Substitution,179.0
401859965298,298,"{'id': '99', 'text': 'Free Throw - 2 of 2'}",Jalen Brunson makes free throw 2 of 2,54,52,2,2:59,True,1,{'id': '18'},[{'athlete': {'id': '3934672'}}],2026-06-09T01:42:58Z,True,"{'x': -214748340, 'y': -214748365}",1,+1 Point,179.0
401859965299,299,"{'id': '62', 'text': 'Bad Pass\nTurnover'}","Stephon Castle bad pass
turnover (Karl-Anthony Towns steals)",54,52,2,2:48,False,0,{'id': '24'},"[{'athlete': {'id': '4845367'}}, {'athlete': {'id': '3136195'}}]",2026-06-09T01:43:14Z,False,"{'x': 31, 'y': 25}",0,Turnover,168.0
401859965301,301,"{'id': '129', 'text': 'Running Finger Roll Layup'}",Josh Hart makes two point shot,54,54,2,2:42,True,2,{'id': '18'},[{'athlete': {'id': '3062679'}}],2026-06-09T01:43:19Z,True,"{'x': 26, 'y': 1}",2,+2 Points,162.0
401859965302,302,"{'id': '132', 'text': 'Step Back Jump Shot'}",De'Aaron Fox makes 16-foot step back jumpshot (Victor Wembanyama assists),56,54,2,2:17,True,2,{'id': '24'},"[{'athlete': {'id': '4066259'}}, {'athlete': {'id': '5104157'}}]",2026-06-09T01:43:43Z,True,"{'x': 41, 'y': 5}",2,+2 Points,137.0
401859965303,303,"{'id': '115', 'text': 'Driving Dunk Shot'}",OG Anunoby makes driving dunk (Josh Hart assists),56,56,2,1:58,True,2,{'id': '18'},"[{'athlete': {'id': '3934719'}}, {'athlete': {'id': '3062679'}}]",2026-06-09T01:44:04Z,True,"{'x': 25, 'y': 0}",2,+2 Points,118.0
401859965306,306,"{'id': '44', 'text': 'Shooting Foul'}",OG Anunoby shooting foul,56,56,2,1:36,False,0,{'id': '18'},[{'athlete': {'id': '3934719'}}],2026-06-09T01:44:24Z,False,"{'x': 24, 'y': 3}",0,Foul,96.0
401859965308,308,"{'id': '98', 'text': 'Free Throw - 1 of 2'}",Victor Wembanyama makes free throw 1 of 2,57,56,2,1:36,True,1,{'id': '24'},[{'athlete': {'id': '5104157'}}],2026-06-09T01:44:57Z,True,"{'x': -214748340, 'y': -214748365}",1,+1 Point,96.0
401859965309,309,"{'id': '99', 'text': 'Free Throw - 2 of 2'}",Victor Wembanyama misses free throw 2 of 2,57,56,2,1:36,False,0,{'id': '24'},[{'athlete': {'id': '5104157'}}],2026-06-09T01:44:57Z,True,"{'x': -214748340, 'y': -214748365}",1,Missed FT,96.0
401859965310,310,"{'id': '155', 'text': 'Defensive Rebound'}",Karl-Anthony Towns defensive rebound,57,56,2,1:35,False,0,{'id': '18'},[{'athlete': {'id': '3136195'}}],2026-06-09T01:44:58Z,False,"{'x': -214748340, 'y': -214748365}",0,Rebound,95.0
401859965311,311,"{'id': '92', 'text': 'Jump Shot'}",Josh Hart makes 25-foot three point jumper (Jalen Brunson assists),57,59,2,1:15,True,3,{'id': '18'},"[{'athlete': {'id': '3062679'}}, {'athlete': {'id': '3934672'}}]",2026-06-09T01:45:43Z,True,"{'x': 35, 'y': 24}",3,+3 Points,75.0
401859965313,313,"{'id': '128', 'text': 'Driving Finger Roll Layup'}",Stephon Castle misses two point shot,57,59,2,56.1,False,0,{'id': '24'},[{'athlete': {'id': '4845367'}}],2026-06-09T01:46:02Z,True,"{'x': 29, 'y': 5}",2,Missed FG,56.1
401859965314,314,"{'id': '155', 'text': 'Defensive Rebound'}",Mikal Bridges defensive rebound,57,59,2,54.5,False,0,{'id': '18'},[{'athlete': {'id': '3147657'}}],2026-06-09T01:46:04Z,False,"{'x': 29, 'y': 5}",0,Rebound,54.5
401859965315,315,"{'id': '92', 'text': 'Jump Shot'}",Jalen Brunson makes 28-foot three point jumper (Josh Hart assists),57,62,2,41.0,True,3,{'id': '18'},"[{'athlete': {'id': '3934672'}}, {'athlete': {'id': '3062679'}}]",2026-06-09T01:46:18Z,True,"{'x': 16, 'y': 27}",3,+3 Points,41.0
401859965317,317,"{'id': '121', 'text': 'Fade Away Jump Shot'}",De'Aaron Fox misses 11-foot fade away jump shot,57,62,2,31.4,False,0,{'id': '24'},[{'athlete': {'id': '4066259'}}],2026-06-09T01:46:35Z,True,"{'x': 36, 'y': 4}",2,Missed FG,31.4
401859965318,318,"{'id': '155', 'text': 'Defensive Rebound'}",Karl-Anthony Towns defensive rebound,57,62,2,29.7,False,0,{'id': '18'},[{'athlete': {'id': '3136195'}}],2026-06-09T01:46:36Z,False,"{'x': 36, 'y': 4}",0,Rebound,29.7
401859965319,319,"{'id': '44', 'text': 'Shooting Foul'}",De'Aaron Fox shooting foul,57,62,2,9.6,False,0,{'id': '24'},[{'athlete': {'id': '4066259'}}],2026-06-09T01:46:59Z,False,"{'x': 27, 'y': 1}",0,Foul,9.6
401859965321,321,"{'id': '98', 'text': 'Free Throw - 1 of 2'}",Karl-Anthony Towns makes free throw 1 of 2,57,63,2,9.6,True,1,{'id': '18'},[{'athlete': {'id': '3136195'}}],2026-06-09T01:47:42Z,True,"{'x': -214748340, 'y': -214748365}",1,+1 Point,9.6
401859965322,322,"{'id': '584', 'text': 'Substitution'}",Miles McBride enters the game for Mikal Bridges,57,63,2,9.6,False,0,{'id': '18'},"[{'athlete': {'id': '4431823'}}, {'athlete': {'id': '3147657'}}]",2026-06-09T01:47:42Z,False,"{'x': -214748340, 'y': -214748365}",0,Substitution,9.6
401859965323,323,"{'id': '584', 'text': 'Substitution'}",Jeremy Sochan enters the game for Jalen Brunson,57,63,2,9.6,False,0,{'id': '18'},"[{'athlete': {'id': '4610139'}}, {'athlete': {'id': '3934672'}}]",2026-06-09T01:47:42Z,False,"{'x': -214748340, 'y': -214748365}",0,Substitution,9.6
401859965324,324,"{'id': '584', 'text': 'Substitution'}",Landry Shamet enters the game for OG Anunoby,57,63,2,9.6,False,0,{'id': '18'},"[{'athlete': {'id': '3914044'}}, {'athlete': {'id': '3934719'}}]",2026-06-09T01:47:42Z,False,"{'x': -214748340, 'y': -214748365}",0,Substitution,9.6
401859965325,325,"{'id': '584', 'text': 'Substitution'}",Julian Champagnie enters the game for Stephon Castle,57,63,2,9.6,False,0,{'id': '24'},"[{'athlete': {'id': '4592479'}}, {'athlete': {'id': '4845367'}}]",2026-06-09T01:47:42Z,False,"{'x': -214748340, 'y': -214748365}",0,Substitution,9.6
401859965330,330,"{'id': '99', 'text': 'Free Throw - 2 of 2'}",Karl-Anthony Towns makes free throw 2 of 2,57,64,2,9.6,True,1,{'id': '18'},[{'athlete': {'id': '3136195'}}],2026-06-09T01:48:24Z,True,"{'x': -214748340, 'y': -214748365}",1,+1 Point,9.6
401859965331,331,"{'id': '137', 'text': 'Turnaround Fade Away Jump Shot'}",Victor Wembanyama misses 6-foot two point shot,57,64,2,0.3,False,0,{'id': '24'},[{'athlete': {'id': '5104157'}}],2026-06-09T01:48:37Z,True,"{'x': 23, 'y': 6}",2,Missed FG,0.3
401859965332,332,"{'id': '156', 'text': 'Offensive Rebound'}",Spurs offensive team rebound,57,64,2,0.1,False,0,{'id': '24'},,2026-06-09T01:48:38Z,False,"{'x': 23, 'y': 6}",0,Rebound,0.1
401859965333,333,"{'id': '412', 'text': 'End Period'}",End of the 2nd Quarter,57,64,2,0.0,False,0,,,2026-06-09T01:48:41Z,False,"{'x': -214748340, 'y': -214748365}",0,Halftime,0.0
401859965335,335,"{'id': '584', 'text': 'Substitution'}",Mikal Bridges enters the game for Miles McBride,57,64,3,12:00,False,0,{'id': '18'},"[{'athlete': {'id': '3147657'}}, {'athlete': {'id': '4431823'}}]",2026-06-09T02:05:18Z,False,"{'x': -214748340, 'y': -214748365}",0,Substitution,720.0
401859965336,336,"{'id': '584', 'text': 'Substitution'}",Jalen Brunson enters the game for Jeremy Sochan,57,64,3,12:00,False,0,{'id': '18'},"[{'athlete': {'id': '3934672'}}, {'athlete': {'id': '4610139'}}]",2026-06-09T02:05:18Z,False,"{'x': -214748340, 'y': -214748365}",0,Substitution,720.0
401859965337,337,"{'id': '584', 'text': 'Substitution'}",OG Anunoby enters the game for Landry Shamet,57,64,3,12:00,False,0,{'id': '18'},"[{'athlete': {'id': '3934719'}}, {'athlete': {'id': '3914044'}}]",2026-06-09T02:05:18Z,False,"{'x': -214748340, 'y': -214748365}",0,Substitution,720.0
401859965338,338,"{'id': '584', 'text': 'Substitution'}",Stephon Castle enters the game for Dylan Harper,57,64,3,12:00,False,0,{'id': '24'},"[{'athlete': {'id': '4845367'}}, {'athlete': {'id': '5037871'}}]",2026-06-09T02:05:18Z,False,"{'x': -214748340, 'y': -214748365}",0,Substitution,720.0
401859965344,344,"{'id': '87', 'text': 'Out of Bounds - Lost Ball Turnover'}",Jalen Brunson out of bounds lost ball turnover,57,64,3,11:47,False,0,{'id': '18'},[{'athlete': {'id': '3934672'}}],2026-06-09T02:06:04Z,False,"{'x': 38, 'y': 36}",0,Turnover,707.0
401859965345,345,"{'id': '128', 'text': 'Driving Finger Roll Layup'}",Julian Champagnie makes 1-foot two point shot (De'Aaron Fox assists),59,64,3,11:33,True,2,{'id': '24'},"[{'athlete': {'id': '4592479'}}, {'athlete': {'id': '4066259'}}]",2026-06-09T02:06:28Z,True,"{'x': 24, 'y': 1}",2,+2 Points,693.0
401859965348,348,"{'id': '90', 'text': 'Out of Bounds - Bad Pass Turnover'}",Karl-Anthony Towns out of bounds bad pass turnover,59,64,3,11:12,False,0,{'id': '18'},[{'athlete': {'id': '3136195'}}],2026-06-09T02:07:04Z,False,"{'x': 45, 'y': 16}",0,Turnover,672.0
401859965349,349,"{'id': '92', 'text': 'Jump Shot'}",Julian Champagnie makes 25-foot three point jumper (Victor Wembanyama assists),62,64,3,10:54,True,3,{'id': '24'},"[{'athlete': {'id': '4592479'}}, {'athlete': {'id': '5104157'}}]",2026-06-09T02:07:24Z,True,"{'x': 7, 'y': 18}",3,+3 Points,654.0
401859965351,351,"{'id': '32', 'text': 'Flagrant Foul Type 1'}",Jalen Brunson flagrant foul type 1,62,64,3,10:54,False,0,{'id': '18'},[{'athlete': {'id': '3934672'}}],2026-06-09T02:07:27Z,False,"{'x': 7, 'y': 18}",0,Foul,654.0
401859965353,353,"{'id': '279', 'text': 'Ref-Initiated Review (Overturned)'}",(10:54) [Spurs] REF-INITIATED REVIEW (CALL OVERTURNED),62,64,3,10:54,False,0,,,2026-06-09T02:08:15Z,False,"{'x': -214748340, 'y': -214748365}",0,Challenge,654.0
401859965354,354,"{'id': '104', 'text': 'Free Throw - Flagrant 1 of 2'}",Julian Champagnie misses free throw flagrant 1 of 2,62,64,3,10:54,False,0,{'id': '24'},[{'athlete': {'id': '4592479'}}],2026-06-09T02:09:20Z,True,"{'x': -214748340, 'y': -214748365}",1,Missed FT,654.0
401859965355,355,"{'id': '156', 'text': 'Offensive Rebound'}",Spurs offensive team rebound,62,64,3,10:54,False,0,{'id': '24'},,2026-06-09T02:09:20Z,False,"{'x': -214748340, 'y': -214748365}",0,Rebound,654.0
401859965356,356,"{'id': '105', 'text': 'Free Throw - Flagrant 2 of 2'}",Julian Champagnie makes free throw flagrant 2 of 2,63,64,3,10:54,True,1,{'id': '24'},[{'athlete': {'id': '4592479'}}],2026-06-09T02:09:20Z,True,"{'x': -214748340, 'y': -214748365}",1,+1 Point,654.0
401859965357,357,"{'id': '92', 'text': 'Jump Shot'}",Stephon Castle misses 25-foot three point jumper,63,64,3,10:45,False,0,{'id': '24'},[{'athlete': {'id': '4845367'}}],2026-06-09T02:10:00Z,True,"{'x': 3, 'y': 12}",3,Missed 3PT,645.0
401859965358,358,"{'id': '155', 'text': 'Defensive Rebound'}",OG Anunoby defensive rebound,63,64,3,10:42,False,0,{'id': '18'},[{'athlete': {'id': '3934719'}}],2026-06-09T02:10:03Z,False,"{'x': 3, 'y': 12}",0,Rebound,642.0
401859965359,359,"{'id': '144', 'text': 'Driving Floating Jump Shot'}",Jalen Brunson misses driving floating jump shot,63,64,3,10:21,False,0,{'id': '18'},[{'athlete': {'id': '3934672'}}],2026-06-09T02:10:26Z,True,"{'x': 35, 'y': 8}",2,Missed FG,621.0
401859965360,360,"{'id': '156', 'text': 'Offensive Rebound'}",Jalen Brunson offensive rebound,63,64,3,10:19,False,0,{'id': '18'},[{'athlete': {'id': '3934672'}}],2026-06-09T02:10:28Z,False,"{'x': 35, 'y': 8}",0,Rebound,619.0
401859965361,361,"{'id': '121', 'text': 'Fade Away Jump Shot'}",Jalen Brunson makes 6-foot fade away jump shot,63,66,3,10:16,True,2,{'id': '18'},[{'athlete': {'id': '3934672'}}],2026-06-09T02:10:29Z,True,"{'x': 19, 'y': 2}",2,+2 Points,616.0
401859965362,362,"{'id': '92', 'text': 'Jump Shot'}",Julian Champagnie misses 25-foot three point jumper,63,66,3,10:01,False,0,{'id': '24'},[{'athlete': {'id': '4592479'}}],2026-06-09T02:10:43Z,True,"{'x': 29, 'y': 26}",3,Missed 3PT,601.0
401859965363,363,"{'id': '155', 'text': 'Defensive Rebound'}",Mikal Bridges defensive rebound,63,66,3,9:58,False,0,{'id': '18'},[{'athlete': {'id': '3147657'}}],2026-06-09T02:10:46Z,False,"{'x': 29, 'y': 26}",0,Rebound,598.0
401859965364,364,"{'id': '115', 'text': 'Driving Dunk Shot'}",OG Anunoby makes 1-foot driving dunk (Josh Hart assists),63,68,3,9:50,True,2,{'id': '18'},"[{'athlete': {'id': '3934719'}}, {'athlete': {'id': '3062679'}}]",2026-06-09T02:10:55Z,True,"{'x': 26, 'y': 1}",2,+2 Points,590.0
401859965366,366,"{'id': '44', 'text': 'Shooting Foul'}",Josh Hart shooting foul,63,68,3,9:34,False,0,{'id': '18'},[{'athlete': {'id': '3062679'}}],2026-06-09T02:11:14Z,False,"{'x': 23, 'y': 2}",0,Foul,574.0
401859965368,368,"{'id': '98', 'text': 'Free Throw - 1 of 2'}",De'Aaron Fox makes free throw 1 of 2,64,68,3,9:34,True,1,{'id': '24'},[{'athlete': {'id': '4066259'}}],2026-06-09T02:11:40Z,True,"{'x': -214748340, 'y': -214748365}",1,+1 Point,574.0
401859965369,369,"{'id': '99', 'text': 'Free Throw - 2 of 2'}",De'Aaron Fox makes free throw 2 of 2,65,68,3,9:34,True,1,{'id': '24'},[{'athlete': {'id': '4066259'}}],2026-06-09T02:11:57Z,True,"{'x': -214748340, 'y': -214748365}",1,+1 Point,574.0
401859965370,370,"{'id': '62', 'text': 'Bad Pass\nTurnover'}","Jalen Brunson bad pass
turnover (Victor Wembanyama steals)",65,68,3,9:09,False,0,{'id': '18'},"[{'athlete': {'id': '3934672'}}, {'athlete': {'id': '5104157'}}]",2026-06-09T02:12:24Z,False,"{'x': 30, 'y': 10}",0,Turnover,549.0
401859965372,372,"{'id': '44', 'text': 'Shooting Foul'}",Josh Hart shooting foul,65,68,3,9:08,False,0,{'id': '18'},[{'athlete': {'id': '3062679'}}],2026-06-09T02:12:28Z,False,"{'x': 29, 'y': 1}",0,Foul,548.0
401859965374,374,"{'id': '98', 'text': 'Free Throw - 1 of 2'}",Devin Vassell makes free throw 1 of 2,66,68,3,9:08,True,1,{'id': '24'},[{'athlete': {'id': '4395630'}}],2026-06-09T02:12:57Z,True,"{'x': -214748340, 'y': -214748365}",1,+1 Point,548.0
401859965375,375,"{'id': '99', 'text': 'Free Throw - 2 of 2'}",Devin Vassell makes free throw 2 of 2,67,68,3,9:08,True,1,{'id': '24'},[{'athlete': {'id': '4395630'}}],2026-06-09T02:12:57Z,True,"{'x': -214748340, 'y': -214748365}",1,+1 Point,548.0
401859965376,376,"{'id': '45', 'text': 'Personal Foul'}",Victor Wembanyama personal foul,67,68,3,8:50,False,0,{'id': '24'},[{'athlete': {'id': '5104157'}}],2026-06-09T02:13:41Z,False,"{'x': 13, 'y': 1}",0,Foul,530.0
401859965378,378,"{'id': '92', 'text': 'Jump Shot'}",Josh Hart misses 23-foot three point jumper,67,68,3,8:36,False,0,{'id': '18'},[{'athlete': {'id': '3062679'}}],2026-06-09T02:14:16Z,True,"{'x': 48, 'y': 4}",3,Missed 3PT,516.0
401859965379,379,"{'id': '155', 'text': 'Defensive Rebound'}",Devin Vassell defensive rebound,67,68,3,8:33,False,0,{'id': '24'},[{'athlete': {'id': '4395630'}}],2026-06-09T02:14:19Z,False,"{'x': 48, 'y': 4}",0,Rebound,513.0
401859965380,380,"{'id': '109', 'text': 'Running Layup Shot'}",Karl-Anthony Towns blocks De'Aaron Fox 's 2-foot running layup,67,68,3,8:29,False,0,{'id': '24'},"[{'athlete': {'id': '4066259'}}, {'athlete': {'id': '3136195'}}]",2026-06-09T02:14:25Z,True,"{'x': 24, 'y': 2}",2,Missed FG,509.0
401859965381,381,"{'id': '156', 'text': 'Offensive Rebound'}",Spurs offensive team rebound,67,68,3,8:28,False,0,{'id': '24'},,2026-06-09T02:14:26Z,False,"{'x': 24, 'y': 2}",0,Rebound,508.0
401859965385,385,"{'id': '92', 'text': 'Jump Shot'}",De'Aaron Fox misses 24-foot three point jumper,67,68,3,8:21,False,0,{'id': '24'},[{'athlete': {'id': '4066259'}}],2026-06-09T02:14:55Z,True,"{'x': 1, 'y': 0}",3,Missed 3PT,501.0
401859965386,386,"{'id': '155', 'text': 'Defensive Rebound'}",Josh Hart defensive rebound,67,68,3,8:19,False,0,{'id': '18'},[{'athlete': {'id': '3062679'}}],2026-06-09T02:14:57Z,False,"{'x': 1, 'y': 0}",0,Rebound,499.0
401859965388,388,"{'id': '131', 'text': 'Pullup Jump Shot'}",Jalen Brunson makes 13-foot pullup jump shot,67,70,3,8:10,True,2,{'id': '18'},[{'athlete': {'id': '3934672'}}],2026-06-09T02:15:15Z,True,"{'x': 29, 'y': 13}",2,+2 Points,490.0
401859965389,389,"{'id': '44', 'text': 'Shooting Foul'}",De'Aaron Fox shooting foul,67,70,3,8:10,False,0,{'id': '24'},[{'athlete': {'id': '4066259'}}],2026-06-09T02:15:18Z,False,"{'x': 29, 'y': 13}",0,Foul,490.0
401859965391,391,"{'id': '97', 'text': 'Free Throw - 1 of 1'}",Jalen Brunson makes free throw 1 of 1,67,71,3,8:10,True,1,{'id': '18'},[{'athlete': {'id': '3934672'}}],2026-06-09T02:15:38Z,True,"{'x': -214748340, 'y': -214748365}",1,+1 Point,490.0
401859965392,392,"{'id': '92', 'text': 'Jump Shot'}",Victor Wembanyama makes 17-foot jumper (De'Aaron Fox assists),69,71,3,7:58,True,2,{'id': '24'},"[{'athlete': {'id': '5104157'}}, {'athlete': {'id': '4066259'}}]",2026-06-09T02:15:52Z,True,"{'x': 30, 'y': 17}",2,+2 Points,478.0
401859965394,394,"{'id': '45', 'text': 'Personal Foul'}",De'Aaron Fox personal foul,69,71,3,7:43,False,0,{'id': '24'},[{'athlete': {'id': '4066259'}}],2026-06-09T02:16:10Z,False,"{'x': 21, 'y': 23}",0,Foul,463.0
401859965396,396,"{'id': '584', 'text': 'Substitution'}",Dylan Harper enters the game for De'Aaron Fox,69,71,3,7:43,False,0,{'id': '24'},"[{'athlete': {'id': '5037871'}}, {'athlete': {'id': '4066259'}}]",2026-06-09T02:16:10Z,False,"{'x': -214748340, 'y': -214748365}",0,Substitution,463.0
401859965397,397,"{'id': '584', 'text': 'Substitution'}",Keldon Johnson enters the game for Julian Champagnie,69,71,3,7:43,False,0,{'id': '24'},"[{'athlete': {'id': '4395723'}}, {'athlete': {'id': '4592479'}}]",2026-06-09T02:16:10Z,False,"{'x': -214748340, 'y': -214748365}",0,Substitution,463.0
401859965400,400,"{'id': '144', 'text': 'Driving Floating Jump Shot'}",Jalen Brunson misses driving floating jump shot,69,71,3,7:34,False,0,{'id': '18'},[{'athlete': {'id': '3934672'}}],2026-06-09T02:16:50Z,True,"{'x': 20, 'y': 1}",2,Missed FG,454.0
401859965401,401,"{'id': '155', 'text': 'Defensive Rebound'}",Victor Wembanyama defensive rebound,69,71,3,7:32,False,0,{'id': '24'},[{'athlete': {'id': '5104157'}}],2026-06-09T02:16:52Z,False,"{'x': 20, 'y': 1}",0,Rebound,452.0
401859965402,402,"{'id': '113', 'text': 'Running Jump Shot'}",Devin Vassell makes 24-foot running jump shot (Dylan Harper assists),72,71,3,7:26,True,3,{'id': '24'},"[{'athlete': {'id': '4395630'}}, {'athlete': {'id': '5037871'}}]",2026-06-09T02:16:56Z,True,"{'x': 46, 'y': 14}",3,+3 Points,446.0
401859965405,405,"{'id': '132', 'text': 'Step Back Jump Shot'}",OG Anunoby makes 15-foot step back jumpshot,72,73,3,7:11,True,2,{'id': '18'},[{'athlete': {'id': '3934719'}}],2026-06-09T02:17:38Z,True,"{'x': 21, 'y': 16}",2,+2 Points,431.0
401859965406,406,"{'id': '44', 'text': 'Shooting Foul'}",Jalen Brunson shooting foul,72,73,3,7:00,False,0,{'id': '18'},[{'athlete': {'id': '3934672'}}],2026-06-09T02:17:51Z,False,"{'x': 18, 'y': 2}",0,Foul,420.0
401859965408,408,"{'id': '98', 'text': 'Free Throw - 1 of 2'}",Keldon Johnson misses free throw 1 of 2,72,73,3,7:00,False,0,{'id': '24'},[{'athlete': {'id': '4395723'}}],2026-06-09T02:18:19Z,True,"{'x': -214748340, 'y': -214748365}",1,Missed FT,420.0
401859965409,409,"{'id': '156', 'text': 'Offensive Rebound'}",Spurs offensive team rebound,72,73,3,7:00,False,0,{'id': '24'},,2026-06-09T02:18:19Z,False,"{'x': -214748340, 'y': -214748365}",0,Rebound,420.0
401859965410,410,"{'id': '99', 'text': 'Free Throw - 2 of 2'}",Keldon Johnson misses free throw 2 of 2,72,73,3,7:00,False,0,{'id': '24'},[{'athlete': {'id': '4395723'}}],2026-06-09T02:18:19Z,True,"{'x': -214748340, 'y': -214748365}",1,Missed FT,420.0
401859965411,411,"{'id': '155', 'text': 'Defensive Rebound'}",OG Anunoby defensive rebound,72,73,3,6:58,False,0,{'id': '18'},[{'athlete': {'id': '3934719'}}],2026-06-09T02:18:21Z,False,"{'x': -214748340, 'y': -214748365}",0,Rebound,418.0
401859965412,412,"{'id': '92', 'text': 'Jump Shot'}",Josh Hart makes 22-foot three point jumper (Jalen Brunson assists),72,76,3,6:41,True,3,{'id': '18'},"[{'athlete': {'id': '3062679'}}, {'athlete': {'id': '3934672'}}]",2026-06-09T02:18:56Z,True,"{'x': 2, 'y': 1}",3,+3 Points,401.0
401859965414,414,"{'id': '126', 'text': 'Layup Driving Reverse'}",Stephon Castle misses two point shot,72,76,3,6:30,False,0,{'id': '24'},[{'athlete': {'id': '4845367'}}],2026-06-09T02:19:09Z,True,"{'x': 23, 'y': 0}",2,Missed FG,390.0
401859965415,415,"{'id': '155', 'text': 'Defensive Rebound'}",Karl-Anthony Towns defensive rebound,72,76,3,6:27,False,0,{'id': '18'},[{'athlete': {'id': '3136195'}}],2026-06-09T02:19:12Z,False,"{'x': 23, 'y': 0}",0,Rebound,387.0
401859965416,416,"{'id': '90', 'text': 'Out of Bounds - Bad Pass Turnover'}",Jalen Brunson out of bounds bad pass turnover,72,76,3,6:21,False,0,{'id': '18'},[{'athlete': {'id': '3934672'}}],2026-06-09T02:19:18Z,False,"{'x': 26, 'y': 31}",0,Turnover,381.0
401859965417,417,"{'id': '16', 'text': 'Full Timeout'}",Knicks Full timeout,72,76,3,6:21,False,0,{'id': '18'},,2026-06-09T02:19:24Z,False,"{'x': -214748340, 'y': -214748365}",0,Timeout,381.0
401859965418,418,"{'id': '584', 'text': 'Substitution'}",Mitchell Robinson enters the game for Karl-Anthony Towns,72,76,3,6:21,False,0,{'id': '18'},"[{'athlete': {'id': '4351852'}}, {'athlete': {'id': '3136195'}}]",2026-06-09T02:19:24Z,False,"{'x': -214748340, 'y': -214748365}",0,Substitution,381.0
401859965419,419,"{'id': '584', 'text': 'Substitution'}",Landry Shamet enters the game for Mikal Bridges,72,76,3,6:21,False,0,{'id': '18'},"[{'athlete': {'id': '3914044'}}, {'athlete': {'id': '3147657'}}]",2026-06-09T02:19:24Z,False,"{'x': -214748340, 'y': -214748365}",0,Substitution,381.0
401859965422,422,"{'id': '95', 'text': 'Layup Shot'}",Victor Wembanyama misses layup,72,76,3,6:09,False,0,{'id': '24'},[{'athlete': {'id': '5104157'}}],2026-06-09T02:23:30Z,True,"{'x': 24, 'y': 1}",2,Missed FG,369.0
401859965423,423,"{'id': '156', 'text': 'Offensive Rebound'}",Victor Wembanyama offensive rebound,72,76,3,6:07,False,0,{'id': '24'},[{'athlete': {'id': '5104157'}}],2026-06-09T02:23:32Z,False,"{'x': 24, 'y': 1}",0,Rebound,367.0
401859965424,424,"{'id': '94', 'text': 'Tip Shot'}",Victor Wembanyama makes tip shot,74,76,3,6:07,True,2,{'id': '24'},[{'athlete': {'id': '5104157'}}],2026-06-09T02:23:33Z,True,"{'x': 25, 'y': 0}",2,+2 Points,367.0
401859965426,426,"{'id': '131', 'text': 'Pullup Jump Shot'}",Jalen Brunson misses 16-foot pullup jump shot,74,76,3,5:50,False,0,{'id': '18'},[{'athlete': {'id': '3934672'}}],2026-06-09T02:23:49Z,True,"{'x': 15, 'y': 13}",2,Missed FG,350.0
401859965427,427,"{'id': '155', 'text': 'Defensive Rebound'}",Keldon Johnson defensive rebound,74,76,3,5:48,False,0,{'id': '24'},[{'athlete': {'id': '4395723'}}],2026-06-09T02:23:51Z,False,"{'x': 15, 'y': 13}",0,Rebound,348.0
401859965428,428,"{'id': '141', 'text': 'Cutting Layup Shot'}",Keldon Johnson makes 1-foot layup (Victor Wembanyama assists),76,76,3,5:38,True,2,{'id': '24'},"[{'athlete': {'id': '4395723'}}, {'athlete': {'id': '5104157'}}]",2026-06-09T02:24:01Z,True,"{'x': 26, 'y': 1}",2,+2 Points,338.0
401859965430,430,"{'id': '121', 'text': 'Fade Away Jump Shot'}",Josh Hart misses 7-foot fade away jump shot,76,76,3,5:12,False,0,{'id': '18'},[{'athlete': {'id': '3062679'}}],2026-06-09T02:24:27Z,True,"{'x': 22, 'y': 8}",2,Missed FG,312.0
401859965431,431,"{'id': '155', 'text': 'Defensive Rebound'}",Victor Wembanyama defensive rebound,76,76,3,5:10,False,0,{'id': '24'},[{'athlete': {'id': '5104157'}}],2026-06-09T02:24:29Z,False,"{'x': 22, 'y': 8}",0,Rebound,310.0
401859965432,432,"{'id': '92', 'text': 'Jump Shot'}",Victor Wembanyama makes 29-foot three point jumper (Stephon Castle assists),79,76,3,5:02,True,3,{'id': '24'},"[{'athlete': {'id': '5104157'}}, {'athlete': {'id': '4845367'}}]",2026-06-09T02:24:36Z,True,"{'x': 9, 'y': 25}",3,+3 Points,302.0
401859965434,434,"{'id': '131', 'text': 'Pullup Jump Shot'}",Jalen Brunson misses 25-foot three point pullup jump shot,79,76,3,4:52,False,0,{'id': '18'},[{'athlete': {'id': '3934672'}}],2026-06-09T02:24:47Z,True,"{'x': 42, 'y': 20}",3,Missed 3PT,292.0
401859965435,435,"{'id': '156', 'text': 'Offensive Rebound'}",Landry Shamet offensive rebound,79,76,3,4:49,False,0,{'id': '18'},[{'athlete': {'id': '3914044'}}],2026-06-09T02:24:50Z,False,"{'x': 42, 'y': 20}",0,Rebound,289.0
401859965436,436,"{'id': '132', 'text': 'Step Back Jump Shot'}",OG Anunoby misses 23-foot three point step back jumpshot,79,76,3,4:47,False,0,{'id': '18'},[{'athlete': {'id': '3934719'}}],2026-06-09T02:24:53Z,True,"{'x': 2, 'y': 5}",3,Missed 3PT,287.0
401859965437,437,"{'id': '156', 'text': 'Offensive Rebound'}",Mitchell Robinson offensive rebound,79,76,3,4:45,False,0,{'id': '18'},[{'athlete': {'id': '4351852'}}],2026-06-09T02:24:55Z,False,"{'x': 2, 'y': 5}",0,Rebound,285.0
401859965438,438,"{'id': '144', 'text': 'Driving Floating Jump Shot'}",Jalen Brunson misses driving floating jump shot,79,76,3,4:38,False,0,{'id': '18'},[{'athlete': {'id': '3934672'}}],2026-06-09T02:25:02Z,True,"{'x': 26, 'y': 11}",2,Missed FG,278.0
401859965439,439,"{'id': '156', 'text': 'Offensive Rebound'}",Mitchell Robinson offensive rebound,79,76,3,4:37,False,0,{'id': '18'},[{'athlete': {'id': '4351852'}}],2026-06-09T02:25:03Z,False,"{'x': 26, 'y': 11}",0,Rebound,277.0
401859965440,440,"{'id': '94', 'text': 'Tip Shot'}",Mitchell Robinson makes tip shot,79,78,3,4:37,True,2,{'id': '18'},[{'athlete': {'id': '4351852'}}],2026-06-09T02:25:06Z,True,"{'x': 25, 'y': 0}",2,+2 Points,277.0
401859965441,441,"{'id': '45', 'text': 'Personal Foul'}",Jalen Brunson personal foul,79,78,3,4:29,False,0,{'id': '18'},[{'athlete': {'id': '3934672'}}],2026-06-09T02:25:21Z,False,"{'x': 21, 'y': 10}",0,Foul,269.0
401859965443,443,"{'id': '98', 'text': 'Free Throw - 1 of 2'}",Dylan Harper makes free throw 1 of 2,80,78,3,4:29,True,1,{'id': '24'},[{'athlete': {'id': '5037871'}}],2026-06-09T02:26:05Z,True,"{'x': -214748340, 'y': -214748365}",1,+1 Point,269.0
401859965444,444,"{'id': '584', 'text': 'Substitution'}",Jose Alvarado enters the game for Josh Hart,80,78,3,4:29,False,0,{'id': '18'},"[{'athlete': {'id': '4277869'}}, {'athlete': {'id': '3062679'}}]",2026-06-09T02:26:05Z,False,"{'x': -214748340, 'y': -214748365}",0,Substitution,269.0
401859965445,445,"{'id': '584', 'text': 'Substitution'}",Jordan Clarkson enters the game for Jalen Brunson,80,78,3,4:29,False,0,{'id': '18'},"[{'athlete': {'id': '2528426'}}, {'athlete': {'id': '3934672'}}]",2026-06-09T02:26:05Z,False,"{'x': -214748340, 'y': -214748365}",0,Substitution,269.0
401859965446,446,"{'id': '584', 'text': 'Substitution'}",Luke Kornet enters the game for Victor Wembanyama,80,78,3,4:29,False,0,{'id': '24'},"[{'athlete': {'id': '3064560'}}, {'athlete': {'id': '5104157'}}]",2026-06-09T02:26:05Z,False,"{'x': -214748340, 'y': -214748365}",0,Substitution,269.0
401859965447,447,"{'id': '584', 'text': 'Substitution'}",De'Aaron Fox enters the game for Stephon Castle,80,78,3,4:29,False,0,{'id': '24'},"[{'athlete': {'id': '4066259'}}, {'athlete': {'id': '4845367'}}]",2026-06-09T02:26:05Z,False,"{'x': -214748340, 'y': -214748365}",0,Substitution,269.0
401859965452,452,"{'id': '99', 'text': 'Free Throw - 2 of 2'}",Dylan Harper makes free throw 2 of 2,81,78,3,4:29,True,1,{'id': '24'},[{'athlete': {'id': '5037871'}}],2026-06-09T02:26:35Z,True,"{'x': -214748340, 'y': -214748365}",1,+1 Point,269.0
401859965453,453,"{'id': '45', 'text': 'Personal Foul'}",Devin Vassell personal foul,81,78,3,4:14,False,0,{'id': '24'},[{'athlete': {'id': '4395630'}}],2026-06-09T02:26:54Z,False,"{'x': 39, 'y': 27}",0,Foul,254.0
401859965455,455,"{'id': '584', 'text': 'Substitution'}",Karl-Anthony Towns enters the game for Mitchell Robinson,81,78,3,4:14,False,0,{'id': '18'},"[{'athlete': {'id': '3136195'}}, {'athlete': {'id': '4351852'}}]",2026-06-09T02:26:54Z,False,"{'x': -214748340, 'y': -214748365}",0,Substitution,254.0
401859965457,457,"{'id': '144', 'text': 'Driving Floating Jump Shot'}",Jordan Clarkson misses driving floating jump shot,81,78,3,4:01,False,0,{'id': '18'},[{'athlete': {'id': '2528426'}}],2026-06-09T02:27:53Z,True,"{'x': 25, 'y': 7}",2,Missed FG,241.0
401859965458,458,"{'id': '156', 'text': 'Offensive Rebound'}",Jordan Clarkson offensive rebound,81,78,3,4:00,False,0,{'id': '18'},[{'athlete': {'id': '2528426'}}],2026-06-09T02:27:54Z,False,"{'x': 25, 'y': 7}",0,Rebound,240.0
401859965459,459,"{'id': '94', 'text': 'Tip Shot'}",Jordan Clarkson makes tip shot,81,80,3,4:00,True,2,{'id': '18'},[{'athlete': {'id': '2528426'}}],2026-06-09T02:27:56Z,True,"{'x': 25, 'y': 0}",2,+2 Points,240.0
401859965460,460,"{'id': '45', 'text': 'Personal Foul'}",Landry Shamet personal foul,81,80,3,3:40,False,0,{'id': '18'},[{'athlete': {'id': '3914044'}}],2026-06-09T02:28:17Z,False,"{'x': 30, 'y': 2}",0,Foul,220.0
401859965462,462,"{'id': '98', 'text': 'Free Throw - 1 of 2'}",Keldon Johnson makes free throw 1 of 2,82,80,3,3:40,True,1,{'id': '24'},[{'athlete': {'id': '4395723'}}],2026-06-09T02:28:46Z,True,"{'x': -214748340, 'y': -214748365}",1,+1 Point,220.0
401859965463,463,"{'id': '584', 'text': 'Substitution'}",Julian Champagnie enters the game for Devin Vassell,82,80,3,3:40,False,0,{'id': '24'},"[{'athlete': {'id': '4592479'}}, {'athlete': {'id': '4395630'}}]",2026-06-09T02:28:46Z,False,"{'x': -214748340, 'y': -214748365}",0,Substitution,220.0
401859965465,465,"{'id': '99', 'text': 'Free Throw - 2 of 2'}",Keldon Johnson misses free throw 2 of 2,82,80,3,3:40,False,0,{'id': '24'},[{'athlete': {'id': '4395723'}}],2026-06-09T02:28:46Z,True,"{'x': -214748340, 'y': -214748365}",1,Missed FT,220.0
401859965466,466,"{'id': '155', 'text': 'Defensive Rebound'}",Jordan Clarkson defensive rebound,82,80,3,3:37,False,0,{'id': '18'},[{'athlete': {'id': '2528426'}}],2026-06-09T02:28:49Z,False,"{'x': -214748340, 'y': -214748365}",0,Rebound,217.0
401859965467,467,"{'id': '45', 'text': 'Personal Foul'}",Keldon Johnson personal foul,82,80,3,3:31,False,0,{'id': '24'},[{'athlete': {'id': '4395723'}}],2026-06-09T02:29:23Z,False,"{'x': 24, 'y': 23}",0,Foul,211.0
401859965469,469,"{'id': '98', 'text': 'Free Throw - 1 of 2'}",OG Anunoby makes free throw 1 of 2,82,81,3,3:31,True,1,{'id': '18'},[{'athlete': {'id': '3934719'}}],2026-06-09T02:29:49Z,True,"{'x': -214748340, 'y': -214748365}",1,+1 Point,211.0
401859965470,470,"{'id': '99', 'text': 'Free Throw - 2 of 2'}",OG Anunoby misses free throw 2 of 2,82,81,3,3:31,False,0,{'id': '18'},[{'athlete': {'id': '3934719'}}],2026-06-09T02:29:49Z,True,"{'x': -214748340, 'y': -214748365}",1,Missed FT,211.0
401859965471,471,"{'id': '155', 'text': 'Defensive Rebound'}",Dylan Harper defensive rebound,82,81,3,3:28,False,0,{'id': '24'},[{'athlete': {'id': '5037871'}}],2026-06-09T02:29:52Z,False,"{'x': -214748340, 'y': -214748365}",0,Rebound,208.0
401859965472,472,"{'id': '110', 'text': 'Driving Layup Shot'}",Dylan Harper makes driving layup,84,81,3,3:19,True,2,{'id': '24'},[{'athlete': {'id': '5037871'}}],2026-06-09T02:30:20Z,True,"{'x': 27, 'y': 1}",2,+2 Points,199.0
401859965473,473,"{'id': '144', 'text': 'Driving Floating Jump Shot'}",Karl-Anthony Towns misses driving floating jump shot,84,81,3,3:03,False,0,{'id': '18'},[{'athlete': {'id': '3136195'}}],2026-06-09T02:30:35Z,True,"{'x': 24, 'y': 1}",2,Missed FG,183.0
401859965474,474,"{'id': '155', 'text': 'Defensive Rebound'}",Luke Kornet defensive rebound,84,81,3,3:01,False,0,{'id': '24'},[{'athlete': {'id': '3064560'}}],2026-06-09T02:30:37Z,False,"{'x': 24, 'y': 1}",0,Rebound,181.0
401859965475,475,"{'id': '62', 'text': 'Bad Pass\nTurnover'}","Keldon Johnson bad pass
turnover (Karl-Anthony Towns steals)",84,81,3,2:53,False,0,{'id': '24'},"[{'athlete': {'id': '4395723'}}, {'athlete': {'id': '3136195'}}]",2026-06-09T02:30:45Z,False,"{'x': 31, 'y': 0}",0,Turnover,173.0
401859965477,477,"{'id': '109', 'text': 'Running Layup Shot'}",Jose Alvarado misses running layup,84,81,3,2:47,False,0,{'id': '18'},[{'athlete': {'id': '4277869'}}],2026-06-09T02:30:52Z,True,"{'x': 25, 'y': 3}",2,Missed FG,167.0
401859965478,478,"{'id': '155', 'text': 'Defensive Rebound'}",Dylan Harper defensive rebound,84,81,3,2:45,False,0,{'id': '24'},[{'athlete': {'id': '5037871'}}],2026-06-09T02:30:54Z,False,"{'x': 25, 'y': 3}",0,Rebound,165.0
401859965479,479,"{'id': '121', 'text': 'Fade Away Jump Shot'}",Dylan Harper misses 5-foot fade away jump shot,84,81,3,2:36,False,0,{'id': '24'},[{'athlete': {'id': '5037871'}}],2026-06-09T02:31:03Z,True,"{'x': 30, 'y': 4}",2,Missed FG,156.0
401859965480,480,"{'id': '156', 'text': 'Offensive Rebound'}",Luke Kornet offensive rebound,84,81,3,2:35,False,0,{'id': '24'},[{'athlete': {'id': '3064560'}}],2026-06-09T02:31:04Z,False,"{'x': 30, 'y': 4}",0,Rebound,155.0
401859965484,484,"{'id': '94', 'text': 'Tip Shot'}",Luke Kornet misses 1-foot tip shot,84,81,3,2:35,False,0,{'id': '24'},[{'athlete': {'id': '3064560'}}],2026-06-09T02:31:08Z,True,"{'x': 24, 'y': 1}",2,Missed FG,155.0
401859965485,485,"{'id': '156', 'text': 'Offensive Rebound'}",Luke Kornet offensive rebound,84,81,3,2:34,False,0,{'id': '24'},[{'athlete': {'id': '3064560'}}],2026-06-09T02:31:09Z,False,"{'x': 24, 'y': 1}",0,Rebound,154.0
401859965481,481,"{'id': '45', 'text': 'Personal Foul'}",Landry Shamet personal foul,84,81,3,2:33,False,0,{'id': '18'},[{'athlete': {'id': '3914044'}}],2026-06-09T02:31:13Z,False,"{'x': 24, 'y': 3}",0,Foul,153.0
401859965483,483,"{'id': '16', 'text': 'Full Timeout'}",Spurs Full timeout,84,81,3,2:33,False,0,{'id': '24'},,2026-06-09T02:31:30Z,False,"{'x': -214748340, 'y': -214748365}",0,Timeout,153.0
401859965486,486,"{'id': '584', 'text': 'Substitution'}",Mikal Bridges enters the game for OG Anunoby,84,81,3,2:33,False,0,{'id': '18'},"[{'athlete': {'id': '3147657'}}, {'athlete': {'id': '3934719'}}]",2026-06-09T02:31:30Z,False,"{'x': -214748340, 'y': -214748365}",0,Substitution,153.0
401859965487,487,"{'id': '584', 'text': 'Substitution'}",Stephon Castle enters the game for Keldon Johnson,84,81,3,2:33,False,0,{'id': '24'},"[{'athlete': {'id': '4845367'}}, {'athlete': {'id': '4395723'}}]",2026-06-09T02:31:30Z,False,"{'x': -214748340, 'y': -214748365}",0,Substitution,153.0
401859965490,490,"{'id': '98', 'text': 'Free Throw - 1 of 2'}",Luke Kornet makes free throw 1 of 2,85,81,3,2:33,True,1,{'id': '24'},[{'athlete': {'id': '3064560'}}],2026-06-09T02:35:14Z,True,"{'x': -214748340, 'y': -214748365}",1,+1 Point,153.0
401859965491,491,"{'id': '99', 'text': 'Free Throw - 2 of 2'}",Luke Kornet makes free throw 2 of 2,86,81,3,2:33,True,1,{'id': '24'},[{'athlete': {'id': '3064560'}}],2026-06-09T02:35:32Z,True,"{'x': -214748340, 'y': -214748365}",1,+1 Point,153.0
401859965492,492,"{'id': '92', 'text': 'Jump Shot'}",Landry Shamet makes 23-foot three point jumper (Jose Alvarado assists),86,84,3,2:14,True,3,{'id': '18'},"[{'athlete': {'id': '3914044'}}, {'athlete': {'id': '4277869'}}]",2026-06-09T02:35:54Z,True,"{'x': 48, 'y': 0}",3,+3 Points,134.0
401859965494,494,"{'id': '92', 'text': 'Jump Shot'}",Julian Champagnie makes 25-foot three point jumper (Dylan Harper assists),89,84,3,1:51,True,3,{'id': '24'},"[{'athlete': {'id': '4592479'}}, {'athlete': {'id': '5037871'}}]",2026-06-09T02:36:17Z,True,"{'x': 26, 'y': 26}",3,+3 Points,111.0
401859965496,496,"{'id': '144', 'text': 'Driving Floating Jump Shot'}",Jordan Clarkson misses driving floating jump shot,89,84,3,1:30,False,0,{'id': '18'},[{'athlete': {'id': '2528426'}}],2026-06-09T02:36:38Z,True,"{'x': 25, 'y': 7}",2,Missed FG,90.0
401859965497,497,"{'id': '156', 'text': 'Offensive Rebound'}",Karl-Anthony Towns offensive rebound,89,84,3,1:28,False,0,{'id': '18'},[{'athlete': {'id': '3136195'}}],2026-06-09T02:36:40Z,False,"{'x': 25, 'y': 7}",0,Rebound,88.0
401859965498,498,"{'id': '125', 'text': 'Layup Shot Putback'}",Karl-Anthony Towns makes two point shot,89,86,3,1:28,True,2,{'id': '18'},[{'athlete': {'id': '3136195'}}],2026-06-09T02:36:41Z,True,"{'x': 25, 'y': 2}",2,+2 Points,88.0
401859965499,499,"{'id': '92', 'text': 'Jump Shot'}",Julian Champagnie misses 26-foot three point jumper,89,86,3,1:15,False,0,{'id': '24'},[{'athlete': {'id': '4592479'}}],2026-06-09T02:36:53Z,True,"{'x': 11, 'y': 23}",3,Missed 3PT,75.0
401859965500,500,"{'id': '155', 'text': 'Defensive Rebound'}",Jose Alvarado defensive rebound,89,86,3,1:12,False,0,{'id': '18'},[{'athlete': {'id': '4277869'}}],2026-06-09T02:36:56Z,False,"{'x': 11, 'y': 23}",0,Rebound,72.0
401859965501,501,"{'id': '132', 'text': 'Step Back Jump Shot'}",Jordan Clarkson makes 24-foot three point step back jumpshot,89,89,3,49.4,True,3,{'id': '18'},[{'athlete': {'id': '2528426'}}],2026-06-09T02:37:20Z,True,"{'x': 16, 'y': 23}",3,+3 Points,49.4
401859965502,502,"{'id': '132', 'text': 'Step Back Jump Shot'}",Dylan Harper makes 25-foot three point step back jumpshot,92,89,3,33.5,True,3,{'id': '24'},[{'athlete': {'id': '5037871'}}],2026-06-09T02:37:41Z,True,"{'x': 36, 'y': 23}",3,+3 Points,33.5
401859965503,503,"{'id': '131', 'text': 'Pullup Jump Shot'}",Mikal Bridges makes 15-foot pullup jump shot,92,91,3,14.9,True,2,{'id': '18'},[{'athlete': {'id': '3147657'}}],2026-06-09T02:38:03Z,True,"{'x': 24, 'y': 15}",2,+2 Points,14.9
401859965504,504,"{'id': '131', 'text': 'Pullup Jump Shot'}",Dylan Harper misses 25-foot three point pullup jump shot,92,91,3,2.5,False,0,{'id': '24'},[{'athlete': {'id': '5037871'}}],2026-06-09T02:38:18Z,True,"{'x': 33, 'y': 25}",3,Missed 3PT,2.5
401859965505,505,"{'id': '155', 'text': 'Defensive Rebound'}",Jose Alvarado defensive rebound,92,91,3,0.2,False,0,{'id': '18'},[{'athlete': {'id': '4277869'}}],2026-06-09T02:38:20Z,False,"{'x': 33, 'y': 25}",0,Rebound,0.2
401859965506,506,"{'id': '412', 'text': 'End Period'}",End of the 3rd Quarter,92,91,3,0.0,False,0,,,2026-06-09T02:38:25Z,False,"{'x': -214748340, 'y': -214748365}",0,End of 3rd,0.0
401859965507,507,"{'id': '584', 'text': 'Substitution'}",Keldon Johnson enters the game for Dylan Harper,92,91,4,12:00,False,0,{'id': '24'},"[{'athlete': {'id': '4395723'}}, {'athlete': {'id': '5037871'}}]",2026-06-09T02:41:29Z,False,"{'x': -214748340, 'y': -214748365}",0,Substitution,720.0
401859965508,508,"{'id': '584', 'text': 'Substitution'}",Victor Wembanyama enters the game for Luke Kornet,92,91,4,12:00,False,0,{'id': '24'},"[{'athlete': {'id': '5104157'}}, {'athlete': {'id': '3064560'}}]",2026-06-09T02:41:29Z,False,"{'x': -214748340, 'y': -214748365}",0,Substitution,720.0
401859965509,509,"{'id': '584', 'text': 'Substitution'}",Devin Vassell enters the game for Julian Champagnie,92,91,4,12:00,False,0,{'id': '24'},"[{'athlete': {'id': '4395630'}}, {'athlete': {'id': '4592479'}}]",2026-06-09T02:41:29Z,False,"{'x': -214748340, 'y': -214748365}",0,Substitution,720.0
401859965514,514,"{'id': '45', 'text': 'Personal Foul'}",Karl-Anthony Towns personal foul,92,91,4,11:45,False,0,{'id': '18'},[{'athlete': {'id': '3136195'}}],2026-06-09T02:42:27Z,False,"{'x': 20, 'y': 6}",0,Foul,705.0
401859965516,516,"{'id': '92', 'text': 'Jump Shot'}",De'Aaron Fox misses 24-foot three point jumper,92,91,4,11:36,False,0,{'id': '24'},[{'athlete': {'id': '4066259'}}],2026-06-09T02:42:53Z,True,"{'x': 48, 'y': 8}",3,Missed 3PT,696.0
401859965517,517,"{'id': '156', 'text': 'Offensive Rebound'}",Spurs offensive team rebound,92,91,4,11:35,False,0,{'id': '24'},,2026-06-09T02:42:54Z,False,"{'x': 48, 'y': 8}",0,Rebound,695.0
401859965518,518,"{'id': '43', 'text': 'Loose Ball Foul'}",Mikal Bridges loose ball foul,92,91,4,11:35,False,0,{'id': '18'},[{'athlete': {'id': '3147657'}}],2026-06-09T02:42:58Z,False,"{'x': 23, 'y': 5}",0,Foul,695.0
401859965520,520,"{'id': '118', 'text': 'Alley Oop Dunk Shot'}",Victor Wembanyama makes alley oop dunk (Stephon Castle assists),94,91,4,11:30,True,2,{'id': '24'},"[{'athlete': {'id': '5104157'}}, {'athlete': {'id': '4845367'}}]",2026-06-09T02:43:19Z,True,"{'x': 26, 'y': 0}",2,+2 Points,690.0
401859965522,522,"{'id': '131', 'text': 'Pullup Jump Shot'}",Jose Alvarado misses 23-foot three point pullup jump shot,94,91,4,11:19,False,0,{'id': '18'},[{'athlete': {'id': '4277869'}}],2026-06-09T02:43:30Z,True,"{'x': 2, 'y': 5}",3,Missed 3PT,679.0
401859965523,523,"{'id': '156', 'text': 'Offensive Rebound'}",Landry Shamet offensive rebound,94,91,4,11:16,False,0,{'id': '18'},[{'athlete': {'id': '3914044'}}],2026-06-09T02:43:33Z,False,"{'x': 2, 'y': 5}",0,Rebound,676.0
401859965525,525,"{'id': '114', 'text': 'Turnaround Jump Shot'}",Jordan Clarkson misses 18-foot turnaround jump shot,94,91,4,11:03,False,0,{'id': '18'},[{'athlete': {'id': '2528426'}}],2026-06-09T02:44:11Z,True,"{'x': 43, 'y': 1}",2,Missed FG,663.0
401859965526,526,"{'id': '155', 'text': 'Defensive Rebound'}",Stephon Castle defensive rebound,94,91,4,11:00,False,0,{'id': '24'},[{'athlete': {'id': '4845367'}}],2026-06-09T02:44:14Z,False,"{'x': 43, 'y': 1}",0,Rebound,660.0
401859965527,527,"{'id': '44', 'text': 'Shooting Foul'}",Jose Alvarado shooting foul,94,91,4,10:56,False,0,{'id': '18'},[{'athlete': {'id': '4277869'}}],2026-06-09T02:44:20Z,False,"{'x': 26, 'y': 4}",0,Foul,656.0
401859965529,529,"{'id': '98', 'text': 'Free Throw - 1 of 2'}",De'Aaron Fox makes free throw 1 of 2,95,91,4,10:56,True,1,{'id': '24'},[{'athlete': {'id': '4066259'}}],2026-06-09T02:44:49Z,True,"{'x': -214748340, 'y': -214748365}",1,+1 Point,656.0
401859965530,530,"{'id': '99', 'text': 'Free Throw - 2 of 2'}",De'Aaron Fox makes free throw 2 of 2,96,91,4,10:56,True,1,{'id': '24'},[{'athlete': {'id': '4066259'}}],2026-06-09T02:45:12Z,True,"{'x': -214748340, 'y': -214748365}",1,+1 Point,656.0
401859965531,531,"{'id': '63', 'text': 'Lost Ball Turnover'}",Jordan Clarkson lost ball turnover (De'Aaron Fox steals),96,91,4,10:40,False,0,{'id': '18'},"[{'athlete': {'id': '2528426'}}, {'athlete': {'id': '4066259'}}]",2026-06-09T02:45:30Z,False,"{'x': 38, 'y': 22}",0,Turnover,640.0
401859965534,534,"{'id': '584', 'text': 'Substitution'}",Josh Hart enters the game for Jordan Clarkson,96,91,4,10:36,False,0,{'id': '18'},"[{'athlete': {'id': '3062679'}}, {'athlete': {'id': '2528426'}}]",2026-06-09T02:45:37Z,False,"{'x': -214748340, 'y': -214748365}",0,Substitution,636.0
401859965537,537,"{'id': '131', 'text': 'Pullup Jump Shot'}",De'Aaron Fox misses 26-foot three point pullup jump shot,96,91,4,10:19,False,0,{'id': '24'},[{'athlete': {'id': '4066259'}}],2026-06-09T02:46:51Z,True,"{'x': 10, 'y': 21}",3,Missed 3PT,619.0
401859965538,538,"{'id': '156', 'text': 'Offensive Rebound'}",Stephon Castle offensive rebound,96,91,4,10:16,False,0,{'id': '24'},[{'athlete': {'id': '4845367'}}],2026-06-09T02:46:54Z,False,"{'x': 10, 'y': 21}",0,Rebound,616.0
401859965539,539,"{'id': '110', 'text': 'Driving Layup Shot'}",Mikal Bridges blocks Stephon Castle 's 4-foot driving layup,96,91,4,10:13,False,0,{'id': '24'},"[{'athlete': {'id': '4845367'}}, {'athlete': {'id': '3147657'}}]",2026-06-09T02:46:57Z,True,"{'x': 21, 'y': 1}",2,Missed FG,613.0
401859965541,541,"{'id': '155', 'text': 'Defensive Rebound'}",Mikal Bridges defensive rebound,96,91,4,10:10,False,0,{'id': '18'},[{'athlete': {'id': '3147657'}}],2026-06-09T02:47:00Z,False,"{'x': 21, 'y': 1}",0,Rebound,610.0
401859965542,542,"{'id': '131', 'text': 'Pullup Jump Shot'}",Landry Shamet misses 24-foot three point pullup jump shot,96,91,4,9:50,False,0,{'id': '18'},[{'athlete': {'id': '3914044'}}],2026-06-09T02:47:20Z,True,"{'x': 48, 'y': 8}",3,Missed 3PT,590.0
401859965543,543,"{'id': '155', 'text': 'Defensive Rebound'}",Devin Vassell defensive rebound,96,91,4,9:47,False,0,{'id': '24'},[{'athlete': {'id': '4395630'}}],2026-06-09T02:47:23Z,False,"{'x': 48, 'y': 8}",0,Rebound,587.0
401859965544,544,"{'id': '92', 'text': 'Jump Shot'}",Stephon Castle misses 27-foot three point jumper,96,91,4,9:36,False,0,{'id': '24'},[{'athlete': {'id': '4845367'}}],2026-06-09T02:47:34Z,True,"{'x': 8, 'y': 21}",3,Missed 3PT,576.0
401859965545,545,"{'id': '155', 'text': 'Defensive Rebound'}",Mikal Bridges defensive rebound,96,91,4,9:34,False,0,{'id': '18'},[{'athlete': {'id': '3147657'}}],2026-06-09T02:47:36Z,False,"{'x': 8, 'y': 21}",0,Rebound,574.0
401859965546,546,"{'id': '92', 'text': 'Jump Shot'}",Landry Shamet misses 23-foot three point jumper,96,91,4,9:27,False,0,{'id': '18'},[{'athlete': {'id': '3914044'}}],2026-06-09T02:47:43Z,True,"{'x': 2, 'y': -2}",3,Missed 3PT,567.0
401859965547,547,"{'id': '155', 'text': 'Defensive Rebound'}",De'Aaron Fox defensive rebound,96,91,4,9:24,False,0,{'id': '24'},[{'athlete': {'id': '4066259'}}],2026-06-09T02:47:46Z,False,"{'x': 2, 'y': -2}",0,Rebound,564.0
401859965548,548,"{'id': '45', 'text': 'Personal Foul'}",Landry Shamet personal foul,96,91,4,9:18,False,0,{'id': '18'},[{'athlete': {'id': '3914044'}}],2026-06-09T02:47:55Z,False,"{'x': 25, 'y': 4}",0,Foul,558.0
401859965550,550,"{'id': '584', 'text': 'Substitution'}",Mitchell Robinson enters the game for Jose Alvarado,96,91,4,9:18,False,0,{'id': '18'},"[{'athlete': {'id': '4351852'}}, {'athlete': {'id': '4277869'}}]",2026-06-09T02:47:56Z,False,"{'x': -214748340, 'y': -214748365}",0,Substitution,558.0
401859965551,551,"{'id': '584', 'text': 'Substitution'}",Jalen Brunson enters the game for Karl-Anthony Towns,96,91,4,9:18,False,0,{'id': '18'},"[{'athlete': {'id': '3934672'}}, {'athlete': {'id': '3136195'}}]",2026-06-09T02:47:56Z,False,"{'x': -214748340, 'y': -214748365}",0,Substitution,558.0
401859965552,552,"{'id': '584', 'text': 'Substitution'}",Dylan Harper enters the game for De'Aaron Fox,96,91,4,9:18,False,0,{'id': '24'},"[{'athlete': {'id': '5037871'}}, {'athlete': {'id': '4066259'}}]",2026-06-09T02:47:56Z,False,"{'x': -214748340, 'y': -214748365}",0,Substitution,558.0
401859965553,553,"{'id': '584', 'text': 'Substitution'}",Julian Champagnie enters the game for Devin Vassell,96,91,4,9:18,False,0,{'id': '24'},"[{'athlete': {'id': '4592479'}}, {'athlete': {'id': '4395630'}}]",2026-06-09T02:47:56Z,False,"{'x': -214748340, 'y': -214748365}",0,Substitution,558.0
401859965558,558,"{'id': '144', 'text': 'Driving Floating Jump Shot'}",Julian Champagnie misses driving floating jump shot,96,91,4,9:09,False,0,{'id': '24'},[{'athlete': {'id': '4592479'}}],2026-06-09T02:48:47Z,True,"{'x': 22, 'y': 1}",2,Missed FG,549.0
401859965559,559,"{'id': '155', 'text': 'Defensive Rebound'}",Mikal Bridges defensive rebound,96,91,4,9:07,False,0,{'id': '18'},[{'athlete': {'id': '3147657'}}],2026-06-09T02:48:49Z,False,"{'x': 22, 'y': 1}",0,Rebound,547.0
401859965560,560,"{'id': '131', 'text': 'Pullup Jump Shot'}",Mikal Bridges misses 14-foot pullup jump shot,96,91,4,8:58,False,0,{'id': '18'},[{'athlete': {'id': '3147657'}}],2026-06-09T02:48:58Z,True,"{'x': 33, 'y': 13}",2,Missed FG,538.0
401859965561,561,"{'id': '155', 'text': 'Defensive Rebound'}",Dylan Harper defensive rebound,96,91,4,8:55,False,0,{'id': '24'},[{'athlete': {'id': '5037871'}}],2026-06-09T02:49:01Z,False,"{'x': 33, 'y': 13}",0,Rebound,535.0
401859965562,562,"{'id': '95', 'text': 'Layup Shot'}",Keldon Johnson makes layup (Julian Champagnie assists),98,91,4,8:44,True,2,{'id': '24'},"[{'athlete': {'id': '4395723'}}, {'athlete': {'id': '4592479'}}]",2026-06-09T02:49:12Z,True,"{'x': 25, 'y': 0}",2,+2 Points,524.0
401859965564,564,"{'id': '128', 'text': 'Driving Finger Roll Layup'}",Jalen Brunson misses two point shot,98,91,4,8:31,False,0,{'id': '18'},[{'athlete': {'id': '3934672'}}],2026-06-09T02:49:28Z,True,"{'x': 27, 'y': 1}",2,Missed FG,511.0
401859965565,565,"{'id': '156', 'text': 'Offensive Rebound'}",Mitchell Robinson offensive rebound,98,91,4,8:30,False,0,{'id': '18'},[{'athlete': {'id': '4351852'}}],2026-06-09T02:49:29Z,False,"{'x': 27, 'y': 1}",0,Rebound,510.0
401859965566,566,"{'id': '94', 'text': 'Tip Shot'}",Mitchell Robinson makes tip shot,98,93,4,8:30,True,2,{'id': '18'},[{'athlete': {'id': '4351852'}}],2026-06-09T02:49:31Z,True,"{'x': 25, 'y': 0}",2,+2 Points,510.0
401859965567,567,"{'id': '92', 'text': 'Jump Shot'}",Dylan Harper misses 25-foot three point jumper,98,93,4,8:11,False,0,{'id': '24'},[{'athlete': {'id': '5037871'}}],2026-06-09T02:49:45Z,True,"{'x': 34, 'y': 24}",3,Missed 3PT,491.0
401859965568,568,"{'id': '156', 'text': 'Offensive Rebound'}",Spurs offensive team rebound,98,93,4,8:10,False,0,{'id': '24'},,2026-06-09T02:49:46Z,False,"{'x': 34, 'y': 24}",0,Rebound,490.0
401859965569,569,"{'id': '43', 'text': 'Loose Ball Foul'}",Mikal Bridges loose ball foul,98,93,4,8:10,False,0,{'id': '18'},[{'athlete': {'id': '3147657'}}],2026-06-09T02:49:50Z,False,"{'x': 27, 'y': 4}",0,Foul,490.0
401859965571,571,"{'id': '98', 'text': 'Free Throw - 1 of 2'}",Victor Wembanyama makes free throw 1 of 2,99,93,4,8:10,True,1,{'id': '24'},[{'athlete': {'id': '5104157'}}],2026-06-09T02:50:27Z,True,"{'x': -214748340, 'y': -214748365}",1,+1 Point,490.0
401859965572,572,"{'id': '584', 'text': 'Substitution'}",Miles McBride enters the game for Mikal Bridges,99,93,4,8:10,False,0,{'id': '18'},"[{'athlete': {'id': '4431823'}}, {'athlete': {'id': '3147657'}}]",2026-06-09T02:50:27Z,False,"{'x': -214748340, 'y': -214748365}",0,Substitution,490.0
401859965573,573,"{'id': '584', 'text': 'Substitution'}",OG Anunoby enters the game for Landry Shamet,99,93,4,8:10,False,0,{'id': '18'},"[{'athlete': {'id': '3934719'}}, {'athlete': {'id': '3914044'}}]",2026-06-09T02:50:27Z,False,"{'x': -214748340, 'y': -214748365}",0,Substitution,490.0
401859965576,576,"{'id': '99', 'text': 'Free Throw - 2 of 2'}",Victor Wembanyama makes free throw 2 of 2,100,93,4,8:10,True,1,{'id': '24'},[{'athlete': {'id': '5104157'}}],2026-06-09T02:50:58Z,True,"{'x': -214748340, 'y': -214748365}",1,+1 Point,490.0
401859965577,577,"{'id': '45', 'text': 'Personal Foul'}",Stephon Castle personal foul,100,93,4,8:05,False,0,{'id': '24'},[{'athlete': {'id': '4845367'}}],2026-06-09T02:51:10Z,False,"{'x': 15, 'y': 28}",0,Foul,485.0
401859965579,579,"{'id': '92', 'text': 'Jump Shot'}",Josh Hart misses 23-foot three point jumper,100,93,4,7:56,False,0,{'id': '18'},[{'athlete': {'id': '3062679'}}],2026-06-09T02:51:38Z,True,"{'x': 48, 'y': 1}",3,Missed 3PT,476.0
401859965580,580,"{'id': '155', 'text': 'Defensive Rebound'}",Keldon Johnson defensive rebound,100,93,4,7:53,False,0,{'id': '24'},[{'athlete': {'id': '4395723'}}],2026-06-09T02:51:41Z,False,"{'x': 48, 'y': 1}",0,Rebound,473.0
401859965583,583,"{'id': '42', 'text': 'Offensive Foul'}",Keldon Johnson offensive foul,100,93,4,7:45,False,0,{'id': '24'},[{'athlete': {'id': '4395723'}}],2026-06-09T02:51:53Z,False,"{'x': 24, 'y': 28}",0,Foul,465.0
401859965585,585,"{'id': '16', 'text': 'Full Timeout'}",Knicks Full timeout,100,93,4,7:45,False,0,{'id': '18'},,2026-06-09T02:52:18Z,False,"{'x': -214748340, 'y': -214748365}",0,Timeout,465.0
401859965586,586,"{'id': '215', 'text': ""Coach's Challenge (Overturned)""}",(07:45) [Knicks] COACH'S CHALLENGE (CALL OVERTURNED) [Knicks] retain their timeout,100,93,4,7:45,False,0,{'id': '18'},,2026-06-09T02:52:21Z,False,"{'x': -214748340, 'y': -214748365}",0,Challenge,465.0
401859965589,589,"{'id': '584', 'text': 'Substitution'}",Karl-Anthony Towns enters the game for Mitchell Robinson,100,93,4,7:45,False,0,{'id': '18'},"[{'athlete': {'id': '3136195'}}, {'athlete': {'id': '4351852'}}]",2026-06-09T02:52:20Z,False,"{'x': -214748340, 'y': -214748365}",0,Substitution,465.0
401859965593,593,"{'id': '84', 'text': 'Offensive Foul Turnover'}",Keldon Johnson offensive foul turnover,100,93,4,7:45,False,0,{'id': '24'},[{'athlete': {'id': '4395723'}}],2026-06-09T02:52:01Z,False,"{'x': 24, 'y': 27}",0,Turnover,465.0
401859965591,591,"{'id': '110', 'text': 'Driving Layup Shot'}",Jalen Brunson makes driving layup,100,95,4,7:31,True,2,{'id': '18'},[{'athlete': {'id': '3934672'}}],2026-06-09T02:56:09Z,True,"{'x': 24, 'y': 1}",2,+2 Points,451.0
401859965592,592,"{'id': '16', 'text': 'Full Timeout'}",Spurs Full timeout,100,95,4,7:31,False,0,{'id': '24'},,2026-06-09T02:56:15Z,False,"{'x': -214748340, 'y': -214748365}",0,Timeout,451.0
401859965594,594,"{'id': '584', 'text': 'Substitution'}",De'Aaron Fox enters the game for Stephon Castle,100,95,4,7:31,False,0,{'id': '24'},"[{'athlete': {'id': '4066259'}}, {'athlete': {'id': '4845367'}}]",2026-06-09T02:56:15Z,False,"{'x': -214748340, 'y': -214748365}",0,Substitution,451.0
401859965595,595,"{'id': '584', 'text': 'Substitution'}",Devin Vassell enters the game for Keldon Johnson,100,95,4,7:31,False,0,{'id': '24'},"[{'athlete': {'id': '4395630'}}, {'athlete': {'id': '4395723'}}]",2026-06-09T02:56:15Z,False,"{'x': -214748340, 'y': -214748365}",0,Substitution,451.0
401859965598,598,"{'id': '92', 'text': 'Jump Shot'}",De'Aaron Fox misses 26-foot three point jumper,100,95,4,7:14,False,0,{'id': '24'},[{'athlete': {'id': '4066259'}}],2026-06-09T03:00:16Z,True,"{'x': 11, 'y': 22}",3,Missed 3PT,434.0
401859965599,599,"{'id': '156', 'text': 'Offensive Rebound'}",Spurs offensive team rebound,100,95,4,7:12,False,0,{'id': '24'},,2026-06-09T03:00:18Z,False,"{'x': 11, 'y': 22}",0,Rebound,432.0
401859965601,601,"{'id': '213', 'text': 'Challenge'}",Spurs Coach's Challenge,100,95,4,7:12,False,0,{'id': '24'},,2026-06-09T03:00:30Z,False,"{'x': -214748340, 'y': -214748365}",0,Challenge,432.0
401859965602,602,"{'id': '215', 'text': ""Coach's Challenge (Overturned)""}",(07:12) [Spurs] COACH'S CHALLENGE (CALL OVERTURNED) [Spurs] retain their timeout,100,95,4,7:12,False,0,{'id': '24'},,2026-06-09T03:00:33Z,False,"{'x': -214748340, 'y': -214748365}",0,Challenge,432.0
401859965603,603,"{'id': '43', 'text': 'Loose Ball Foul'}",Karl-Anthony Towns loose ball foul,100,95,4,7:12,False,0,{'id': '18'},[{'athlete': {'id': '3136195'}}],2026-06-09T03:00:33Z,False,"{'x': 13, 'y': 26}",0,Foul,432.0
401859965605,605,"{'id': '98', 'text': 'Free Throw - 1 of 2'}",Victor Wembanyama makes free throw 1 of 2,101,95,4,7:12,True,1,{'id': '24'},[{'athlete': {'id': '5104157'}}],2026-06-09T03:02:57Z,True,"{'x': -214748340, 'y': -214748365}",1,+1 Point,432.0
401859965606,606,"{'id': '99', 'text': 'Free Throw - 2 of 2'}",Victor Wembanyama makes free throw 2 of 2,102,95,4,7:12,True,1,{'id': '24'},[{'athlete': {'id': '5104157'}}],2026-06-09T03:02:57Z,True,"{'x': -214748340, 'y': -214748365}",1,+1 Point,432.0
401859965607,607,"{'id': '121', 'text': 'Fade Away Jump Shot'}",OG Anunoby makes 14-foot fade away jump shot (Jalen Brunson assists),102,97,4,6:49,True,2,{'id': '18'},"[{'athlete': {'id': '3934719'}}, {'athlete': {'id': '3934672'}}]",2026-06-09T03:03:48Z,True,"{'x': 26, 'y': 15}",2,+2 Points,409.0
401859965609,609,"{'id': '110', 'text': 'Driving Layup Shot'}",De'Aaron Fox makes driving layup,104,97,4,6:28,True,2,{'id': '24'},[{'athlete': {'id': '4066259'}}],2026-06-09T03:04:10Z,True,"{'x': 24, 'y': 1}",2,+2 Points,388.0
401859965610,610,"{'id': '92', 'text': 'Jump Shot'}",Miles McBride misses 23-foot three point jumper,104,97,4,6:09,False,0,{'id': '18'},[{'athlete': {'id': '4431823'}}],2026-06-09T03:04:28Z,True,"{'x': 48, 'y': 2}",3,Missed 3PT,369.0
401859965611,611,"{'id': '155', 'text': 'Defensive Rebound'}",Dylan Harper defensive rebound,104,97,4,6:07,False,0,{'id': '24'},[{'athlete': {'id': '5037871'}}],2026-06-09T03:04:30Z,False,"{'x': 48, 'y': 2}",0,Rebound,367.0
401859965612,612,"{'id': '127', 'text': 'Layup Running Reverse'}",OG Anunoby blocks Dylan Harper 's 1-foot two point shot,104,97,4,6:02,False,0,{'id': '24'},"[{'athlete': {'id': '5037871'}}, {'athlete': {'id': '3934719'}}]",2026-06-09T03:04:34Z,True,"{'x': 26, 'y': 1}",2,Missed FG,362.0
401859965613,613,"{'id': '155', 'text': 'Defensive Rebound'}",Josh Hart defensive rebound,104,97,4,6:00,False,0,{'id': '18'},[{'athlete': {'id': '3062679'}}],2026-06-09T03:04:36Z,False,"{'x': 26, 'y': 1}",0,Rebound,360.0
401859965614,614,"{'id': '113', 'text': 'Running Jump Shot'}",Karl-Anthony Towns misses 25-foot running jump shot,104,97,4,5:56,False,0,{'id': '18'},[{'athlete': {'id': '3136195'}}],2026-06-09T03:04:41Z,True,"{'x': 7, 'y': 19}",3,Missed 3PT,356.0
401859965616,616,"{'id': '156', 'text': 'Offensive Rebound'}",Jalen Brunson offensive rebound,104,97,4,5:56,False,0,{'id': '18'},[{'athlete': {'id': '3934672'}}],2026-06-09T03:04:41Z,False,"{'x': 7, 'y': 19}",0,Rebound,356.0
401859965617,617,"{'id': '145', 'text': 'Driving Floating Bank Jump Shot'}",Jalen Brunson makes 3-foot two point shot,104,99,4,5:54,True,2,{'id': '18'},[{'athlete': {'id': '3934672'}}],2026-06-09T03:04:47Z,True,"{'x': 25, 'y': 4}",2,+2 Points,354.0
401859965618,618,"{'id': '44', 'text': 'Shooting Foul'}",Devin Vassell shooting foul,104,99,4,5:54,False,0,{'id': '24'},[{'athlete': {'id': '4395630'}}],2026-06-09T03:04:49Z,False,"{'x': 25, 'y': 4}",0,Foul,354.0
401859965620,620,"{'id': '584', 'text': 'Substitution'}",Landry Shamet enters the game for Miles McBride,104,99,4,5:54,False,0,{'id': '18'},"[{'athlete': {'id': '3914044'}}, {'athlete': {'id': '4431823'}}]",2026-06-09T03:04:49Z,False,"{'x': -214748340, 'y': -214748365}",0,Substitution,354.0
401859965622,622,"{'id': '97', 'text': 'Free Throw - 1 of 1'}",Jalen Brunson makes free throw 1 of 1,104,100,4,5:54,True,1,{'id': '18'},[{'athlete': {'id': '3934672'}}],2026-06-09T03:05:26Z,True,"{'x': -214748340, 'y': -214748365}",1,+1 Point,354.0
401859965623,623,"{'id': '584', 'text': 'Substitution'}",Stephon Castle enters the game for Dylan Harper,104,100,4,5:54,False,0,{'id': '24'},"[{'athlete': {'id': '4845367'}}, {'athlete': {'id': '5037871'}}]",2026-06-09T03:04:49Z,False,"{'x': -214748340, 'y': -214748365}",0,Substitution,354.0
401859965625,625,"{'id': '111', 'text': 'Alley Oop Layup Shot'}",Victor Wembanyama makes alley oop layup (De'Aaron Fox assists),106,100,4,5:40,True,2,{'id': '24'},"[{'athlete': {'id': '5104157'}}, {'athlete': {'id': '4066259'}}]",2026-06-09T03:05:43Z,True,"{'x': 24, 'y': 2}",2,+2 Points,340.0
401859965628,628,"{'id': '132', 'text': 'Step Back Jump Shot'}",OG Anunoby misses 25-foot three point step back jumpshot,106,100,4,5:18,False,0,{'id': '18'},[{'athlete': {'id': '3934719'}}],2026-06-09T03:07:17Z,True,"{'x': 14, 'y': 23}",3,Missed 3PT,318.0
401859965629,629,"{'id': '156', 'text': 'Offensive Rebound'}",Josh Hart offensive rebound,106,100,4,5:15,False,0,{'id': '18'},[{'athlete': {'id': '3062679'}}],2026-06-09T03:07:20Z,False,"{'x': 14, 'y': 23}",0,Rebound,315.0
401859965630,630,"{'id': '92', 'text': 'Jump Shot'}",Landry Shamet misses 25-foot three point jumper,106,100,4,5:14,False,0,{'id': '18'},[{'athlete': {'id': '3914044'}}],2026-06-09T03:07:21Z,True,"{'x': 35, 'y': 23}",3,Missed 3PT,314.0
401859965631,631,"{'id': '155', 'text': 'Defensive Rebound'}",Julian Champagnie defensive rebound,106,100,4,5:13,False,0,{'id': '24'},[{'athlete': {'id': '4592479'}}],2026-06-09T03:07:22Z,False,"{'x': 35, 'y': 23}",0,Rebound,313.0
401859965632,632,"{'id': '121', 'text': 'Fade Away Jump Shot'}",De'Aaron Fox misses 5-foot fade away jump shot,106,100,4,5:03,False,0,{'id': '24'},[{'athlete': {'id': '4066259'}}],2026-06-09T03:07:31Z,True,"{'x': 27, 'y': 5}",2,Missed FG,303.0
401859965633,633,"{'id': '155', 'text': 'Defensive Rebound'}",Jalen Brunson defensive rebound,106,100,4,5:01,False,0,{'id': '18'},[{'athlete': {'id': '3934672'}}],2026-06-09T03:07:33Z,False,"{'x': 27, 'y': 5}",0,Rebound,301.0
401859965634,634,"{'id': '63', 'text': 'Lost Ball Turnover'}",Jalen Brunson lost ball turnover (Julian Champagnie steals),106,100,4,4:57,False,0,{'id': '18'},"[{'athlete': {'id': '3934672'}}, {'athlete': {'id': '4592479'}}]",2026-06-09T03:07:38Z,False,"{'x': 37, 'y': 13}",0,Turnover,297.0
401859965637,637,"{'id': '44', 'text': 'Shooting Foul'}",Landry Shamet shooting foul,106,100,4,4:50,False,0,{'id': '18'},[{'athlete': {'id': '3914044'}}],2026-06-09T03:07:51Z,False,"{'x': 29, 'y': 2}",0,Foul,290.0
401859965639,639,"{'id': '98', 'text': 'Free Throw - 1 of 2'}",Victor Wembanyama makes free throw 1 of 2,107,100,4,4:50,True,1,{'id': '24'},[{'athlete': {'id': '5104157'}}],2026-06-09T03:08:28Z,True,"{'x': -214748340, 'y': -214748365}",1,+1 Point,290.0
401859965640,640,"{'id': '584', 'text': 'Substitution'}",Dylan Harper enters the game for Julian Champagnie,107,100,4,4:50,False,0,{'id': '24'},"[{'athlete': {'id': '5037871'}}, {'athlete': {'id': '4592479'}}]",2026-06-09T03:08:28Z,False,"{'x': -214748340, 'y': -214748365}",0,Substitution,290.0
401859965642,642,"{'id': '99', 'text': 'Free Throw - 2 of 2'}",Victor Wembanyama makes free throw 2 of 2,108,100,4,4:50,True,1,{'id': '24'},[{'athlete': {'id': '5104157'}}],2026-06-09T03:08:56Z,True,"{'x': -214748340, 'y': -214748365}",1,+1 Point,290.0
401859965643,643,"{'id': '131', 'text': 'Pullup Jump Shot'}",Jalen Brunson misses 5-foot pullup jump shot,108,100,4,4:39,False,0,{'id': '18'},[{'athlete': {'id': '3934672'}}],2026-06-09T03:09:09Z,True,"{'x': 21, 'y': 4}",2,Missed FG,279.0
401859965644,644,"{'id': '155', 'text': 'Defensive Rebound'}",Victor Wembanyama defensive rebound,108,100,4,4:37,False,0,{'id': '24'},[{'athlete': {'id': '5104157'}}],2026-06-09T03:09:11Z,False,"{'x': 21, 'y': 4}",0,Rebound,277.0
401859965645,645,"{'id': '110', 'text': 'Driving Layup Shot'}",Dylan Harper misses driving layup,108,100,4,4:26,False,0,{'id': '24'},[{'athlete': {'id': '5037871'}}],2026-06-09T03:09:24Z,True,"{'x': 27, 'y': 2}",2,Missed FG,266.0
401859965647,647,"{'id': '155', 'text': 'Defensive Rebound'}",Knicks defensive team rebound,108,100,4,4:25,False,0,{'id': '18'},,2026-06-09T03:09:25Z,False,"{'x': 27, 'y': 2}",0,Rebound,265.0
401859965649,649,"{'id': '16', 'text': 'Full Timeout'}",Knicks Full timeout,108,100,4,4:25,False,0,{'id': '18'},,2026-06-09T03:09:47Z,False,"{'x': -214748340, 'y': -214748365}",0,Timeout,265.0
401859965650,650,"{'id': '215', 'text': ""Coach's Challenge (Overturned)""}",(04:25) [Knicks] COACH'S CHALLENGE (CALL OVERTURNED) [Knicks] retain their timeout,108,100,4,4:25,False,0,{'id': '18'},,2026-06-09T03:10:56Z,False,"{'x': -214748340, 'y': -214748365}",0,Challenge,265.0
401859965652,652,"{'id': '128', 'text': 'Driving Finger Roll Layup'}",Victor Wembanyama blocks Landry Shamet 's 1-foot two point shot,108,100,4,4:05,False,0,{'id': '18'},"[{'athlete': {'id': '3914044'}}, {'athlete': {'id': '5104157'}}]",2026-06-09T03:13:09Z,True,"{'x': 26, 'y': 2}",2,Missed FG,245.0
401859965654,654,"{'id': '155', 'text': 'Defensive Rebound'}",Stephon Castle defensive rebound,108,100,4,4:03,False,0,{'id': '24'},[{'athlete': {'id': '4845367'}}],2026-06-09T03:13:11Z,False,"{'x': 26, 'y': 2}",0,Rebound,243.0
401859965655,655,"{'id': '92', 'text': 'Jump Shot'}",Victor Wembanyama misses 26-foot three point jumper,108,100,4,3:50,False,0,{'id': '24'},[{'athlete': {'id': '5104157'}}],2026-06-09T03:13:24Z,True,"{'x': 16, 'y': 25}",3,Missed 3PT,230.0
401859965656,656,"{'id': '156', 'text': 'Offensive Rebound'}",Dylan Harper offensive rebound,108,100,4,3:47,False,0,{'id': '24'},[{'athlete': {'id': '5037871'}}],2026-06-09T03:13:27Z,False,"{'x': 16, 'y': 25}",0,Rebound,227.0
401859965657,657,"{'id': '141', 'text': 'Cutting Layup Shot'}",Victor Wembanyama misses layup,108,100,4,3:44,False,0,{'id': '24'},[{'athlete': {'id': '5104157'}}],2026-06-09T03:13:29Z,True,"{'x': 26, 'y': 1}",2,Missed FG,224.0
401859965658,658,"{'id': '155', 'text': 'Defensive Rebound'}",OG Anunoby defensive rebound,108,100,4,3:43,False,0,{'id': '18'},[{'athlete': {'id': '3934719'}}],2026-06-09T03:13:30Z,False,"{'x': 26, 'y': 1}",0,Rebound,223.0
401859965659,659,"{'id': '44', 'text': 'Shooting Foul'}",Stephon Castle shooting foul,108,100,4,3:40,False,0,{'id': '24'},[{'athlete': {'id': '4845367'}}],2026-06-09T03:13:36Z,False,"{'x': 26, 'y': 3}",0,Foul,220.0
401859965661,661,"{'id': '98', 'text': 'Free Throw - 1 of 2'}",Jalen Brunson makes free throw 1 of 2,108,101,4,3:40,True,1,{'id': '18'},[{'athlete': {'id': '3934672'}}],2026-06-09T03:14:10Z,True,"{'x': -214748340, 'y': -214748365}",1,+1 Point,220.0
401859965662,662,"{'id': '584', 'text': 'Substitution'}",Mikal Bridges enters the game for Landry Shamet,108,101,4,3:40,False,0,{'id': '18'},"[{'athlete': {'id': '3147657'}}, {'athlete': {'id': '3914044'}}]",2026-06-09T03:14:11Z,False,"{'x': -214748340, 'y': -214748365}",0,Substitution,220.0
401859965664,664,"{'id': '16', 'text': 'Full Timeout'}",Spurs Full timeout,108,101,4,3:40,False,0,{'id': '24'},,2026-06-09T03:14:20Z,False,"{'x': -214748340, 'y': -214748365}",0,Timeout,220.0
401859965665,665,"{'id': '99', 'text': 'Free Throw - 2 of 2'}",Jalen Brunson makes free throw 2 of 2,108,102,4,3:40,True,1,{'id': '18'},[{'athlete': {'id': '3934672'}}],2026-06-09T03:14:10Z,True,"{'x': -214748340, 'y': -214748365}",1,+1 Point,220.0
401859965666,666,"{'id': '90', 'text': 'Out of Bounds - Bad Pass Turnover'}",De'Aaron Fox out of bounds bad pass turnover,108,102,4,3:21,False,0,{'id': '24'},[{'athlete': {'id': '4066259'}}],2026-06-09T03:16:40Z,False,"{'x': 15, 'y': 8}",0,Turnover,201.0
401859965667,667,"{'id': '92', 'text': 'Jump Shot'}",Karl-Anthony Towns misses 25-foot three point jumper,108,102,4,3:02,False,0,{'id': '18'},[{'athlete': {'id': '3136195'}}],2026-06-09T03:17:03Z,True,"{'x': 7, 'y': 18}",3,Missed 3PT,182.0
401859965668,668,"{'id': '155', 'text': 'Defensive Rebound'}",Dylan Harper defensive rebound,108,102,4,3:00,False,0,{'id': '24'},[{'athlete': {'id': '5037871'}}],2026-06-09T03:17:05Z,False,"{'x': 7, 'y': 18}",0,Rebound,180.0
401859965669,669,"{'id': '92', 'text': 'Jump Shot'}",Devin Vassell misses 25-foot three point jumper,108,102,4,2:48,False,0,{'id': '24'},[{'athlete': {'id': '4395630'}}],2026-06-09T03:17:17Z,True,"{'x': 38, 'y': 22}",3,Missed 3PT,168.0
401859965670,670,"{'id': '155', 'text': 'Defensive Rebound'}",Karl-Anthony Towns defensive rebound,108,102,4,2:46,False,0,{'id': '18'},[{'athlete': {'id': '3136195'}}],2026-06-09T03:17:19Z,False,"{'x': 38, 'y': 22}",0,Rebound,166.0
401859965671,671,"{'id': '110', 'text': 'Driving Layup Shot'}",Stephon Castle blocks Jalen Brunson's driving layup,108,102,4,2:32,False,0,{'id': '18'},"[{'athlete': {'id': '3934672'}}, {'athlete': {'id': '4845367'}}]",2026-06-09T03:17:36Z,True,"{'x': 25, 'y': 3}",2,Missed FG,152.0
401859965673,673,"{'id': '156', 'text': 'Offensive Rebound'}",Karl-Anthony Towns offensive rebound,108,102,4,2:30,False,0,{'id': '18'},[{'athlete': {'id': '3136195'}}],2026-06-09T03:17:38Z,False,"{'x': 25, 'y': 3}",0,Rebound,150.0
401859965674,674,"{'id': '125', 'text': 'Layup Shot Putback'}",De'Aaron Fox blocks Karl-Anthony Towns 's 1-foot two point shot,108,102,4,2:28,False,0,{'id': '18'},"[{'athlete': {'id': '3136195'}}, {'athlete': {'id': '4066259'}}]",2026-06-09T03:17:40Z,True,"{'x': 24, 'y': 2}",2,Missed FG,148.0
401859965676,676,"{'id': '156', 'text': 'Offensive Rebound'}",Knicks offensive team rebound,108,102,4,2:28,False,0,{'id': '18'},,2026-06-09T03:17:40Z,False,"{'x': 24, 'y': 2}",0,Rebound,148.0
401859965678,678,"{'id': '141', 'text': 'Cutting Layup Shot'}",De'Aaron Fox blocks Karl-Anthony Towns 's 1-foot layup,108,102,4,2:27,False,0,{'id': '18'},"[{'athlete': {'id': '3136195'}}, {'athlete': {'id': '4066259'}}]",2026-06-09T03:18:06Z,True,"{'x': 25, 'y': 2}",2,Missed FG,147.0
401859965680,680,"{'id': '156', 'text': 'Offensive Rebound'}",Knicks offensive team rebound,108,102,4,2:26,False,0,{'id': '18'},,2026-06-09T03:18:07Z,False,"{'x': 25, 'y': 2}",0,Rebound,146.0
401859965682,682,"{'id': '131', 'text': 'Pullup Jump Shot'}",Jalen Brunson makes 18-foot pullup jump shot (Mikal Bridges assists),108,104,4,2:22,True,2,{'id': '18'},"[{'athlete': {'id': '3934672'}}, {'athlete': {'id': '3147657'}}]",2026-06-09T03:18:30Z,True,"{'x': 36, 'y': 15}",2,+2 Points,142.0
401859965685,685,"{'id': '92', 'text': 'Jump Shot'}",Stephon Castle makes 26-foot three point jumper (Victor Wembanyama assists),111,104,4,1:53,True,3,{'id': '24'},"[{'athlete': {'id': '4845367'}}, {'athlete': {'id': '5104157'}}]",2026-06-09T03:18:58Z,True,"{'x': 39, 'y': 22}",3,+3 Points,113.0
401859965687,687,"{'id': '92', 'text': 'Jump Shot'}",Mikal Bridges misses 23-foot three point jumper,111,104,4,1:30,False,0,{'id': '18'},[{'athlete': {'id': '3147657'}}],2026-06-09T03:19:23Z,True,"{'x': 48, 'y': 3}",3,Missed 3PT,90.0
401859965688,688,"{'id': '155', 'text': 'Defensive Rebound'}",Dylan Harper defensive rebound,111,104,4,1:28,False,0,{'id': '24'},[{'athlete': {'id': '5037871'}}],2026-06-09T03:19:25Z,False,"{'x': 48, 'y': 3}",0,Rebound,88.0
401859965689,689,"{'id': '92', 'text': 'Jump Shot'}",Dylan Harper misses 25-foot three point jumper,111,104,4,1:07,False,0,{'id': '24'},[{'athlete': {'id': '5037871'}}],2026-06-09T03:19:48Z,True,"{'x': 39, 'y': 22}",3,Missed 3PT,67.0
401859965690,690,"{'id': '155', 'text': 'Defensive Rebound'}",Josh Hart defensive rebound,111,104,4,1:04,False,0,{'id': '18'},[{'athlete': {'id': '3062679'}}],2026-06-09T03:19:51Z,False,"{'x': 39, 'y': 22}",0,Rebound,64.0
401859965691,691,"{'id': '44', 'text': 'Shooting Foul'}",Victor Wembanyama shooting foul,111,104,4,59.6,False,0,{'id': '24'},[{'athlete': {'id': '5104157'}}],2026-06-09T03:19:56Z,False,"{'x': 26, 'y': 3}",0,Foul,59.6
401859965693,693,"{'id': '98', 'text': 'Free Throw - 1 of 2'}",OG Anunoby misses free throw 1 of 2,111,104,4,59.6,False,0,{'id': '18'},[{'athlete': {'id': '3934719'}}],2026-06-09T03:20:26Z,True,"{'x': -214748340, 'y': -214748365}",1,Missed FT,59.6
401859965694,694,"{'id': '156', 'text': 'Offensive Rebound'}",Knicks offensive team rebound,111,104,4,59.6,False,0,{'id': '18'},,2026-06-09T03:20:26Z,False,"{'x': -214748340, 'y': -214748365}",0,Rebound,59.6
401859965695,695,"{'id': '99', 'text': 'Free Throw - 2 of 2'}",OG Anunoby makes free throw 2 of 2,111,105,4,59.6,True,1,{'id': '18'},[{'athlete': {'id': '3934719'}}],2026-06-09T03:20:26Z,True,"{'x': -214748340, 'y': -214748365}",1,+1 Point,59.6
401859965696,696,"{'id': '92', 'text': 'Jump Shot'}",Dylan Harper misses 20-foot jumper,111,105,4,40.9,False,0,{'id': '24'},[{'athlete': {'id': '5037871'}}],2026-06-09T03:21:14Z,True,"{'x': 45, 'y': 0}",2,Missed FG,40.9
401859965697,697,"{'id': '155', 'text': 'Defensive Rebound'}",Jalen Brunson defensive rebound,111,105,4,38.9,False,0,{'id': '18'},[{'athlete': {'id': '3934672'}}],2026-06-09T03:21:16Z,False,"{'x': 45, 'y': 0}",0,Rebound,38.9
401859965698,698,"{'id': '146', 'text': 'Running Pullup Jump Shot'}",Jalen Brunson makes 25-foot running pullup jump shot,111,108,4,33.7,True,3,{'id': '18'},[{'athlete': {'id': '3934672'}}],2026-06-09T03:21:21Z,True,"{'x': 16, 'y': 24}",3,+3 Points,33.7
401859965699,699,"{'id': '132', 'text': 'Step Back Jump Shot'}",De'Aaron Fox makes 15-foot step back jumpshot,113,108,4,12.2,True,2,{'id': '24'},[{'athlete': {'id': '4066259'}}],2026-06-09T03:21:47Z,True,"{'x': 23, 'y': 16}",2,+2 Points,12.2
401859965700,700,"{'id': '16', 'text': 'Full Timeout'}",Knicks Full timeout,113,108,4,12.2,False,0,{'id': '18'},,2026-06-09T03:21:53Z,False,"{'x': -214748340, 'y': -214748365}",0,Timeout,12.2
401859965701,701,"{'id': '92', 'text': 'Jump Shot'}",OG Anunoby makes 22-foot three point jumper (Josh Hart assists),113,111,4,9.4,True,3,{'id': '18'},"[{'athlete': {'id': '3934719'}}, {'athlete': {'id': '3062679'}}]",2026-06-09T03:23:55Z,True,"{'x': 48, 'y': 0}",3,+3 Points,9.4
401859965703,703,"{'id': '16', 'text': 'Full Timeout'}",Spurs Full timeout,113,111,4,9.4,False,0,{'id': '24'},,2026-06-09T03:24:05Z,False,"{'x': -214748340, 'y': -214748365}",0,Timeout,9.4
401859965704,704,"{'id': '22', 'text': 'Personal Take Foul'}",Jalen Brunson personal take foul,113,111,4,6.8,False,0,{'id': '18'},[{'athlete': {'id': '3934672'}}],2026-06-09T03:25:56Z,False,"{'x': 45, 'y': 16}",0,Foul,6.8
401859965706,706,"{'id': '98', 'text': 'Free Throw - 1 of 2'}",Stephon Castle makes free throw 1 of 2,114,111,4,6.8,True,1,{'id': '24'},[{'athlete': {'id': '4845367'}}],2026-06-09T03:26:28Z,True,"{'x': -214748340, 'y': -214748365}",1,+1 Point,6.8
401859965707,707,"{'id': '584', 'text': 'Substitution'}",Mitchell Robinson enters the game for Jalen Brunson,114,111,4,6.8,False,0,{'id': '18'},"[{'athlete': {'id': '4351852'}}, {'athlete': {'id': '3934672'}}]",2026-06-09T03:26:28Z,False,"{'x': -214748340, 'y': -214748365}",0,Substitution,6.8
401859965709,709,"{'id': '99', 'text': 'Free Throw - 2 of 2'}",Stephon Castle makes free throw 2 of 2,115,111,4,6.8,True,1,{'id': '24'},[{'athlete': {'id': '4845367'}}],2026-06-09T03:27:13Z,True,"{'x': -214748340, 'y': -214748365}",1,+1 Point,6.8
401859965710,710,"{'id': '16', 'text': 'Full Timeout'}",Knicks Full timeout,115,111,4,6.8,False,0,{'id': '18'},,2026-06-09T03:27:18Z,False,"{'x': -214748340, 'y': -214748365}",0,Timeout,6.8
401859965711,711,"{'id': '584', 'text': 'Substitution'}",Jalen Brunson enters the game for Mitchell Robinson,115,111,4,6.8,False,0,{'id': '18'},"[{'athlete': {'id': '3934672'}}, {'athlete': {'id': '4351852'}}]",2026-06-09T03:27:18Z,False,"{'x': -214748340, 'y': -214748365}",0,Substitution,6.8
401859965713,713,"{'id': '114', 'text': 'Turnaround Jump Shot'}",Mikal Bridges misses 27-foot turnaround jump shot,115,111,4,4.8,False,0,{'id': '18'},[{'athlete': {'id': '3147657'}}],2026-06-09T03:29:14Z,True,"{'x': 38, 'y': 24}",3,Missed 3PT,4.8
401859965714,714,"{'id': '156', 'text': 'Offensive Rebound'}",Knicks offensive team rebound,115,111,4,2.1,False,0,{'id': '18'},,2026-06-09T03:29:27Z,False,"{'x': 38, 'y': 24}",0,Rebound,2.1
401859965716,716,"{'id': '92', 'text': 'Jump Shot'}",OG Anunoby misses 23-foot three point jumper,115,111,4,1.0,False,0,{'id': '18'},[{'athlete': {'id': '3934719'}}],2026-06-09T03:29:38Z,True,"{'x': 48, 'y': 2}",3,Missed 3PT,1.0
401859965717,717,"{'id': '156', 'text': 'Offensive Rebound'}",Knicks offensive team rebound,115,111,4,1.0,False,0,{'id': '18'},,2026-06-09T03:29:38Z,False,"{'x': 48, 'y': 2}",0,Rebound,1.0
401859965718,718,"{'id': '412', 'text': 'End Period'}",End of the 4th Quarter,115,111,4,0.0,False,0,,,2026-06-09T03:29:42Z,False,"{'x': -214748340, 'y': -214748365}",0,End of 4th,0.0
401859965719,719,"{'id': '402', 'text': 'End Game'}",End of Game,115,111,4,0.0,False,0,,,2026-06-09T03:29:46Z,False,"{'x': -214748340, 'y': -214748365}",0,End of Game,0.0
